# Blender 3.6.5
# www.blender.org
mtllib DRAGON_SLAYER.mtl
o DRAGON_SLAYER_BERSERK
v -0.074022 0.000000 -1.687994
v -0.126504 0.000000 -1.580586
v -0.051457 0.000000 -1.721281
v -0.116710 0.000000 -1.618430
v -0.126224 0.000000 -1.602598
v -0.047088 0.000000 -1.731900
v -0.004864 0.000000 -1.799035
v -0.027257 0.000000 -1.763808
v -0.063931 0.022925 -1.561691
v 0.000215 0.022866 -1.684379
v -0.051289 0.022914 -1.600326
v -0.062479 0.022546 -1.584446
v -0.014999 0.022041 -1.669412
v -0.000487 0.022947 -1.683539
v -0.002956 0.023033 -1.679831
v 0.000249 0.020542 -1.671006
v 0.000263 0.020602 -1.671074
v -0.057875 0.020655 -1.559786
v -0.039685 0.020394 -1.597542
v -0.047198 0.020650 -1.597692
v -0.047394 0.020526 -1.581954
v -0.056849 0.020542 -1.582768
v -0.000042 0.020546 -1.671010
v -0.000045 0.020605 -1.671077
v -0.008596 0.020439 -1.656149
v -0.010354 0.020579 -1.656188
v -0.000417 0.020612 -1.671010
v -0.064905 0.001834 -1.689622
v -0.000000 0.000000 -1.807552
v 0.000763 0.002256 -1.792661
v -0.120093 0.002538 -1.577976
v -0.050598 0.000397 -1.720321
v -0.109888 0.002541 -1.617214
v -0.118904 0.002447 -1.600334
v -0.044046 0.002103 -1.726745
v -0.002535 0.002436 -1.787122
v -0.025032 0.002494 -1.755143
v -0.177651 0.000000 -0.204189
v -0.177737 0.000000 -0.204242
v -0.114032 0.022852 -0.204213
v -0.114062 0.023083 -0.204244
v -0.105529 0.019967 -0.204183
v -0.105438 0.020549 -0.204242
v -0.108019 0.024950 -0.204202
v -0.107897 0.020056 -0.204183
v -0.107764 0.020611 -0.204242
v -0.171309 0.002488 -0.204242
v -0.107846 0.020532 -0.204190
v -0.105494 0.020451 -0.204190
v -0.105529 0.000000 -0.204181
v -0.049616 0.020300 -1.498038
v -0.051669 0.020490 -1.433103
v -0.053617 0.020574 -1.368683
v -0.054622 0.020491 -1.336347
v -0.057626 0.020574 -1.239312
v -0.059628 0.020480 -1.174622
v -0.061630 0.020574 -1.109942
v -0.063528 0.020316 -1.044584
v -0.064325 0.020566 -0.977332
v -0.067709 0.020464 -0.914244
v -0.065621 0.020506 -0.848959
v -0.071590 0.020544 -0.786472
v -0.073641 0.020574 -0.721950
v -0.075900 0.020574 -0.655837
v -0.077857 0.020574 -0.593327
v -0.079939 0.020542 -0.532251
v -0.080562 0.020444 -0.434648
v -0.085412 0.020488 -0.417692
v -0.001081 0.019939 -1.307614
v -0.126945 0.000000 -1.447752
v -0.132674 0.000000 -1.386034
v -0.138595 0.000000 -1.254900
v -0.141069 0.000000 -1.189437
v -0.140538 0.000000 -1.055105
v -0.140232 0.000000 -0.994200
v -0.150844 0.000000 -0.928807
v -0.152335 0.000000 -0.862167
v -0.155724 0.000000 -0.794103
v -0.165542 0.000000 -0.533846
v -0.166459 0.000000 -0.465439
v -0.170454 0.000000 -0.401368
v -0.172901 0.000000 -0.335694
v -0.066126 0.022689 -1.499989
v -0.068623 0.023143 -1.433535
v -0.070454 0.022850 -1.373825
v -0.072241 0.023143 -1.337186
v -0.075551 0.023074 -1.240770
v -0.077956 0.023095 -1.176019
v -0.081576 0.023143 -1.078839
v -0.082460 0.022328 -1.044415
v -0.084573 0.023013 -0.981186
v -0.086113 0.023143 -0.916043
v -0.090367 0.022726 -0.851303
v -0.092275 0.022921 -0.786953
v -0.094793 0.023143 -0.722852
v -0.098889 0.021959 -0.626159
v -0.099824 0.022279 -0.593179
v -0.103467 0.022283 -0.542221
v -0.103988 0.021749 -0.463531
v -0.108838 0.022193 -0.406784
v -0.110218 0.022935 -0.333561
v -0.121477 0.001614 -1.447669
v -0.126076 0.002214 -1.384405
v -0.128603 0.002538 -1.352038
v -0.131558 0.002142 -1.253182
v -0.134428 0.002564 -1.188022
v -0.135153 0.001791 -1.049024
v -0.133563 0.002413 -0.991575
v -0.144430 0.002531 -0.927984
v -0.145555 0.002272 -0.863446
v -0.149370 0.002538 -0.791865
v -0.157269 0.002537 -0.563342
v -0.159087 0.002535 -0.533713
v -0.160659 0.001962 -0.465584
v -0.164020 0.002520 -0.401103
v -0.166459 0.002538 -0.335513
v -0.060353 0.020491 -1.497930
v -0.062576 0.020656 -1.430372
v -0.064435 0.020632 -1.369242
v -0.068506 0.020499 -1.302330
v -0.069278 0.020655 -1.239340
v -0.071705 0.020550 -1.174666
v -0.073836 0.020623 -1.111082
v -0.076458 0.020478 -1.043667
v -0.078118 0.020656 -0.979762
v -0.081060 0.020474 -0.915594
v -0.081730 0.020535 -0.849848
v -0.086061 0.020634 -0.786404
v -0.088488 0.020656 -0.722075
v -0.091952 0.020656 -0.652311
v -0.093843 0.020599 -0.592642
v -0.097314 0.019507 -0.540745
v -0.099563 0.018880 -0.462156
v -0.102685 0.019834 -0.406522
v -0.103703 0.020499 -0.333452
v 0.074060 0.000000 -1.687824
v 0.124368 0.000000 -1.561956
v 0.051040 0.000000 -1.719467
v 0.113909 0.000000 -1.622002
v 0.125307 0.000000 -1.601865
v 0.049840 0.000000 -1.720840
v 0.005581 0.000000 -1.798746
v 0.022610 0.000000 -1.770324
v 0.064689 0.023128 -1.562565
v 0.052828 0.022884 -1.602182
v 0.063019 0.023158 -1.583858
v 0.017583 0.022076 -1.670532
v 0.000964 0.022916 -1.683695
v 0.003566 0.023066 -1.680253
v 0.047718 0.020459 -1.559978
v 0.058136 0.020656 -1.560498
v 0.039445 0.020562 -1.597343
v 0.048185 0.020099 -1.597566
v 0.047456 0.020113 -1.581838
v 0.057037 0.020626 -1.581994
v 0.009588 0.020421 -1.656105
v 0.012210 0.020577 -1.655737
v 0.000643 0.020600 -1.670997
v 0.068106 0.002323 -1.685872
v 0.117815 0.002727 -1.566981
v 0.050454 0.000477 -1.718087
v 0.107555 0.002509 -1.620380
v 0.117577 0.002439 -1.599737
v 0.046943 0.001490 -1.713565
v 0.009594 0.002426 -1.779103
v 0.020869 0.002503 -1.761165
v 0.177651 0.000000 -0.204189
v 0.177737 0.000000 -0.204242
v 0.114069 0.022911 -0.204190
v 0.114066 0.023079 -0.204242
v 0.107897 0.020056 -0.204182
v 0.107764 0.020611 -0.204242
v 0.171262 0.002342 -0.204190
v 0.171309 0.002487 -0.204242
v 0.107846 0.020532 -0.204190
v 0.049638 0.020473 -1.494406
v 0.053762 0.020214 -1.369926
v 0.055184 0.020311 -1.304285
v 0.054414 0.020449 -1.238743
v 0.058374 0.020571 -1.172715
v 0.062272 0.020458 -1.110736
v 0.063836 0.020574 -1.045903
v 0.071901 0.020399 -0.786651
v 0.073622 0.020462 -0.721765
v 0.077716 0.020574 -0.661001
v 0.077761 0.020492 -0.592701
v 0.081397 0.018726 -0.512521
v 0.081428 0.020574 -0.463541
v 0.081518 0.020301 -0.398749
v 0.128866 0.000000 -1.517807
v 0.134076 0.000000 -1.388918
v 0.136205 0.000000 -1.320788
v 0.137329 0.000000 -1.248080
v 0.141098 0.000000 -1.189443
v 0.143538 0.000000 -1.123771
v 0.143769 0.000000 -1.058600
v 0.144980 0.000000 -0.995010
v 0.150861 0.000000 -0.926752
v 0.152133 0.000000 -0.864727
v 0.155726 0.000000 -0.792878
v 0.159959 0.000000 -0.742336
v 0.159681 0.000000 -0.659421
v 0.159065 0.000000 -0.602205
v 0.165059 0.000000 -0.541731
v 0.165859 0.000000 -0.470130
v 0.170874 0.000000 -0.388565
v 0.172901 0.000000 -0.335696
v 0.066402 0.021253 -1.497818
v 0.070749 0.023143 -1.370350
v 0.073640 0.022317 -1.303427
v 0.074459 0.023143 -1.240704
v 0.077287 0.023051 -1.174952
v 0.080333 0.021289 -1.111049
v 0.082760 0.021918 -1.046685
v 0.084891 0.023038 -0.982504
v 0.088190 0.022230 -0.916804
v 0.089999 0.023143 -0.852119
v 0.092417 0.023136 -0.787343
v 0.095211 0.023107 -0.720913
v 0.094978 0.023136 -0.642357
v 0.101738 0.023143 -0.586797
v 0.103569 0.023137 -0.537386
v 0.104815 0.023151 -0.462323
v 0.107441 0.023024 -0.404965
v 0.109123 0.022840 -0.333824
v 0.122471 0.002547 -1.515987
v 0.128236 0.002375 -1.390936
v 0.129824 0.002538 -1.319247
v 0.130359 0.002137 -1.246113
v 0.134709 0.002538 -1.188082
v 0.137151 0.002532 -1.122500
v 0.137988 0.001729 -1.057298
v 0.140394 0.002248 -0.995847
v 0.144067 0.002451 -0.927264
v 0.143640 0.001879 -0.865650
v 0.149329 0.002538 -0.791700
v 0.154011 0.002538 -0.743338
v 0.152435 0.002508 -0.657038
v 0.154015 0.002324 -0.601077
v 0.158567 0.002369 -0.543495
v 0.157767 0.002385 -0.470712
v 0.163929 0.002557 -0.388112
v 0.166404 0.002547 -0.336277
v 0.061053 0.019130 -1.496392
v 0.064546 0.020539 -1.368954
v 0.067866 0.020578 -1.302973
v 0.067521 0.020649 -1.238663
v 0.070807 0.020645 -1.173216
v 0.074308 0.020099 -1.110861
v 0.076707 0.020621 -1.046059
v 0.078775 0.020643 -0.981143
v 0.081429 0.020656 -0.916336
v 0.083691 0.020656 -0.851218
v 0.086102 0.020640 -0.786535
v 0.088617 0.020685 -0.721412
v 0.089516 0.020642 -0.648416
v 0.094343 0.020656 -0.589036
v 0.098446 0.020655 -0.533451
v 0.098235 0.020653 -0.462197
v 0.099892 0.020655 -0.427822
v 0.103417 0.020615 -0.333300
v 0.107951 0.000000 -0.204181
v -0.107987 0.000000 -0.204181
v -0.107897 0.000000 -0.204181
v -0.114032 0.000000 -0.204181
v -0.063376 0.000000 -1.704561
v -0.124919 0.000000 -1.604924
v -0.126098 0.000000 -1.592152
v -0.095780 0.000000 -1.648435
v -0.014730 0.000000 -1.783871
v -0.037212 0.000000 -1.746366
v -0.049286 0.000000 -1.722048
v -0.058151 0.025115 -1.559768
v -0.058323 0.025280 -1.559818
v -0.049029 0.024791 -1.597067
v -0.061617 0.022632 -1.587134
v -0.057296 0.025235 -1.583197
v -0.048939 0.024658 -1.597023
v -0.057116 0.025072 -1.583142
v -0.000238 0.025089 -1.670759
v 0.000274 0.025103 -1.670641
v -0.000262 0.025264 -1.671022
v 0.000276 0.025280 -1.670927
v -0.001544 0.023026 -1.681874
v -0.010736 0.025119 -1.656030
v -0.010185 0.025276 -1.657470
v -0.004813 0.022964 -1.677683
v -0.033719 0.022089 -1.630370
v 0.000685 0.025094 -1.670480
v 0.000684 0.025274 -1.670762
v 0.000024 0.022884 -1.684256
v -0.057938 0.020817 -1.559800
v -0.047276 0.020813 -1.597693
v -0.056909 0.020721 -1.582823
v -0.055758 0.020418 -1.585059
v -0.046061 0.020565 -1.597740
v -0.055611 0.020240 -1.582588
v -0.046271 0.020535 -1.584327
v -0.010088 0.020513 -1.656146
v -0.001639 0.020574 -1.669035
v -0.000273 0.020552 -1.670987
v -0.002050 0.020656 -1.669130
v -0.010413 0.020744 -1.656207
v -0.000443 0.020781 -1.671044
v -0.000040 0.020775 -1.671119
v 0.000281 0.020772 -1.671114
v -0.023823 0.020431 -1.626727
v -0.028548 0.020622 -1.627155
v -0.126316 0.000251 -1.580509
v -0.073831 0.000237 -1.687988
v -0.060271 0.001199 -1.704740
v -0.051348 0.000155 -1.721429
v -0.126011 0.000263 -1.602531
v -0.117075 0.002420 -1.602897
v -0.116524 0.000254 -1.618374
v -0.119392 0.002252 -1.588907
v -0.090999 0.001737 -1.647014
v -0.027162 0.000229 -1.763585
v -0.013743 0.002504 -1.773655
v -0.004843 0.000130 -1.798701
v -0.046987 0.000240 -1.731764
v -0.033453 0.000585 -1.741044
v -0.000000 0.000100 -1.807211
v 0.000164 0.002308 -1.791807
v -0.048530 0.000893 -1.719506
v -0.079812 0.012810 -1.613351
v -0.042319 0.010985 -1.677802
v -0.026128 0.010723 -1.700333
v -0.094564 0.012814 -1.571008
v -0.001514 0.009786 -1.734815
v 0.000504 0.010455 -1.738638
v -0.093354 0.012123 -1.592905
v -0.012936 0.011595 -1.716700
v -0.107899 0.025081 -0.204245
v -0.108139 0.025050 -0.204202
v -0.108042 0.025221 -0.204245
v -0.114012 0.023115 -0.205638
v -0.107688 0.020635 -0.205636
v -0.105370 0.020579 -0.205636
v -0.107925 0.020733 -0.204190
v -0.107825 0.020787 -0.204242
v -0.177541 0.000000 -0.204189
v -0.177566 0.000215 -0.204242
v -0.171277 0.002515 -0.205655
v -0.142777 0.012757 -0.204243
v -0.177718 0.000000 -0.205657
v -0.107987 0.020292 -0.204183
v 0.001740 0.020573 -1.669033
v -0.000687 0.000000 -1.806577
v -0.048598 0.020544 -1.530404
v -0.050641 0.020541 -1.465649
v -0.052604 0.020143 -1.401032
v -0.056608 0.020574 -1.271655
v -0.058625 0.020559 -1.206974
v -0.062631 0.020573 -1.077599
v -0.063926 0.020574 -1.009529
v -0.066405 0.020396 -0.947633
v -0.065294 0.020328 -0.884083
v -0.069563 0.020491 -0.818242
v -0.072578 0.020574 -0.753458
v -0.074628 0.020255 -0.689507
v -0.077035 0.020347 -0.624795
v -0.078579 0.020573 -0.555051
v -0.080699 0.020574 -0.495426
v -0.082173 0.019141 -0.426504
v -0.085264 0.020376 -0.366746
v -0.001086 0.020048 -1.297710
v -0.130089 0.000000 -1.484971
v -0.132515 0.000000 -1.419933
v -0.134715 0.000000 -1.353594
v -0.136405 0.000000 -1.287698
v -0.137514 0.000000 -1.223324
v -0.144639 0.000000 -1.081172
v -0.138618 0.000000 -1.027009
v -0.144709 0.000000 -0.965721
v -0.152621 0.000000 -0.890177
v -0.153154 0.000000 -0.824634
v -0.156358 0.000000 -0.764440
v -0.163857 0.000000 -0.564174
v -0.167031 0.000000 -0.493988
v -0.169582 0.000000 -0.437932
v -0.171678 0.000000 -0.368531
v -0.066147 0.022942 -1.531943
v -0.067821 0.023101 -1.465457
v -0.070139 0.023141 -1.400088
v -0.075933 0.023087 -1.270866
v -0.076973 0.021637 -1.208361
v -0.084210 0.022856 -1.009470
v -0.086272 0.022657 -0.945079
v -0.087961 0.022328 -0.887515
v -0.090863 0.022855 -0.819532
v -0.094044 0.020307 -0.751961
v -0.104063 0.021047 -0.549775
v -0.102938 0.021585 -0.496155
v -0.106914 0.021486 -0.420626
v -0.108169 0.023015 -0.367712
v -0.123716 0.002534 -1.483201
v -0.126202 0.002538 -1.417888
v -0.130079 0.002374 -1.287107
v -0.131788 0.002002 -1.222372
v -0.138462 0.002498 -1.079939
v -0.133157 0.002068 -1.025278
v -0.138903 0.002538 -0.965776
v -0.146761 0.002357 -0.888079
v -0.146345 0.001838 -0.824865
v -0.150589 0.002119 -0.763944
v -0.160551 0.002526 -0.492182
v -0.163443 0.002329 -0.439262
v -0.165238 0.002536 -0.368304
v -0.059727 0.020638 -1.529696
v -0.061873 0.020656 -1.462846
v -0.063994 0.020650 -1.397875
v -0.066249 0.020656 -1.334855
v -0.069818 0.020612 -1.269176
v -0.071288 0.019949 -1.207034
v -0.072878 0.020621 -1.142307
v -0.075277 0.020570 -1.077608
v -0.078010 0.020288 -1.009030
v -0.080542 0.020656 -0.945604
v -0.081284 0.019928 -0.885735
v -0.084383 0.020656 -0.818490
v -0.088673 0.019016 -0.751997
v -0.089856 0.020458 -0.689312
v -0.093078 0.020329 -0.625343
v -0.097693 0.018689 -0.549984
v -0.097957 0.019475 -0.495669
v -0.101051 0.019257 -0.420255
v -0.101839 0.020633 -0.367441
v -0.031970 0.020563 -1.311514
v -0.172721 0.000251 -0.335689
v -0.170274 0.000250 -0.401360
v -0.166280 0.000206 -0.465413
v -0.165362 0.000251 -0.533844
v -0.155545 0.000251 -0.794068
v -0.152139 0.000228 -0.862193
v -0.150664 0.000251 -0.928791
v -0.140019 0.000240 -0.994135
v -0.140325 0.000214 -1.055000
v -0.140902 0.000253 -1.189400
v -0.138408 0.000243 -1.254835
v -0.132484 0.000236 -1.385985
v -0.126754 0.000183 -1.447720
v -0.103805 0.020674 -0.333431
v -0.102739 0.019984 -0.406500
v -0.099613 0.019023 -0.462167
v -0.097374 0.019653 -0.540767
v -0.093902 0.020749 -0.592643
v -0.092006 0.020818 -0.652306
v -0.088539 0.020818 -0.722083
v -0.086113 0.020798 -0.786413
v -0.081791 0.020698 -0.849866
v -0.081103 0.020641 -0.915602
v -0.078173 0.020818 -0.979778
v -0.076508 0.020645 -1.043684
v -0.073876 0.020788 -1.111143
v -0.071756 0.020715 -1.174681
v -0.069331 0.020816 -1.239356
v -0.068588 0.020657 -1.302314
v -0.064483 0.020793 -1.369295
v -0.062628 0.020818 -1.430383
v -0.060411 0.020656 -1.497954
v -0.138323 0.012642 -0.334638
v -0.135440 0.012724 -0.403658
v -0.129949 0.011998 -0.467461
v -0.131641 0.012808 -0.536860
v -0.128076 0.012814 -0.596442
v -0.121902 0.011953 -0.755729
v -0.120334 0.011597 -0.787750
v -0.118357 0.012727 -0.856400
v -0.115794 0.012184 -0.922297
v -0.113699 0.012801 -0.992541
v -0.115252 0.012814 -1.037565
v -0.110060 0.012793 -1.084291
v -0.105523 0.012484 -1.182593
v -0.104034 0.012814 -1.246763
v -0.100369 0.012814 -1.345015
v -0.098489 0.010982 -1.377819
v -0.096103 0.011489 -1.445017
v -0.095514 0.012766 -1.475377
v -0.101146 0.020488 -0.333598
v -0.100312 0.020056 -0.406500
v -0.097760 0.018898 -0.461766
v -0.095084 0.019625 -0.540126
v -0.091764 0.020602 -0.592837
v -0.089874 0.020603 -0.652776
v -0.086576 0.020592 -0.722054
v -0.084209 0.020500 -0.786453
v -0.079567 0.020457 -0.849646
v -0.079452 0.020283 -0.915721
v -0.076366 0.020603 -0.979529
v -0.074777 0.020298 -1.043817
v -0.072343 0.020498 -1.110524
v -0.070145 0.020380 -1.174649
v -0.067767 0.020603 -1.239324
v -0.064773 0.020603 -1.334945
v -0.063043 0.020596 -1.368974
v -0.061206 0.020603 -1.430408
v -0.058934 0.020407 -1.497877
v -0.103997 0.024967 -0.333373
v -0.102811 0.024089 -0.406661
v -0.099585 0.023098 -0.462073
v -0.097235 0.024005 -0.540657
v -0.094064 0.024839 -0.592661
v -0.092045 0.025116 -0.652450
v -0.088619 0.025116 -0.722099
v -0.086205 0.025116 -0.786469
v -0.081938 0.025054 -0.849986
v -0.081238 0.025060 -0.915734
v -0.078313 0.025116 -0.979797
v -0.076518 0.025088 -1.043917
v -0.073908 0.025114 -1.111330
v -0.071821 0.025100 -1.174704
v -0.069599 0.024868 -1.239401
v -0.069099 0.024923 -1.301828
v -0.064559 0.025094 -1.369406
v -0.062571 0.025116 -1.431228
v -0.060536 0.025008 -1.497998
v -0.104182 0.025137 -0.333372
v -0.102961 0.024256 -0.406700
v -0.099714 0.023266 -0.462126
v -0.097397 0.024179 -0.540694
v -0.094232 0.024988 -0.592673
v -0.092223 0.025280 -0.652443
v -0.088791 0.025280 -0.722118
v -0.086376 0.025280 -0.786488
v -0.082140 0.025208 -0.850030
v -0.081399 0.025223 -0.915751
v -0.078491 0.025280 -0.979843
v -0.076689 0.025248 -1.043942
v -0.074069 0.025279 -1.111408
v -0.071992 0.025259 -1.174741
v -0.069773 0.025017 -1.239439
v -0.069261 0.025085 -1.301875
v -0.064728 0.025256 -1.369482
v -0.062735 0.025281 -1.431315
v -0.060707 0.025153 -1.498054
v 0.059516 0.000000 -1.709800
v 0.124020 0.000000 -1.604188
v 0.125854 0.000000 -1.588971
v 0.089783 0.000000 -1.651371
v 0.016685 0.000000 -1.776420
v 0.040978 0.000000 -1.741857
v 0.049445 0.000000 -1.717221
v 0.058484 0.025116 -1.560692
v 0.058670 0.025280 -1.560752
v 0.047705 0.025072 -1.597868
v 0.061394 0.023157 -1.586484
v 0.057111 0.025247 -1.582552
v 0.047597 0.024904 -1.597786
v 0.056960 0.025098 -1.582483
v 0.064193 0.023122 -1.573782
v 0.001213 0.025065 -1.670193
v 0.001255 0.025237 -1.670422
v 0.002107 0.022993 -1.682212
v 0.012929 0.025114 -1.654928
v 0.011011 0.025238 -1.658887
v 0.005657 0.023041 -1.678035
v 0.034090 0.022206 -1.630694
v 0.000411 0.022875 -1.684300
v 0.056774 0.020584 -1.560420
v 0.058208 0.020818 -1.560532
v 0.048196 0.020259 -1.597607
v 0.057073 0.020790 -1.582045
v 0.056139 0.020218 -1.584718
v 0.047361 0.019849 -1.597615
v 0.055850 0.020496 -1.581891
v 0.046396 0.020143 -1.584124
v 0.047672 0.020109 -1.571441
v 0.058184 0.020656 -1.572047
v 0.011762 0.020511 -1.655798
v 0.000485 0.020542 -1.670977
v 0.002250 0.020653 -1.669128
v 0.012347 0.020743 -1.655684
v 0.000693 0.020771 -1.671028
v 0.023943 0.020549 -1.626911
v 0.028695 0.020549 -1.627638
v 0.124209 0.000265 -1.561323
v 0.073898 0.000232 -1.687799
v 0.054063 0.001283 -1.712617
v 0.050938 0.000122 -1.719308
v 0.125067 0.000263 -1.601787
v 0.116359 0.002247 -1.602020
v 0.113662 0.000254 -1.622026
v 0.119210 0.002541 -1.586472
v 0.083960 0.001297 -1.648697
v 0.022512 0.000228 -1.770101
v 0.013071 0.001842 -1.770712
v 0.005658 0.000192 -1.798270
v 0.049719 0.000184 -1.720491
v 0.041503 0.002283 -1.726234
v 0.001953 0.002292 -1.791110
v 0.048397 0.001050 -1.713443
v 0.080714 0.012399 -1.608643
v 0.042606 0.011184 -1.676736
v 0.028410 0.010770 -1.703002
v 0.093470 0.012493 -1.569991
v 0.002772 0.010966 -1.734910
v 0.091148 0.012289 -1.592607
v 0.018675 0.012277 -1.716276
v 0.107985 0.025029 -0.204190
v 0.107904 0.025080 -0.204242
v 0.108100 0.025107 -0.204193
v 0.108045 0.025218 -0.204242
v 0.114013 0.023115 -0.205638
v 0.105494 0.020451 -0.204190
v 0.105438 0.020549 -0.204242
v 0.107688 0.020635 -0.205636
v 0.105370 0.020579 -0.205636
v 0.107925 0.020733 -0.204190
v 0.107825 0.020787 -0.204242
v 0.177533 0.000130 -0.204193
v 0.177566 0.000215 -0.204242
v 0.171277 0.002515 -0.205655
v 0.142779 0.012755 -0.204242
v 0.177718 0.000000 -0.205657
v 0.105528 0.019967 -0.204183
v 0.108048 0.020478 -0.204186
v 0.000702 0.000000 -1.806601
v 0.048568 0.020534 -1.530393
v 0.050616 0.020564 -1.465711
v 0.052666 0.019792 -1.402283
v 0.055445 0.020263 -1.337706
v 0.054741 0.020574 -1.289506
v 0.054260 0.020310 -1.205063
v 0.062627 0.020495 -1.077612
v 0.070552 0.020517 -0.818995
v 0.073932 0.020177 -0.752067
v 0.070350 0.020574 -0.686043
v 0.079721 0.020573 -0.643063
v 0.080962 0.020574 -0.519392
v 0.080204 0.020540 -0.506393
v 0.082678 0.020574 -0.430143
v 0.084458 0.020538 -0.366063
v 0.123672 0.000000 -1.552798
v 0.133102 0.000000 -1.286650
v 0.137810 0.000000 -1.222686
v 0.138513 0.000000 -1.156308
v 0.143077 0.000000 -1.090956
v 0.142906 0.000000 -1.020890
v 0.147778 0.000000 -0.962391
v 0.152086 0.000000 -0.893902
v 0.154540 0.000000 -0.828348
v 0.153237 0.000000 -0.748863
v 0.160280 0.000000 -0.694667
v 0.158543 0.000000 -0.620632
v 0.160261 0.000000 -0.572200
v 0.165676 0.000000 -0.492973
v 0.164963 0.000000 -0.434427
v 0.170401 0.000000 -0.374259
v 0.064904 0.023143 -1.532706
v 0.067122 0.023118 -1.467502
v 0.070145 0.021641 -1.407631
v 0.074271 0.023143 -1.271469
v 0.074657 0.023143 -1.207361
v 0.079129 0.023143 -1.142774
v 0.081396 0.022223 -1.078897
v 0.084815 0.022991 -1.013889
v 0.087762 0.023143 -0.947052
v 0.089297 0.022154 -0.883979
v 0.091176 0.022703 -0.819675
v 0.093903 0.023108 -0.753873
v 0.096675 0.023076 -0.694284
v 0.098913 0.022873 -0.633208
v 0.104638 0.021550 -0.550725
v 0.103433 0.022515 -0.501695
v 0.106625 0.023157 -0.425727
v 0.108686 0.023129 -0.365991
v 0.117597 0.002753 -1.549200
v 0.125100 0.001146 -1.285110
v 0.132652 0.002140 -1.221252
v 0.132273 0.001671 -1.155245
v 0.136407 0.001361 -1.089380
v 0.137944 0.001920 -1.018170
v 0.140730 0.001469 -0.963015
v 0.145573 0.002271 -0.892892
v 0.148132 0.002541 -0.827385
v 0.147317 0.001332 -0.749821
v 0.152469 0.002538 -0.692160
v 0.153629 0.002521 -0.619181
v 0.154420 0.002311 -0.574339
v 0.158755 0.002539 -0.489607
v 0.156429 0.002548 -0.433999
v 0.164280 0.002349 -0.375130
v 0.058686 0.020656 -1.530789
v 0.060870 0.020656 -1.465745
v 0.063807 0.020259 -1.406568
v 0.066939 0.020656 -1.335532
v 0.068385 0.020656 -1.269612
v 0.067415 0.020634 -1.205498
v 0.072992 0.020627 -1.141406
v 0.075454 0.020450 -1.077688
v 0.077902 0.020650 -1.013805
v 0.080586 0.020656 -0.947497
v 0.082581 0.020631 -0.883439
v 0.084933 0.020628 -0.818882
v 0.087203 0.020656 -0.753325
v 0.088919 0.020655 -0.690566
v 0.092823 0.020633 -0.634445
v 0.097898 0.019954 -0.550814
v 0.097806 0.020142 -0.501717
v 0.102775 0.020657 -0.365650
v 0.172720 0.000251 -0.335691
v 0.170685 0.000251 -0.388513
v 0.165631 0.000250 -0.470146
v 0.164865 0.000237 -0.541805
v 0.158909 0.000251 -0.602176
v 0.159466 0.000241 -0.659339
v 0.159810 0.000251 -0.742503
v 0.155546 0.000251 -0.792834
v 0.151921 0.000219 -0.864866
v 0.150679 0.000249 -0.926730
v 0.144820 0.000222 -0.995045
v 0.143575 0.000214 -1.058567
v 0.143355 0.000247 -1.123736
v 0.140919 0.000251 -1.189404
v 0.137102 0.000239 -1.247894
v 0.136026 0.000251 -1.320745
v 0.133915 0.000246 -1.389015
v 0.128687 0.000251 -1.517756
v 0.103472 0.020784 -0.333302
v 0.098288 0.020815 -0.462196
v 0.098497 0.020817 -0.533487
v 0.094400 0.020818 -0.589018
v 0.089587 0.020805 -0.648182
v 0.088657 0.020854 -0.721426
v 0.086152 0.020802 -0.786544
v 0.083743 0.020818 -0.851228
v 0.081485 0.020815 -0.916376
v 0.078825 0.020805 -0.981148
v 0.076760 0.020775 -1.046079
v 0.074332 0.020237 -1.110924
v 0.070860 0.020808 -1.173236
v 0.067589 0.020812 -1.238668
v 0.067947 0.020742 -1.302939
v 0.064595 0.020705 -1.368969
v 0.061137 0.019244 -1.496401
v 0.137720 0.012839 -0.334708
v 0.136349 0.011747 -0.401646
v 0.135264 0.012741 -0.471359
v 0.129047 0.012814 -0.544167
v 0.134530 0.012788 -0.592511
v 0.128126 0.012682 -0.665557
v 0.122671 0.010098 -0.727506
v 0.119095 0.012654 -0.790240
v 0.118375 0.012292 -0.856404
v 0.114550 0.010723 -0.922907
v 0.117195 0.012801 -0.990792
v 0.111433 0.012505 -1.044617
v 0.107711 0.012063 -1.103249
v 0.105667 0.010289 -1.181954
v 0.102960 0.008862 -1.247049
v 0.101579 0.012813 -1.312403
v 0.096289 0.012363 -1.373847
v 0.094462 0.012814 -1.504669
v 0.100995 0.020197 -0.333422
v 0.097942 0.020603 -0.404168
v 0.096088 0.020603 -0.462377
v 0.095856 0.020603 -0.520573
v 0.092032 0.020603 -0.590121
v 0.087427 0.020580 -0.651748
v 0.086760 0.020529 -0.721418
v 0.084248 0.020567 -0.786534
v 0.081878 0.020603 -0.851208
v 0.079575 0.020603 -0.916081
v 0.075005 0.020603 -1.045886
v 0.072827 0.020129 -1.110500
v 0.069189 0.020589 -1.173113
v 0.065812 0.020563 -1.238646
v 0.066350 0.020484 -1.302389
v 0.063136 0.020398 -1.369019
v 0.059646 0.019223 -1.496000
v 0.103291 0.025105 -0.333530
v 0.098375 0.025102 -0.462231
v 0.098689 0.025114 -0.533218
v 0.094348 0.025116 -0.589325
v 0.089998 0.025108 -0.647122
v 0.089618 0.024508 -0.720742
v 0.086265 0.025070 -0.786548
v 0.083821 0.025116 -0.851248
v 0.081709 0.024707 -0.916667
v 0.078913 0.025102 -0.981085
v 0.076854 0.025019 -1.046097
v 0.074119 0.024303 -1.110759
v 0.070988 0.025116 -1.173358
v 0.067898 0.025116 -1.238500
v 0.068358 0.025078 -1.302329
v 0.064665 0.025052 -1.368985
v 0.061587 0.023069 -1.496467
v 0.103442 0.025267 -0.333552
v 0.098548 0.025266 -0.462233
v 0.098835 0.025278 -0.533314
v 0.094536 0.025280 -0.589286
v 0.090175 0.025271 -0.646945
v 0.089797 0.024608 -0.720741
v 0.086436 0.025229 -0.786568
v 0.083993 0.025280 -0.851272
v 0.081884 0.024820 -0.916713
v 0.079082 0.025265 -0.981100
v 0.077026 0.025173 -1.046134
v 0.074297 0.024442 -1.110804
v 0.071165 0.025281 -1.173406
v 0.068088 0.025281 -1.238552
v 0.068540 0.025247 -1.302365
v 0.064834 0.025213 -1.369017
v 0.061739 0.023227 -1.496548
v 0.108048 0.000000 -0.204181
v 0.105554 0.000000 -0.204181
v -0.142737 0.000000 -0.204185
v -0.108164 0.024944 -0.204201
v -0.060064 0.025246 -1.529870
v -0.062225 0.012316 -1.639301
v 0.000162 0.010330 -1.738125
v -0.059879 0.025085 -1.529824
v -0.018184 0.011043 -1.706868
v -0.092540 0.012223 -1.595625
v -0.046188 0.006200 -1.703922
v -0.007119 0.011335 -1.727365
v -0.058148 0.020579 -1.529828
v -0.056118 0.025223 -1.585432
v -0.055935 0.025071 -1.585361
v -0.001992 0.025121 -1.669198
v -0.001786 0.025263 -1.669732
v -0.029545 0.024485 -1.626891
v -0.029586 0.024629 -1.627095
v -0.059798 0.020802 -1.529708
v -0.055810 0.020585 -1.585109
v -0.054574 0.020367 -1.584844
v -0.001957 0.020604 -1.669079
v -0.002087 0.020818 -1.669161
v -0.027796 0.020570 -1.627234
v -0.028612 0.020784 -1.627157
v -0.063283 0.000198 -1.704540
v -0.124718 0.000260 -1.604862
v -0.125869 0.000251 -1.592072
v -0.095651 0.000188 -1.648386
v -0.014705 0.000201 -1.783617
v -0.037054 0.000149 -1.746233
v -0.000685 0.000129 -1.806255
v -0.049245 0.000171 -1.721981
v -0.107822 0.025099 -0.205637
v -0.107980 0.025253 -0.205637
v -0.107744 0.020803 -0.205636
v -0.177541 0.000235 -0.205657
v -0.142737 0.012788 -0.205647
v -0.032542 0.020553 -1.301274
v -0.171497 0.000251 -0.368525
v -0.169409 0.000242 -0.437984
v -0.166851 0.000251 -0.493938
v -0.163672 0.000251 -0.564149
v -0.156147 0.000198 -0.764437
v -0.152909 0.000245 -0.824589
v -0.152446 0.000234 -0.890071
v -0.144520 0.000251 -0.965717
v -0.138426 0.000229 -1.026993
v -0.144467 0.000251 -1.081099
v -0.137329 0.000211 -1.223321
v -0.136214 0.000225 -1.287675
v -0.134522 0.000221 -1.353550
v -0.132339 0.000251 -1.419903
v -0.129911 0.000251 -1.484921
v -0.101871 0.020792 -0.367505
v -0.101124 0.019392 -0.420246
v -0.098033 0.019602 -0.495675
v -0.097776 0.018817 -0.549973
v -0.093132 0.020485 -0.625348
v -0.089905 0.020624 -0.689318
v -0.088735 0.019164 -0.752002
v -0.084437 0.020818 -0.818502
v -0.081351 0.020074 -0.885779
v -0.080611 0.020818 -0.945537
v -0.078069 0.020443 -1.009052
v -0.075328 0.020737 -1.077622
v -0.072929 0.020786 -1.142322
v -0.071360 0.020082 -1.207049
v -0.069908 0.020778 -1.269140
v -0.066306 0.020818 -1.334857
v -0.064058 0.020812 -1.397831
v -0.061944 0.020818 -1.462807
v -0.136859 0.012364 -0.367871
v -0.132857 0.012697 -0.433743
v -0.128870 0.012780 -0.495682
v -0.130037 0.012799 -0.557775
v -0.122187 0.012599 -0.830226
v -0.115325 0.011445 -0.889930
v -0.113839 0.012814 -0.959568
v -0.111831 0.008294 -1.010486
v -0.105477 0.011872 -1.214665
v -0.104314 0.012775 -1.274832
v -0.097940 0.012815 -1.410195
v -0.099838 0.020549 -0.367221
v -0.098968 0.019287 -0.420480
v -0.095937 0.019695 -0.495617
v -0.095187 0.018973 -0.550336
v -0.091043 0.020107 -0.625186
v -0.087880 0.020271 -0.689389
v -0.086624 0.019004 -0.752209
v -0.082446 0.020603 -0.818403
v -0.079288 0.019996 -0.885376
v -0.078752 0.020603 -0.946303
v -0.076155 0.020347 -1.009216
v -0.073627 0.020344 -1.077578
v -0.071301 0.020517 -1.142292
v -0.069643 0.020009 -1.207023
v -0.068051 0.020375 -1.269516
v -0.062514 0.020573 -1.398285
v -0.060458 0.020603 -1.463058
v -0.101943 0.025094 -0.367629
v -0.101568 0.023170 -0.420272
v -0.098491 0.023281 -0.495665
v -0.097962 0.022718 -0.550038
v -0.093145 0.024956 -0.625265
v -0.088746 0.023502 -0.752127
v -0.084542 0.025101 -0.818543
v -0.081575 0.024299 -0.885794
v -0.081015 0.025116 -0.944977
v -0.078078 0.024780 -1.009516
v -0.075413 0.025116 -1.077663
v -0.071531 0.024065 -1.207053
v -0.070415 0.025116 -1.268578
v -0.066231 0.025116 -1.335293
v -0.064285 0.025114 -1.397208
v -0.062304 0.025116 -1.462031
v -0.102113 0.025258 -0.367592
v -0.101726 0.023317 -0.420288
v -0.098640 0.023412 -0.495678
v -0.098141 0.022863 -0.550030
v -0.093311 0.025125 -0.625284
v -0.088903 0.023654 -0.752130
v -0.084720 0.025258 -0.818573
v -0.081765 0.024459 -0.885828
v -0.081192 0.025280 -0.944959
v -0.078246 0.024948 -1.009544
v -0.075584 0.025281 -1.077696
v -0.071702 0.024191 -1.207090
v -0.070595 0.025281 -1.268603
v -0.066390 0.025281 -1.335365
v -0.064458 0.025278 -1.397245
v -0.062473 0.025281 -1.462080
v 0.059403 0.024969 -1.531157
v 0.062846 0.009670 -1.632626
v 0.000856 0.010508 -1.738116
v 0.059229 0.024821 -1.531102
v 0.091878 0.012022 -1.582387
v 0.019471 0.012615 -1.710732
v 0.090201 0.012324 -1.594676
v 0.043760 0.005658 -1.702406
v 0.010811 0.012140 -1.727215
v 0.057334 0.020604 -1.530700
v 0.094226 0.012798 -1.540204
v 0.055840 0.025112 -1.585253
v 0.055724 0.024951 -1.585201
v 0.058713 0.025281 -1.572296
v 0.058544 0.025117 -1.572246
v 0.003027 0.024929 -1.668430
v 0.002810 0.025182 -1.668707
v 0.028529 0.024969 -1.628597
v 0.028461 0.025145 -1.629043
v 0.058749 0.020817 -1.530827
v 0.123227 0.000268 -1.552778
v 0.056175 0.020382 -1.584790
v 0.055171 0.020040 -1.584569
v 0.056820 0.020603 -1.571961
v 0.058253 0.020818 -1.572078
v 0.002126 0.020601 -1.669078
v 0.002318 0.020815 -1.669156
v 0.028089 0.020489 -1.627495
v 0.028721 0.020705 -1.627728
v 0.059360 0.000217 -1.709808
v 0.123787 0.000260 -1.604114
v 0.125660 0.000252 -1.588839
v 0.089565 0.000173 -1.651262
v 0.016557 0.000193 -1.776210
v 0.040973 0.000241 -1.741495
v 0.000701 0.000132 -1.806275
v 0.049334 0.000000 -1.716919
v 0.107823 0.025099 -0.205636
v 0.107981 0.025252 -0.205636
v 0.107744 0.020803 -0.205636
v 0.177541 0.000235 -0.205657
v 0.142737 0.012788 -0.205647
v 0.170208 0.000232 -0.374289
v 0.164711 0.000251 -0.434418
v 0.165480 0.000251 -0.492872
v 0.160043 0.000231 -0.572259
v 0.158367 0.000229 -0.620556
v 0.160072 0.000246 -0.694597
v 0.153039 0.000183 -0.748794
v 0.154359 0.000251 -0.828331
v 0.151902 0.000247 -0.893872
v 0.147553 0.000198 -0.962420
v 0.142707 0.000190 -1.020728
v 0.142867 0.000197 -1.090916
v 0.138296 0.000180 -1.156276
v 0.137619 0.000199 -1.222659
v 0.132820 0.000168 -1.286587
v 0.102876 0.020817 -0.365633
v 0.099958 0.020817 -0.427810
v 0.097915 0.020259 -0.501721
v 0.097963 0.020107 -0.550792
v 0.092844 0.020796 -0.634520
v 0.088983 0.020817 -0.690581
v 0.087265 0.020818 -0.753341
v 0.084984 0.020790 -0.818891
v 0.082634 0.020794 -0.883446
v 0.080645 0.020818 -0.947496
v 0.077953 0.020813 -1.013810
v 0.075509 0.020602 -1.077704
v 0.073049 0.020792 -1.141391
v 0.067479 0.020797 -1.205521
v 0.068441 0.020818 -1.269625
v 0.067008 0.020818 -1.335525
v 0.063900 0.020374 -1.406710
v 0.060920 0.020818 -1.465764
v 0.137561 0.012868 -0.370988
v 0.134744 0.012835 -0.424173
v 0.131651 0.012777 -0.493211
v 0.134442 0.012602 -0.573988
v 0.133261 0.012799 -0.606927
v 0.123725 0.012814 -0.697969
v 0.123978 0.010245 -0.754216
v 0.119764 0.012813 -0.823567
v 0.116960 0.012814 -0.890627
v 0.119082 0.011821 -0.958217
v 0.113940 0.012000 -1.016725
v 0.109350 0.010836 -1.084379
v 0.107578 0.012638 -1.149417
v 0.105217 0.012814 -1.214653
v 0.101912 0.009407 -1.280180
v 0.100170 0.020603 -0.365808
v 0.097676 0.020603 -0.428225
v 0.095288 0.020352 -0.501766
v 0.095520 0.020171 -0.551282
v 0.091338 0.020571 -0.634313
v 0.086521 0.020580 -0.690489
v 0.084939 0.020603 -0.753031
v 0.083064 0.020538 -0.818876
v 0.076235 0.020593 -1.013983
v 0.073804 0.020407 -1.077674
v 0.071354 0.020520 -1.141565
v 0.065668 0.020581 -1.205397
v 0.066385 0.020603 -1.289806
v 0.065446 0.020603 -1.335730
v 0.062171 0.020383 -1.405925
v 0.059534 0.020603 -1.465725
v 0.103538 0.025116 -0.365461
v 0.100421 0.025116 -0.427594
v 0.098575 0.023659 -0.501639
v 0.098000 0.024452 -0.550741
v 0.092634 0.024910 -0.635426
v 0.089062 0.025116 -0.690067
v 0.087641 0.025075 -0.753636
v 0.085025 0.025113 -0.818906
v 0.082703 0.025112 -0.883430
v 0.080680 0.025116 -0.947578
v 0.078015 0.025115 -1.013806
v 0.075569 0.024883 -1.077725
v 0.073203 0.025116 -1.141109
v 0.067742 0.025116 -1.205658
v 0.068300 0.025116 -1.270114
v 0.067331 0.025116 -1.335279
v 0.064014 0.024620 -1.407281
v 0.060998 0.025116 -1.465803
v 0.103712 0.025281 -0.365467
v 0.100614 0.025281 -0.427541
v 0.098726 0.023788 -0.501637
v 0.098184 0.024600 -0.550731
v 0.092769 0.025053 -0.635405
v 0.089278 0.025280 -0.690107
v 0.087825 0.025240 -0.753666
v 0.085196 0.025274 -0.818928
v 0.082879 0.025276 -0.883452
v 0.080863 0.025280 -0.947583
v 0.078186 0.025280 -1.013818
v 0.075737 0.025040 -1.077758
v 0.073373 0.025281 -1.141141
v 0.067941 0.025281 -1.205709
v 0.068463 0.025281 -1.270174
v 0.067493 0.025281 -1.335311
v 0.064197 0.024767 -1.407312
v 0.061169 0.025281 -1.465850
v -0.171286 0.000000 -0.204189
v 0.108108 0.024981 -0.204190
v -0.177546 0.000110 -0.204203
v -0.171286 0.002280 -0.204208
v -0.142737 0.012365 -0.204211
v 0.171184 0.000000 -0.204183
v 0.177522 0.000000 -0.204190
v 0.142741 0.012498 -0.204190
v 0.142741 0.000000 -0.204190
v 0.114069 0.022791 -0.204190
v 0.114069 0.000000 -0.204190
v 0.078556 0.020600 -0.945942
v 0.077386 0.020597 -0.980236
v 0.080783 0.020603 -0.882043
v 0.052682 0.020047 -1.415617
v 0.131875 0.000000 -1.435521
v 0.069858 0.022392 -1.420451
v 0.125434 0.002534 -1.433320
v 0.063553 0.020457 -1.418744
v 0.131694 0.000251 -1.435460
v 0.063633 0.020596 -1.418822
v 0.096966 0.012780 -1.425376
v 0.062040 0.020491 -1.418226
v 0.063755 0.024868 -1.420345
v 0.063932 0.025024 -1.420398
v 0.063884 0.021698 -1.413269
v 0.067184 0.023383 -1.413695
v 0.049103 0.020504 -1.512400
v 0.065278 0.022670 -1.523984
v 0.059869 0.019893 -1.513590
v 0.060571 0.024098 -1.513852
v 0.060408 0.023945 -1.513784
v 0.058490 0.019913 -1.513350
v 0.059943 0.020030 -1.513614
v 0.064007 0.021970 -1.413311
v 0.062107 0.023756 -1.523095
v 0.059818 0.022064 -1.522443
v 0.073796 0.019611 -1.295529
v 0.067994 0.020597 -1.294728
v 0.068069 0.020761 -1.294706
v 0.101661 0.011971 -1.304439
v 0.068343 0.022178 -1.294367
v 0.072519 0.020273 -1.295258
v 0.073900 0.022658 -1.290227
v 0.068080 0.020610 -1.289194
v 0.068151 0.020773 -1.289179
v 0.101717 0.011406 -1.299093
v 0.068334 0.025094 -1.289022
v 0.068509 0.025261 -1.289069
v -0.001002 0.018168 -1.303597
v 0.055180 0.018591 -1.296298
v -0.032035 0.020562 -1.306983
v 0.066455 0.018727 -1.294917
v 0.073912 0.024791 -1.123434
v 0.079856 0.022024 -1.123621
v 0.073766 0.020316 -1.123429
v 0.072217 0.020291 -1.123352
v 0.073807 0.020464 -1.123391
v 0.073737 0.024642 -1.123415
v 0.112551 0.010496 -1.106414
v 0.107689 0.012155 -1.110627
v 0.107697 0.009911 -1.107866
v 0.080141 0.019216 -1.116105
v 0.073992 0.021132 -1.117099
v 0.074170 0.021274 -1.117094
v 0.074056 0.020200 -1.116703
v 0.074089 0.020342 -1.116690
v 0.072536 0.018182 -1.116635
v 0.096921 0.021780 -0.637840
v 0.091773 0.023805 -0.639834
v 0.108416 0.019713 -0.628502
v 0.091621 0.020799 -0.639653
v 0.091595 0.023432 -0.640037
v 0.091564 0.020637 -0.639764
v 0.090070 0.018267 -0.639968
v 0.130791 0.012743 -0.635123
v 0.059969 0.022266 -1.522486
v 0.065662 0.020481 -1.122246
v 0.061514 0.020480 -1.122788
v 0.026580 0.020456 -1.125410
v 0.028035 0.020448 -1.129290
v 0.027308 0.018870 -1.127350
v 0.064246 0.018446 -1.117437
v 0.061835 0.018446 -1.117670
v 0.013437 0.020467 -1.132513
v -0.002200 0.014162 -0.471927
v -0.000223 0.016357 -0.465449
v -0.002639 0.016388 -0.480393
v 0.009183 0.020462 -0.484648
v -0.014522 0.020444 -0.472126
v -0.002850 0.020456 -0.486806
v -0.010751 0.020421 -0.460709
v 0.012402 0.020436 -0.472844
v 0.002341 0.020427 -0.461940
v 0.010915 0.016691 -0.478296
v -0.012520 0.016677 -0.466066
v -0.047934 0.020534 -1.558849
v -0.056710 0.020387 -1.559727
v 0.079104 0.017701 -0.648586
v 0.041780 0.017981 -0.677919
v -0.011215 0.020570 -0.734032
v 0.037728 0.020541 -0.674178
v -0.015424 0.020562 -0.731538
v -0.007007 0.020570 -0.735123
v 0.045833 0.020019 -0.680569
v -0.038864 0.020423 -0.692585
v -0.021626 0.020559 -0.663496
v -0.026665 0.020518 -1.538874
v -0.026141 0.020368 -1.571420
v -0.026515 0.020447 -1.554174
v -0.063931 -0.022925 -1.561691
v 0.000215 -0.022866 -1.684379
v -0.051289 -0.022914 -1.600326
v -0.062479 -0.022546 -1.584446
v -0.014999 -0.022041 -1.669412
v -0.000487 -0.022947 -1.683539
v -0.002956 -0.023033 -1.679831
v 0.000249 -0.020542 -1.671006
v 0.000263 -0.020602 -1.671074
v -0.057875 -0.020655 -1.559786
v -0.039685 -0.020394 -1.597542
v -0.047198 -0.020650 -1.597692
v -0.047394 -0.020526 -1.581954
v -0.056849 -0.020542 -1.582768
v -0.000042 -0.020546 -1.671010
v -0.000045 -0.020605 -1.671077
v -0.008596 -0.020439 -1.656149
v -0.010354 -0.020579 -1.656188
v -0.000417 -0.020612 -1.671010
v -0.064905 -0.001834 -1.689622
v 0.000763 -0.002256 -1.792661
v -0.120093 -0.002538 -1.577976
v -0.050598 -0.000397 -1.720321
v -0.109888 -0.002541 -1.617214
v -0.118904 -0.002447 -1.600334
v -0.044046 -0.002103 -1.726745
v -0.002535 -0.002436 -1.787122
v -0.025032 -0.002494 -1.755143
v -0.114032 -0.022852 -0.204213
v -0.114062 -0.023083 -0.204244
v -0.105529 -0.019967 -0.204183
v -0.105438 -0.020549 -0.204242
v -0.108019 -0.024950 -0.204202
v -0.107897 -0.020056 -0.204183
v -0.107764 -0.020611 -0.204242
v -0.171309 -0.002488 -0.204242
v -0.107846 -0.020532 -0.204190
v -0.105494 -0.020451 -0.204190
v -0.049616 -0.020300 -1.498038
v -0.051669 -0.020490 -1.433103
v -0.053617 -0.020574 -1.368683
v -0.054622 -0.020491 -1.336347
v -0.057626 -0.020574 -1.239312
v -0.059628 -0.020480 -1.174622
v -0.061630 -0.020574 -1.109942
v -0.063528 -0.020316 -1.044584
v -0.064325 -0.020566 -0.977332
v -0.067709 -0.020464 -0.914244
v -0.065621 -0.020506 -0.848959
v -0.071590 -0.020544 -0.786472
v -0.073641 -0.020574 -0.721950
v -0.075900 -0.020574 -0.655837
v -0.077857 -0.020574 -0.593327
v -0.079939 -0.020542 -0.532251
v -0.080562 -0.020444 -0.434648
v -0.085412 -0.020488 -0.417692
v -0.001081 -0.019939 -1.307614
v -0.066126 -0.022689 -1.499989
v -0.068623 -0.023143 -1.433535
v -0.070454 -0.022850 -1.373825
v -0.072241 -0.023143 -1.337186
v -0.075551 -0.023074 -1.240770
v -0.077956 -0.023095 -1.176019
v -0.081576 -0.023143 -1.078839
v -0.082460 -0.022328 -1.044415
v -0.084573 -0.023013 -0.981186
v -0.086113 -0.023143 -0.916043
v -0.090367 -0.022726 -0.851303
v -0.092275 -0.022921 -0.786953
v -0.094793 -0.023143 -0.722852
v -0.098889 -0.021959 -0.626159
v -0.099824 -0.022279 -0.593179
v -0.103467 -0.022283 -0.542221
v -0.103988 -0.021749 -0.463531
v -0.108838 -0.022193 -0.406784
v -0.110218 -0.022935 -0.333561
v -0.121477 -0.001614 -1.447669
v -0.126076 -0.002214 -1.384405
v -0.128603 -0.002538 -1.352038
v -0.131558 -0.002142 -1.253182
v -0.134428 -0.002564 -1.188022
v -0.135153 -0.001791 -1.049024
v -0.133563 -0.002413 -0.991575
v -0.144430 -0.002531 -0.927984
v -0.145555 -0.002272 -0.863446
v -0.149370 -0.002538 -0.791865
v -0.157269 -0.002537 -0.563342
v -0.159087 -0.002535 -0.533713
v -0.160659 -0.001962 -0.465584
v -0.164020 -0.002520 -0.401103
v -0.166459 -0.002538 -0.335513
v -0.060353 -0.020491 -1.497930
v -0.062576 -0.020656 -1.430372
v -0.064435 -0.020632 -1.369242
v -0.068506 -0.020499 -1.302330
v -0.069278 -0.020655 -1.239340
v -0.071705 -0.020550 -1.174666
v -0.073836 -0.020623 -1.111082
v -0.076458 -0.020478 -1.043667
v -0.078118 -0.020656 -0.979762
v -0.081060 -0.020474 -0.915594
v -0.081730 -0.020535 -0.849848
v -0.086061 -0.020634 -0.786404
v -0.088488 -0.020656 -0.722075
v -0.091952 -0.020656 -0.652311
v -0.093843 -0.020599 -0.592642
v -0.097314 -0.019507 -0.540745
v -0.099563 -0.018880 -0.462156
v -0.102685 -0.019834 -0.406522
v -0.103703 -0.020499 -0.333452
v 0.064689 -0.023128 -1.562565
v 0.052828 -0.022884 -1.602182
v 0.063019 -0.023158 -1.583858
v 0.017583 -0.022076 -1.670532
v 0.000964 -0.022916 -1.683695
v 0.003566 -0.023066 -1.680253
v 0.047718 -0.020459 -1.559978
v 0.058136 -0.020656 -1.560498
v 0.039445 -0.020562 -1.597343
v 0.048185 -0.020099 -1.597566
v 0.047456 -0.020113 -1.581838
v 0.057037 -0.020626 -1.581994
v 0.009588 -0.020421 -1.656105
v 0.012210 -0.020577 -1.655737
v 0.000643 -0.020600 -1.670997
v 0.068106 -0.002323 -1.685872
v 0.117815 -0.002727 -1.566981
v 0.050454 -0.000477 -1.718087
v 0.107555 -0.002509 -1.620380
v 0.117577 -0.002439 -1.599737
v 0.046943 -0.001490 -1.713565
v 0.009594 -0.002426 -1.779103
v 0.020869 -0.002503 -1.761165
v 0.114069 -0.022911 -0.204190
v 0.114066 -0.023079 -0.204242
v 0.107897 -0.020056 -0.204182
v 0.107764 -0.020611 -0.204242
v 0.171262 -0.002342 -0.204190
v 0.171309 -0.002487 -0.204242
v 0.107846 -0.020532 -0.204190
v 0.049638 -0.020473 -1.494406
v 0.053762 -0.020214 -1.369926
v 0.055184 -0.020311 -1.304285
v 0.054414 -0.020449 -1.238743
v 0.058374 -0.020571 -1.172715
v 0.062272 -0.020458 -1.110736
v 0.063836 -0.020574 -1.045903
v 0.071901 -0.020399 -0.786651
v 0.073622 -0.020462 -0.721765
v 0.077716 -0.020574 -0.661001
v 0.077761 -0.020492 -0.592701
v 0.081397 -0.018726 -0.512521
v 0.081428 -0.020574 -0.463541
v 0.081518 -0.020301 -0.398749
v 0.066402 -0.021253 -1.497818
v 0.070749 -0.023143 -1.370350
v 0.073640 -0.022317 -1.303427
v 0.074459 -0.023143 -1.240704
v 0.077287 -0.023051 -1.174952
v 0.080333 -0.021289 -1.111049
v 0.082760 -0.021918 -1.046685
v 0.084891 -0.023038 -0.982504
v 0.088190 -0.022230 -0.916804
v 0.089999 -0.023143 -0.852119
v 0.092417 -0.023136 -0.787343
v 0.095211 -0.023107 -0.720913
v 0.094978 -0.023136 -0.642357
v 0.101738 -0.023143 -0.586797
v 0.103569 -0.023137 -0.537386
v 0.104815 -0.023151 -0.462323
v 0.107441 -0.023024 -0.404965
v 0.109123 -0.022840 -0.333824
v 0.122471 -0.002547 -1.515987
v 0.128236 -0.002375 -1.390936
v 0.129824 -0.002538 -1.319247
v 0.130359 -0.002137 -1.246113
v 0.134709 -0.002538 -1.188082
v 0.137151 -0.002532 -1.122500
v 0.137988 -0.001729 -1.057298
v 0.140394 -0.002248 -0.995847
v 0.144067 -0.002451 -0.927264
v 0.143640 -0.001879 -0.865650
v 0.149329 -0.002538 -0.791700
v 0.154011 -0.002538 -0.743338
v 0.152435 -0.002508 -0.657038
v 0.154015 -0.002324 -0.601077
v 0.158567 -0.002369 -0.543495
v 0.157767 -0.002385 -0.470712
v 0.163929 -0.002557 -0.388112
v 0.166404 -0.002547 -0.336277
v 0.061053 -0.019130 -1.496392
v 0.064546 -0.020539 -1.368954
v 0.067866 -0.020578 -1.302973
v 0.067521 -0.020649 -1.238663
v 0.070807 -0.020645 -1.173216
v 0.074308 -0.020099 -1.110861
v 0.076707 -0.020621 -1.046059
v 0.078775 -0.020643 -0.981143
v 0.081429 -0.020656 -0.916336
v 0.083691 -0.020656 -0.851218
v 0.086102 -0.020640 -0.786535
v 0.088617 -0.020685 -0.721412
v 0.089516 -0.020642 -0.648416
v 0.094343 -0.020656 -0.589036
v 0.098446 -0.020655 -0.533451
v 0.098235 -0.020653 -0.462197
v 0.099892 -0.020655 -0.427822
v 0.103417 -0.020615 -0.333300
v -0.058151 -0.025115 -1.559768
v -0.058323 -0.025280 -1.559818
v -0.049029 -0.024791 -1.597067
v -0.061617 -0.022632 -1.587134
v -0.057296 -0.025235 -1.583197
v -0.048939 -0.024658 -1.597023
v -0.057116 -0.025072 -1.583142
v -0.000238 -0.025089 -1.670759
v 0.000274 -0.025103 -1.670641
v -0.000262 -0.025264 -1.671022
v 0.000276 -0.025280 -1.670927
v -0.001544 -0.023026 -1.681874
v -0.010736 -0.025119 -1.656030
v -0.010185 -0.025276 -1.657470
v -0.004813 -0.022964 -1.677683
v -0.033719 -0.022089 -1.630370
v 0.000685 -0.025094 -1.670480
v 0.000684 -0.025274 -1.670762
v 0.000024 -0.022884 -1.684256
v -0.057938 -0.020817 -1.559800
v -0.047276 -0.020813 -1.597693
v -0.056909 -0.020721 -1.582823
v -0.055758 -0.020418 -1.585059
v -0.046061 -0.020565 -1.597740
v -0.055611 -0.020240 -1.582588
v -0.046271 -0.020535 -1.584327
v -0.010088 -0.020513 -1.656146
v -0.001639 -0.020574 -1.669035
v -0.000273 -0.020552 -1.670987
v -0.002050 -0.020656 -1.669130
v -0.010413 -0.020744 -1.656207
v -0.000443 -0.020781 -1.671044
v -0.000040 -0.020775 -1.671119
v 0.000281 -0.020772 -1.671114
v -0.023823 -0.020431 -1.626727
v -0.028548 -0.020622 -1.627155
v -0.126316 -0.000251 -1.580509
v -0.073831 -0.000237 -1.687988
v -0.060271 -0.001199 -1.704740
v -0.051348 -0.000155 -1.721429
v -0.126011 -0.000263 -1.602531
v -0.117075 -0.002420 -1.602897
v -0.116524 -0.000254 -1.618374
v -0.119392 -0.002252 -1.588907
v -0.090999 -0.001737 -1.647014
v -0.027162 -0.000229 -1.763585
v -0.013743 -0.002504 -1.773655
v -0.004843 -0.000130 -1.798701
v -0.046987 -0.000240 -1.731764
v -0.033453 -0.000585 -1.741044
v -0.000000 -0.000100 -1.807211
v 0.000164 -0.002308 -1.791807
v -0.048530 -0.000893 -1.719506
v -0.079812 -0.012810 -1.613351
v -0.042319 -0.010985 -1.677802
v -0.026128 -0.010723 -1.700333
v -0.094564 -0.012814 -1.571008
v -0.001514 -0.009786 -1.734815
v 0.000504 -0.010455 -1.738638
v -0.093354 -0.012123 -1.592905
v -0.012936 -0.011595 -1.716700
v -0.107899 -0.025081 -0.204245
v -0.108139 -0.025050 -0.204202
v -0.108042 -0.025221 -0.204245
v -0.114012 -0.023115 -0.205638
v -0.107688 -0.020635 -0.205636
v -0.105370 -0.020579 -0.205636
v -0.107925 -0.020733 -0.204190
v -0.107825 -0.020787 -0.204242
v -0.177566 -0.000215 -0.204242
v -0.171277 -0.002515 -0.205655
v -0.142777 -0.012757 -0.204243
v -0.107987 -0.020292 -0.204183
v 0.001740 -0.020573 -1.669033
v -0.048598 -0.020544 -1.530404
v -0.050641 -0.020541 -1.465649
v -0.052604 -0.020143 -1.401032
v -0.056608 -0.020574 -1.271655
v -0.058625 -0.020559 -1.206974
v -0.062631 -0.020573 -1.077599
v -0.063926 -0.020574 -1.009529
v -0.066405 -0.020396 -0.947633
v -0.065294 -0.020328 -0.884083
v -0.069563 -0.020491 -0.818242
v -0.072578 -0.020574 -0.753458
v -0.074628 -0.020255 -0.689507
v -0.077035 -0.020347 -0.624795
v -0.078579 -0.020573 -0.555051
v -0.080699 -0.020574 -0.495426
v -0.082173 -0.019141 -0.426504
v -0.085264 -0.020376 -0.366746
v -0.001086 -0.020048 -1.297710
v -0.066147 -0.022942 -1.531943
v -0.067821 -0.023101 -1.465457
v -0.070139 -0.023141 -1.400088
v -0.075933 -0.023087 -1.270866
v -0.076973 -0.021637 -1.208361
v -0.084210 -0.022856 -1.009470
v -0.086272 -0.022657 -0.945079
v -0.087961 -0.022328 -0.887515
v -0.090863 -0.022855 -0.819532
v -0.094044 -0.020307 -0.751961
v -0.104063 -0.021047 -0.549775
v -0.102938 -0.021585 -0.496155
v -0.106914 -0.021486 -0.420626
v -0.108169 -0.023015 -0.367712
v -0.123716 -0.002534 -1.483201
v -0.126202 -0.002538 -1.417888
v -0.130079 -0.002374 -1.287107
v -0.131788 -0.002002 -1.222372
v -0.138462 -0.002498 -1.079939
v -0.133157 -0.002068 -1.025278
v -0.138903 -0.002538 -0.965776
v -0.146761 -0.002357 -0.888079
v -0.146345 -0.001838 -0.824865
v -0.150589 -0.002119 -0.763944
v -0.160551 -0.002526 -0.492182
v -0.163443 -0.002329 -0.439262
v -0.165238 -0.002536 -0.368304
v -0.059727 -0.020638 -1.529696
v -0.061873 -0.020656 -1.462846
v -0.063994 -0.020650 -1.397875
v -0.066249 -0.020656 -1.334855
v -0.069818 -0.020612 -1.269176
v -0.071288 -0.019949 -1.207034
v -0.072878 -0.020621 -1.142307
v -0.075277 -0.020570 -1.077608
v -0.078010 -0.020288 -1.009030
v -0.080542 -0.020656 -0.945604
v -0.081284 -0.019928 -0.885735
v -0.084383 -0.020656 -0.818490
v -0.088673 -0.019016 -0.751997
v -0.089856 -0.020458 -0.689312
v -0.093078 -0.020329 -0.625343
v -0.097693 -0.018689 -0.549984
v -0.097957 -0.019475 -0.495669
v -0.101051 -0.019257 -0.420255
v -0.101839 -0.020633 -0.367441
v -0.031970 -0.020563 -1.311514
v -0.172721 -0.000251 -0.335689
v -0.170274 -0.000250 -0.401360
v -0.166280 -0.000206 -0.465413
v -0.165362 -0.000251 -0.533844
v -0.155545 -0.000251 -0.794068
v -0.152139 -0.000228 -0.862193
v -0.150664 -0.000251 -0.928791
v -0.140019 -0.000240 -0.994135
v -0.140325 -0.000214 -1.055000
v -0.140902 -0.000253 -1.189400
v -0.138408 -0.000243 -1.254835
v -0.132484 -0.000236 -1.385985
v -0.126754 -0.000183 -1.447720
v -0.103805 -0.020674 -0.333431
v -0.102739 -0.019984 -0.406500
v -0.099613 -0.019023 -0.462167
v -0.097374 -0.019653 -0.540767
v -0.093902 -0.020749 -0.592643
v -0.092006 -0.020818 -0.652306
v -0.088539 -0.020818 -0.722083
v -0.086113 -0.020798 -0.786413
v -0.081791 -0.020698 -0.849866
v -0.081103 -0.020641 -0.915602
v -0.078173 -0.020818 -0.979778
v -0.076508 -0.020645 -1.043684
v -0.073876 -0.020788 -1.111143
v -0.071756 -0.020715 -1.174681
v -0.069331 -0.020816 -1.239356
v -0.068588 -0.020657 -1.302314
v -0.064483 -0.020793 -1.369295
v -0.062628 -0.020818 -1.430383
v -0.060411 -0.020656 -1.497954
v -0.138323 -0.012642 -0.334638
v -0.135440 -0.012724 -0.403658
v -0.129949 -0.011998 -0.467461
v -0.131641 -0.012808 -0.536860
v -0.128076 -0.012814 -0.596442
v -0.121902 -0.011953 -0.755729
v -0.120334 -0.011597 -0.787750
v -0.118357 -0.012727 -0.856400
v -0.115794 -0.012184 -0.922297
v -0.113699 -0.012801 -0.992541
v -0.115252 -0.012814 -1.037565
v -0.110060 -0.012793 -1.084291
v -0.105523 -0.012484 -1.182593
v -0.104034 -0.012814 -1.246763
v -0.100369 -0.012814 -1.345015
v -0.098489 -0.010982 -1.377819
v -0.096103 -0.011489 -1.445017
v -0.095514 -0.012766 -1.475377
v -0.101146 -0.020488 -0.333598
v -0.100312 -0.020056 -0.406500
v -0.097760 -0.018898 -0.461766
v -0.095084 -0.019625 -0.540126
v -0.091764 -0.020602 -0.592837
v -0.089874 -0.020603 -0.652776
v -0.086576 -0.020592 -0.722054
v -0.084209 -0.020500 -0.786453
v -0.079567 -0.020457 -0.849646
v -0.079452 -0.020283 -0.915721
v -0.076366 -0.020603 -0.979529
v -0.074777 -0.020298 -1.043817
v -0.072343 -0.020498 -1.110524
v -0.070145 -0.020380 -1.174649
v -0.067767 -0.020603 -1.239324
v -0.064773 -0.020603 -1.334945
v -0.063043 -0.020596 -1.368974
v -0.061206 -0.020603 -1.430408
v -0.058934 -0.020407 -1.497877
v -0.103997 -0.024967 -0.333373
v -0.102811 -0.024089 -0.406661
v -0.099585 -0.023098 -0.462073
v -0.097235 -0.024005 -0.540657
v -0.094064 -0.024839 -0.592661
v -0.092045 -0.025116 -0.652450
v -0.088619 -0.025116 -0.722099
v -0.086205 -0.025116 -0.786469
v -0.081938 -0.025054 -0.849986
v -0.081238 -0.025060 -0.915734
v -0.078313 -0.025116 -0.979797
v -0.076518 -0.025088 -1.043917
v -0.073908 -0.025114 -1.111330
v -0.071821 -0.025100 -1.174704
v -0.069599 -0.024868 -1.239401
v -0.069099 -0.024923 -1.301828
v -0.064559 -0.025094 -1.369406
v -0.062571 -0.025116 -1.431228
v -0.060536 -0.025008 -1.497998
v -0.104182 -0.025137 -0.333372
v -0.102961 -0.024256 -0.406700
v -0.099714 -0.023266 -0.462126
v -0.097397 -0.024179 -0.540694
v -0.094232 -0.024988 -0.592673
v -0.092223 -0.025280 -0.652443
v -0.088791 -0.025280 -0.722118
v -0.086376 -0.025280 -0.786488
v -0.082140 -0.025208 -0.850030
v -0.081399 -0.025223 -0.915751
v -0.078491 -0.025280 -0.979843
v -0.076689 -0.025248 -1.043942
v -0.074069 -0.025279 -1.111408
v -0.071992 -0.025259 -1.174741
v -0.069773 -0.025017 -1.239439
v -0.069261 -0.025085 -1.301875
v -0.064728 -0.025256 -1.369482
v -0.062735 -0.025281 -1.431315
v -0.060707 -0.025153 -1.498054
v 0.058484 -0.025116 -1.560692
v 0.058670 -0.025280 -1.560752
v 0.047705 -0.025072 -1.597868
v 0.061394 -0.023157 -1.586484
v 0.057111 -0.025247 -1.582552
v 0.047597 -0.024904 -1.597786
v 0.056960 -0.025098 -1.582483
v 0.064193 -0.023122 -1.573782
v 0.001213 -0.025065 -1.670193
v 0.001255 -0.025237 -1.670422
v 0.002107 -0.022993 -1.682212
v 0.012929 -0.025114 -1.654928
v 0.011011 -0.025238 -1.658887
v 0.005657 -0.023041 -1.678035
v 0.034090 -0.022206 -1.630694
v 0.000411 -0.022875 -1.684300
v 0.056774 -0.020584 -1.560420
v 0.058208 -0.020818 -1.560532
v 0.048196 -0.020259 -1.597607
v 0.057073 -0.020790 -1.582045
v 0.056139 -0.020218 -1.584718
v 0.047361 -0.019849 -1.597615
v 0.055850 -0.020496 -1.581891
v 0.046396 -0.020143 -1.584124
v 0.047672 -0.020109 -1.571441
v 0.058184 -0.020656 -1.572047
v 0.011762 -0.020511 -1.655798
v 0.000485 -0.020542 -1.670977
v 0.002250 -0.020653 -1.669128
v 0.012347 -0.020743 -1.655684
v 0.000693 -0.020771 -1.671028
v 0.023943 -0.020549 -1.626911
v 0.028695 -0.020549 -1.627638
v 0.124209 -0.000265 -1.561323
v 0.073898 -0.000232 -1.687799
v 0.054063 -0.001283 -1.712617
v 0.050938 -0.000122 -1.719308
v 0.125067 -0.000263 -1.601787
v 0.116359 -0.002247 -1.602020
v 0.113662 -0.000254 -1.622026
v 0.119210 -0.002541 -1.586472
v 0.083960 -0.001297 -1.648697
v 0.022512 -0.000228 -1.770101
v 0.013071 -0.001842 -1.770712
v 0.005658 -0.000192 -1.798270
v 0.049719 -0.000184 -1.720491
v 0.041503 -0.002283 -1.726234
v 0.001953 -0.002292 -1.791110
v 0.048397 -0.001050 -1.713443
v 0.080714 -0.012399 -1.608643
v 0.042606 -0.011184 -1.676736
v 0.028410 -0.010770 -1.703002
v 0.093470 -0.012493 -1.569991
v 0.002772 -0.010966 -1.734910
v 0.091148 -0.012289 -1.592607
v 0.018675 -0.012277 -1.716276
v 0.107985 -0.025029 -0.204190
v 0.107904 -0.025080 -0.204242
v 0.108100 -0.025107 -0.204193
v 0.108045 -0.025218 -0.204242
v 0.114013 -0.023115 -0.205638
v 0.105494 -0.020451 -0.204190
v 0.105438 -0.020549 -0.204242
v 0.107688 -0.020635 -0.205636
v 0.105370 -0.020579 -0.205636
v 0.107925 -0.020733 -0.204190
v 0.107825 -0.020787 -0.204242
v 0.177533 -0.000130 -0.204193
v 0.177566 -0.000215 -0.204242
v 0.171277 -0.002515 -0.205655
v 0.142779 -0.012755 -0.204242
v 0.105528 -0.019967 -0.204183
v 0.108048 -0.020478 -0.204186
v 0.048568 -0.020534 -1.530393
v 0.050616 -0.020564 -1.465711
v 0.052666 -0.019792 -1.402283
v 0.055445 -0.020263 -1.337706
v 0.054741 -0.020574 -1.289506
v 0.054260 -0.020310 -1.205063
v 0.062627 -0.020495 -1.077612
v 0.070552 -0.020517 -0.818995
v 0.073932 -0.020177 -0.752067
v 0.070350 -0.020574 -0.686043
v 0.079721 -0.020573 -0.643063
v 0.080962 -0.020574 -0.519392
v 0.080204 -0.020540 -0.506393
v 0.082678 -0.020574 -0.430143
v 0.084458 -0.020538 -0.366063
v 0.064904 -0.023143 -1.532706
v 0.067122 -0.023118 -1.467502
v 0.070145 -0.021641 -1.407631
v 0.074271 -0.023143 -1.271469
v 0.074657 -0.023143 -1.207361
v 0.079129 -0.023143 -1.142774
v 0.081396 -0.022223 -1.078897
v 0.084815 -0.022991 -1.013889
v 0.087762 -0.023143 -0.947052
v 0.089297 -0.022154 -0.883979
v 0.091176 -0.022703 -0.819675
v 0.093903 -0.023108 -0.753873
v 0.096675 -0.023076 -0.694284
v 0.098913 -0.022873 -0.633208
v 0.104638 -0.021550 -0.550725
v 0.103433 -0.022515 -0.501695
v 0.106625 -0.023157 -0.425727
v 0.108686 -0.023129 -0.365991
v 0.117597 -0.002753 -1.549200
v 0.125100 -0.001146 -1.285110
v 0.132652 -0.002140 -1.221252
v 0.132273 -0.001671 -1.155245
v 0.136407 -0.001361 -1.089380
v 0.137944 -0.001920 -1.018170
v 0.140730 -0.001469 -0.963015
v 0.145573 -0.002271 -0.892892
v 0.148132 -0.002541 -0.827385
v 0.147317 -0.001332 -0.749821
v 0.152469 -0.002538 -0.692160
v 0.153629 -0.002521 -0.619181
v 0.154420 -0.002311 -0.574339
v 0.158755 -0.002539 -0.489607
v 0.156429 -0.002548 -0.433999
v 0.164280 -0.002349 -0.375130
v 0.058686 -0.020656 -1.530789
v 0.060870 -0.020656 -1.465745
v 0.063807 -0.020259 -1.406568
v 0.066939 -0.020656 -1.335532
v 0.068385 -0.020656 -1.269612
v 0.067415 -0.020634 -1.205498
v 0.072992 -0.020627 -1.141406
v 0.075454 -0.020450 -1.077688
v 0.077902 -0.020650 -1.013805
v 0.080586 -0.020656 -0.947497
v 0.082581 -0.020631 -0.883439
v 0.084933 -0.020628 -0.818882
v 0.087203 -0.020656 -0.753325
v 0.088919 -0.020655 -0.690566
v 0.092823 -0.020633 -0.634445
v 0.097898 -0.019954 -0.550814
v 0.097806 -0.020142 -0.501717
v 0.102775 -0.020657 -0.365650
v 0.172720 -0.000251 -0.335691
v 0.170685 -0.000251 -0.388513
v 0.165631 -0.000250 -0.470146
v 0.164865 -0.000237 -0.541805
v 0.158909 -0.000251 -0.602176
v 0.159466 -0.000241 -0.659339
v 0.159810 -0.000251 -0.742503
v 0.155546 -0.000251 -0.792834
v 0.151921 -0.000219 -0.864866
v 0.150679 -0.000249 -0.926730
v 0.144820 -0.000222 -0.995045
v 0.143575 -0.000214 -1.058567
v 0.143355 -0.000247 -1.123736
v 0.140919 -0.000251 -1.189404
v 0.137102 -0.000239 -1.247894
v 0.136026 -0.000251 -1.320745
v 0.133915 -0.000246 -1.389015
v 0.128687 -0.000251 -1.517756
v 0.103472 -0.020784 -0.333302
v 0.098288 -0.020815 -0.462196
v 0.098497 -0.020817 -0.533487
v 0.094400 -0.020818 -0.589018
v 0.089587 -0.020805 -0.648182
v 0.088657 -0.020854 -0.721426
v 0.086152 -0.020802 -0.786544
v 0.083743 -0.020818 -0.851228
v 0.081485 -0.020815 -0.916376
v 0.078825 -0.020805 -0.981148
v 0.076760 -0.020775 -1.046079
v 0.074332 -0.020237 -1.110924
v 0.070860 -0.020808 -1.173236
v 0.067589 -0.020812 -1.238668
v 0.067947 -0.020742 -1.302939
v 0.064595 -0.020705 -1.368969
v 0.061137 -0.019244 -1.496401
v 0.137720 -0.012839 -0.334708
v 0.136349 -0.011747 -0.401646
v 0.135264 -0.012741 -0.471359
v 0.129047 -0.012814 -0.544167
v 0.134530 -0.012788 -0.592511
v 0.128126 -0.012682 -0.665557
v 0.122671 -0.010098 -0.727506
v 0.119095 -0.012654 -0.790240
v 0.118375 -0.012292 -0.856404
v 0.114550 -0.010723 -0.922907
v 0.117195 -0.012801 -0.990792
v 0.111433 -0.012505 -1.044617
v 0.107711 -0.012063 -1.103249
v 0.105667 -0.010289 -1.181954
v 0.102960 -0.008862 -1.247049
v 0.101579 -0.012813 -1.312403
v 0.096289 -0.012363 -1.373847
v 0.094462 -0.012814 -1.504669
v 0.100995 -0.020197 -0.333422
v 0.097942 -0.020603 -0.404168
v 0.096088 -0.020603 -0.462377
v 0.095856 -0.020603 -0.520573
v 0.092032 -0.020603 -0.590121
v 0.087427 -0.020580 -0.651748
v 0.086760 -0.020529 -0.721418
v 0.084248 -0.020567 -0.786534
v 0.081878 -0.020603 -0.851208
v 0.079575 -0.020603 -0.916081
v 0.075005 -0.020603 -1.045886
v 0.072827 -0.020129 -1.110500
v 0.069189 -0.020589 -1.173113
v 0.065812 -0.020563 -1.238646
v 0.066350 -0.020484 -1.302389
v 0.063136 -0.020398 -1.369019
v 0.059646 -0.019223 -1.496000
v 0.103291 -0.025105 -0.333530
v 0.098375 -0.025102 -0.462231
v 0.098689 -0.025114 -0.533218
v 0.094348 -0.025116 -0.589325
v 0.089998 -0.025108 -0.647122
v 0.089618 -0.024508 -0.720742
v 0.086265 -0.025070 -0.786548
v 0.083821 -0.025116 -0.851248
v 0.081709 -0.024707 -0.916667
v 0.078913 -0.025102 -0.981085
v 0.076854 -0.025019 -1.046097
v 0.074119 -0.024303 -1.110759
v 0.070988 -0.025116 -1.173358
v 0.067898 -0.025116 -1.238500
v 0.068358 -0.025078 -1.302329
v 0.064665 -0.025052 -1.368985
v 0.061587 -0.023069 -1.496467
v 0.103442 -0.025267 -0.333552
v 0.098548 -0.025266 -0.462233
v 0.098835 -0.025278 -0.533314
v 0.094536 -0.025280 -0.589286
v 0.090175 -0.025271 -0.646945
v 0.089797 -0.024608 -0.720741
v 0.086436 -0.025229 -0.786568
v 0.083993 -0.025280 -0.851272
v 0.081884 -0.024820 -0.916713
v 0.079082 -0.025265 -0.981100
v 0.077026 -0.025173 -1.046134
v 0.074297 -0.024442 -1.110804
v 0.071165 -0.025281 -1.173406
v 0.068088 -0.025281 -1.238552
v 0.068540 -0.025247 -1.302365
v 0.064834 -0.025213 -1.369017
v 0.061739 -0.023227 -1.496548
v -0.108164 -0.024944 -0.204201
v -0.060064 -0.025246 -1.529870
v -0.062225 -0.012316 -1.639301
v 0.000162 -0.010330 -1.738125
v -0.059879 -0.025085 -1.529824
v -0.018184 -0.011043 -1.706868
v -0.092540 -0.012223 -1.595625
v -0.046188 -0.006200 -1.703922
v -0.007119 -0.011335 -1.727365
v -0.058148 -0.020579 -1.529828
v -0.056118 -0.025223 -1.585432
v -0.055935 -0.025071 -1.585361
v -0.001992 -0.025121 -1.669198
v -0.001786 -0.025263 -1.669732
v -0.029545 -0.024485 -1.626891
v -0.029586 -0.024629 -1.627095
v -0.059798 -0.020802 -1.529708
v -0.055810 -0.020585 -1.585109
v -0.054574 -0.020367 -1.584844
v -0.001957 -0.020604 -1.669079
v -0.002087 -0.020818 -1.669161
v -0.027796 -0.020570 -1.627234
v -0.028612 -0.020784 -1.627157
v -0.063283 -0.000198 -1.704540
v -0.124718 -0.000260 -1.604862
v -0.125869 -0.000251 -1.592072
v -0.095651 -0.000188 -1.648386
v -0.014705 -0.000201 -1.783617
v -0.037054 -0.000149 -1.746233
v -0.000685 -0.000129 -1.806255
v -0.049245 -0.000171 -1.721981
v -0.107822 -0.025099 -0.205637
v -0.107980 -0.025253 -0.205637
v -0.107744 -0.020803 -0.205636
v -0.177541 -0.000235 -0.205657
v -0.142737 -0.012788 -0.205647
v -0.032542 -0.020553 -1.301274
v -0.171497 -0.000251 -0.368525
v -0.169409 -0.000242 -0.437984
v -0.166851 -0.000251 -0.493938
v -0.163672 -0.000251 -0.564149
v -0.156147 -0.000198 -0.764437
v -0.152909 -0.000245 -0.824589
v -0.152446 -0.000234 -0.890071
v -0.144520 -0.000251 -0.965717
v -0.138426 -0.000229 -1.026993
v -0.144467 -0.000251 -1.081099
v -0.137329 -0.000211 -1.223321
v -0.136214 -0.000225 -1.287675
v -0.134522 -0.000221 -1.353550
v -0.132339 -0.000251 -1.419903
v -0.129911 -0.000251 -1.484921
v -0.101871 -0.020792 -0.367505
v -0.101124 -0.019392 -0.420246
v -0.098033 -0.019602 -0.495675
v -0.097776 -0.018817 -0.549973
v -0.093132 -0.020485 -0.625348
v -0.089905 -0.020624 -0.689318
v -0.088735 -0.019164 -0.752002
v -0.084437 -0.020818 -0.818502
v -0.081351 -0.020074 -0.885779
v -0.080611 -0.020818 -0.945537
v -0.078069 -0.020443 -1.009052
v -0.075328 -0.020737 -1.077622
v -0.072929 -0.020786 -1.142322
v -0.071360 -0.020082 -1.207049
v -0.069908 -0.020778 -1.269140
v -0.066306 -0.020818 -1.334857
v -0.064058 -0.020812 -1.397831
v -0.061944 -0.020818 -1.462807
v -0.136859 -0.012364 -0.367871
v -0.132857 -0.012697 -0.433743
v -0.128870 -0.012780 -0.495682
v -0.130037 -0.012799 -0.557775
v -0.122187 -0.012599 -0.830226
v -0.115325 -0.011445 -0.889930
v -0.113839 -0.012814 -0.959568
v -0.111831 -0.008294 -1.010486
v -0.105477 -0.011872 -1.214665
v -0.104314 -0.012775 -1.274832
v -0.097940 -0.012815 -1.410195
v -0.099838 -0.020549 -0.367221
v -0.098968 -0.019287 -0.420480
v -0.095937 -0.019695 -0.495617
v -0.095187 -0.018973 -0.550336
v -0.091043 -0.020107 -0.625186
v -0.087880 -0.020271 -0.689389
v -0.086624 -0.019004 -0.752209
v -0.082446 -0.020603 -0.818403
v -0.079288 -0.019996 -0.885376
v -0.078752 -0.020603 -0.946303
v -0.076155 -0.020347 -1.009216
v -0.073627 -0.020344 -1.077578
v -0.071301 -0.020517 -1.142292
v -0.069643 -0.020009 -1.207023
v -0.068051 -0.020375 -1.269516
v -0.062514 -0.020573 -1.398285
v -0.060458 -0.020603 -1.463058
v -0.101943 -0.025094 -0.367629
v -0.101568 -0.023170 -0.420272
v -0.098491 -0.023281 -0.495665
v -0.097962 -0.022718 -0.550038
v -0.093145 -0.024956 -0.625265
v -0.088746 -0.023502 -0.752127
v -0.084542 -0.025101 -0.818543
v -0.081575 -0.024299 -0.885794
v -0.081015 -0.025116 -0.944977
v -0.078078 -0.024780 -1.009516
v -0.075413 -0.025116 -1.077663
v -0.071531 -0.024065 -1.207053
v -0.070415 -0.025116 -1.268578
v -0.066231 -0.025116 -1.335293
v -0.064285 -0.025114 -1.397208
v -0.062304 -0.025116 -1.462031
v -0.102113 -0.025258 -0.367592
v -0.101726 -0.023317 -0.420288
v -0.098640 -0.023412 -0.495678
v -0.098141 -0.022863 -0.550030
v -0.093311 -0.025125 -0.625284
v -0.088903 -0.023654 -0.752130
v -0.084720 -0.025258 -0.818573
v -0.081765 -0.024459 -0.885828
v -0.081192 -0.025280 -0.944959
v -0.078246 -0.024948 -1.009544
v -0.075584 -0.025281 -1.077696
v -0.071702 -0.024191 -1.207090
v -0.070595 -0.025281 -1.268603
v -0.066390 -0.025281 -1.335365
v -0.064458 -0.025278 -1.397245
v -0.062473 -0.025281 -1.462080
v 0.059403 -0.024969 -1.531157
v 0.062846 -0.009670 -1.632626
v 0.000856 -0.010508 -1.738116
v 0.059229 -0.024821 -1.531102
v 0.091878 -0.012022 -1.582387
v 0.019471 -0.012615 -1.710732
v 0.090201 -0.012324 -1.594676
v 0.043760 -0.005658 -1.702406
v 0.010811 -0.012140 -1.727215
v 0.057334 -0.020604 -1.530700
v 0.094226 -0.012798 -1.540204
v 0.055840 -0.025112 -1.585253
v 0.055724 -0.024951 -1.585201
v 0.058713 -0.025281 -1.572296
v 0.058544 -0.025117 -1.572246
v 0.003027 -0.024929 -1.668430
v 0.002810 -0.025182 -1.668707
v 0.028529 -0.024969 -1.628597
v 0.028461 -0.025145 -1.629043
v 0.058749 -0.020817 -1.530827
v 0.123227 -0.000268 -1.552778
v 0.056175 -0.020382 -1.584790
v 0.055171 -0.020040 -1.584569
v 0.056820 -0.020603 -1.571961
v 0.058253 -0.020818 -1.572078
v 0.002126 -0.020601 -1.669078
v 0.002318 -0.020815 -1.669156
v 0.028089 -0.020489 -1.627495
v 0.028721 -0.020705 -1.627728
v 0.059360 -0.000217 -1.709808
v 0.123787 -0.000260 -1.604114
v 0.125660 -0.000252 -1.588839
v 0.089565 -0.000173 -1.651262
v 0.016557 -0.000193 -1.776210
v 0.040973 -0.000241 -1.741495
v 0.000701 -0.000132 -1.806275
v 0.107823 -0.025099 -0.205636
v 0.107981 -0.025252 -0.205636
v 0.107744 -0.020803 -0.205636
v 0.177541 -0.000235 -0.205657
v 0.142737 -0.012788 -0.205647
v 0.170208 -0.000232 -0.374289
v 0.164711 -0.000251 -0.434418
v 0.165480 -0.000251 -0.492872
v 0.160043 -0.000231 -0.572259
v 0.158367 -0.000229 -0.620556
v 0.160072 -0.000246 -0.694597
v 0.153039 -0.000183 -0.748794
v 0.154359 -0.000251 -0.828331
v 0.151902 -0.000247 -0.893872
v 0.147553 -0.000198 -0.962420
v 0.142707 -0.000190 -1.020728
v 0.142867 -0.000197 -1.090916
v 0.138296 -0.000180 -1.156276
v 0.137619 -0.000199 -1.222659
v 0.132820 -0.000168 -1.286587
v 0.102876 -0.020817 -0.365633
v 0.099958 -0.020817 -0.427810
v 0.097915 -0.020259 -0.501721
v 0.097963 -0.020107 -0.550792
v 0.092844 -0.020796 -0.634520
v 0.088983 -0.020817 -0.690581
v 0.087265 -0.020818 -0.753341
v 0.084984 -0.020790 -0.818891
v 0.082634 -0.020794 -0.883446
v 0.080645 -0.020818 -0.947496
v 0.077953 -0.020813 -1.013810
v 0.075509 -0.020602 -1.077704
v 0.073049 -0.020792 -1.141391
v 0.067479 -0.020797 -1.205521
v 0.068441 -0.020818 -1.269625
v 0.067008 -0.020818 -1.335525
v 0.063900 -0.020374 -1.406710
v 0.060920 -0.020818 -1.465764
v 0.137561 -0.012868 -0.370988
v 0.134744 -0.012835 -0.424173
v 0.131651 -0.012777 -0.493211
v 0.134442 -0.012602 -0.573988
v 0.133261 -0.012799 -0.606927
v 0.123725 -0.012814 -0.697969
v 0.123978 -0.010245 -0.754216
v 0.119764 -0.012813 -0.823567
v 0.116960 -0.012814 -0.890627
v 0.119082 -0.011821 -0.958217
v 0.113940 -0.012000 -1.016725
v 0.109350 -0.010836 -1.084379
v 0.107578 -0.012638 -1.149417
v 0.105217 -0.012814 -1.214653
v 0.101912 -0.009407 -1.280180
v 0.100170 -0.020603 -0.365808
v 0.097676 -0.020603 -0.428225
v 0.095288 -0.020352 -0.501766
v 0.095520 -0.020171 -0.551282
v 0.091338 -0.020571 -0.634313
v 0.086521 -0.020580 -0.690489
v 0.084939 -0.020603 -0.753031
v 0.083064 -0.020538 -0.818876
v 0.076235 -0.020593 -1.013983
v 0.073804 -0.020407 -1.077674
v 0.071354 -0.020520 -1.141565
v 0.065668 -0.020581 -1.205397
v 0.066385 -0.020603 -1.289806
v 0.065446 -0.020603 -1.335730
v 0.062171 -0.020383 -1.405925
v 0.059534 -0.020603 -1.465725
v 0.103538 -0.025116 -0.365461
v 0.100421 -0.025116 -0.427594
v 0.098575 -0.023659 -0.501639
v 0.098000 -0.024452 -0.550741
v 0.092634 -0.024910 -0.635426
v 0.089062 -0.025116 -0.690067
v 0.087641 -0.025075 -0.753636
v 0.085025 -0.025113 -0.818906
v 0.082703 -0.025112 -0.883430
v 0.080680 -0.025116 -0.947578
v 0.078015 -0.025115 -1.013806
v 0.075569 -0.024883 -1.077725
v 0.073203 -0.025116 -1.141109
v 0.067742 -0.025116 -1.205658
v 0.068300 -0.025116 -1.270114
v 0.067331 -0.025116 -1.335279
v 0.064014 -0.024620 -1.407281
v 0.060998 -0.025116 -1.465803
v 0.103712 -0.025281 -0.365467
v 0.100614 -0.025281 -0.427541
v 0.098726 -0.023788 -0.501637
v 0.098184 -0.024600 -0.550731
v 0.092769 -0.025053 -0.635405
v 0.089278 -0.025280 -0.690107
v 0.087825 -0.025240 -0.753666
v 0.085196 -0.025274 -0.818928
v 0.082879 -0.025276 -0.883452
v 0.080863 -0.025280 -0.947583
v 0.078186 -0.025280 -1.013818
v 0.075737 -0.025040 -1.077758
v 0.073373 -0.025281 -1.141141
v 0.067941 -0.025281 -1.205709
v 0.068463 -0.025281 -1.270174
v 0.067493 -0.025281 -1.335311
v 0.064197 -0.024767 -1.407312
v 0.061169 -0.025281 -1.465850
v 0.108108 -0.024981 -0.204190
v -0.177546 -0.000110 -0.204203
v -0.171286 -0.002280 -0.204208
v -0.142737 -0.012365 -0.204211
v 0.142741 -0.012498 -0.204190
v 0.114069 -0.022791 -0.204190
v 0.078556 -0.020600 -0.945942
v 0.077386 -0.020597 -0.980236
v 0.080783 -0.020603 -0.882043
v 0.052682 -0.020047 -1.415617
v 0.069858 -0.022392 -1.420451
v 0.125434 -0.002534 -1.433320
v 0.063553 -0.020457 -1.418744
v 0.131694 -0.000251 -1.435460
v 0.063633 -0.020596 -1.418822
v 0.096966 -0.012780 -1.425376
v 0.062040 -0.020491 -1.418226
v 0.063755 -0.024868 -1.420345
v 0.063932 -0.025024 -1.420398
v 0.063884 -0.021698 -1.413269
v 0.067184 -0.023383 -1.413695
v 0.049103 -0.020504 -1.512400
v 0.065278 -0.022670 -1.523984
v 0.059869 -0.019893 -1.513590
v 0.060571 -0.024098 -1.513852
v 0.060408 -0.023945 -1.513784
v 0.058490 -0.019913 -1.513350
v 0.059943 -0.020030 -1.513614
v 0.064007 -0.021970 -1.413311
v 0.062107 -0.023756 -1.523095
v 0.059818 -0.022064 -1.522443
v 0.073796 -0.019611 -1.295529
v 0.067994 -0.020597 -1.294728
v 0.068069 -0.020761 -1.294706
v 0.101661 -0.011971 -1.304439
v 0.068343 -0.022178 -1.294367
v 0.072519 -0.020273 -1.295258
v 0.073900 -0.022658 -1.290227
v 0.068080 -0.020610 -1.289194
v 0.068151 -0.020773 -1.289179
v 0.101717 -0.011406 -1.299093
v 0.068334 -0.025094 -1.289022
v 0.068509 -0.025261 -1.289069
v -0.001002 -0.018168 -1.303597
v 0.055180 -0.018591 -1.296298
v -0.032035 -0.020562 -1.306983
v 0.066455 -0.018727 -1.294917
v 0.073912 -0.024791 -1.123434
v 0.079856 -0.022024 -1.123621
v 0.073766 -0.020316 -1.123429
v 0.072217 -0.020291 -1.123352
v 0.073807 -0.020464 -1.123391
v 0.073737 -0.024642 -1.123415
v 0.112551 -0.010496 -1.106414
v 0.107689 -0.012155 -1.110627
v 0.107697 -0.009911 -1.107866
v 0.080141 -0.019216 -1.116105
v 0.073992 -0.021132 -1.117099
v 0.074170 -0.021274 -1.117094
v 0.074056 -0.020200 -1.116703
v 0.074089 -0.020342 -1.116690
v 0.072536 -0.018182 -1.116635
v 0.096921 -0.021780 -0.637840
v 0.091773 -0.023805 -0.639834
v 0.108416 -0.019713 -0.628502
v 0.091621 -0.020799 -0.639653
v 0.091595 -0.023432 -0.640037
v 0.091564 -0.020637 -0.639764
v 0.090070 -0.018267 -0.639968
v 0.130791 -0.012743 -0.635123
v 0.059969 -0.022266 -1.522486
v 0.065662 -0.020481 -1.122246
v 0.061514 -0.020480 -1.122788
v 0.026580 -0.020456 -1.125410
v 0.028035 -0.020448 -1.129290
v 0.027308 -0.018870 -1.127350
v 0.064246 -0.018446 -1.117437
v 0.061835 -0.018446 -1.117670
v 0.013437 -0.020467 -1.132513
v -0.002200 -0.014162 -0.471927
v -0.000223 -0.016357 -0.465449
v -0.002639 -0.016388 -0.480393
v 0.009183 -0.020462 -0.484648
v -0.014522 -0.020444 -0.472126
v -0.002850 -0.020456 -0.486806
v -0.010751 -0.020421 -0.460709
v 0.012402 -0.020436 -0.472844
v 0.002341 -0.020427 -0.461940
v 0.010915 -0.016691 -0.478296
v -0.012520 -0.016677 -0.466066
v -0.047934 -0.020534 -1.558849
v -0.056710 -0.020387 -1.559727
v 0.079104 -0.017701 -0.648586
v 0.041780 -0.017981 -0.677919
v -0.011215 -0.020570 -0.734032
v 0.037728 -0.020541 -0.674178
v -0.015424 -0.020562 -0.731538
v -0.007007 -0.020570 -0.735123
v 0.045833 -0.020019 -0.680569
v -0.038864 -0.020423 -0.692585
v -0.021626 -0.020559 -0.663496
v -0.026665 -0.020518 -1.538874
v -0.026141 -0.020368 -1.571420
v -0.026515 -0.020447 -1.554174
v 0.000000 0.041412 -0.275946
v 0.000000 0.041412 -0.229899
v -0.005959 0.041412 -0.230683
v -0.011512 0.041412 -0.232983
v -0.016280 0.041412 -0.236642
v -0.019939 0.041412 -0.241410
v -0.022239 0.041412 -0.246963
v -0.023023 0.041412 -0.252922
v -0.022239 0.041412 -0.258881
v -0.019939 0.041412 -0.264434
v -0.016280 0.041412 -0.269202
v -0.011512 0.041412 -0.272861
v -0.005959 0.041412 -0.275161
v 0.005959 0.041412 -0.230683
v 0.011512 0.041412 -0.232983
v 0.016280 0.041412 -0.236642
v 0.019939 0.041412 -0.241410
v 0.022239 0.041412 -0.246963
v 0.023023 0.041412 -0.252922
v 0.022239 0.041412 -0.258881
v 0.019939 0.041412 -0.264434
v 0.016280 0.041412 -0.269202
v 0.011512 0.041412 -0.272861
v 0.005959 0.041412 -0.275161
v -0.000000 0.048702 -0.266886
v -0.000000 0.043487 -0.275008
v -0.000000 0.048004 -0.270084
v -0.000000 0.046095 -0.273057
v -0.000000 0.048702 -0.238958
v -0.000000 0.043487 -0.230837
v -0.000000 0.048004 -0.235760
v -0.000000 0.046095 -0.232788
v -0.003614 0.048702 -0.239434
v -0.005716 0.043487 -0.231589
v -0.004442 0.048004 -0.236345
v -0.005211 0.046095 -0.233474
v -0.006982 0.048702 -0.240829
v -0.011043 0.043487 -0.233796
v -0.008581 0.048004 -0.238060
v -0.010067 0.046095 -0.235485
v -0.009874 0.048702 -0.243048
v -0.015617 0.043487 -0.237305
v -0.012135 0.048004 -0.240787
v -0.014237 0.046095 -0.238685
v -0.012093 0.048702 -0.245940
v -0.019127 0.043487 -0.241879
v -0.014863 0.048004 -0.244341
v -0.017437 0.046095 -0.242855
v -0.013488 0.048702 -0.249308
v -0.021333 0.043487 -0.247206
v -0.016577 0.048004 -0.248480
v -0.019448 0.046095 -0.247711
v -0.013964 0.048702 -0.252922
v -0.022085 0.043487 -0.252922
v -0.017162 0.048004 -0.252922
v -0.020135 0.046095 -0.252922
v -0.013488 0.048702 -0.256536
v -0.021333 0.043487 -0.258638
v -0.016577 0.048004 -0.257364
v -0.019448 0.046095 -0.258133
v -0.012093 0.048702 -0.259904
v -0.019127 0.043487 -0.263965
v -0.014863 0.048004 -0.261503
v -0.017437 0.046095 -0.262989
v -0.009874 0.048702 -0.262796
v -0.015617 0.043487 -0.268539
v -0.012135 0.048004 -0.265057
v -0.014237 0.046095 -0.267159
v -0.006982 0.048702 -0.265015
v -0.011043 0.043487 -0.272049
v -0.008581 0.048004 -0.267785
v -0.010067 0.046095 -0.270359
v -0.003614 0.048702 -0.266410
v -0.005716 0.043487 -0.274255
v -0.004442 0.048004 -0.269499
v -0.005211 0.046095 -0.272371
v 0.003614 0.048702 -0.239434
v 0.005716 0.043487 -0.231589
v 0.004442 0.048004 -0.236345
v 0.005211 0.046095 -0.233474
v 0.006982 0.048702 -0.240829
v 0.011043 0.043487 -0.233796
v 0.008581 0.048004 -0.238060
v 0.010067 0.046095 -0.235485
v 0.009874 0.048702 -0.243048
v 0.015617 0.043487 -0.237305
v 0.012135 0.048004 -0.240787
v 0.014237 0.046095 -0.238685
v 0.012093 0.048702 -0.245940
v 0.019127 0.043487 -0.241879
v 0.014863 0.048004 -0.244341
v 0.017437 0.046095 -0.242855
v 0.013488 0.048702 -0.249308
v 0.021333 0.043487 -0.247206
v 0.016577 0.048004 -0.248480
v 0.019448 0.046095 -0.247711
v 0.013964 0.048702 -0.252922
v 0.022085 0.043487 -0.252922
v 0.017162 0.048004 -0.252922
v 0.020135 0.046095 -0.252922
v 0.013488 0.048702 -0.256536
v 0.021333 0.043487 -0.258638
v 0.016577 0.048004 -0.257364
v 0.019448 0.046095 -0.258133
v 0.012093 0.048702 -0.259904
v 0.019127 0.043487 -0.263965
v 0.014863 0.048004 -0.261503
v 0.017437 0.046095 -0.262989
v 0.009874 0.048702 -0.262796
v 0.015617 0.043487 -0.268539
v 0.012135 0.048004 -0.265057
v 0.014237 0.046095 -0.267159
v 0.006982 0.048702 -0.265015
v 0.011043 0.043487 -0.272049
v 0.008581 0.048004 -0.267785
v 0.010067 0.046095 -0.270359
v 0.003614 0.048702 -0.266410
v 0.005716 0.043487 -0.274255
v 0.004442 0.048004 -0.269499
v 0.005211 0.046095 -0.272371
v 0.000000 0.042896 -0.240620
v 0.000000 0.051757 -0.240620
v -0.002206 0.042896 -0.241423
v -0.002206 0.051757 -0.241423
v -0.003379 0.042896 -0.243456
v -0.003379 0.051757 -0.243456
v -0.002972 0.042896 -0.245767
v -0.002972 0.051757 -0.245767
v -0.001174 0.042896 -0.247276
v -0.001174 0.051757 -0.247276
v 0.001174 0.042896 -0.247276
v 0.001174 0.051757 -0.247276
v 0.002972 0.042896 -0.245767
v 0.002972 0.051757 -0.245767
v 0.003379 0.042896 -0.243456
v 0.003379 0.051757 -0.243456
v 0.002206 0.042896 -0.241423
v 0.002206 0.051757 -0.241423
v -0.002206 0.051757 -0.264418
v -0.000000 0.051757 -0.265221
v 0.001174 0.042896 -0.258565
v 0.003379 0.051757 -0.262385
v 0.002972 0.051757 -0.260074
v -0.003379 0.042896 -0.262385
v -0.001174 0.051757 -0.258565
v -0.002972 0.051757 -0.260074
v 0.002206 0.042896 -0.264418
v 0.002206 0.051757 -0.264418
v -0.002972 0.042896 -0.260074
v -0.001174 0.042896 -0.258565
v 0.001174 0.051757 -0.258565
v 0.002972 0.042896 -0.260074
v 0.003379 0.042896 -0.262385
v -0.003379 0.051757 -0.262385
v -0.000000 0.042896 -0.265221
v -0.002206 0.042896 -0.264418
v -0.000000 0.057094 -0.264003
v -0.002206 0.056746 -0.263279
v -0.003379 0.055864 -0.261448
v -0.002972 0.054861 -0.259365
v -0.001174 0.054206 -0.258006
v 0.001174 0.054206 -0.258006
v 0.002972 0.054861 -0.259365
v 0.003379 0.055864 -0.261448
v 0.002206 0.056746 -0.263279
v 0.002206 0.060746 -0.260089
v 0.003379 0.059157 -0.258822
v 0.002972 0.057350 -0.257380
v 0.001174 0.056170 -0.256440
v -0.001174 0.056170 -0.256440
v -0.002972 0.057350 -0.257380
v -0.003379 0.059157 -0.258822
v -0.002206 0.060746 -0.260089
v -0.000000 0.061374 -0.260590
v -0.000000 0.063749 -0.255658
v -0.002206 0.062966 -0.255479
v -0.003379 0.060985 -0.255027
v -0.002972 0.058731 -0.254512
v -0.001174 0.057260 -0.254176
v 0.001174 0.057260 -0.254176
v 0.002972 0.058731 -0.254512
v 0.003379 0.060985 -0.255027
v 0.002206 0.062966 -0.255479
v 0.002206 0.062966 -0.250362
v 0.003379 0.060985 -0.250814
v 0.002972 0.058731 -0.251329
v 0.001174 0.057260 -0.251664
v -0.001174 0.057260 -0.251664
v -0.002972 0.058731 -0.251329
v -0.003379 0.060985 -0.250814
v -0.002206 0.062966 -0.250362
v -0.000000 0.063749 -0.250183
v -0.000000 0.061374 -0.245251
v -0.002206 0.060746 -0.245752
v -0.003379 0.059157 -0.247019
v -0.002972 0.057350 -0.248461
v -0.001174 0.056170 -0.249401
v 0.001174 0.056170 -0.249401
v 0.002972 0.057350 -0.248461
v 0.003379 0.059157 -0.247019
v 0.002206 0.060746 -0.245752
v 0.002206 0.056746 -0.242561
v 0.003379 0.055864 -0.244393
v 0.002972 0.054861 -0.246476
v 0.001174 0.054206 -0.247835
v -0.001174 0.054206 -0.247835
v -0.002972 0.054861 -0.246476
v -0.003379 0.055864 -0.244393
v -0.002206 0.056746 -0.242561
v 0.000000 0.057094 -0.241838
v -0.000601 -0.012823 0.170327
v 0.000043 -0.013173 -0.184021
v 0.006648 -0.011396 0.170327
v 0.006402 -0.011068 -0.184141
v 0.010000 -0.006100 0.170327
v 0.011404 -0.006565 -0.183995
v 0.010927 -0.000809 0.170327
v 0.013253 -0.000016 -0.184138
v 0.010853 0.006086 0.170327
v 0.011582 0.006709 -0.184049
v 0.006624 0.011557 0.170327
v 0.006974 0.012107 -0.184009
v -0.000320 0.012815 0.170327
v -0.000019 0.013009 -0.183993
v -0.006480 0.011477 0.170327
v -0.006459 0.011344 -0.183931
v -0.011446 0.006412 0.170327
v -0.011275 0.006504 -0.183862
v -0.013532 -0.000102 0.170327
v -0.013043 0.000028 -0.184006
v -0.011758 -0.006729 0.170327
v -0.011185 -0.006406 -0.184031
v -0.006597 -0.010626 0.170327
v -0.006348 -0.011028 -0.184055
v -0.000664 -0.015663 0.112376
v -0.007165 -0.012351 0.112393
v -0.012257 -0.007084 0.112406
v -0.014761 -0.000090 0.112330
v -0.013078 0.007466 0.112342
v -0.007708 0.013278 0.112458
v -0.000266 0.015258 0.113235
v 0.006281 0.010628 0.112763
v 0.012409 0.007089 0.112375
v 0.013997 0.000008 0.112395
v 0.011742 -0.006860 0.112362
v 0.008823 -0.013309 0.112473
v -0.007205 -0.012432 0.083089
v -0.012097 -0.007001 0.082945
v -0.014648 -0.000032 0.083066
v -0.014010 0.007525 0.083230
v -0.007610 0.014743 0.083647
v 0.000104 0.015362 0.083270
v 0.007575 0.012675 0.083048
v 0.011823 0.006837 0.083050
v 0.014300 0.000089 0.083089
v 0.014527 -0.007619 0.082918
v 0.007175 -0.013739 0.083609
v -0.000012 -0.014363 0.083083
v -0.006338 -0.011141 0.047078
v -0.012498 -0.007332 0.046840
v -0.012981 0.000002 0.046960
v -0.013236 0.007626 0.046752
v -0.007159 0.012487 0.046857
v -0.000022 0.013777 0.046840
v 0.006855 0.011943 0.046839
v 0.011302 0.006472 0.046925
v 0.014333 0.000146 0.046871
v 0.014811 -0.007310 0.047216
v 0.007145 -0.012395 0.049223
v -0.000220 -0.014470 0.046678
v -0.012083 -0.006973 0.077515
v -0.014177 -0.000031 0.077469
v -0.010841 0.006151 0.077464
v -0.006497 0.010451 0.076172
v 0.000136 0.015108 0.077149
v 0.007492 0.012961 0.077384
v 0.012302 0.007075 0.077620
v 0.014836 0.000254 0.077671
v 0.013867 -0.007909 0.077358
v 0.008127 -0.014578 0.077767
v -0.007467 -0.012634 0.077564
v -0.000204 -0.015382 0.078230
v -0.000031 -0.014334 0.057282
v -0.011966 -0.006937 0.057209
v -0.012749 0.000015 0.057072
v -0.012126 0.006978 0.057241
v -0.006870 0.011915 0.057186
v -0.000016 0.014266 0.057271
v 0.007180 0.012351 0.057209
v 0.011360 0.006530 0.057420
v 0.012893 -0.000072 0.057175
v 0.011439 -0.006665 0.057193
v 0.007142 -0.012274 0.057255
v -0.007099 -0.012393 0.057229
v -0.006080 -0.010940 0.043398
v -0.011299 -0.006350 0.043767
v -0.013011 -0.000059 0.043615
v -0.011521 0.006684 0.043747
v -0.007087 0.012368 0.043723
v -0.000001 0.013896 0.043752
v 0.007212 0.012254 0.043779
v 0.011218 0.006534 0.043734
v 0.014319 0.000167 0.043736
v 0.015006 -0.007743 0.044029
v 0.007731 -0.014382 0.042977
v -0.000107 -0.014277 0.043753
v 0.000359 -0.017285 0.098301
v -0.008387 -0.014018 0.099179
v -0.013631 -0.007737 0.098980
v -0.015256 0.000032 0.098943
v -0.012315 0.007088 0.098558
v -0.007004 0.012151 0.098581
v 0.000010 0.013540 0.098587
v 0.006779 0.011765 0.098544
v 0.012099 0.006998 0.098595
v 0.013709 0.000015 0.098643
v 0.012711 -0.007250 0.098598
v 0.007848 -0.012860 0.098420
v -0.000698 -0.015715 0.115289
v 0.008692 -0.013142 0.115649
v 0.011564 -0.006773 0.115358
v 0.012768 -0.000107 0.115563
v 0.012380 0.007097 0.115419
v 0.006517 0.011021 0.115621
v -0.000063 0.014221 0.115547
v -0.007078 0.012420 0.115564
v -0.011432 0.006923 0.116366
v -0.014876 -0.000151 0.115432
v -0.012271 -0.007101 0.115352
v -0.007235 -0.012438 0.115364
v 0.007476 -0.012796 0.127733
v 0.012772 -0.007234 0.128148
v 0.014015 0.000004 0.128388
v 0.012055 0.006960 0.128424
v 0.007115 0.012352 0.128331
v 0.000053 0.012751 0.128288
v -0.006546 0.011245 0.128277
v -0.011673 0.006765 0.128349
v -0.012831 0.000036 0.128556
v -0.011572 -0.006808 0.128551
v -0.007033 -0.012212 0.128380
v -0.000010 -0.014004 0.128414
v 0.008029 -0.013932 0.133047
v 0.013308 -0.007851 0.134238
v 0.014527 0.000094 0.133098
v 0.012258 0.007072 0.133122
v 0.007689 0.012890 0.132788
v -0.000133 0.014452 0.132889
v -0.007091 0.012392 0.133054
v -0.012885 0.007345 0.133017
v -0.014099 0.000081 0.133407
v -0.012635 -0.007096 0.133004
v -0.007171 -0.012816 0.133118
v -0.000122 -0.014559 0.133026
v 0.007895 -0.014636 0.151461
v 0.011603 -0.006246 0.149032
v 0.012364 0.000074 0.150800
v 0.011446 0.006726 0.150982
v 0.006961 0.012058 0.151118
v 0.000054 0.014643 0.151089
v -0.006669 0.011579 0.150971
v -0.011183 0.006501 0.151036
v -0.014124 0.000067 0.151151
v -0.012907 -0.007447 0.151248
v -0.007509 -0.013001 0.151425
v -0.000157 -0.015237 0.151630
v 0.007408 -0.013452 0.156495
v 0.013631 -0.007481 0.156164
v 0.015069 -0.000096 0.156252
v 0.013176 0.007620 0.156451
v 0.007193 0.013043 0.155784
v 0.000044 0.014237 0.156032
v -0.007573 0.013078 0.156166
v -0.012344 0.007051 0.156007
v -0.013441 -0.000098 0.155881
v -0.012694 -0.007262 0.156023
v -0.007249 -0.012647 0.156006
v -0.000042 -0.014350 0.156049
v -0.000009 -0.014399 0.030934
v -0.007258 -0.012886 0.030788
v -0.013917 -0.007601 0.031260
v -0.014737 0.000085 0.031024
v -0.012689 0.007363 0.031101
v -0.006629 0.011147 0.030855
v -0.000012 0.013863 0.030845
v 0.006339 0.011050 0.030886
v 0.011391 0.006440 0.030909
v 0.014059 0.000020 0.030870
v 0.011992 -0.006814 0.030407
v 0.007304 -0.012821 0.030808
v 0.000136 -0.013864 -0.007370
v -0.006833 -0.011839 -0.007148
v -0.011875 -0.006856 -0.007167
v -0.013460 -0.000023 -0.007190
v -0.012435 0.007057 -0.007171
v -0.007560 0.013713 -0.006969
v -0.000110 0.015000 -0.006913
v 0.007149 0.012207 -0.007117
v 0.011012 0.006380 -0.007250
v 0.013550 -0.000058 -0.007207
v 0.012230 -0.007034 -0.007139
v 0.007346 -0.012843 -0.007166
v -0.006767 -0.011825 0.004482
v -0.011217 -0.006502 0.004508
v -0.013051 0.000010 0.004459
v -0.011621 0.006775 0.004454
v -0.006726 0.011696 0.004512
v 0.000008 0.013576 0.004504
v 0.006910 0.011964 0.004510
v 0.012026 0.006943 0.004474
v 0.013938 0.000002 0.004454
v 0.011377 -0.006420 0.004495
v 0.006511 -0.011495 0.004441
v 0.000113 -0.014691 0.004373
v -0.000002 -0.013940 -0.011956
v -0.006549 -0.011713 -0.012335
v -0.011951 -0.006899 -0.011942
v -0.013616 -0.000006 -0.011957
v -0.012255 0.007033 -0.011981
v -0.007832 0.013907 -0.011929
v -0.000186 0.015640 -0.011737
v 0.007315 0.012341 -0.011962
v 0.011022 0.006421 -0.011894
v 0.013356 -0.000122 -0.011905
v 0.012685 -0.007259 -0.011901
v 0.007177 -0.012506 -0.011993
v 0.006426 -0.011084 -0.180331
v 0.011330 -0.006607 -0.180570
v 0.013327 0.000062 -0.180318
v 0.011510 0.006591 -0.180501
v 0.006465 0.011045 -0.180284
v -0.000004 0.013040 -0.180301
v -0.006668 0.011572 -0.180448
v -0.012329 0.007047 -0.180545
v -0.012967 0.000129 -0.180516
v -0.010923 -0.006433 -0.180929
v -0.006642 -0.011343 -0.180281
v -0.000021 -0.013061 -0.180513
v 0.000517 -0.014803 -0.142122
v -0.007657 -0.013259 -0.142031
v -0.013785 -0.008472 -0.141935
v -0.015469 0.000268 -0.141178
v -0.012336 0.007180 -0.141997
v -0.007063 0.012241 -0.142044
v -0.000053 0.013390 -0.142151
v 0.007038 0.012136 -0.142114
v 0.011614 0.006666 -0.142043
v 0.013966 0.000011 -0.142068
v 0.011898 -0.006835 -0.142081
v 0.006717 -0.011601 -0.142191
v 0.000019 -0.013505 -0.177848
v -0.006490 -0.011120 -0.177884
v -0.011044 -0.006450 -0.177688
v -0.012979 0.000122 -0.177813
v -0.012005 0.006936 -0.177841
v -0.006700 0.011505 -0.177964
v -0.000035 0.013301 -0.177799
v 0.006494 0.011306 -0.177833
v 0.011636 0.006668 -0.177770
v 0.013697 0.000060 -0.177816
v 0.011059 -0.006455 -0.177822
v 0.006624 -0.011505 -0.177720
v -0.007038 -0.012256 -0.103465
v -0.012771 -0.007452 -0.103520
v -0.013913 -0.000001 -0.103442
v -0.011700 0.006770 -0.103432
v -0.006753 0.011606 -0.103442
v -0.000013 0.013173 -0.103356
v 0.006398 0.011308 -0.103499
v 0.011174 0.006362 -0.103306
v 0.013458 -0.000058 -0.103373
v 0.011733 -0.006708 -0.103436
v 0.006356 -0.010990 -0.103376
v -0.000104 -0.013004 -0.103439
v -0.000022 -0.013797 -0.112759
v -0.007343 -0.012912 -0.112442
v -0.013019 -0.007495 -0.112489
v -0.013702 -0.000045 -0.112745
v -0.011475 0.006645 -0.112685
v -0.006898 0.011941 -0.112750
v -0.000021 0.013209 -0.112758
v 0.006609 0.011183 -0.112731
v 0.011714 0.006818 -0.112851
v 0.013693 -0.000019 -0.112755
v 0.012286 -0.007060 -0.112732
v 0.006535 -0.011424 -0.112701
v -0.006372 -0.011299 -0.056443
v -0.010992 -0.006250 -0.056319
v -0.013138 0.000078 -0.056306
v -0.011899 0.006880 -0.056302
v -0.006683 0.011573 -0.056231
v -0.000178 0.014590 -0.056342
v 0.007026 0.012120 -0.056303
v 0.011165 0.006593 -0.056387
v 0.013093 -0.000090 -0.056170
v 0.012693 -0.007088 -0.056394
v 0.007763 -0.013427 -0.056730
v -0.000163 -0.014556 -0.056397
v -0.006807 -0.011724 -0.044552
v -0.011495 -0.006861 -0.045068
v -0.012639 -0.000035 -0.044650
v -0.011018 0.006408 -0.044848
v -0.006729 0.011628 -0.044298
v 0.000069 0.013505 -0.044693
v 0.006877 0.011971 -0.044601
v 0.010947 0.006368 -0.044436
v 0.013126 -0.000098 -0.044808
v 0.012918 -0.007095 -0.044231
v 0.007075 -0.012328 -0.043796
v -0.000185 -0.014365 -0.044549
v -0.000005 -0.013567 -0.063318
v -0.006913 -0.011968 -0.063338
v -0.011211 -0.006610 -0.063511
v -0.012982 0.000140 -0.063363
v -0.011776 0.006788 -0.063319
v -0.006572 0.011304 -0.063325
v -0.000017 0.013963 -0.063327
v 0.006395 0.011604 -0.063491
v 0.011380 0.006637 -0.063283
v 0.013143 -0.000073 -0.063312
v 0.011890 -0.006888 -0.063286
v 0.006894 -0.011912 -0.063253
v 0.000036 -0.013746 -0.082416
v -0.006660 -0.011434 -0.082355
v -0.011823 -0.006866 -0.082502
v -0.013010 0.000021 -0.082567
v -0.011318 0.006561 -0.082449
v -0.006843 0.011855 -0.082413
v -0.000028 0.013533 -0.082445
v 0.006557 0.011443 -0.082407
v 0.011470 0.006599 -0.082463
v 0.013802 -0.000009 -0.082426
v 0.012121 -0.007007 -0.082442
v 0.007255 -0.012405 -0.082453
v -0.006869 -0.011865 -0.039954
v -0.011901 -0.006904 -0.040004
v -0.012973 -0.000085 -0.039981
v -0.011813 0.006901 -0.039996
v -0.007163 0.012558 -0.040163
v 0.000014 0.014176 -0.039982
v 0.006631 0.011592 -0.039941
v 0.011292 0.006664 -0.040705
v 0.012553 0.000026 -0.040001
v 0.011414 -0.006700 -0.040139
v 0.007050 -0.012214 -0.039999
v 0.000016 -0.013670 -0.039972
v -0.007069 -0.012270 -0.031457
v -0.012056 -0.006959 -0.031480
v -0.013683 0.000043 -0.031388
v -0.011663 0.006757 -0.031521
v -0.006762 0.011600 -0.031514
v 0.000009 0.012822 -0.031584
v 0.006452 0.011146 -0.031457
v 0.011007 0.006311 -0.031384
v 0.012917 -0.000033 -0.031503
v 0.011332 -0.006454 -0.031308
v 0.006657 -0.011668 -0.031493
v -0.000004 -0.013824 -0.031489
v -0.006519 -0.011377 -0.150312
v -0.011175 -0.006497 -0.150274
v -0.012650 -0.000015 -0.150277
v -0.012233 0.007084 -0.150284
v -0.006952 0.012042 -0.150269
v -0.000004 0.014556 -0.150198
v 0.006833 0.011851 -0.150282
v 0.012418 0.007224 -0.150284
v 0.014764 -0.000005 -0.150315
v 0.011923 -0.006851 -0.150275
v 0.006564 -0.011328 -0.150255
v -0.000032 -0.013498 -0.150334
v -0.000023 -0.014801 -0.157639
v -0.006724 -0.011751 -0.157468
v -0.011324 -0.006568 -0.157585
v -0.012719 -0.000132 -0.157462
v -0.010801 0.006244 -0.157388
v -0.006564 0.011797 -0.156633
v -0.000011 0.014004 -0.157475
v 0.007234 0.012507 -0.157414
v 0.012870 0.007652 -0.157276
v 0.015493 -0.000464 -0.157549
v 0.011689 -0.006695 -0.157405
v 0.006984 -0.012084 -0.157457
v 0.007359 -0.012500 0.161711
v 0.012433 -0.007128 0.161509
v 0.014226 -0.000018 0.161383
v 0.011956 0.006895 0.161231
v 0.007133 0.012458 0.161495
v -0.000041 0.013410 0.161141
v -0.007112 0.012436 0.161372
v -0.011761 0.006851 0.161227
v -0.013328 -0.000094 0.161254
v -0.012542 -0.007187 0.161271
v -0.007109 -0.012391 0.161329
v -0.000127 -0.013188 0.160868
v 0.006934 -0.012032 0.163378
v 0.011991 -0.006909 0.163278
v 0.014084 -0.000020 0.163506
v 0.012171 0.007074 0.163540
v 0.006866 0.011845 0.163298
v 0.000127 0.014256 0.163595
v -0.006968 0.012073 0.163392
v -0.012207 0.007192 0.163803
v -0.013470 -0.000094 0.163454
v -0.012960 -0.007417 0.163628
v -0.007153 -0.012490 0.163583
v 0.000020 -0.014231 0.163603
v 0.000063 -0.014177 0.145942
v 0.007780 -0.013211 0.146235
v 0.011635 -0.006819 0.147445
v 0.014224 0.000037 0.147392
v 0.011900 0.006910 0.147493
v 0.007287 0.012742 0.147667
v 0.000039 0.013455 0.147458
v -0.007046 0.012209 0.147527
v -0.011564 0.006696 0.147427
v -0.014466 0.000151 0.147556
v -0.013146 -0.007544 0.147553
v -0.006760 -0.012296 0.145108
v -0.000094 -0.014558 0.119135
v 0.008423 -0.012914 0.119005
v 0.011590 -0.006765 0.118903
v 0.012902 -0.000144 0.118834
v 0.011262 0.006644 0.118952
v 0.006835 0.011627 0.119025
v -0.000041 0.012974 0.119064
v -0.006672 0.011540 0.118953
v -0.011720 0.006769 0.118899
v -0.013453 -0.000012 0.118846
v -0.012235 -0.007042 0.118916
v -0.007150 -0.012377 0.118946
v -0.007138 -0.012283 0.103858
v -0.012069 -0.006970 0.103878
v -0.014195 -0.000011 0.103866
v -0.012674 0.007282 0.103788
v -0.007076 0.012406 0.103848
v -0.000059 0.013364 0.103906
v 0.006405 0.011154 0.103950
v 0.011881 0.006798 0.103888
v 0.014018 -0.000003 0.103888
v 0.012436 -0.007300 0.103812
v 0.008469 -0.013159 0.103646
v -0.000673 -0.015173 0.105570
v -0.012460 -0.007103 0.067356
v -0.012925 -0.000155 0.067308
v -0.011050 0.006501 0.067608
v -0.006776 0.011709 0.067335
v -0.000012 0.013706 0.067300
v 0.006535 0.011424 0.067255
v 0.012490 0.007185 0.067245
v 0.014251 0.000004 0.067321
v 0.012742 -0.007349 0.067244
v 0.006776 -0.011612 0.066933
v -0.007652 -0.013081 0.067412
v 0.000069 -0.013596 0.065982
v 0.000000 0.036412 -0.290386
v -0.067811 0.036412 -0.230917
v -0.068469 0.036412 -0.220884
v -0.066066 0.036412 -0.239692
v -0.063190 0.036412 -0.248164
v -0.059233 0.036412 -0.256188
v -0.054262 0.036412 -0.263626
v -0.048364 0.036412 -0.270353
v -0.041637 0.036412 -0.276252
v -0.034198 0.036412 -0.281222
v -0.026174 0.036412 -0.285179
v -0.017702 0.036412 -0.288055
v -0.008928 0.036412 -0.289801
v 0.000000 0.036412 -0.302892
v -0.080211 0.036412 -0.232549
v -0.080948 0.036412 -0.221293
v -0.078146 0.036412 -0.242929
v -0.074744 0.036412 -0.252950
v -0.070064 0.036412 -0.262441
v -0.064184 0.036412 -0.271240
v -0.057207 0.036412 -0.279196
v -0.049250 0.036412 -0.286174
v -0.040451 0.036412 -0.292053
v -0.030960 0.036412 -0.296734
v -0.020939 0.036412 -0.300135
v -0.010560 0.036412 -0.302200
v 0.000000 0.041412 -0.303832
v 0.000000 0.040474 -0.302892
v 0.000000 0.041137 -0.303168
v -0.081886 0.041412 -0.221324
v -0.080948 0.040474 -0.221293
v -0.081223 0.041137 -0.221302
v -0.080211 0.040474 -0.232549
v -0.081142 0.041412 -0.232672
v -0.080484 0.041137 -0.232585
v -0.078146 0.040474 -0.242929
v -0.079054 0.041412 -0.243172
v -0.078413 0.041137 -0.243000
v -0.074744 0.040474 -0.252950
v -0.075613 0.041412 -0.253309
v -0.074999 0.041137 -0.253055
v -0.070064 0.040474 -0.262441
v -0.070878 0.041412 -0.262911
v -0.070303 0.041137 -0.262579
v -0.064184 0.040474 -0.271240
v -0.064930 0.041412 -0.271812
v -0.064403 0.041137 -0.271408
v -0.057207 0.040474 -0.279196
v -0.057871 0.041412 -0.279861
v -0.057402 0.041137 -0.279391
v -0.049250 0.040474 -0.286174
v -0.049823 0.041412 -0.286919
v -0.049419 0.041137 -0.286393
v -0.040451 0.040474 -0.292053
v -0.040921 0.041412 -0.292867
v -0.040589 0.041137 -0.292292
v -0.030960 0.040474 -0.296734
v -0.031320 0.041412 -0.297602
v -0.031066 0.041137 -0.296989
v -0.020939 0.040474 -0.300135
v -0.021182 0.041412 -0.301043
v -0.021011 0.041137 -0.300402
v -0.010560 0.040474 -0.302200
v -0.010683 0.041412 -0.303132
v -0.010596 0.041137 -0.302474
v -0.080948 0.040474 -0.186085
v -0.081886 0.041412 -0.184947
v -0.081886 0.040474 -0.184009
v -0.080948 0.039336 -0.184947
v -0.081223 0.041137 -0.185516
v -0.081221 0.040812 -0.184608
v -0.081886 0.041137 -0.184284
v -0.081223 0.039905 -0.184284
v -0.080948 0.040141 -0.185280
v 0.000000 0.040474 -0.324211
v 0.000000 0.041412 -0.323271
v 0.000000 0.041137 -0.323935
v -0.100415 0.041412 -0.235209
v -0.101347 0.040474 -0.235332
v -0.101073 0.041137 -0.235296
v -0.102221 0.040474 -0.221989
v -0.101283 0.041412 -0.221959
v -0.101946 0.041137 -0.221980
v -0.097830 0.041412 -0.248203
v -0.098738 0.040474 -0.248446
v -0.098471 0.041137 -0.248375
v -0.093572 0.041412 -0.260748
v -0.094440 0.040474 -0.261108
v -0.094185 0.041137 -0.261002
v -0.087712 0.041412 -0.272630
v -0.088526 0.040474 -0.273100
v -0.088287 0.041137 -0.272962
v -0.080352 0.041412 -0.283646
v -0.081098 0.040474 -0.284218
v -0.080879 0.041137 -0.284050
v -0.071617 0.041412 -0.293606
v -0.072281 0.040474 -0.294271
v -0.072086 0.041137 -0.294075
v -0.061656 0.041412 -0.302341
v -0.062228 0.040474 -0.303087
v -0.062060 0.041137 -0.302868
v -0.050641 0.041412 -0.309702
v -0.051111 0.040474 -0.310516
v -0.050973 0.041137 -0.310277
v -0.038759 0.041412 -0.315561
v -0.039118 0.040474 -0.316429
v -0.039013 0.041137 -0.316174
v -0.026214 0.041412 -0.319820
v -0.026457 0.040474 -0.320728
v -0.026385 0.041137 -0.320461
v -0.013220 0.041412 -0.322404
v -0.013343 0.040474 -0.323336
v -0.013307 0.041137 -0.323062
v -0.101283 0.040474 -0.184009
v -0.101283 0.041412 -0.184947
v -0.102221 0.040474 -0.184947
v -0.101283 0.041137 -0.184284
v -0.101825 0.041015 -0.184406
v -0.101947 0.041137 -0.184947
v -0.101947 0.040474 -0.184284
v -0.068469 0.035281 -0.189009
v -0.068469 0.036412 -0.190139
v -0.068469 0.036081 -0.189340
v -0.080948 0.035281 -0.189009
v -0.080948 0.036412 -0.190139
v -0.080948 0.036081 -0.189340
v 0.000000 0.040474 -0.290386
v 0.000000 0.041412 -0.289446
v 0.000000 0.041137 -0.290110
v -0.066880 0.041412 -0.230794
v -0.067811 0.040474 -0.230917
v -0.067538 0.041137 -0.230881
v -0.068469 0.040474 -0.220884
v -0.067531 0.041412 -0.220854
v -0.068194 0.041137 -0.220875
v -0.065158 0.041412 -0.239448
v -0.066066 0.040474 -0.239692
v -0.065799 0.041137 -0.239620
v -0.062322 0.041412 -0.247804
v -0.063190 0.040474 -0.248164
v -0.062935 0.041137 -0.248058
v -0.058419 0.041412 -0.255718
v -0.059233 0.040474 -0.256188
v -0.058994 0.041137 -0.256050
v -0.053517 0.041412 -0.263055
v -0.054262 0.040474 -0.263626
v -0.054043 0.041137 -0.263458
v -0.047699 0.041412 -0.269688
v -0.048364 0.040474 -0.270353
v -0.048168 0.041137 -0.270158
v -0.041065 0.041412 -0.275506
v -0.041637 0.040474 -0.276252
v -0.041469 0.041137 -0.276033
v -0.033728 0.041412 -0.280409
v -0.034198 0.040474 -0.281222
v -0.034060 0.041137 -0.280983
v -0.025815 0.041412 -0.284311
v -0.026174 0.040474 -0.285179
v -0.026068 0.041137 -0.284924
v -0.017459 0.041412 -0.287148
v -0.017702 0.040474 -0.288055
v -0.017631 0.041137 -0.287789
v -0.008805 0.041412 -0.288869
v -0.008928 0.040474 -0.289801
v -0.008892 0.041137 -0.289527
v -0.067531 0.040474 -0.184009
v -0.067531 0.041412 -0.184947
v -0.068469 0.040474 -0.186085
v -0.068469 0.039336 -0.184947
v -0.067531 0.041137 -0.184284
v -0.068196 0.040812 -0.184608
v -0.068194 0.041137 -0.185516
v -0.068469 0.040141 -0.185280
v -0.068194 0.039905 -0.184284
v 0.067811 0.036412 -0.230917
v 0.068469 0.036412 -0.220884
v 0.066066 0.036412 -0.239692
v 0.063190 0.036412 -0.248164
v 0.059233 0.036412 -0.256188
v 0.054262 0.036412 -0.263626
v 0.048364 0.036412 -0.270353
v 0.041637 0.036412 -0.276252
v 0.034198 0.036412 -0.281222
v 0.026174 0.036412 -0.285179
v 0.017702 0.036412 -0.288055
v 0.008928 0.036412 -0.289801
v 0.080211 0.036412 -0.232549
v 0.080948 0.036412 -0.221293
v 0.078146 0.036412 -0.242929
v 0.074744 0.036412 -0.252950
v 0.070064 0.036412 -0.262441
v 0.064184 0.036412 -0.271240
v 0.057207 0.036412 -0.279196
v 0.049250 0.036412 -0.286174
v 0.040451 0.036412 -0.292053
v 0.030960 0.036412 -0.296734
v 0.020939 0.036412 -0.300135
v 0.010560 0.036412 -0.302200
v 0.081886 0.041412 -0.221324
v 0.080948 0.040474 -0.221293
v 0.081223 0.041137 -0.221302
v 0.080211 0.040474 -0.232549
v 0.081142 0.041412 -0.232672
v 0.080484 0.041137 -0.232585
v 0.078146 0.040474 -0.242929
v 0.079054 0.041412 -0.243172
v 0.078413 0.041137 -0.243000
v 0.074744 0.040474 -0.252950
v 0.075613 0.041412 -0.253309
v 0.074999 0.041137 -0.253055
v 0.070064 0.040474 -0.262441
v 0.070878 0.041412 -0.262911
v 0.070303 0.041137 -0.262579
v 0.064184 0.040474 -0.271240
v 0.064930 0.041412 -0.271812
v 0.064403 0.041137 -0.271408
v 0.057207 0.040474 -0.279196
v 0.057871 0.041412 -0.279861
v 0.057402 0.041137 -0.279391
v 0.049250 0.040474 -0.286174
v 0.049823 0.041412 -0.286919
v 0.049419 0.041137 -0.286393
v 0.040451 0.040474 -0.292053
v 0.040921 0.041412 -0.292867
v 0.040589 0.041137 -0.292292
v 0.030960 0.040474 -0.296734
v 0.031320 0.041412 -0.297602
v 0.031066 0.041137 -0.296989
v 0.020939 0.040474 -0.300135
v 0.021182 0.041412 -0.301043
v 0.021011 0.041137 -0.300402
v 0.010560 0.040474 -0.302200
v 0.010683 0.041412 -0.303132
v 0.010596 0.041137 -0.302474
v 0.080948 0.040474 -0.186085
v 0.081886 0.041412 -0.184947
v 0.081886 0.040474 -0.184009
v 0.080948 0.039336 -0.184947
v 0.081223 0.041137 -0.185516
v 0.081221 0.040812 -0.184608
v 0.081886 0.041137 -0.184284
v 0.081223 0.039905 -0.184284
v 0.080948 0.040141 -0.185280
v 0.100415 0.041412 -0.235209
v 0.101347 0.040474 -0.235332
v 0.101073 0.041137 -0.235296
v 0.102221 0.040474 -0.221989
v 0.101283 0.041412 -0.221959
v 0.101946 0.041137 -0.221980
v 0.097830 0.041412 -0.248203
v 0.098738 0.040474 -0.248446
v 0.098471 0.041137 -0.248375
v 0.093572 0.041412 -0.260748
v 0.094440 0.040474 -0.261108
v 0.094185 0.041137 -0.261002
v 0.087712 0.041412 -0.272630
v 0.088526 0.040474 -0.273100
v 0.088287 0.041137 -0.272962
v 0.080352 0.041412 -0.283646
v 0.081098 0.040474 -0.284218
v 0.080879 0.041137 -0.284050
v 0.071617 0.041412 -0.293606
v 0.072281 0.040474 -0.294271
v 0.072086 0.041137 -0.294075
v 0.061656 0.041412 -0.302341
v 0.062228 0.040474 -0.303087
v 0.062060 0.041137 -0.302868
v 0.050641 0.041412 -0.309702
v 0.051111 0.040474 -0.310516
v 0.050973 0.041137 -0.310277
v 0.038759 0.041412 -0.315561
v 0.039118 0.040474 -0.316429
v 0.039013 0.041137 -0.316174
v 0.026214 0.041412 -0.319820
v 0.026457 0.040474 -0.320728
v 0.026385 0.041137 -0.320461
v 0.013220 0.041412 -0.322404
v 0.013343 0.040474 -0.323336
v 0.013307 0.041137 -0.323062
v 0.101283 0.040474 -0.184009
v 0.101283 0.041412 -0.184947
v 0.102221 0.040474 -0.184947
v 0.101283 0.041137 -0.184284
v 0.101825 0.041015 -0.184406
v 0.101947 0.041137 -0.184947
v 0.101947 0.040474 -0.184284
v 0.068469 0.035281 -0.189009
v 0.068469 0.036412 -0.190139
v 0.068469 0.036081 -0.189340
v 0.080948 0.035281 -0.189009
v 0.080948 0.036412 -0.190139
v 0.080948 0.036081 -0.189340
v 0.066880 0.041412 -0.230794
v 0.067811 0.040474 -0.230917
v 0.067538 0.041137 -0.230881
v 0.068469 0.040474 -0.220884
v 0.067531 0.041412 -0.220854
v 0.068194 0.041137 -0.220875
v 0.065158 0.041412 -0.239448
v 0.066066 0.040474 -0.239692
v 0.065799 0.041137 -0.239620
v 0.062322 0.041412 -0.247804
v 0.063190 0.040474 -0.248164
v 0.062935 0.041137 -0.248058
v 0.058419 0.041412 -0.255718
v 0.059233 0.040474 -0.256188
v 0.058994 0.041137 -0.256050
v 0.053517 0.041412 -0.263055
v 0.054262 0.040474 -0.263626
v 0.054043 0.041137 -0.263458
v 0.047699 0.041412 -0.269688
v 0.048364 0.040474 -0.270353
v 0.048168 0.041137 -0.270158
v 0.041065 0.041412 -0.275506
v 0.041637 0.040474 -0.276252
v 0.041469 0.041137 -0.276033
v 0.033728 0.041412 -0.280409
v 0.034198 0.040474 -0.281222
v 0.034060 0.041137 -0.280983
v 0.025815 0.041412 -0.284311
v 0.026174 0.040474 -0.285179
v 0.026068 0.041137 -0.284924
v 0.017459 0.041412 -0.287148
v 0.017702 0.040474 -0.288055
v 0.017631 0.041137 -0.287789
v 0.008805 0.041412 -0.288869
v 0.008928 0.040474 -0.289801
v 0.008892 0.041137 -0.289527
v 0.067531 0.040474 -0.184009
v 0.067531 0.041412 -0.184947
v 0.068469 0.040474 -0.186085
v 0.068469 0.039336 -0.184947
v 0.067531 0.041137 -0.184284
v 0.068196 0.040812 -0.184608
v 0.068194 0.041137 -0.185516
v 0.068469 0.040141 -0.185280
v 0.068194 0.039905 -0.184284
v 0.000000 -0.036412 -0.290386
v -0.067811 -0.036412 -0.230917
v -0.068469 -0.036412 -0.220884
v -0.066066 -0.036412 -0.239692
v -0.063190 -0.036412 -0.248164
v -0.059233 -0.036412 -0.256188
v -0.054262 -0.036412 -0.263626
v -0.048364 -0.036412 -0.270353
v -0.041637 -0.036412 -0.276252
v -0.034198 -0.036412 -0.281222
v -0.026174 -0.036412 -0.285179
v -0.017702 -0.036412 -0.288055
v -0.008928 -0.036412 -0.289801
v 0.000000 -0.036412 -0.302892
v -0.080211 -0.036412 -0.232549
v -0.080948 -0.036412 -0.221293
v -0.078146 -0.036412 -0.242929
v -0.074744 -0.036412 -0.252950
v -0.070064 -0.036412 -0.262441
v -0.064184 -0.036412 -0.271240
v -0.057207 -0.036412 -0.279196
v -0.049250 -0.036412 -0.286174
v -0.040451 -0.036412 -0.292053
v -0.030960 -0.036412 -0.296734
v -0.020939 -0.036412 -0.300135
v -0.010560 -0.036412 -0.302200
v 0.000000 -0.041412 -0.303832
v 0.000000 -0.040474 -0.302892
v 0.000000 -0.041137 -0.303168
v -0.081886 -0.041412 -0.221324
v -0.080948 -0.040474 -0.221293
v -0.081223 -0.041137 -0.221302
v -0.080211 -0.040474 -0.232549
v -0.081142 -0.041412 -0.232672
v -0.080484 -0.041137 -0.232585
v -0.078146 -0.040474 -0.242929
v -0.079054 -0.041412 -0.243172
v -0.078413 -0.041137 -0.243000
v -0.074744 -0.040474 -0.252950
v -0.075613 -0.041412 -0.253309
v -0.074999 -0.041137 -0.253055
v -0.070064 -0.040474 -0.262441
v -0.070878 -0.041412 -0.262911
v -0.070303 -0.041137 -0.262579
v -0.064184 -0.040474 -0.271240
v -0.064930 -0.041412 -0.271812
v -0.064403 -0.041137 -0.271408
v -0.057207 -0.040474 -0.279196
v -0.057871 -0.041412 -0.279861
v -0.057402 -0.041137 -0.279391
v -0.049250 -0.040474 -0.286174
v -0.049823 -0.041412 -0.286919
v -0.049419 -0.041137 -0.286393
v -0.040451 -0.040474 -0.292053
v -0.040921 -0.041412 -0.292867
v -0.040589 -0.041137 -0.292292
v -0.030960 -0.040474 -0.296734
v -0.031320 -0.041412 -0.297602
v -0.031066 -0.041137 -0.296989
v -0.020939 -0.040474 -0.300135
v -0.021182 -0.041412 -0.301043
v -0.021011 -0.041137 -0.300402
v -0.010560 -0.040474 -0.302200
v -0.010683 -0.041412 -0.303132
v -0.010596 -0.041137 -0.302474
v -0.080948 -0.040474 -0.186085
v -0.081886 -0.041412 -0.184947
v -0.081886 -0.040474 -0.184009
v -0.080948 -0.039336 -0.184947
v -0.081223 -0.041137 -0.185516
v -0.081221 -0.040812 -0.184608
v -0.081886 -0.041137 -0.184284
v -0.081223 -0.039905 -0.184284
v -0.080948 -0.040141 -0.185280
v 0.000000 -0.040474 -0.324211
v 0.000000 -0.041412 -0.323271
v 0.000000 -0.041137 -0.323935
v -0.100415 -0.041412 -0.235209
v -0.101347 -0.040474 -0.235332
v -0.101073 -0.041137 -0.235296
v -0.102221 -0.040474 -0.221989
v -0.101283 -0.041412 -0.221959
v -0.101946 -0.041137 -0.221980
v -0.097830 -0.041412 -0.248203
v -0.098738 -0.040474 -0.248446
v -0.098471 -0.041137 -0.248375
v -0.093572 -0.041412 -0.260748
v -0.094440 -0.040474 -0.261108
v -0.094185 -0.041137 -0.261002
v -0.087712 -0.041412 -0.272630
v -0.088526 -0.040474 -0.273100
v -0.088287 -0.041137 -0.272962
v -0.080352 -0.041412 -0.283646
v -0.081098 -0.040474 -0.284218
v -0.080879 -0.041137 -0.284050
v -0.071617 -0.041412 -0.293606
v -0.072281 -0.040474 -0.294271
v -0.072086 -0.041137 -0.294075
v -0.061656 -0.041412 -0.302341
v -0.062228 -0.040474 -0.303087
v -0.062060 -0.041137 -0.302868
v -0.050641 -0.041412 -0.309702
v -0.051111 -0.040474 -0.310516
v -0.050973 -0.041137 -0.310277
v -0.038759 -0.041412 -0.315561
v -0.039118 -0.040474 -0.316429
v -0.039013 -0.041137 -0.316174
v -0.026214 -0.041412 -0.319820
v -0.026457 -0.040474 -0.320728
v -0.026385 -0.041137 -0.320461
v -0.013220 -0.041412 -0.322404
v -0.013343 -0.040474 -0.323336
v -0.013307 -0.041137 -0.323062
v -0.101283 -0.040474 -0.184009
v -0.101283 -0.041412 -0.184947
v -0.102221 -0.040474 -0.184947
v -0.101283 -0.041137 -0.184284
v -0.101825 -0.041015 -0.184406
v -0.101947 -0.041137 -0.184947
v -0.101947 -0.040474 -0.184284
v -0.068469 -0.035281 -0.189009
v -0.068469 -0.036412 -0.190139
v -0.068469 -0.036081 -0.189340
v -0.080948 -0.035281 -0.189009
v -0.080948 -0.036412 -0.190139
v -0.080948 -0.036081 -0.189340
v 0.000000 -0.040474 -0.290386
v 0.000000 -0.041412 -0.289446
v 0.000000 -0.041137 -0.290110
v -0.066880 -0.041412 -0.230794
v -0.067811 -0.040474 -0.230917
v -0.067538 -0.041137 -0.230881
v -0.068469 -0.040474 -0.220884
v -0.067531 -0.041412 -0.220854
v -0.068194 -0.041137 -0.220875
v -0.065158 -0.041412 -0.239448
v -0.066066 -0.040474 -0.239692
v -0.065799 -0.041137 -0.239620
v -0.062322 -0.041412 -0.247804
v -0.063190 -0.040474 -0.248164
v -0.062935 -0.041137 -0.248058
v -0.058419 -0.041412 -0.255718
v -0.059233 -0.040474 -0.256188
v -0.058994 -0.041137 -0.256050
v -0.053517 -0.041412 -0.263055
v -0.054262 -0.040474 -0.263626
v -0.054043 -0.041137 -0.263458
v -0.047699 -0.041412 -0.269688
v -0.048364 -0.040474 -0.270353
v -0.048168 -0.041137 -0.270158
v -0.041065 -0.041412 -0.275506
v -0.041637 -0.040474 -0.276252
v -0.041469 -0.041137 -0.276033
v -0.033728 -0.041412 -0.280409
v -0.034198 -0.040474 -0.281222
v -0.034060 -0.041137 -0.280983
v -0.025815 -0.041412 -0.284311
v -0.026174 -0.040474 -0.285179
v -0.026068 -0.041137 -0.284924
v -0.017459 -0.041412 -0.287148
v -0.017702 -0.040474 -0.288055
v -0.017631 -0.041137 -0.287789
v -0.008805 -0.041412 -0.288869
v -0.008928 -0.040474 -0.289801
v -0.008892 -0.041137 -0.289527
v -0.067531 -0.040474 -0.184009
v -0.067531 -0.041412 -0.184947
v -0.068469 -0.040474 -0.186085
v -0.068469 -0.039336 -0.184947
v -0.067531 -0.041137 -0.184284
v -0.068196 -0.040812 -0.184608
v -0.068194 -0.041137 -0.185516
v -0.068469 -0.040141 -0.185280
v -0.068194 -0.039905 -0.184284
v 0.067811 -0.036412 -0.230917
v 0.068469 -0.036412 -0.220884
v 0.066066 -0.036412 -0.239692
v 0.063190 -0.036412 -0.248164
v 0.059233 -0.036412 -0.256188
v 0.054262 -0.036412 -0.263626
v 0.048364 -0.036412 -0.270353
v 0.041637 -0.036412 -0.276252
v 0.034198 -0.036412 -0.281222
v 0.026174 -0.036412 -0.285179
v 0.017702 -0.036412 -0.288055
v 0.008928 -0.036412 -0.289801
v 0.080211 -0.036412 -0.232549
v 0.080948 -0.036412 -0.221293
v 0.078146 -0.036412 -0.242929
v 0.074744 -0.036412 -0.252950
v 0.070064 -0.036412 -0.262441
v 0.064184 -0.036412 -0.271240
v 0.057207 -0.036412 -0.279196
v 0.049250 -0.036412 -0.286174
v 0.040451 -0.036412 -0.292053
v 0.030960 -0.036412 -0.296734
v 0.020939 -0.036412 -0.300135
v 0.010560 -0.036412 -0.302200
v 0.081886 -0.041412 -0.221324
v 0.080948 -0.040474 -0.221293
v 0.081223 -0.041137 -0.221302
v 0.080211 -0.040474 -0.232549
v 0.081142 -0.041412 -0.232672
v 0.080484 -0.041137 -0.232585
v 0.078146 -0.040474 -0.242929
v 0.079054 -0.041412 -0.243172
v 0.078413 -0.041137 -0.243000
v 0.074744 -0.040474 -0.252950
v 0.075613 -0.041412 -0.253309
v 0.074999 -0.041137 -0.253055
v 0.070064 -0.040474 -0.262441
v 0.070878 -0.041412 -0.262911
v 0.070303 -0.041137 -0.262579
v 0.064184 -0.040474 -0.271240
v 0.064930 -0.041412 -0.271812
v 0.064403 -0.041137 -0.271408
v 0.057207 -0.040474 -0.279196
v 0.057871 -0.041412 -0.279861
v 0.057402 -0.041137 -0.279391
v 0.049250 -0.040474 -0.286174
v 0.049823 -0.041412 -0.286919
v 0.049419 -0.041137 -0.286393
v 0.040451 -0.040474 -0.292053
v 0.040921 -0.041412 -0.292867
v 0.040589 -0.041137 -0.292292
v 0.030960 -0.040474 -0.296734
v 0.031320 -0.041412 -0.297602
v 0.031066 -0.041137 -0.296989
v 0.020939 -0.040474 -0.300135
v 0.021182 -0.041412 -0.301043
v 0.021011 -0.041137 -0.300402
v 0.010560 -0.040474 -0.302200
v 0.010683 -0.041412 -0.303132
v 0.010596 -0.041137 -0.302474
v 0.080948 -0.040474 -0.186085
v 0.081886 -0.041412 -0.184947
v 0.081886 -0.040474 -0.184009
v 0.080948 -0.039336 -0.184947
v 0.081223 -0.041137 -0.185516
v 0.081221 -0.040812 -0.184608
v 0.081886 -0.041137 -0.184284
v 0.081223 -0.039905 -0.184284
v 0.080948 -0.040141 -0.185280
v 0.100415 -0.041412 -0.235209
v 0.101347 -0.040474 -0.235332
v 0.101073 -0.041137 -0.235296
v 0.102221 -0.040474 -0.221989
v 0.101283 -0.041412 -0.221959
v 0.101946 -0.041137 -0.221980
v 0.097830 -0.041412 -0.248203
v 0.098738 -0.040474 -0.248446
v 0.098471 -0.041137 -0.248375
v 0.093572 -0.041412 -0.260748
v 0.094440 -0.040474 -0.261108
v 0.094185 -0.041137 -0.261002
v 0.087712 -0.041412 -0.272630
v 0.088526 -0.040474 -0.273100
v 0.088287 -0.041137 -0.272962
v 0.080352 -0.041412 -0.283646
v 0.081098 -0.040474 -0.284218
v 0.080879 -0.041137 -0.284050
v 0.071617 -0.041412 -0.293606
v 0.072281 -0.040474 -0.294271
v 0.072086 -0.041137 -0.294075
v 0.061656 -0.041412 -0.302341
v 0.062228 -0.040474 -0.303087
v 0.062060 -0.041137 -0.302868
v 0.050641 -0.041412 -0.309702
v 0.051111 -0.040474 -0.310516
v 0.050973 -0.041137 -0.310277
v 0.038759 -0.041412 -0.315561
v 0.039118 -0.040474 -0.316429
v 0.039013 -0.041137 -0.316174
v 0.026214 -0.041412 -0.319820
v 0.026457 -0.040474 -0.320728
v 0.026385 -0.041137 -0.320461
v 0.013220 -0.041412 -0.322404
v 0.013343 -0.040474 -0.323336
v 0.013307 -0.041137 -0.323062
v 0.101283 -0.040474 -0.184009
v 0.101283 -0.041412 -0.184947
v 0.102221 -0.040474 -0.184947
v 0.101283 -0.041137 -0.184284
v 0.101825 -0.041015 -0.184406
v 0.101947 -0.041137 -0.184947
v 0.101947 -0.040474 -0.184284
v 0.068469 -0.035281 -0.189009
v 0.068469 -0.036412 -0.190139
v 0.068469 -0.036081 -0.189340
v 0.080948 -0.035281 -0.189009
v 0.080948 -0.036412 -0.190139
v 0.080948 -0.036081 -0.189340
v 0.066880 -0.041412 -0.230794
v 0.067811 -0.040474 -0.230917
v 0.067538 -0.041137 -0.230881
v 0.068469 -0.040474 -0.220884
v 0.067531 -0.041412 -0.220854
v 0.068194 -0.041137 -0.220875
v 0.065158 -0.041412 -0.239448
v 0.066066 -0.040474 -0.239692
v 0.065799 -0.041137 -0.239620
v 0.062322 -0.041412 -0.247804
v 0.063190 -0.040474 -0.248164
v 0.062935 -0.041137 -0.248058
v 0.058419 -0.041412 -0.255718
v 0.059233 -0.040474 -0.256188
v 0.058994 -0.041137 -0.256050
v 0.053517 -0.041412 -0.263055
v 0.054262 -0.040474 -0.263626
v 0.054043 -0.041137 -0.263458
v 0.047699 -0.041412 -0.269688
v 0.048364 -0.040474 -0.270353
v 0.048168 -0.041137 -0.270158
v 0.041065 -0.041412 -0.275506
v 0.041637 -0.040474 -0.276252
v 0.041469 -0.041137 -0.276033
v 0.033728 -0.041412 -0.280409
v 0.034198 -0.040474 -0.281222
v 0.034060 -0.041137 -0.280983
v 0.025815 -0.041412 -0.284311
v 0.026174 -0.040474 -0.285179
v 0.026068 -0.041137 -0.284924
v 0.017459 -0.041412 -0.287148
v 0.017702 -0.040474 -0.288055
v 0.017631 -0.041137 -0.287789
v 0.008805 -0.041412 -0.288869
v 0.008928 -0.040474 -0.289801
v 0.008892 -0.041137 -0.289527
v 0.067531 -0.040474 -0.184009
v 0.067531 -0.041412 -0.184947
v 0.068469 -0.040474 -0.186085
v 0.068469 -0.039336 -0.184947
v 0.067531 -0.041137 -0.184284
v 0.068196 -0.040812 -0.184608
v 0.068194 -0.041137 -0.185516
v 0.068469 -0.040141 -0.185280
v 0.068194 -0.039905 -0.184284
v -0.027638 0.000000 0.227733
v -0.027707 0.000000 0.227534
v -0.018203 0.000000 0.239373
v -0.018385 0.000000 0.239285
v -0.027707 0.000000 0.211158
v -0.027688 0.000000 0.210936
v 0.027688 0.000000 0.210936
v 0.027707 0.000000 0.211158
v 0.027707 0.000000 0.227534
v 0.027638 0.000000 0.227733
v 0.018385 0.000000 0.239285
v 0.018203 0.000000 0.239373
v -0.020539 0.000000 0.170437
v -0.020408 0.000000 0.170327
v 0.020408 0.000000 0.170327
v 0.020539 0.000000 0.170437
v -0.027569 0.020743 0.227720
v -0.027628 0.020803 0.227534
v -0.027707 0.020612 0.227534
v -0.027638 0.020521 0.227733
v -0.020743 0.027569 0.227720
v -0.020521 0.027638 0.227733
v -0.020612 0.027707 0.227534
v -0.020803 0.027628 0.227534
v -0.020643 0.027707 0.211158
v -0.020622 0.027688 0.210936
v -0.020815 0.027609 0.210938
v -0.020834 0.027628 0.211158
v -0.027609 0.020815 0.210938
v -0.027688 0.020622 0.210936
v -0.027707 0.020643 0.211158
v -0.027628 0.020834 0.211158
v 0.020612 0.027707 0.227534
v 0.020521 0.027638 0.227733
v 0.020743 0.027569 0.227720
v 0.020803 0.027628 0.227534
v 0.027569 0.020743 0.227720
v 0.027638 0.020521 0.227733
v 0.027707 0.020612 0.227534
v 0.027628 0.020803 0.227534
v 0.027609 0.020815 0.210938
v 0.027628 0.020834 0.211158
v 0.027707 0.020643 0.211158
v 0.027688 0.020622 0.210936
v 0.020815 0.027609 0.210938
v 0.020622 0.027688 0.210936
v 0.020643 0.027707 0.211158
v 0.020834 0.027628 0.211158
v -0.011253 0.018203 0.239373
v -0.011237 0.018385 0.239285
v -0.011438 0.018295 0.239299
v -0.018385 0.011237 0.239285
v -0.018203 0.011253 0.239373
v -0.018295 0.011438 0.239299
v 0.018203 0.011253 0.239373
v 0.018385 0.011237 0.239285
v 0.018295 0.011438 0.239299
v 0.011253 0.018203 0.239373
v 0.011438 0.018295 0.239299
v 0.011237 0.018385 0.239285
v -0.020408 0.013530 0.170327
v -0.020539 0.013482 0.170437
v -0.020460 0.013675 0.170435
v -0.013530 0.020408 0.170327
v -0.013675 0.020460 0.170435
v -0.013482 0.020539 0.170437
v 0.013530 0.020408 0.170327
v 0.013482 0.020539 0.170437
v 0.013675 0.020460 0.170435
v 0.020539 0.013482 0.170437
v 0.020408 0.013530 0.170327
v 0.020460 0.013675 0.170435
v -0.027569 -0.020743 0.227720
v -0.027628 -0.020803 0.227534
v -0.027707 -0.020612 0.227534
v -0.027638 -0.020521 0.227733
v -0.020743 -0.027569 0.227720
v -0.020521 -0.027638 0.227733
v -0.020612 -0.027707 0.227534
v -0.020803 -0.027628 0.227534
v -0.020643 -0.027707 0.211158
v -0.020622 -0.027688 0.210936
v -0.020815 -0.027609 0.210938
v -0.020834 -0.027628 0.211158
v -0.027609 -0.020815 0.210938
v -0.027688 -0.020622 0.210936
v -0.027707 -0.020643 0.211158
v -0.027628 -0.020834 0.211158
v 0.020612 -0.027707 0.227534
v 0.020521 -0.027638 0.227733
v 0.020743 -0.027569 0.227720
v 0.020803 -0.027628 0.227534
v 0.027569 -0.020743 0.227720
v 0.027638 -0.020521 0.227733
v 0.027707 -0.020612 0.227534
v 0.027628 -0.020803 0.227534
v 0.027609 -0.020815 0.210938
v 0.027628 -0.020834 0.211158
v 0.027707 -0.020643 0.211158
v 0.027688 -0.020622 0.210936
v 0.020815 -0.027609 0.210938
v 0.020622 -0.027688 0.210936
v 0.020643 -0.027707 0.211158
v 0.020834 -0.027628 0.211158
v -0.011253 -0.018203 0.239373
v -0.011237 -0.018385 0.239285
v -0.011438 -0.018295 0.239299
v -0.018385 -0.011237 0.239285
v -0.018203 -0.011253 0.239373
v -0.018295 -0.011438 0.239299
v 0.018203 -0.011253 0.239373
v 0.018385 -0.011237 0.239285
v 0.018295 -0.011438 0.239299
v 0.011253 -0.018203 0.239373
v 0.011438 -0.018295 0.239299
v 0.011237 -0.018385 0.239285
v -0.020408 -0.013530 0.170327
v -0.020539 -0.013482 0.170437
v -0.020460 -0.013675 0.170435
v -0.013530 -0.020408 0.170327
v -0.013675 -0.020460 0.170435
v -0.013482 -0.020539 0.170437
v 0.013530 -0.020408 0.170327
v 0.013482 -0.020539 0.170437
v 0.013675 -0.020460 0.170435
v 0.020539 -0.013482 0.170437
v 0.020408 -0.013530 0.170327
v 0.020460 -0.013675 0.170435
v 0.012030 0.080152 -0.253213
v 0.011207 0.080152 -0.250951
v 0.009123 0.080152 -0.249748
v 0.006753 0.080152 -0.250166
v 0.005206 0.080152 -0.252010
v 0.005206 0.080152 -0.254416
v 0.006753 0.080152 -0.256260
v 0.009123 0.080152 -0.256678
v 0.011207 0.080152 -0.255474
v 0.010836 0.085384 -0.253213
v 0.010094 0.085027 -0.250951
v 0.008216 0.084123 -0.249748
v 0.006081 0.083094 -0.250166
v 0.004687 0.082423 -0.252010
v 0.004687 0.082423 -0.254416
v 0.006081 0.083094 -0.256260
v 0.008216 0.084123 -0.256678
v 0.010094 0.085027 -0.255474
v 0.007490 0.089580 -0.253213
v 0.006977 0.088936 -0.250951
v 0.005677 0.087307 -0.249748
v 0.004199 0.085454 -0.250166
v 0.003235 0.084245 -0.252010
v 0.003235 0.084245 -0.254416
v 0.004199 0.085454 -0.256260
v 0.005677 0.087307 -0.256678
v 0.006977 0.088936 -0.255474
v 0.002655 0.091908 -0.253213
v 0.002472 0.091106 -0.250951
v 0.002008 0.089074 -0.249748
v 0.001480 0.086763 -0.250166
v 0.001136 0.085255 -0.252010
v 0.001136 0.085255 -0.254416
v 0.001480 0.086763 -0.256260
v 0.002008 0.089074 -0.256678
v 0.002472 0.091106 -0.255474
v 0.011207 0.070432 -0.255474
v 0.009123 0.070432 -0.256678
v 0.006753 0.070432 -0.256260
v 0.005206 0.070432 -0.254416
v 0.005206 0.070432 -0.252010
v 0.006753 0.070432 -0.250166
v 0.009123 0.070432 -0.249748
v 0.011207 0.070432 -0.250951
v 0.012030 0.070432 -0.253213
v -0.012087 0.080152 -0.253213
v -0.011264 0.080152 -0.250951
v -0.009180 0.080152 -0.249748
v -0.006810 0.080152 -0.250166
v -0.005263 0.080152 -0.252010
v -0.005263 0.080152 -0.254416
v -0.006810 0.080152 -0.256260
v -0.009180 0.080152 -0.256678
v -0.011264 0.080152 -0.255474
v -0.010893 0.085384 -0.253213
v -0.010151 0.085027 -0.250951
v -0.008274 0.084123 -0.249748
v -0.006138 0.083094 -0.250166
v -0.004745 0.082423 -0.252010
v -0.004745 0.082423 -0.254416
v -0.006138 0.083094 -0.256260
v -0.008274 0.084123 -0.256678
v -0.010151 0.085027 -0.255474
v -0.007547 0.089580 -0.253213
v -0.007034 0.088936 -0.250951
v -0.005734 0.087307 -0.249748
v -0.004257 0.085454 -0.250166
v -0.003292 0.084245 -0.252010
v -0.003292 0.084245 -0.254416
v -0.004257 0.085454 -0.256260
v -0.005734 0.087307 -0.256678
v -0.007034 0.088936 -0.255474
v -0.002712 0.091908 -0.253213
v -0.002529 0.091106 -0.250951
v -0.002065 0.089074 -0.249748
v -0.001538 0.086763 -0.250166
v -0.001193 0.085255 -0.252010
v -0.001193 0.085255 -0.254416
v -0.001538 0.086763 -0.256260
v -0.002065 0.089074 -0.256678
v -0.002529 0.091106 -0.255474
v -0.011264 0.070432 -0.255474
v -0.009180 0.070432 -0.256678
v -0.006810 0.070432 -0.256260
v -0.005263 0.070432 -0.254416
v -0.005263 0.070432 -0.252010
v -0.006810 0.070432 -0.250166
v -0.009180 0.070432 -0.249748
v -0.011264 0.070432 -0.250951
v -0.012087 0.070432 -0.253213
v 0.012030 0.060711 -0.253213
v 0.011207 0.060711 -0.250951
v 0.009123 0.060711 -0.249748
v 0.006753 0.060711 -0.250166
v 0.005206 0.060711 -0.252010
v 0.005206 0.060711 -0.254416
v 0.006753 0.060711 -0.256260
v 0.009123 0.060711 -0.256678
v 0.011207 0.060711 -0.255474
v 0.010836 0.055479 -0.253213
v 0.010094 0.055836 -0.250951
v 0.008216 0.056741 -0.249748
v 0.006081 0.057769 -0.250166
v 0.004687 0.058440 -0.252010
v 0.004687 0.058440 -0.254416
v 0.006081 0.057769 -0.256260
v 0.008216 0.056741 -0.256678
v 0.010094 0.055836 -0.255474
v 0.007490 0.051283 -0.253213
v 0.006977 0.051927 -0.250951
v 0.005677 0.053556 -0.249748
v 0.004199 0.055409 -0.250166
v 0.003235 0.056619 -0.252010
v 0.003235 0.056619 -0.254416
v 0.004199 0.055409 -0.256260
v 0.005677 0.053556 -0.256678
v 0.006977 0.051927 -0.255474
v 0.002655 0.048955 -0.253213
v 0.002472 0.049757 -0.250951
v 0.002008 0.051789 -0.249748
v 0.001480 0.054100 -0.250166
v 0.001136 0.055608 -0.252010
v 0.001136 0.055608 -0.254416
v 0.001480 0.054100 -0.256260
v 0.002008 0.051789 -0.256678
v 0.002472 0.049757 -0.255474
v -0.012087 0.060711 -0.253213
v -0.011264 0.060711 -0.250951
v -0.009180 0.060711 -0.249748
v -0.006810 0.060711 -0.250166
v -0.005263 0.060711 -0.252010
v -0.005263 0.060711 -0.254416
v -0.006810 0.060711 -0.256260
v -0.009180 0.060711 -0.256678
v -0.011264 0.060711 -0.255474
v -0.010893 0.055479 -0.253213
v -0.010151 0.055836 -0.250951
v -0.008274 0.056741 -0.249748
v -0.006138 0.057769 -0.250166
v -0.004745 0.058440 -0.252010
v -0.004745 0.058440 -0.254416
v -0.006138 0.057769 -0.256260
v -0.008274 0.056741 -0.256678
v -0.010151 0.055836 -0.255474
v -0.007547 0.051283 -0.253213
v -0.007034 0.051927 -0.250951
v -0.005734 0.053556 -0.249748
v -0.004257 0.055409 -0.250166
v -0.003292 0.056619 -0.252010
v -0.003292 0.056619 -0.254416
v -0.004257 0.055409 -0.256260
v -0.005734 0.053556 -0.256678
v -0.007034 0.051927 -0.255474
v -0.002712 0.048955 -0.253213
v -0.002529 0.049757 -0.250951
v -0.002065 0.051789 -0.249748
v -0.001538 0.054100 -0.250166
v -0.001193 0.055608 -0.252010
v -0.001193 0.055608 -0.254416
v -0.001538 0.054100 -0.256260
v -0.002065 0.051789 -0.256678
v -0.002529 0.049757 -0.255474
vn -0.4954 0.6841 0.5354
vn -0.1547 0.1993 0.9677
vn -0.0307 0.0886 0.9956
vn -0.2580 0.7149 0.6499
vn 0.2751 0.5283 0.8032
vn 0.6856 0.4930 0.5356
vn 0.7818 0.1363 0.6084
vn 0.4328 0.0950 0.8965
vn -0.5784 0.8153 -0.0267
vn -0.5498 0.8352 -0.0100
vn -1.0000 -0.0000 -0.0083
vn -0.9993 -0.0000 -0.0372
vn -0.0421 0.9991 0.0008
vn -0.0341 0.9994 -0.0028
vn -0.0157 0.9999 -0.0044
vn -0.0130 0.9999 0.0003
vn -0.5804 0.8143 -0.0085
vn -0.5863 0.8100 -0.0044
vn -0.1462 0.9807 -0.1297
vn -0.0249 0.9997 0.0008
vn -0.0247 0.9997 0.0005
vn -0.5657 0.8240 0.0307
vn 0.9032 0.4282 0.0310
vn 0.1647 0.9863 0.0043
vn 0.1804 0.9836 0.0035
vn 0.9084 0.4175 0.0245
vn 0.9023 0.4295 0.0362
vn 0.1601 0.9870 0.0112
vn 0.1727 0.9850 0.0041
vn -0.3507 0.9360 -0.0294
vn -0.3469 0.9379 -0.0094
vn -0.3582 0.9336 -0.0089
vn 0.7427 0.4683 0.4786
vn 0.7572 0.4502 0.4731
vn 0.8038 0.2824 0.5235
vn 0.8179 0.2487 0.5188
vn -0.8475 -0.0000 -0.5309
vn -0.4921 0.8137 -0.3095
vn -0.5131 0.8018 -0.3065
vn -0.8624 -0.0000 -0.5062
vn 0.7115 0.5236 0.4686
vn 0.8267 0.1905 0.5294
vn -0.4888 0.8231 -0.2889
vn -0.4972 0.8067 -0.3194
vn -0.8396 -0.0000 -0.5432
vn -0.8647 -0.0000 -0.5022
vn -0.3091 0.4205 0.8530
vn -0.1800 0.4455 0.8770
vn -0.0246 0.0683 0.9974
vn -0.2032 0.0644 0.9770
vn -0.2863 0.9409 -0.1808
vn -0.2793 0.9418 -0.1871
vn -0.2836 0.9410 -0.1846
vn -0.2690 0.9465 -0.1784
vn -0.3163 0.9239 -0.2153
vn -0.3127 0.9310 -0.1882
vn -0.2723 0.9433 -0.1898
vn -0.2877 0.9416 -0.1747
vn -0.2706 0.9520 -0.1433
vn -0.5635 0.7352 -0.3768
vn -0.8295 -0.0000 -0.5585
vn -0.7406 -0.0000 -0.6720
vn -0.5089 0.7610 -0.4024
vn -0.5638 0.7912 -0.2371
vn -0.9096 -0.0000 -0.4155
vn 0.6316 0.7747 0.0305
vn 0.6592 0.7392 0.1381
vn 0.9460 0.2131 0.2443
vn 0.9771 0.2065 0.0508
vn -0.1578 0.9658 -0.2057
vn -0.2892 0.9370 -0.1961
vn -0.3823 0.9086 -0.1683
vn -0.3050 0.9346 -0.1828
vn -0.0934 0.9740 -0.2063
vn -0.0899 0.9823 -0.1645
vn 0.0016 0.9890 -0.1481
vn -0.2492 0.9583 -0.1402
vn -0.2552 0.9552 -0.1498
vn -0.3997 0.8806 -0.2545
vn -0.3420 0.9124 -0.2248
vn -0.8217 -0.0000 -0.5699
vn -0.8663 -0.0000 -0.4996
vn 0.9046 0.4236 0.0469
vn 0.9779 0.2054 0.0400
vn -0.2154 0.9721 0.0928
vn -0.8374 0.3288 0.4368
vn -0.8833 0.4034 0.2389
vn -0.1679 0.9853 0.0314
vn -0.5525 0.8209 -0.1444
vn -0.9670 -0.0000 -0.2549
vn -0.3248 0.9430 -0.0720
vn -0.2973 0.9518 -0.0753
vn -0.3312 0.9433 -0.0214
vn -0.3403 0.9403 -0.0014
vn -0.3389 0.9407 -0.0138
vn -0.6015 0.7986 -0.0223
vn -0.5950 0.8037 -0.0108
vn -0.2969 0.9375 -0.1817
vn -0.3341 0.9290 -0.1594
vn -0.2973 0.9347 -0.1950
vn -0.2662 0.9425 -0.2019
vn -0.2701 0.9546 -0.1255
vn -0.2382 0.9620 -0.1336
vn -0.2610 0.9518 -0.1612
vn -0.2409 0.9462 -0.2160
vn -0.3024 0.9432 -0.1375
vn -0.3284 0.9314 -0.1572
vn -0.2865 0.9457 -0.1536
vn -0.3540 0.9325 -0.0709
vn -0.2803 0.9414 -0.1875
vn -0.2774 0.9446 -0.1753
vn -0.2707 0.9409 -0.2035
vn -0.2072 0.9529 -0.2216
vn -0.0948 0.9814 0.1672
vn -0.0841 0.9936 0.0756
vn -0.4134 0.8756 -0.2499
vn -0.8485 -0.0000 -0.5291
vn -0.1767 0.9655 -0.1911
vn -0.2139 0.9575 -0.1934
vn -0.2090 0.9634 -0.1677
vn 0.0034 1.0000 0.0016
vn 0.0004 1.0000 0.0008
vn 0.0440 0.9990 0.0033
vn 0.0277 0.9996 0.0007
vn 0.5962 0.8024 0.0253
vn 0.5788 0.8153 0.0187
vn -0.0062 0.9575 -0.2885
vn -0.0038 -0.0000 -1.0000
vn -0.4675 0.8417 -0.2703
vn -0.4531 0.8404 -0.2973
vn -0.8403 -0.0000 -0.5422
vn -0.8557 -0.0000 -0.5175
vn 0.7752 0.4588 0.4342
vn 0.8411 0.2515 0.4788
vn -0.3401 0.9403 0.0137
vn -0.3535 0.9354 0.0073
vn -0.3344 0.9420 -0.0272
vn -0.3433 0.9389 -0.0250
vn -0.5867 0.8097 0.0158
vn 0.1160 0.9915 0.0595
vn 0.1575 0.9847 0.0740
vn 0.0556 0.9981 0.0255
vn 0.0797 0.9968 0.0002
vn 0.8547 0.4672 0.2265
vn 0.0574 0.9934 0.0992
vn 0.0783 0.9945 0.0689
vn 0.0803 0.9945 0.0679
vn -0.0431 0.9837 0.1748
vn 0.0156 0.1247 0.9921
vn 0.1864 0.8058 0.5620
vn -0.2565 0.7154 0.6499
vn -0.0263 0.0704 0.9972
vn -0.4009 0.5549 -0.7290
vn -0.7030 -0.0000 -0.7112
vn 0.9781 0.2059 0.0313
vn -0.9975 -0.0000 -0.0702
vn -0.9991 -0.0000 0.0435
vn -0.6134 0.7886 0.0426
vn -0.6009 0.7983 -0.0419
vn 0.5345 0.7904 0.2992
vn 0.4933 0.8048 0.3301
vn 0.0367 0.9987 0.0355
vn 0.0394 0.9988 0.0280
vn 0.0894 0.9958 0.0222
vn -0.0131 0.9999 0.0053
vn -0.0038 1.0000 0.0083
vn 0.0245 0.9995 0.0183
vn 0.0322 0.9993 0.0203
vn 0.1915 0.9713 0.1410
vn 0.1279 0.9884 0.0823
vn 0.0431 0.9241 0.3796
vn 0.1453 0.9054 0.3988
vn 0.4336 0.5824 0.6876
vn 0.6005 0.6628 0.4474
vn 0.5614 0.7467 0.3569
vn 0.0775 0.4907 0.8679
vn 0.0093 0.9999 0.0095
vn 0.0158 0.9998 0.0092
vn 0.0687 0.9968 0.0413
vn 0.5216 0.7879 0.3273
vn 0.5079 0.8148 -0.2794
vn 0.4134 0.8742 -0.2547
vn 0.8503 -0.0000 -0.5263
vn 0.8815 -0.0000 -0.4721
vn 0.2111 0.9773 0.0189
vn 0.1980 0.9802 0.0098
vn -0.3423 0.9395 -0.0155
vn -0.3379 0.9412 -0.0012
vn 0.7518 0.3344 0.5683
vn 0.7913 0.1374 0.5958
vn 0.9789 0.1993 0.0441
vn 0.9142 0.4031 0.0416
vn 0.0052 0.2587 0.9659
vn 0.0107 0.8546 0.5192
vn 0.4152 0.6076 0.6771
vn 0.0931 0.1098 0.9896
vn 0.5675 0.8228 0.0320
vn 0.5583 0.8293 0.0256
vn 0.9747 0.2193 0.0427
vn 0.1995 0.0459 0.9788
vn 0.0099 0.9999 0.0100
vn 0.0099 1.0000 0.0012
vn -0.0002 0.0073 1.0000
vn -0.0052 0.2586 0.9660
vn 0.0002 0.0073 1.0000
vn 0.9109 0.4106 0.0413
vn 0.1973 0.0488 0.9791
vn -0.0059 1.0000 0.0002
vn -0.0066 1.0000 -0.0004
vn -0.0000 -0.0000 1.0000
vn -0.5706 0.8212 0.0049
vn -0.5984 0.8007 0.0290
vn -0.0506 0.9987 -0.0037
vn -0.0342 0.9994 -0.0038
vn -0.0077 0.9999 0.0153
vn -0.5500 0.8340 0.0441
vn -0.8859 -0.0000 0.4638
vn -0.2961 0.0001 0.9552
vn -0.2506 0.6967 0.6721
vn -0.0184 0.0519 0.9985
vn -0.3392 0.9406 -0.0157
vn -0.3390 0.9408 -0.0009
vn -0.9997 -0.0000 -0.0236
vn -0.0010 -0.0000 1.0000
vn -0.0013 -0.0000 1.0000
vn -0.9993 -0.0000 -0.0371
vn 0.0012 0.0045 1.0000
vn 0.9856 0.1687 0.0113
vn 0.9188 0.3946 0.0098
vn 0.0107 0.0062 0.9999
vn -0.0047 1.0000 -0.0032
vn -0.0061 1.0000 0.0003
vn 0.0352 0.9994 0.0022
vn 0.0045 1.0000 -0.0037
vn 0.0015 1.0000 0.0009
vn -0.0028 1.0000 -0.0026
vn 0.0064 1.0000 -0.0067
vn 0.0217 0.9998 0.0006
vn -0.6034 0.7971 -0.0225
vn -0.0001 1.0000 0.0007
vn -0.0013 1.0000 -0.0032
vn -0.0107 0.8546 0.5192
vn -0.0106 0.9999 -0.0013
vn -0.0293 0.9996 0.0012
vn -0.5981 0.8011 0.0237
vn -0.5987 0.8007 0.0216
vn -0.0254 0.9997 0.0025
vn -0.0079 1.0000 0.0024
vn 0.0221 0.9997 -0.0066
vn 0.0215 0.9881 -0.1526
vn 0.0077 0.9997 0.0224
vn 0.0057 1.0000 -0.0013
vn 0.0384 0.9993 0.0020
vn 0.0193 0.9998 0.0073
vn -0.0066 1.0000 0.0020
vn -0.0046 1.0000 -0.0002
vn 0.0424 0.9991 0.0034
vn 0.0516 0.9987 0.0050
vn -0.6022 0.7982 -0.0187
vn -0.9995 -0.0000 -0.0305
vn -0.5950 0.8025 -0.0433
vn -0.9981 -0.0000 -0.0620
vn -0.5702 0.8210 -0.0282
vn -0.9990 -0.0000 -0.0441
vn -0.5934 0.8049 -0.0033
vn -0.9999 -0.0000 -0.0116
vn -0.6008 0.7989 -0.0281
vn -0.9989 -0.0000 -0.0463
vn -0.5776 0.8159 -0.0275
vn -0.9989 -0.0000 -0.0466
vn -0.9996 -0.0000 -0.0289
vn -0.5603 0.8281 -0.0151
vn -0.3405 0.9401 -0.0182
vn -0.3266 0.9451 -0.0111
vn -0.5549 0.8313 -0.0318
vn -0.9985 -0.0000 -0.0543
vn -0.5266 0.8495 -0.0314
vn -0.9987 -0.0000 -0.0519
vn -0.5439 0.8391 0.0010
vn -1.0000 -0.0000 -0.0057
vn -0.5887 0.8083 -0.0075
vn -0.9997 -0.0000 -0.0241
vn -0.6064 0.7926 -0.0638
vn -0.9945 -0.0000 -0.1049
vn -0.5831 0.8067 -0.0959
vn -0.9871 -0.0000 -0.1603
vn -0.5545 0.8300 -0.0599
vn -0.9951 -0.0000 -0.0988
vn -0.5472 0.8370 0.0054
vn -0.9999 -0.0000 0.0113
vn -0.5689 0.8197 0.0660
vn -0.9921 -0.0000 0.1251
vn -0.5581 0.8295 -0.0214
vn -0.9993 -0.0000 -0.0368
vn -0.3601 0.9328 0.0108
vn -0.3307 0.9434 -0.0232
vn -0.5632 0.8263 -0.0065
vn -0.9997 -0.0000 -0.0226
vn -0.5612 0.8273 -0.0238
vn -0.9989 -0.0000 -0.0459
vn -0.9990 -0.0000 -0.0456
vn -0.5666 0.8236 -0.0264
vn -0.5698 0.8216 -0.0190
vn -0.9995 -0.0000 -0.0302
vn -0.5762 0.8151 -0.0597
vn -0.9948 -0.0000 -0.1015
vn -0.5350 0.8442 -0.0333
vn -0.9988 -0.0000 -0.0494
vn -0.9999 -0.0000 0.0156
vn -0.3371 0.9414 -0.0129
vn -0.3345 0.9423 -0.0119
vn -0.3233 0.9458 -0.0308
vn -0.3156 0.9488 -0.0151
vn -0.3232 0.9463 0.0069
vn -0.3382 0.9410 -0.0119
vn -0.3228 0.9464 -0.0121
vn -0.3204 0.9472 -0.0130
vn -0.3207 0.9471 -0.0099
vn -0.3190 0.9477 -0.0063
vn -0.3361 0.9415 -0.0239
vn -0.3618 0.9311 -0.0470
vn -0.3563 0.9326 -0.0570
vn -0.3715 0.9280 0.0266
vn -0.3751 0.9264 0.0330
vn -0.3460 0.9382 -0.0122
vn -0.3358 0.9416 -0.0245
vn -0.3252 0.9456 -0.0130
vn -0.3265 0.9452 -0.0008
vn -0.3395 0.9405 -0.0099
vn -0.3330 0.9426 -0.0254
vn -0.3222 0.9466 -0.0101
vn -0.3234 0.9459 -0.0262
vn -0.3291 0.9442 -0.0136
vn 0.9694 0.2361 0.0673
vn 0.9191 0.3904 0.0522
vn 0.9143 0.4048 0.0146
vn 0.9825 0.1835 0.0324
vn 0.9690 0.2452 0.0319
vn 0.9165 0.3987 0.0321
vn 0.9207 0.3884 0.0383
vn 0.9703 0.2384 0.0413
vn 0.5660 0.8243 0.0094
vn 0.5744 0.8186 0.0040
vn 0.9672 0.2538 0.0107
vn 0.9124 0.4093 -0.0042
vn 0.9096 0.4136 -0.0392
vn 0.9707 0.2385 -0.0293
vn 0.5175 0.8556 0.0127
vn 0.5240 0.8513 0.0270
vn 0.9839 0.1756 0.0329
vn 0.9165 0.3988 0.0327
vn 0.9035 0.4237 0.0646
vn 0.9742 0.2172 0.0610
vn 0.4977 0.8670 0.0242
vn 0.4883 0.8715 -0.0443
vn 0.4998 0.8661 -0.0039
vn 0.5399 0.8406 0.0449
vn 0.9820 0.1860 0.0335
vn 0.9205 0.3895 0.0315
vn 0.9145 0.4045 0.0085
vn 0.9859 0.1667 0.0130
vn 0.6022 0.7980 0.0212
vn 0.6154 0.7874 0.0345
vn 0.9859 0.1602 0.0488
vn 0.9817 0.1786 0.0667
vn 0.9010 0.4298 0.0600
vn 0.9100 0.4090 0.0672
vn 0.9825 0.1739 0.0668
vn 0.9157 0.3995 0.0443
vn 0.6137 0.7889 0.0302
vn 0.9817 0.1844 0.0483
vn 0.5995 0.8003 -0.0077
vn 0.9791 0.2033 0.0104
vn 0.9009 0.4340 0.0095
vn 0.8940 0.4465 0.0381
vn 0.9782 0.2029 0.0440
vn 0.5844 0.8113 0.0142
vn 0.5961 0.8007 0.0585
vn 0.9798 0.1955 0.0415
vn 0.9035 0.4269 0.0385
vn 0.9059 0.4233 0.0155
vn 0.9816 0.1905 0.0138
vn 0.5997 0.7993 0.0397
vn 0.5646 0.8251 0.0206
vn 0.9845 0.1739 0.0241
vn 0.9174 0.3973 0.0233
vn 0.9101 0.4127 0.0366
vn 0.9808 0.1918 0.0360
vn 0.5693 0.8221 0.0057
vn 0.6031 0.7975 0.0167
vn 0.9881 0.1485 0.0389
vn 0.9164 0.3987 0.0357
vn 0.9164 0.3985 0.0380
vn 0.9864 0.1592 0.0397
vn 0.6058 0.7949 0.0333
vn 0.5719 0.8201 0.0178
vn 0.9829 0.1829 0.0210
vn 0.9089 0.4168 0.0144
vn 0.9896 0.1399 0.0327
vn 0.5878 0.8089 0.0098
vn 0.6167 0.7868 0.0266
vn 0.9748 0.2201 0.0371
vn 0.8951 0.4450 0.0282
vn 0.6449 0.7638 0.0268
vn 0.6363 0.7710 0.0252
vn 0.9890 0.1432 0.0362
vn 0.9635 0.2676 0.0077
vn 0.8910 0.4541 0.0052
vn 0.8897 0.4559 0.0243
vn 0.9709 0.2384 0.0212
vn 0.9187 0.3934 0.0351
vn 0.6307 0.7757 0.0199
vn 0.5990 0.8007 0.0075
vn 0.9788 0.1951 0.0625
vn 0.9154 0.3978 0.0620
vn 0.9009 0.4309 0.0526
vn 0.9642 0.2593 0.0552
vn 0.5629 0.8262 0.0216
vn 0.5597 0.8285 0.0199
vn 0.9828 0.1822 0.0289
vn 0.9127 0.4079 0.0260
vn 0.9172 0.3973 0.0294
vn 0.9841 0.1750 0.0308
vn 0.5669 0.8238 0.0055
vn 0.5557 0.8308 0.0318
vn 0.9785 0.2039 0.0306
vn 0.9155 0.4013 0.0285
vn 0.9815 0.1889 0.0321
vn 0.5783 0.8150 0.0373
vn 0.5914 0.8061 0.0221
vn -0.8928 0.1340 0.4302
vn -0.9622 0.1529 0.2256
vn 0.5967 0.8023 0.0190
vn 0.5901 0.8071 0.0195
vn 1.0000 -0.0000 -0.0048
vn 0.6052 0.7960 0.0031
vn 0.5605 0.8271 0.0413
vn 0.9983 -0.0000 0.0582
vn 0.5861 0.8100 0.0181
vn -0.8954 0.4452 0.0113
vn -0.9707 0.2402 0.0073
vn -0.9588 0.2790 0.0531
vn -0.8682 0.4814 0.1209
vn -0.3381 0.9410 -0.0139
vn -0.3428 0.9393 -0.0158
vn -0.3317 0.9424 -0.0419
vn -0.3309 0.9434 -0.0201
vn -0.3226 0.9459 -0.0344
vn -0.3260 0.9441 -0.0490
vn -0.3402 0.9402 -0.0155
vn -0.3215 0.9468 -0.0140
vn -0.3230 0.9463 0.0098
vn -0.3388 0.9409 0.0050
vn -0.3097 0.9498 -0.0439
vn -0.3275 0.9448 -0.0110
vn -0.3293 0.9439 -0.0243
vn -0.3157 0.9477 -0.0470
vn -0.3660 0.9306 -0.0102
vn -0.3278 0.9446 -0.0140
vn -0.4040 0.9146 -0.0144
vn -0.3775 0.9252 -0.0387
vn -0.3222 0.9465 -0.0162
vn -0.3744 0.9266 -0.0360
vn -0.3764 0.9264 0.0089
vn -0.3330 0.9429 0.0035
vn -0.3492 0.9370 -0.0101
vn -0.3371 0.9414 -0.0100
vn -0.3200 0.9470 -0.0293
vn -0.3415 0.9394 -0.0307
vn -0.3302 0.9438 -0.0138
vn -0.3440 0.9389 -0.0114
vn -0.3751 0.9270 0.0037
vn -0.3331 0.9429 -0.0033
vn -0.3540 0.9351 -0.0187
vn -0.3758 0.9266 -0.0098
vn -0.3583 0.9331 -0.0307
vn -0.3688 0.9268 -0.0709
vn -0.3743 0.9270 -0.0258
vn -0.3685 0.9294 -0.0189
vn -0.3633 0.9317 0.0054
vn -0.3893 0.9194 0.0562
vn -0.3438 0.9390 -0.0115
vn -0.3492 0.9367 -0.0272
vn -0.3387 0.9408 -0.0097
vn -0.3567 0.9341 -0.0115
vn -0.3513 0.9362 0.0123
vn -0.3498 0.9368 0.0064
vn -0.3511 0.9363 -0.0078
vn -0.3518 0.9360 -0.0073
vn -0.3485 0.9369 -0.0265
vn -0.3427 0.9389 -0.0326
vn -0.3663 0.9305 -0.0090
vn -0.3436 0.9390 -0.0121
vn -0.3495 0.9369 -0.0112
vn -0.3599 0.9330 -0.0037
vn -0.3566 0.9342 -0.0141
vn -0.3581 0.9336 -0.0118
vn -0.3677 0.9299 -0.0124
vn -0.0465 0.9944 -0.0947
vn -0.0369 0.9989 -0.0281
vn -0.0448 0.9983 -0.0369
vn -0.0284 0.9978 -0.0594
vn 0.0558 0.9889 0.1379
vn -0.0572 0.9984 0.0035
vn -0.0348 0.9994 0.0021
vn -0.0708 0.9975 0.0054
vn -0.0326 0.9995 -0.0043
vn -0.0749 0.9969 -0.0230
vn -0.0292 0.9996 0.0014
vn -0.0668 0.9977 -0.0094
vn -0.0141 0.9999 0.0008
vn -0.0136 0.9999 0.0073
vn -0.0043 1.0000 0.0004
vn 0.0268 0.9996 0.0018
vn -0.0014 1.0000 0.0004
vn 0.0296 0.9996 0.0042
vn -0.0004 1.0000 -0.0001
vn 0.0312 0.9995 0.0018
vn -0.0148 0.9999 -0.0026
vn 0.0055 0.9999 -0.0149
vn -0.0294 0.9996 -0.0013
vn -0.0138 0.9999 -0.0020
vn -0.0133 0.9999 0.0050
vn 0.0074 0.9998 0.0177
vn -0.0088 1.0000 -0.0003
vn 0.0001 1.0000 -0.0011
vn -0.0063 1.0000 0.0034
vn 0.0232 0.9997 0.0088
vn 0.0024 1.0000 0.0024
vn 0.0259 0.9997 0.0043
vn 0.0006 1.0000 0.0007
vn 0.0076 1.0000 -0.0022
vn 0.0392 0.9992 -0.0002
vn 0.0201 0.9998 -0.0061
vn -0.0093 1.0000 -0.0031
vn -0.0131 0.9999 0.0007
vn -0.0057 1.0000 0.0023
vn -0.0066 1.0000 0.0016
vn 0.0124 0.9999 0.0047
vn 0.0016 1.0000 0.0011
vn 0.0286 0.9996 -0.0012
vn 0.0171 0.9999 0.0025
vn -0.5571 0.8301 0.0262
vn -0.5296 0.8482 0.0113
vn 0.0047 1.0000 -0.0033
vn -0.0151 0.9999 0.0017
vn 0.0249 0.9997 -0.0007
vn 0.0096 0.9999 -0.0034
vn 0.0151 0.9999 -0.0012
vn 0.0332 0.9994 -0.0000
vn 0.0104 0.9999 0.0034
vn 0.0312 0.9995 0.0029
vn 0.0269 0.9996 -0.0015
vn 0.0048 1.0000 0.0007
vn 0.2244 0.9745 -0.0039
vn 0.2454 0.9693 -0.0172
vn 0.2072 0.9776 -0.0372
vn 0.2164 0.9761 0.0173
vn 0.2363 0.9716 0.0093
vn 0.1758 0.9829 -0.0542
vn 0.2275 0.9716 -0.0650
vn 0.1310 0.9914 0.0075
vn 0.1599 0.9866 0.0317
vn 0.1604 0.9870 0.0122
vn 0.1380 0.9904 -0.0008
vn 0.1675 0.9855 -0.0273
vn 0.1730 0.9848 0.0139
vn 0.1642 0.9857 0.0377
vn 0.1887 0.9820 -0.0004
vn 0.1901 0.9818 -0.0020
vn 0.1513 0.9885 0.0082
vn 0.1727 0.9849 0.0111
vn 0.1877 0.9822 0.0011
vn 0.1969 0.9804 0.0040
vn 0.1917 0.9814 0.0122
vn 0.1785 0.9839 0.0114
vn 0.2173 0.9761 0.0082
vn 0.1377 0.9905 0.0017
vn 0.1873 0.9822 -0.0151
vn 0.1749 0.9846 0.0035
vn 0.1735 0.9847 0.0181
vn 0.2151 0.9765 0.0144
vn 0.1859 0.9825 0.0147
vn 0.1896 0.9818 0.0100
vn 0.2040 0.9790 0.0024
vn 0.2147 0.9767 0.0032
vn -0.6784 0.4766 0.5591
vn -0.5732 0.3113 0.7580
vn -0.5323 0.1196 0.8381
vn -0.7568 0.1947 0.6240
vn -0.7989 0.3260 0.5055
vn -0.7845 0.3924 0.4801
vn -0.8341 0.2067 0.5114
vn -0.8364 0.1343 0.5314
vn -0.9086 0.4176 0.0104
vn -0.2099 0.9774 -0.0269
vn -0.1907 0.9817 0.0021
vn -0.9078 0.4192 0.0136
vn -0.0550 0.9960 0.0700
vn 0.3284 0.9442 0.0262
vn 0.3328 0.9429 0.0153
vn -0.2269 0.9693 0.0943
vn 0.3405 0.9401 -0.0160
vn -0.1973 0.9803 0.0031
vn -0.7118 0.5373 0.4524
vn -0.8130 0.2367 0.5320
vn 0.1777 0.2236 0.9583
vn 0.5129 0.7066 0.4875
vn 0.2745 0.7605 0.5884
vn 0.0543 0.1520 0.9869
vn -0.9765 0.2064 0.0620
vn -0.9016 0.4284 0.0604
vn 0.2455 0.9523 -0.1814
vn 0.2439 0.9574 -0.1544
vn 0.3023 0.9301 -0.2086
vn 0.2826 0.9344 -0.2170
vn 0.2693 0.9528 -0.1400
vn 0.3238 0.9327 -0.1587
vn 0.2903 0.9411 -0.1732
vn 0.3352 0.9223 -0.1925
vn 0.3088 0.9249 -0.2217
vn 0.5973 0.8009 -0.0411
vn -0.2798 -0.0000 -0.9601
vn 0.2171 -0.0002 -0.9761
vn 0.9559 -0.0000 -0.2938
vn 0.4641 0.8446 -0.2671
vn 0.8729 -0.0000 -0.4880
vn 0.8399 -0.0000 -0.5427
vn 0.4401 0.8433 -0.3084
vn 0.1156 0.9733 -0.1985
vn 0.1639 0.9658 -0.2007
vn 0.1557 0.9702 -0.1856
vn 0.1024 0.9742 -0.2012
vn 0.2703 0.9500 -0.1561
vn 0.1888 0.9699 -0.1535
vn 0.9625 -0.0000 -0.2714
vn 0.5312 0.8328 -0.1557
vn 0.8051 -0.0000 -0.5932
vn 0.3653 0.8947 -0.2571
vn 0.4673 0.8463 -0.2558
vn 0.8567 -0.0000 -0.5158
vn -0.0060 0.0045 1.0000
vn -0.0030 0.0098 0.9999
vn -0.2611 0.1161 0.9583
vn -0.2126 0.0448 0.9761
vn 0.3479 0.9371 -0.0286
vn 0.3264 0.9399 -0.1004
vn 0.3278 0.9395 -0.0998
vn 0.3484 0.9368 -0.0328
vn 0.3319 0.9432 -0.0124
vn 0.2870 0.9527 -0.1001
vn 0.3599 0.9330 0.0001
vn 0.3534 0.9352 -0.0243
vn 0.2361 0.9571 -0.1678
vn 0.2394 0.9551 -0.1743
vn 0.3199 0.9328 -0.1660
vn 0.2847 0.9413 -0.1813
vn 0.3250 0.9273 -0.1857
vn 0.3702 0.9158 -0.1556
vn 0.3257 0.9355 -0.1369
vn 0.2410 0.9530 -0.1838
vn 0.2949 0.9387 -0.1786
vn 0.3029 0.9374 -0.1719
vn 0.2736 0.9486 -0.1589
vn 0.2086 0.9400 -0.2700
vn 0.2787 0.9357 -0.2164
vn -0.2476 0.8851 -0.3940
vn 0.2043 0.9529 -0.2243
vn -0.0892 0.9762 0.1976
vn 0.1809 0.9661 -0.1843
vn 0.1757 0.9627 -0.2056
vn 0.2251 0.9563 -0.1866
vn 0.0324 0.9994 0.0091
vn 0.0430 0.9987 0.0289
vn 0.0047 1.0000 0.0042
vn -0.4938 0.8666 0.0714
vn -0.0110 0.9999 -0.0085
vn 0.4947 0.8336 -0.2456
vn 0.8612 -0.0000 -0.5082
vn 0.7705 -0.0000 -0.6374
vn 0.4126 0.8491 -0.3297
vn -0.1418 0.8199 -0.5547
vn 0.3544 -0.0000 -0.9351
vn 0.8362 -0.0000 -0.5484
vn 0.4200 0.8600 -0.2898
vn -0.9218 0.3850 0.0453
vn -0.9856 0.1624 0.0463
vn -0.8134 0.1348 0.5659
vn -0.7828 0.3549 0.5111
vn 0.3679 0.9296 -0.0217
vn 0.3486 0.9372 -0.0084
vn -0.2155 0.9674 0.1333
vn -0.1710 0.9851 0.0163
vn -0.6512 0.7543 0.0832
vn -0.0776 0.9958 -0.0483
vn -0.2253 0.9457 0.2343
vn -0.0774 0.9956 0.0531
vn -0.0223 0.9990 0.0388
vn -0.4152 0.6078 0.6769
vn -0.0886 0.1098 0.9900
vn -0.9491 0.3063 0.0731
vn 0.5148 0.8572 -0.0114
vn 0.9998 -0.0000 -0.0217
vn -0.5842 0.7240 0.3667
vn -0.6363 0.7419 0.2116
vn -0.0796 0.9950 0.0611
vn -0.1035 0.9945 -0.0127
vn 0.0286 0.9996 -0.0081
vn 0.0134 0.9998 -0.0163
vn -0.0165 0.9996 -0.0232
vn -0.0200 0.9998 -0.0071
vn -0.0191 0.9997 0.0166
vn -0.1010 0.9922 0.0737
vn -0.1600 0.9797 0.1211
vn -0.0233 0.9996 0.0135
vn -0.5062 0.7888 0.3485
vn -0.5362 0.7289 0.4257
vn -0.4073 0.6277 0.6634
vn -0.1287 0.9148 0.3829
vn -0.0361 0.9267 0.3741
vn -0.0841 0.4954 0.8646
vn -0.0545 0.9977 0.0409
vn 0.0097 0.9999 -0.0051
vn -0.5409 0.7666 0.3461
vn 0.4785 0.7985 -0.3653
vn 0.8061 -0.0000 -0.5918
vn 0.3422 0.9396 -0.0018
vn 0.3565 0.9343 -0.0058
vn -0.2083 0.9781 0.0022
vn -0.2128 0.9769 0.0209
vn -0.1940 0.8413 0.5045
vn -0.9047 0.4180 0.0827
vn 0.5949 0.8037 -0.0108
vn 0.5962 0.8022 -0.0304
vn 0.3430 0.9392 -0.0155
vn 0.3402 0.9404 -0.0013
vn -0.0248 0.2396 0.9705
vn 0.2744 0.7659 0.5815
vn -0.6073 0.7937 0.0340
vn -0.5979 0.8014 0.0175
vn -0.0483 0.9988 0.0038
vn -0.0315 0.9994 0.0105
vn -0.9796 0.1999 0.0230
vn -0.9213 0.3884 0.0163
vn 0.0420 0.1170 0.9922
vn 0.2661 0.7397 0.6181
vn 0.5601 0.8270 -0.0489
vn 0.9959 -0.0000 -0.0908
vn 0.9997 -0.0000 -0.0236
vn 0.8985 -0.0000 0.4389
vn 0.3373 0.9414 -0.0009
vn 0.3386 0.9409 -0.0093
vn 0.0530 0.1467 0.9878
vn 0.3369 0.0001 0.9416
vn 0.9987 -0.0000 -0.0508
vn 0.9998 -0.0000 -0.0192
vn 0.5799 0.8146 -0.0094
vn 0.0049 0.0044 1.0000
vn -0.6075 0.7940 0.0229
vn -0.6019 0.7983 0.0220
vn -0.0163 0.9999 0.0008
vn -0.0229 0.9997 0.0019
vn 0.5698 0.8214 -0.0246
vn 0.9986 -0.0000 -0.0527
vn 0.9986 -0.0000 -0.0536
vn 0.5147 0.8569 -0.0291
vn -0.0141 0.9999 -0.0001
vn -0.0102 0.9999 -0.0020
vn -0.0004 1.0000 0.0001
vn -0.5938 0.8044 0.0207
vn -0.5880 0.8086 0.0187
vn -0.0126 0.9999 0.0008
vn -0.0116 0.9999 0.0008
vn 0.0073 0.9895 -0.1441
vn -0.0221 0.9997 0.0066
vn -0.0244 0.9997 0.0020
vn -0.0039 1.0000 -0.0003
vn -0.0101 0.9996 -0.0275
vn -0.0262 0.9919 0.1246
vn -0.0162 0.9832 0.1818
vn 0.5327 0.8463 0.0071
vn 1.0000 -0.0000 0.0091
vn 0.9999 -0.0000 -0.0106
vn 0.5629 0.8265 -0.0034
vn 0.5807 0.8125 -0.0519
vn 0.9975 -0.0000 -0.0705
vn 0.9944 -0.0000 -0.1059
vn 0.5812 0.8120 -0.0536
vn 0.6196 0.7847 -0.0181
vn 0.9994 -0.0000 -0.0336
vn 1.0000 -0.0000 0.0037
vn 0.6104 0.7921 -0.0039
vn 0.5665 0.8240 0.0105
vn 0.9998 -0.0000 0.0221
vn 1.0000 -0.0000 0.0035
vn 0.5730 0.8195 0.0047
vn 0.6041 0.7112 -0.3596
vn 0.9679 -0.0000 -0.2512
vn 0.9084 -0.0000 -0.4181
vn 0.5000 0.8113 -0.3030
vn 0.5781 0.8159 0.0093
vn 1.0000 -0.0000 0.0062
vn 0.9988 -0.0000 -0.0500
vn 0.5752 0.8174 -0.0327
vn 0.5306 0.8475 -0.0154
vn 0.9991 -0.0000 -0.0433
vn 0.9998 -0.0000 -0.0204
vn 0.5590 0.8291 -0.0067
vn 0.5550 0.8310 -0.0363
vn 0.9981 -0.0000 -0.0619
vn 0.9963 -0.0000 -0.0859
vn 0.5230 0.8512 -0.0440
vn 0.5489 0.8348 -0.0415
vn 0.9966 -0.0000 -0.0830
vn 0.9999 -0.0000 -0.0134
vn 0.5422 0.8399 -0.0252
vn 0.5056 0.8628 -0.0027
vn 1.0000 -0.0000 -0.0009
vn 1.0000 -0.0000 -0.0013
vn 0.5053 0.8630 0.0021
vn 0.5356 0.8437 -0.0358
vn 0.9974 -0.0000 -0.0724
vn 0.9995 -0.0000 -0.0304
vn 0.5155 0.8567 -0.0188
vn 0.5681 0.8230 -0.0037
vn 0.9998 -0.0000 -0.0184
vn 0.9983 -0.0000 -0.0590
vn 0.5476 0.8360 -0.0362
vn 0.4806 0.8764 -0.0312
vn 0.9972 -0.0000 -0.0752
vn 1.0000 -0.0000 0.0085
vn 0.4260 0.9047 0.0011
vn 0.5537 0.8325 0.0197
vn 0.9998 -0.0000 0.0189
vn 0.9993 -0.0000 -0.0375
vn 0.6168 0.7867 -0.0248
vn -0.9707 0.2398 0.0162
vn -0.5333 0.8459 -0.0040
vn -0.4843 0.8745 0.0256
vn -0.9635 0.2638 0.0459
vn 0.0001 -0.0000 1.0000
vn 0.0007 -0.0000 1.0000
vn 0.3413 0.9398 -0.0141
vn 0.3307 0.9434 -0.0247
vn 0.3446 0.9386 -0.0138
vn 0.3425 0.9395 0.0003
vn 0.3337 0.9427 -0.0054
vn 0.3499 0.9366 -0.0187
vn 0.3942 0.9190 -0.0109
vn 0.4233 0.9060 -0.0092
vn 0.4112 0.9114 -0.0153
vn 0.3635 0.9315 -0.0111
vn 0.3180 0.9480 -0.0111
vn 0.3108 0.9324 -0.1844
vn 0.2962 0.9532 -0.0602
vn 0.3185 0.9478 0.0129
vn 0.3221 0.9465 -0.0226
vn 0.3095 0.9509 -0.0076
vn 0.3028 0.9530 -0.0056
vn 0.3016 0.9532 -0.0211
vn 0.3301 0.9439 -0.0042
vn 0.3693 0.9289 -0.0285
vn 0.3663 0.9299 -0.0327
vn 0.3083 0.9511 -0.0180
vn 0.2882 0.9576 0.0015
vn 0.2893 0.9571 -0.0185
vn 0.3173 0.9482 -0.0169
vn 0.3201 0.9474 0.0041
vn 0.3162 0.9481 -0.0334
vn 0.2704 0.9617 -0.0439
vn 0.2714 0.9623 0.0204
vn 0.3070 0.9514 0.0243
vn 0.3314 0.9434 -0.0116
vn 0.6077 0.7937 -0.0259
vn 0.9991 -0.0000 -0.0414
vn -0.1678 0.9858 0.0049
vn -0.1947 0.9808 0.0124
vn -0.8922 0.4492 0.0471
vn -0.8992 0.4371 0.0214
vn -0.9621 0.2712 0.0286
vn -0.5554 0.8313 0.0208
vn -0.9664 0.2526 0.0478
vn -0.8967 0.4422 0.0165
vn -0.9664 0.2556 0.0258
vn -0.8993 0.4372 -0.0020
vn -0.9505 0.3106 -0.0037
vn -0.0317 0.9995 0.0051
vn -0.0142 0.9999 0.0013
vn 0.3589 0.9333 -0.0134
vn -0.9012 0.4332 0.0168
vn -0.9710 0.2388 0.0099
vn -0.9101 0.4105 0.0560
vn -0.9810 0.1849 0.0580
vn -0.4708 0.8822 0.0001
vn -0.9159 0.3969 0.0595
vn -0.9872 0.1449 0.0666
vn -0.9350 0.3444 0.0842
vn -0.9850 0.1038 0.1376
vn -0.5510 0.8344 -0.0108
vn -0.5740 0.8183 0.0307
vn -0.9547 0.1918 0.2274
vn -0.9683 0.1020 0.2279
vn -0.9821 0.1166 0.1482
vn -0.9133 0.3883 0.1231
vn -0.8753 0.4835 0.0015
vn -0.9761 0.2170 0.0087
vn -0.5837 0.8109 0.0426
vn -0.7670 0.6390 0.0590
vn -0.8495 0.5273 0.0177
vn -0.9741 0.2244 0.0270
vn -0.8760 0.4802 0.0456
vn -0.9757 0.2154 0.0410
vn -0.8634 0.4743 0.1719
vn -0.8058 0.5758 0.1384
vn -0.5923 0.8057 0.0078
vn -0.9074 0.4187 0.0352
vn -0.9834 0.1779 0.0355
vn -0.9139 0.4044 0.0347
vn -0.9864 0.1602 0.0369
vn -0.6132 0.7897 0.0161
vn -0.9146 0.4030 0.0330
vn -0.9862 0.1617 0.0358
vn -0.9030 0.4288 0.0271
vn -0.9844 0.1727 0.0335
vn -0.8917 0.4518 0.0274
vn -0.9822 0.1851 0.0304
vn -0.9000 0.4338 0.0414
vn -0.9832 0.1778 0.0403
vn -0.9147 0.4024 0.0369
vn -0.9858 0.1635 0.0395
vn -0.9138 0.4052 0.0284
vn -0.9862 0.1626 0.0313
vn -0.5940 0.8041 0.0240
vn -0.9106 0.4120 0.0333
vn -0.9841 0.1740 0.0371
vn -0.9096 0.4142 0.0327
vn -0.9875 0.1531 0.0369
vn -0.5976 0.8014 0.0240
vn -0.6023 0.7981 0.0190
vn -0.8908 0.4469 -0.0818
vn -0.9944 0.0967 0.0419
vn -0.9582 0.2824 0.0458
vn -0.9945 0.0956 0.0440
vn -0.5897 0.8073 0.0200
vn -0.5929 0.8051 0.0160
vn -0.9856 0.1602 0.0545
vn -0.9076 0.4167 0.0518
vn -0.9009 0.4274 0.0762
vn -0.9782 0.1898 0.0846
vn -0.8968 0.4402 0.0450
vn -0.9757 0.2139 0.0476
vn -0.7448 0.6671 -0.0148
vn -0.8174 0.5747 0.0412
vn -0.9027 0.4301 -0.0093
vn -0.9784 0.2064 -0.0136
vn -0.9167 0.3996 -0.0063
vn -0.9820 0.1886 -0.0066
vn -0.6126 0.7893 0.0413
vn -0.5955 0.8017 0.0513
vn -0.9652 0.2614 0.0111
vn -0.6543 0.7497 -0.0993
vn -0.6976 0.6938 0.1790
vn -0.9644 0.2632 0.0242
vn -0.9055 0.4216 0.0476
vn -0.9735 0.2230 0.0504
vn -0.9097 0.4133 0.0413
vn -0.9741 0.2218 0.0433
vn -0.9139 0.4005 -0.0661
vn -0.9530 0.3024 0.0197
vn -0.7404 0.6721 -0.0110
vn -0.6439 0.7643 0.0353
vn -0.5857 0.8100 0.0297
vn -0.9041 0.4064 0.1320
vn -0.2249 0.9679 0.1119
vn -0.5586 0.8291 0.0228
vn -0.4899 0.8717 0.0132
vn -0.9531 0.3012 0.0291
vn 0.3276 0.9447 -0.0118
vn 0.3416 0.9393 -0.0306
vn 0.3630 0.9318 0.0082
vn 0.3290 0.9443 -0.0008
vn -0.4960 0.8682 0.0164
vn 0.3449 0.9385 -0.0184
vn 0.3563 0.9341 -0.0235
vn 0.3677 0.9299 -0.0093
vn 0.3669 0.9302 -0.0088
vn 0.3681 0.9297 -0.0150
vn 0.3206 0.9470 -0.0214
vn 0.3376 0.9413 -0.0058
vn 0.3474 0.9375 -0.0190
vn 0.3519 0.9360 0.0012
vn 0.3670 0.9301 -0.0175
vn 0.3315 0.9434 -0.0080
vn 0.3706 0.9288 0.0080
vn 0.3839 0.9234 -0.0063
vn 0.3202 0.9473 -0.0063
vn 0.3499 0.9367 -0.0084
vn 0.3732 0.9274 -0.0273
vn 0.3493 0.9366 -0.0267
vn 0.3428 0.9319 -0.1184
vn 0.3570 0.9232 -0.1425
vn 0.3697 0.9168 -0.1509
vn 0.3352 0.9416 -0.0318
vn 0.3442 0.9387 -0.0183
vn 0.3397 0.9399 -0.0353
vn 0.3413 0.9397 -0.0218
vn 0.3230 0.9461 -0.0217
vn 0.3045 0.9510 0.0526
vn 0.3495 0.9369 -0.0077
vn 0.3475 0.9377 0.0048
vn 0.3549 0.9349 -0.0108
vn 0.3557 0.9346 -0.0050
vn 0.3473 0.9376 -0.0178
vn 0.3578 0.9337 -0.0163
vn 0.3529 0.9356 -0.0117
vn 0.3394 0.9403 -0.0239
vn 0.3459 0.9383 -0.0054
vn 0.3687 0.9295 -0.0031
vn 0.3702 0.9286 -0.0262
vn 0.3617 0.9322 0.0110
vn 0.3657 0.9304 -0.0244
vn 0.3264 0.9451 -0.0166
vn 0.3432 0.9392 0.0116
vn 0.3561 0.9338 -0.0356
vn 0.3505 0.9361 -0.0285
vn 0.3890 0.9207 -0.0304
vn 0.3500 0.9364 -0.0272
vn 0.3421 0.9395 -0.0150
vn 0.2352 0.9719 -0.0080
vn 0.3144 0.9380 -0.1460
vn 0.4034 0.8860 -0.2284
vn 0.4035 0.9146 -0.0267
vn 0.1952 0.9540 0.2276
vn 0.3442 0.9388 -0.0078
vn 0.3634 0.9316 -0.0124
vn 0.3475 0.9374 -0.0236
vn 0.3565 0.9342 -0.0074
vn 0.3278 0.9442 0.0307
vn 0.0778 0.9939 0.0776
vn 0.3222 0.9270 0.1920
vn 0.3378 0.9407 -0.0295
vn 0.3506 0.9354 -0.0452
vn 0.3639 0.9312 -0.0195
vn 0.3408 0.9400 -0.0158
vn 0.3728 0.9276 0.0215
vn 0.3449 0.9368 0.0583
vn 0.3358 0.9402 0.0576
vn 0.4308 0.8948 0.1171
vn 0.3692 0.9280 -0.0498
vn 0.3992 0.9169 0.0018
vn 0.3352 0.9420 -0.0162
vn 0.3697 0.9287 -0.0295
vn 0.0094 0.9998 -0.0154
vn 0.0091 1.0000 -0.0032
vn -0.0191 0.9998 0.0086
vn -0.0026 1.0000 0.0094
vn 0.3487 0.9369 -0.0243
vn 0.3365 0.9416 -0.0112
vn 0.3832 0.9237 0.0034
vn 0.3256 0.9453 -0.0202
vn -0.0040 1.0000 0.0010
vn -0.0056 1.0000 -0.0008
vn -0.0033 1.0000 0.0019
vn 0.0302 0.9995 0.0034
vn 0.0235 0.9997 0.0105
vn -0.1097 0.9766 -0.1850
vn -0.0918 0.9956 -0.0203
vn 0.0359 0.9904 0.1337
vn 0.0089 1.0000 -0.0015
vn -0.0019 1.0000 0.0028
vn 0.0017 1.0000 0.0011
vn -0.1499 0.9867 -0.0630
vn 0.1636 0.9610 -0.2232
vn -0.2482 0.9624 -0.1103
vn 0.0068 1.0000 0.0037
vn 0.1485 0.9752 -0.1643
vn 0.0468 0.9976 -0.0503
vn -0.1001 0.9870 0.1261
vn -0.1592 0.9806 0.1146
vn -0.0225 0.9997 -0.0002
vn -0.0076 1.0000 0.0034
vn -0.0275 0.9996 -0.0008
vn -0.0064 1.0000 -0.0009
vn -0.0024 1.0000 0.0010
vn -0.1962 0.9758 0.0962
vn -0.0005 1.0000 -0.0060
vn -0.1126 0.9886 -0.0995
vn 0.0058 1.0000 -0.0031
vn 0.0407 0.9885 -0.1455
vn -0.2506 0.9680 0.0141
vn -0.2562 0.9656 -0.0437
vn -0.0151 0.9999 0.0045
vn -0.0206 0.9998 0.0022
vn 0.0523 0.9986 -0.0072
vn 0.0383 0.9993 -0.0025
vn -0.2165 0.9762 -0.0109
vn -0.2134 0.9770 -0.0000
vn -0.1832 0.9830 0.0082
vn -0.1638 0.9865 0.0011
vn -0.2040 0.9787 0.0226
vn -0.1891 0.9722 -0.1381
vn -0.3823 0.9217 0.0654
vn -0.3420 0.9267 0.1559
vn -0.1645 0.9864 -0.0069
vn -0.1483 0.9889 -0.0002
vn -0.1824 0.9831 0.0163
vn -0.1957 0.9806 0.0065
vn -0.1904 0.9817 0.0076
vn -0.1850 0.9827 0.0054
vn -0.1498 0.9887 -0.0036
vn -0.1392 0.9902 0.0109
vn -0.1775 0.9840 0.0154
vn -0.2116 0.9773 0.0070
vn -0.1831 0.9831 -0.0004
vn -0.1422 0.9898 -0.0025
vn -0.1185 0.9929 -0.0046
vn -0.1190 0.9672 -0.2243
vn -0.1701 0.9847 0.0376
vn -0.1736 0.9844 0.0287
vn -0.1885 0.9819 0.0180
vn -0.2069 0.9783 0.0077
vn -0.2027 0.9792 -0.0034
vn -0.1981 0.9802 -0.0065
vn 0.4172 0.9033 -0.1002
vn 0.1381 0.9757 0.1700
vn -0.1284 0.9916 0.0162
vn -0.1978 0.9802 -0.0008
vn -0.2412 0.9641 -0.1114
vn 0.0069 -0.0000 1.0000
vn 0.0074 -0.0000 1.0000
vn -0.0023 -0.0000 1.0000
vn -0.0011 -0.0000 1.0000
vn 0.0067 0.0061 1.0000
vn -0.0004 -0.0000 1.0000
vn 0.0012 0.0029 1.0000
vn 0.0005 -0.0000 1.0000
vn 0.0002 1.0000 -0.0011
vn -0.0143 0.9999 0.0013
vn -0.0153 0.9999 -0.0003
vn 0.0152 0.9991 0.0397
vn 0.0148 0.9997 0.0195
vn 0.1462 0.9885 0.0378
vn -0.9615 0.2745 0.0121
vn -0.6669 0.7451 0.0107
vn -0.8922 0.4504 0.0331
vn -0.2461 0.9692 0.0016
vn -0.6543 0.7516 0.0834
vn 0.0638 0.9666 -0.2484
vn 0.3545 0.9164 -0.1858
vn -0.7647 0.6157 -0.1903
vn 0.3418 0.9397 -0.0128
vn -0.6366 0.7707 -0.0274
vn -0.9761 0.2172 0.0044
vn -0.1351 0.9820 0.1323
vn -0.7220 0.6876 0.0776
vn -0.1487 0.9616 0.2308
vn -0.9900 0.1349 0.0406
vn -0.8740 0.4528 0.1763
vn 0.0458 0.9951 -0.0874
vn -0.0405 0.9750 0.2184
vn 0.0066 0.9799 0.1992
vn -0.0608 0.9603 0.2721
vn 0.0585 0.9978 0.0306
vn 0.1058 0.9680 -0.2274
vn 0.0048 1.0000 0.0018
vn -0.2065 0.8451 -0.4932
vn 0.1494 0.9861 -0.0721
vn -0.0475 0.9567 -0.2872
vn -0.1680 0.9857 0.0100
vn -0.2216 0.9445 -0.2427
vn 0.0138 0.9605 0.2779
vn 0.0319 0.9994 -0.0147
vn 0.2146 0.8848 0.4136
vn 0.0561 0.9813 0.1841
vn -0.1357 0.9568 -0.2571
vn 0.2256 0.9536 0.1993
vn -0.0052 1.0000 -0.0029
vn -0.1306 0.9794 0.1543
vn 0.0010 0.9999 0.0129
vn -0.0016 1.0000 -0.0000
vn 0.0064 0.9999 0.0147
vn 0.0040 1.0000 -0.0029
vn -0.0020 1.0000 -0.0018
vn 0.0023 1.0000 -0.0053
vn 0.0008 1.0000 -0.0012
vn -0.4954 -0.6841 0.5354
vn -0.2580 -0.7149 0.6499
vn -0.0307 -0.0886 0.9956
vn -0.1547 -0.1992 0.9677
vn 0.2751 -0.5283 0.8032
vn 0.4328 -0.0950 0.8965
vn 0.7818 -0.1363 0.6084
vn 0.6856 -0.4930 0.5356
vn -0.5784 -0.8153 -0.0267
vn -0.5498 -0.8352 -0.0100
vn -0.0421 -0.9991 0.0008
vn -0.0130 -0.9999 0.0003
vn -0.0157 -0.9999 -0.0044
vn -0.0341 -0.9994 -0.0028
vn -0.5804 -0.8143 -0.0085
vn -0.5657 -0.8240 0.0307
vn -0.0247 -0.9997 0.0005
vn -0.0249 -0.9997 0.0008
vn -0.1462 -0.9807 -0.1297
vn -0.5863 -0.8100 -0.0044
vn 0.9032 -0.4282 0.0310
vn 0.9084 -0.4175 0.0245
vn 0.1804 -0.9836 0.0035
vn 0.1647 -0.9863 0.0043
vn 0.1601 -0.9870 0.0112
vn 0.9023 -0.4295 0.0362
vn -0.3469 -0.9379 -0.0094
vn -0.3507 -0.9360 -0.0294
vn 0.1727 -0.9850 0.0041
vn -0.3582 -0.9336 -0.0089
vn 0.7427 -0.4684 0.4786
vn 0.8179 -0.2487 0.5188
vn 0.8038 -0.2824 0.5235
vn 0.7572 -0.4502 0.4731
vn -0.5131 -0.8018 -0.3065
vn -0.4921 -0.8137 -0.3095
vn 0.7115 -0.5236 0.4686
vn 0.8267 -0.1905 0.5294
vn -0.4888 -0.8231 -0.2889
vn -0.4972 -0.8067 -0.3194
vn -0.3091 -0.4205 0.8530
vn -0.2032 -0.0644 0.9770
vn -0.0246 -0.0684 0.9974
vn -0.1800 -0.4455 0.8770
vn -0.2863 -0.9409 -0.1808
vn -0.2690 -0.9465 -0.1784
vn -0.2836 -0.9410 -0.1846
vn -0.2793 -0.9418 -0.1871
vn -0.3127 -0.9310 -0.1882
vn -0.3163 -0.9239 -0.2153
vn -0.2877 -0.9416 -0.1747
vn -0.2723 -0.9433 -0.1898
vn -0.2706 -0.9520 -0.1433
vn -0.5635 -0.7352 -0.3768
vn -0.5638 -0.7911 -0.2371
vn -0.5089 -0.7610 -0.4024
vn 0.6317 -0.7747 0.0305
vn 0.9771 -0.2065 0.0508
vn 0.9460 -0.2131 0.2443
vn 0.6592 -0.7392 0.1381
vn -0.1578 -0.9658 -0.2057
vn -0.3050 -0.9346 -0.1828
vn -0.3823 -0.9086 -0.1683
vn -0.2892 -0.9370 -0.1960
vn -0.0899 -0.9823 -0.1645
vn -0.0934 -0.9740 -0.2063
vn -0.2492 -0.9583 -0.1402
vn 0.0016 -0.9890 -0.1481
vn -0.2552 -0.9552 -0.1498
vn -0.3998 -0.8806 -0.2545
vn -0.3420 -0.9124 -0.2248
vn 0.9779 -0.2054 0.0400
vn 0.9046 -0.4236 0.0469
vn -0.2154 -0.9721 0.0928
vn -0.1680 -0.9853 0.0314
vn -0.8833 -0.4034 0.2389
vn -0.8374 -0.3287 0.4368
vn -0.5525 -0.8209 -0.1444
vn -0.3248 -0.9430 -0.0720
vn -0.3312 -0.9433 -0.0214
vn -0.2973 -0.9518 -0.0753
vn -0.3403 -0.9403 -0.0014
vn -0.5950 -0.8037 -0.0108
vn -0.6015 -0.7986 -0.0223
vn -0.3389 -0.9407 -0.0138
vn -0.2969 -0.9375 -0.1817
vn -0.2662 -0.9425 -0.2019
vn -0.2973 -0.9347 -0.1950
vn -0.3341 -0.9290 -0.1594
vn -0.2382 -0.9620 -0.1336
vn -0.2701 -0.9546 -0.1255
vn -0.2409 -0.9462 -0.2160
vn -0.2610 -0.9518 -0.1612
vn -0.3284 -0.9314 -0.1572
vn -0.3024 -0.9432 -0.1375
vn -0.2865 -0.9457 -0.1536
vn -0.3540 -0.9325 -0.0709
vn -0.2774 -0.9446 -0.1753
vn -0.2803 -0.9414 -0.1875
vn -0.2707 -0.9409 -0.2035
vn -0.2072 -0.9529 -0.2216
vn -0.0841 -0.9936 0.0756
vn -0.0948 -0.9814 0.1672
vn -0.4134 -0.8756 -0.2499
vn -0.2139 -0.9575 -0.1934
vn -0.1767 -0.9655 -0.1911
vn -0.2090 -0.9634 -0.1677
vn 0.0034 -1.0000 0.0016
vn 0.0277 -0.9996 0.0007
vn 0.0440 -0.9990 0.0033
vn 0.0004 -1.0000 0.0008
vn 0.5788 -0.8153 0.0187
vn 0.5962 -0.8024 0.0253
vn -0.0062 -0.9575 -0.2885
vn -0.4675 -0.8417 -0.2703
vn -0.4531 -0.8404 -0.2973
vn 0.8411 -0.2515 0.4788
vn 0.7752 -0.4588 0.4342
vn -0.3401 -0.9403 0.0137
vn -0.3433 -0.9389 -0.0250
vn -0.3344 -0.9420 -0.0272
vn -0.3535 -0.9354 0.0073
vn -0.5867 -0.8097 0.0158
vn 0.1575 -0.9847 0.0740
vn 0.1160 -0.9915 0.0595
vn 0.0556 -0.9981 0.0255
vn 0.0797 -0.9968 0.0002
vn 0.8547 -0.4672 0.2265
vn 0.0574 -0.9934 0.0992
vn 0.0783 -0.9945 0.0689
vn 0.0803 -0.9945 0.0679
vn -0.0431 -0.9837 0.1748
vn 0.0156 -0.1247 0.9921
vn -0.0263 -0.0705 0.9972
vn -0.2565 -0.7155 0.6499
vn 0.1864 -0.8058 0.5620
vn -0.4009 -0.5549 -0.7290
vn 0.9781 -0.2059 0.0313
vn -0.6009 -0.7983 -0.0419
vn -0.6134 -0.7886 0.0426
vn 0.5345 -0.7904 0.2992
vn 0.4933 -0.8048 0.3301
vn 0.0394 -0.9988 0.0280
vn 0.0367 -0.9987 0.0355
vn 0.0894 -0.9958 0.0222
vn -0.0038 -1.0000 0.0083
vn -0.0131 -0.9999 0.0053
vn 0.0245 -0.9995 0.0183
vn 0.1279 -0.9884 0.0823
vn 0.1915 -0.9713 0.1410
vn 0.0322 -0.9993 0.0203
vn 0.1453 -0.9054 0.3989
vn 0.0431 -0.9242 0.3796
vn 0.6005 -0.6628 0.4474
vn 0.4336 -0.5824 0.6876
vn 0.5614 -0.7467 0.3569
vn 0.0775 -0.4908 0.8678
vn 0.0093 -0.9999 0.0095
vn 0.0687 -0.9968 0.0413
vn 0.0158 -0.9998 0.0092
vn 0.5216 -0.7879 0.3274
vn 0.5079 -0.8148 -0.2794
vn 0.4134 -0.8742 -0.2547
vn 0.2111 -0.9773 0.0189
vn -0.3379 -0.9412 -0.0012
vn -0.3423 -0.9395 -0.0155
vn 0.1980 -0.9802 0.0098
vn 0.7518 -0.3344 0.5683
vn 0.9142 -0.4031 0.0416
vn 0.9789 -0.1993 0.0441
vn 0.7913 -0.1374 0.5958
vn 0.0052 -0.2586 0.9660
vn 0.0931 -0.1098 0.9896
vn 0.4152 -0.6075 0.6772
vn 0.0107 -0.8546 0.5192
vn 0.5675 -0.8228 0.0320
vn 0.9747 -0.2193 0.0427
vn 0.5583 -0.8293 0.0256
vn 0.1995 -0.0459 0.9788
vn 0.0099 -0.9999 0.0100
vn 0.0099 -1.0000 0.0012
vn -0.0002 -0.0073 1.0000
vn 0.0002 -0.0073 1.0000
vn -0.0052 -0.2586 0.9660
vn 0.9109 -0.4106 0.0413
vn 0.1973 -0.0488 0.9791
vn -0.0066 -1.0000 -0.0004
vn -0.0059 -1.0000 0.0002
vn -0.5706 -0.8212 0.0049
vn -0.5500 -0.8340 0.0441
vn -0.0077 -0.9999 0.0153
vn -0.0342 -0.9994 -0.0038
vn -0.0506 -0.9987 -0.0037
vn -0.5984 -0.8007 0.0290
vn -0.2506 -0.6968 0.6721
vn -0.0184 -0.0519 0.9985
vn -0.3390 -0.9408 -0.0009
vn -0.3392 -0.9406 -0.0157
vn 0.0012 -0.0045 1.0000
vn 0.9856 -0.1687 0.0113
vn 0.9188 -0.3946 0.0098
vn 0.0107 -0.0062 0.9999
vn -0.0047 -1.0000 -0.0032
vn 0.0045 -1.0000 -0.0037
vn 0.0352 -0.9994 0.0022
vn -0.0061 -1.0000 0.0003
vn 0.0015 -1.0000 0.0009
vn 0.0217 -0.9998 0.0006
vn 0.0064 -1.0000 -0.0067
vn -0.0028 -1.0000 -0.0026
vn -0.6034 -0.7971 -0.0225
vn -0.0001 -1.0000 0.0007
vn -0.0013 -1.0000 -0.0032
vn -0.0107 -0.8546 0.5192
vn -0.0106 -0.9999 -0.0013
vn -0.0079 -1.0000 0.0024
vn -0.0254 -0.9997 0.0025
vn -0.5987 -0.8007 0.0216
vn -0.5981 -0.8011 0.0237
vn -0.0293 -0.9996 0.0012
vn 0.0221 -0.9997 -0.0066
vn 0.0077 -0.9997 0.0224
vn 0.0215 -0.9881 -0.1526
vn 0.0057 -1.0000 -0.0013
vn 0.0193 -0.9998 0.0073
vn 0.0384 -0.9993 0.0020
vn -0.0066 -1.0000 0.0020
vn 0.0516 -0.9987 0.0050
vn 0.0424 -0.9991 0.0034
vn -0.0046 -1.0000 -0.0002
vn -0.6022 -0.7982 -0.0187
vn -0.5950 -0.8025 -0.0433
vn -0.5702 -0.8210 -0.0282
vn -0.5934 -0.8049 -0.0033
vn -0.6008 -0.7989 -0.0281
vn -0.5776 -0.8159 -0.0275
vn -0.5603 -0.8281 -0.0151
vn -0.3266 -0.9451 -0.0111
vn -0.3405 -0.9401 -0.0182
vn -0.5549 -0.8313 -0.0318
vn -0.5266 -0.8495 -0.0314
vn -0.5439 -0.8391 0.0010
vn -0.5887 -0.8083 -0.0075
vn -0.6064 -0.7926 -0.0638
vn -0.5831 -0.8067 -0.0959
vn -0.5545 -0.8300 -0.0599
vn -0.5472 -0.8370 0.0054
vn -0.5689 -0.8197 0.0660
vn -0.5581 -0.8295 -0.0214
vn -0.3601 -0.9328 0.0108
vn -0.3307 -0.9434 -0.0232
vn -0.5632 -0.8263 -0.0065
vn -0.5612 -0.8273 -0.0238
vn -0.5666 -0.8236 -0.0264
vn -0.5698 -0.8216 -0.0190
vn -0.5762 -0.8151 -0.0597
vn -0.5350 -0.8442 -0.0333
vn -0.3371 -0.9414 -0.0129
vn -0.3345 -0.9423 -0.0119
vn -0.3233 -0.9458 -0.0308
vn -0.3156 -0.9488 -0.0151
vn -0.3232 -0.9463 0.0069
vn -0.3382 -0.9410 -0.0119
vn -0.3228 -0.9464 -0.0121
vn -0.3204 -0.9472 -0.0130
vn -0.3207 -0.9471 -0.0099
vn -0.3190 -0.9477 -0.0063
vn -0.3361 -0.9415 -0.0239
vn -0.3618 -0.9311 -0.0470
vn -0.3563 -0.9326 -0.0570
vn -0.3715 -0.9280 0.0266
vn -0.3751 -0.9264 0.0330
vn -0.3460 -0.9382 -0.0122
vn -0.3358 -0.9416 -0.0245
vn -0.3252 -0.9456 -0.0130
vn -0.3265 -0.9452 -0.0008
vn -0.3395 -0.9405 -0.0099
vn -0.3330 -0.9426 -0.0254
vn -0.3222 -0.9466 -0.0101
vn -0.3234 -0.9459 -0.0262
vn -0.3291 -0.9442 -0.0136
vn 0.9694 -0.2361 0.0673
vn 0.9825 -0.1835 0.0324
vn 0.9143 -0.4048 0.0146
vn 0.9191 -0.3904 0.0522
vn 0.9690 -0.2452 0.0319
vn 0.9703 -0.2384 0.0413
vn 0.9207 -0.3884 0.0383
vn 0.9165 -0.3987 0.0321
vn 0.5660 -0.8243 0.0094
vn 0.5744 -0.8186 0.0040
vn 0.9672 -0.2538 0.0107
vn 0.9707 -0.2385 -0.0293
vn 0.9096 -0.4136 -0.0392
vn 0.9124 -0.4093 -0.0042
vn 0.5175 -0.8556 0.0127
vn 0.5240 -0.8513 0.0270
vn 0.9839 -0.1756 0.0329
vn 0.9742 -0.2172 0.0610
vn 0.9035 -0.4237 0.0646
vn 0.9165 -0.3988 0.0327
vn 0.4977 -0.8670 0.0242
vn 0.4883 -0.8715 -0.0443
vn 0.4998 -0.8661 -0.0039
vn 0.5399 -0.8406 0.0449
vn 0.9820 -0.1860 0.0335
vn 0.9859 -0.1667 0.0130
vn 0.9145 -0.4045 0.0085
vn 0.9205 -0.3895 0.0315
vn 0.6022 -0.7980 0.0212
vn 0.9859 -0.1602 0.0488
vn 0.6154 -0.7874 0.0345
vn 0.9817 -0.1786 0.0667
vn 0.9825 -0.1739 0.0668
vn 0.9100 -0.4091 0.0672
vn 0.9010 -0.4298 0.0600
vn 0.9157 -0.3995 0.0443
vn 0.9817 -0.1844 0.0483
vn 0.6137 -0.7889 0.0302
vn 0.5995 -0.8003 -0.0077
vn 0.9791 -0.2033 0.0104
vn 0.9782 -0.2029 0.0440
vn 0.8940 -0.4465 0.0381
vn 0.9009 -0.4340 0.0095
vn 0.5844 -0.8113 0.0142
vn 0.5961 -0.8007 0.0585
vn 0.9798 -0.1955 0.0415
vn 0.9816 -0.1905 0.0138
vn 0.9059 -0.4233 0.0155
vn 0.9035 -0.4269 0.0385
vn 0.5997 -0.7993 0.0397
vn 0.5646 -0.8251 0.0206
vn 0.9845 -0.1739 0.0241
vn 0.9808 -0.1918 0.0360
vn 0.9101 -0.4127 0.0366
vn 0.9174 -0.3973 0.0233
vn 0.5693 -0.8221 0.0057
vn 0.6031 -0.7975 0.0167
vn 0.9881 -0.1485 0.0389
vn 0.9864 -0.1592 0.0397
vn 0.9164 -0.3985 0.0380
vn 0.9164 -0.3987 0.0357
vn 0.6058 -0.7949 0.0333
vn 0.5719 -0.8201 0.0178
vn 0.9829 -0.1829 0.0210
vn 0.9896 -0.1399 0.0327
vn 0.9089 -0.4168 0.0144
vn 0.5878 -0.8089 0.0098
vn 0.6167 -0.7868 0.0266
vn 0.9748 -0.2201 0.0371
vn 0.8951 -0.4450 0.0282
vn 0.6449 -0.7638 0.0268
vn 0.9890 -0.1432 0.0362
vn 0.6363 -0.7710 0.0252
vn 0.9635 -0.2676 0.0077
vn 0.9709 -0.2384 0.0212
vn 0.8897 -0.4559 0.0243
vn 0.8910 -0.4541 0.0052
vn 0.9187 -0.3934 0.0351
vn 0.6307 -0.7757 0.0199
vn 0.5990 -0.8007 0.0075
vn 0.9788 -0.1951 0.0625
vn 0.9642 -0.2592 0.0552
vn 0.9009 -0.4309 0.0526
vn 0.9154 -0.3978 0.0620
vn 0.5629 -0.8262 0.0216
vn 0.5597 -0.8285 0.0199
vn 0.9828 -0.1822 0.0289
vn 0.9841 -0.1750 0.0308
vn 0.9172 -0.3973 0.0294
vn 0.9127 -0.4079 0.0260
vn 0.5669 -0.8237 0.0055
vn 0.5557 -0.8308 0.0318
vn 0.9785 -0.2039 0.0306
vn 0.9815 -0.1889 0.0321
vn 0.9155 -0.4013 0.0285
vn 0.5783 -0.8150 0.0373
vn 0.5914 -0.8061 0.0221
vn -0.9622 -0.1529 0.2256
vn -0.8928 -0.1340 0.4302
vn 0.5967 -0.8023 0.0190
vn 0.5901 -0.8071 0.0195
vn 0.5605 -0.8271 0.0413
vn 0.6052 -0.7960 0.0031
vn 0.5861 -0.8100 0.0181
vn -0.8954 -0.4452 0.0113
vn -0.8681 -0.4814 0.1209
vn -0.9588 -0.2790 0.0531
vn -0.9707 -0.2402 0.0073
vn -0.3381 -0.9410 -0.0139
vn -0.3428 -0.9393 -0.0158
vn -0.3309 -0.9434 -0.0201
vn -0.3317 -0.9424 -0.0419
vn -0.3226 -0.9459 -0.0344
vn -0.3260 -0.9441 -0.0490
vn -0.3215 -0.9468 -0.0140
vn -0.3402 -0.9402 -0.0155
vn -0.3230 -0.9463 0.0098
vn -0.3388 -0.9409 0.0050
vn -0.3275 -0.9448 -0.0110
vn -0.3097 -0.9498 -0.0439
vn -0.3293 -0.9439 -0.0243
vn -0.3157 -0.9477 -0.0470
vn -0.3278 -0.9446 -0.0140
vn -0.3660 -0.9306 -0.0102
vn -0.4040 -0.9146 -0.0144
vn -0.3222 -0.9465 -0.0162
vn -0.3775 -0.9252 -0.0387
vn -0.3744 -0.9266 -0.0360
vn -0.3330 -0.9429 0.0035
vn -0.3764 -0.9264 0.0089
vn -0.3492 -0.9370 -0.0101
vn -0.3371 -0.9414 -0.0100
vn -0.3415 -0.9394 -0.0307
vn -0.3200 -0.9470 -0.0293
vn -0.3302 -0.9438 -0.0138
vn -0.3440 -0.9389 -0.0114
vn -0.3331 -0.9429 -0.0033
vn -0.3751 -0.9270 0.0037
vn -0.3540 -0.9351 -0.0187
vn -0.3758 -0.9266 -0.0098
vn -0.3688 -0.9268 -0.0709
vn -0.3583 -0.9331 -0.0307
vn -0.3743 -0.9270 -0.0258
vn -0.3685 -0.9294 -0.0189
vn -0.3893 -0.9194 0.0562
vn -0.3633 -0.9317 0.0054
vn -0.3438 -0.9390 -0.0115
vn -0.3492 -0.9367 -0.0272
vn -0.3387 -0.9408 -0.0097
vn -0.3567 -0.9341 -0.0115
vn -0.3498 -0.9368 0.0064
vn -0.3513 -0.9362 0.0123
vn -0.3511 -0.9363 -0.0078
vn -0.3518 -0.9360 -0.0073
vn -0.3427 -0.9389 -0.0326
vn -0.3485 -0.9369 -0.0265
vn -0.3436 -0.9390 -0.0121
vn -0.3663 -0.9305 -0.0090
vn -0.3495 -0.9369 -0.0112
vn -0.3599 -0.9330 -0.0037
vn -0.3581 -0.9336 -0.0118
vn -0.3566 -0.9342 -0.0141
vn -0.3677 -0.9299 -0.0124
vn -0.0369 -0.9989 -0.0281
vn -0.0465 -0.9944 -0.0947
vn -0.0448 -0.9983 -0.0369
vn -0.0284 -0.9978 -0.0594
vn 0.0558 -0.9889 0.1379
vn -0.0572 -0.9984 0.0035
vn -0.0708 -0.9975 0.0054
vn -0.0348 -0.9994 0.0021
vn -0.0749 -0.9969 -0.0230
vn -0.0326 -0.9995 -0.0043
vn -0.0668 -0.9977 -0.0094
vn -0.0292 -0.9996 0.0014
vn -0.0136 -0.9999 0.0073
vn -0.0141 -0.9999 0.0008
vn 0.0268 -0.9996 0.0018
vn -0.0043 -1.0000 0.0004
vn 0.0296 -0.9996 0.0042
vn -0.0014 -1.0000 0.0004
vn 0.0312 -0.9995 0.0018
vn -0.0004 -1.0000 -0.0001
vn 0.0055 -0.9999 -0.0149
vn -0.0148 -0.9999 -0.0026
vn -0.0138 -0.9999 -0.0020
vn -0.0294 -0.9996 -0.0013
vn 0.0074 -0.9998 0.0177
vn -0.0133 -0.9999 0.0050
vn 0.0001 -1.0000 -0.0011
vn -0.0088 -1.0000 -0.0003
vn 0.0232 -0.9997 0.0088
vn -0.0063 -1.0000 0.0034
vn 0.0259 -0.9997 0.0043
vn 0.0024 -1.0000 0.0024
vn 0.0076 -1.0000 -0.0022
vn 0.0006 -1.0000 0.0007
vn 0.0392 -0.9992 -0.0002
vn 0.0201 -0.9998 -0.0061
vn -0.0093 -1.0000 -0.0031
vn -0.0057 -1.0000 0.0023
vn -0.0131 -0.9999 0.0007
vn 0.0124 -0.9999 0.0047
vn -0.0066 -1.0000 0.0016
vn 0.0286 -0.9996 -0.0012
vn 0.0016 -1.0000 0.0011
vn 0.0171 -0.9999 0.0025
vn -0.5571 -0.8301 0.0262
vn -0.0151 -0.9999 0.0017
vn 0.0047 -1.0000 -0.0033
vn -0.5296 -0.8482 0.0113
vn 0.0249 -0.9997 -0.0007
vn 0.0096 -0.9999 -0.0034
vn 0.0332 -0.9994 -0.0000
vn 0.0151 -0.9999 -0.0012
vn 0.0312 -0.9995 0.0029
vn 0.0104 -0.9999 0.0034
vn 0.0269 -0.9996 -0.0015
vn 0.0048 -1.0000 0.0007
vn 0.2244 -0.9745 -0.0039
vn 0.2072 -0.9776 -0.0372
vn 0.2454 -0.9693 -0.0172
vn 0.2363 -0.9716 0.0093
vn 0.2164 -0.9761 0.0173
vn 0.2275 -0.9716 -0.0650
vn 0.1758 -0.9829 -0.0542
vn 0.1599 -0.9866 0.0317
vn 0.1310 -0.9914 0.0075
vn 0.1604 -0.9870 0.0122
vn 0.1675 -0.9855 -0.0273
vn 0.1380 -0.9904 -0.0008
vn 0.1642 -0.9857 0.0377
vn 0.1730 -0.9848 0.0139
vn 0.1901 -0.9818 -0.0020
vn 0.1887 -0.9820 -0.0004
vn 0.1727 -0.9849 0.0111
vn 0.1513 -0.9885 0.0082
vn 0.1969 -0.9804 0.0040
vn 0.1877 -0.9822 0.0011
vn 0.1785 -0.9839 0.0114
vn 0.1917 -0.9814 0.0122
vn 0.2173 -0.9761 0.0082
vn 0.1873 -0.9822 -0.0151
vn 0.1377 -0.9905 0.0017
vn 0.1735 -0.9847 0.0181
vn 0.1749 -0.9846 0.0035
vn 0.1859 -0.9825 0.0147
vn 0.2151 -0.9765 0.0144
vn 0.2040 -0.9790 0.0024
vn 0.1896 -0.9818 0.0100
vn 0.2147 -0.9767 0.0032
vn -0.6784 -0.4766 0.5591
vn -0.7567 -0.1947 0.6240
vn -0.5323 -0.1196 0.8381
vn -0.5732 -0.3113 0.7580
vn -0.7989 -0.3260 0.5055
vn -0.8364 -0.1343 0.5314
vn -0.8341 -0.2067 0.5114
vn -0.7846 -0.3924 0.4801
vn -0.9086 -0.4176 0.0104
vn -0.9078 -0.4192 0.0136
vn -0.1907 -0.9817 0.0021
vn -0.2099 -0.9774 -0.0269
vn -0.0550 -0.9960 0.0700
vn -0.2269 -0.9693 0.0943
vn 0.3328 -0.9429 0.0153
vn 0.3284 -0.9442 0.0262
vn -0.1973 -0.9803 0.0031
vn 0.3405 -0.9401 -0.0160
vn -0.7118 -0.5373 0.4524
vn -0.8130 -0.2367 0.5320
vn 0.1777 -0.2235 0.9583
vn 0.0543 -0.1519 0.9869
vn 0.2745 -0.7605 0.5884
vn 0.5129 -0.7066 0.4875
vn -0.9016 -0.4284 0.0604
vn -0.9765 -0.2064 0.0620
vn 0.2455 -0.9523 -0.1814
vn 0.2826 -0.9344 -0.2170
vn 0.3023 -0.9301 -0.2086
vn 0.2439 -0.9574 -0.1544
vn 0.3238 -0.9327 -0.1587
vn 0.2693 -0.9528 -0.1400
vn 0.3352 -0.9223 -0.1925
vn 0.2903 -0.9411 -0.1732
vn 0.3088 -0.9249 -0.2217
vn 0.5973 -0.8009 -0.0411
vn 0.4641 -0.8446 -0.2671
vn 0.4401 -0.8433 -0.3084
vn 0.1156 -0.9733 -0.1985
vn 0.1024 -0.9742 -0.2012
vn 0.1557 -0.9702 -0.1856
vn 0.1639 -0.9658 -0.2007
vn 0.1888 -0.9699 -0.1535
vn 0.2703 -0.9500 -0.1561
vn 0.5312 -0.8328 -0.1557
vn 0.4673 -0.8463 -0.2558
vn 0.3653 -0.8947 -0.2570
vn -0.0060 -0.0045 1.0000
vn -0.2126 -0.0448 0.9761
vn -0.2611 -0.1162 0.9583
vn -0.0030 -0.0098 0.9999
vn 0.3479 -0.9371 -0.0286
vn 0.3484 -0.9368 -0.0328
vn 0.3278 -0.9395 -0.0998
vn 0.3264 -0.9399 -0.1004
vn 0.2870 -0.9527 -0.1001
vn 0.3319 -0.9432 -0.0124
vn 0.3599 -0.9330 0.0001
vn 0.3534 -0.9352 -0.0243
vn 0.2361 -0.9571 -0.1678
vn 0.2847 -0.9413 -0.1813
vn 0.3199 -0.9328 -0.1660
vn 0.2394 -0.9551 -0.1743
vn 0.3250 -0.9273 -0.1857
vn 0.3257 -0.9355 -0.1369
vn 0.3702 -0.9158 -0.1556
vn 0.2410 -0.9530 -0.1838
vn 0.3029 -0.9374 -0.1719
vn 0.2949 -0.9387 -0.1786
vn 0.2736 -0.9486 -0.1589
vn 0.2787 -0.9357 -0.2164
vn 0.2086 -0.9400 -0.2700
vn 0.2043 -0.9529 -0.2243
vn -0.2476 -0.8851 -0.3940
vn -0.0892 -0.9762 0.1976
vn 0.1757 -0.9627 -0.2056
vn 0.1809 -0.9661 -0.1843
vn 0.2251 -0.9563 -0.1866
vn 0.0324 -0.9994 0.0091
vn 0.0047 -1.0000 0.0042
vn 0.0430 -0.9987 0.0289
vn -0.4938 -0.8666 0.0714
vn -0.0110 -0.9999 -0.0085
vn 0.4947 -0.8336 -0.2456
vn 0.4127 -0.8491 -0.3297
vn -0.1418 -0.8199 -0.5547
vn 0.4200 -0.8600 -0.2898
vn -0.9218 -0.3850 0.0454
vn -0.7828 -0.3549 0.5111
vn -0.8134 -0.1348 0.5659
vn -0.9856 -0.1624 0.0463
vn 0.3679 -0.9296 -0.0217
vn 0.3486 -0.9372 -0.0084
vn -0.2155 -0.9674 0.1333
vn -0.1710 -0.9851 0.0163
vn -0.6512 -0.7543 0.0832
vn -0.0776 -0.9958 -0.0483
vn -0.2253 -0.9457 0.2343
vn -0.0223 -0.9990 0.0388
vn -0.0774 -0.9956 0.0531
vn -0.4152 -0.6078 0.6769
vn -0.0886 -0.1098 0.9900
vn -0.9491 -0.3063 0.0731
vn 0.5148 -0.8573 -0.0114
vn -0.6363 -0.7419 0.2116
vn -0.5843 -0.7240 0.3668
vn -0.1035 -0.9945 -0.0127
vn -0.0796 -0.9950 0.0611
vn 0.0134 -0.9998 -0.0163
vn 0.0286 -0.9996 -0.0081
vn -0.0165 -0.9996 -0.0232
vn -0.0200 -0.9998 -0.0071
vn -0.0191 -0.9997 0.0166
vn -0.0233 -0.9996 0.0135
vn -0.1600 -0.9797 0.1211
vn -0.1010 -0.9922 0.0737
vn -0.5362 -0.7289 0.4257
vn -0.5062 -0.7889 0.3485
vn -0.1286 -0.9149 0.3827
vn -0.4073 -0.6278 0.6634
vn -0.0361 -0.9267 0.3740
vn -0.0841 -0.4956 0.8645
vn 0.0097 -0.9999 -0.0051
vn -0.0545 -0.9977 0.0409
vn -0.5409 -0.7666 0.3461
vn 0.4785 -0.7985 -0.3653
vn 0.3422 -0.9396 -0.0018
vn -0.2128 -0.9769 0.0209
vn -0.2083 -0.9781 0.0022
vn 0.3565 -0.9343 -0.0058
vn -0.1940 -0.8413 0.5045
vn -0.9047 -0.4180 0.0827
vn 0.5949 -0.8037 -0.0108
vn 0.3402 -0.9404 -0.0013
vn 0.3430 -0.9392 -0.0155
vn 0.5962 -0.8022 -0.0304
vn -0.0248 -0.2397 0.9705
vn 0.2744 -0.7659 0.5815
vn -0.6073 -0.7937 0.0340
vn -0.0315 -0.9994 0.0105
vn -0.0483 -0.9988 0.0038
vn -0.5979 -0.8014 0.0175
vn -0.9796 -0.1999 0.0230
vn -0.9213 -0.3884 0.0163
vn 0.0420 -0.1170 0.9922
vn 0.2661 -0.7396 0.6182
vn 0.5601 -0.8270 -0.0489
vn 0.3373 -0.9414 -0.0009
vn 0.3386 -0.9409 -0.0093
vn 0.0530 -0.1468 0.9878
vn 0.5799 -0.8146 -0.0094
vn 0.0049 -0.0044 1.0000
vn -0.6075 -0.7940 0.0229
vn -0.0229 -0.9997 0.0019
vn -0.0163 -0.9999 0.0008
vn -0.6019 -0.7983 0.0220
vn 0.5698 -0.8214 -0.0246
vn 0.5147 -0.8569 -0.0291
vn -0.0141 -0.9999 -0.0001
vn -0.0004 -1.0000 0.0001
vn -0.0102 -0.9999 -0.0020
vn -0.5938 -0.8044 0.0207
vn -0.0116 -0.9999 0.0008
vn -0.0126 -0.9999 0.0008
vn -0.5880 -0.8086 0.0187
vn 0.0073 -0.9895 -0.1441
vn -0.0221 -0.9997 0.0066
vn -0.0039 -1.0000 -0.0003
vn -0.0244 -0.9997 0.0020
vn -0.0162 -0.9832 0.1818
vn -0.0262 -0.9919 0.1246
vn -0.0101 -0.9996 -0.0275
vn 0.5327 -0.8463 0.0071
vn 0.5629 -0.8265 -0.0034
vn 0.5807 -0.8125 -0.0519
vn 0.5812 -0.8120 -0.0536
vn 0.6196 -0.7847 -0.0181
vn 0.6104 -0.7921 -0.0039
vn 0.5665 -0.8240 0.0105
vn 0.5730 -0.8195 0.0047
vn 0.6041 -0.7112 -0.3596
vn 0.5000 -0.8113 -0.3030
vn 0.5781 -0.8159 0.0093
vn 0.5752 -0.8174 -0.0327
vn 0.5306 -0.8475 -0.0154
vn 0.5590 -0.8291 -0.0067
vn 0.5550 -0.8310 -0.0363
vn 0.5230 -0.8512 -0.0440
vn 0.5489 -0.8348 -0.0415
vn 0.5422 -0.8399 -0.0252
vn 0.5056 -0.8628 -0.0027
vn 0.5053 -0.8630 0.0021
vn 0.5356 -0.8437 -0.0358
vn 0.5155 -0.8567 -0.0188
vn 0.5681 -0.8230 -0.0037
vn 0.5476 -0.8360 -0.0362
vn 0.4806 -0.8764 -0.0312
vn 0.4260 -0.9047 0.0011
vn 0.5537 -0.8325 0.0197
vn 0.6168 -0.7867 -0.0248
vn -0.9707 -0.2398 0.0162
vn -0.9635 -0.2638 0.0459
vn -0.4843 -0.8745 0.0256
vn -0.5333 -0.8459 -0.0040
vn 0.3413 -0.9398 -0.0141
vn 0.3307 -0.9434 -0.0247
vn 0.3446 -0.9386 -0.0138
vn 0.3425 -0.9395 0.0003
vn 0.3337 -0.9427 -0.0054
vn 0.3499 -0.9366 -0.0187
vn 0.3942 -0.9190 -0.0109
vn 0.4233 -0.9060 -0.0092
vn 0.4112 -0.9114 -0.0153
vn 0.3635 -0.9315 -0.0111
vn 0.3180 -0.9480 -0.0111
vn 0.3108 -0.9324 -0.1844
vn 0.2962 -0.9532 -0.0602
vn 0.3185 -0.9478 0.0129
vn 0.3221 -0.9465 -0.0226
vn 0.3095 -0.9509 -0.0076
vn 0.3028 -0.9530 -0.0056
vn 0.3016 -0.9532 -0.0211
vn 0.3301 -0.9439 -0.0042
vn 0.3693 -0.9289 -0.0285
vn 0.3663 -0.9299 -0.0327
vn 0.3083 -0.9511 -0.0180
vn 0.2882 -0.9576 0.0015
vn 0.2893 -0.9571 -0.0185
vn 0.3173 -0.9482 -0.0169
vn 0.3201 -0.9474 0.0041
vn 0.3162 -0.9481 -0.0334
vn 0.2704 -0.9617 -0.0439
vn 0.2714 -0.9623 0.0204
vn 0.3070 -0.9514 0.0243
vn 0.3314 -0.9434 -0.0116
vn 0.6077 -0.7937 -0.0259
vn -0.1678 -0.9858 0.0049
vn -0.8992 -0.4371 0.0214
vn -0.8922 -0.4492 0.0471
vn -0.1947 -0.9808 0.0124
vn -0.9621 -0.2712 0.0286
vn -0.5554 -0.8313 0.0208
vn -0.9664 -0.2526 0.0478
vn -0.9664 -0.2556 0.0258
vn -0.8967 -0.4422 0.0165
vn -0.9505 -0.3106 -0.0037
vn -0.8993 -0.4372 -0.0020
vn -0.0317 -0.9995 0.0051
vn -0.0142 -0.9999 0.0013
vn 0.3589 -0.9333 -0.0134
vn -0.9710 -0.2388 0.0099
vn -0.9012 -0.4332 0.0168
vn -0.9810 -0.1849 0.0580
vn -0.9101 -0.4105 0.0560
vn -0.4708 -0.8822 0.0001
vn -0.9872 -0.1449 0.0666
vn -0.9159 -0.3969 0.0595
vn -0.9850 -0.1038 0.1376
vn -0.9350 -0.3444 0.0842
vn -0.5510 -0.8344 -0.0108
vn -0.5740 -0.8183 0.0307
vn -0.9683 -0.1020 0.2279
vn -0.9547 -0.1918 0.2274
vn -0.9821 -0.1166 0.1482
vn -0.9761 -0.2170 0.0087
vn -0.8753 -0.4835 0.0015
vn -0.9133 -0.3883 0.1231
vn -0.5837 -0.8109 0.0426
vn -0.7670 -0.6390 0.0590
vn -0.9741 -0.2244 0.0270
vn -0.8495 -0.5273 0.0177
vn -0.9757 -0.2154 0.0410
vn -0.8760 -0.4802 0.0456
vn -0.8634 -0.4743 0.1719
vn -0.8058 -0.5758 0.1384
vn -0.5923 -0.8057 0.0078
vn -0.9834 -0.1779 0.0355
vn -0.9074 -0.4187 0.0352
vn -0.9864 -0.1602 0.0369
vn -0.9139 -0.4044 0.0347
vn -0.6132 -0.7897 0.0161
vn -0.9862 -0.1617 0.0358
vn -0.9146 -0.4030 0.0330
vn -0.9844 -0.1727 0.0335
vn -0.9030 -0.4288 0.0271
vn -0.9822 -0.1851 0.0304
vn -0.8917 -0.4518 0.0274
vn -0.9832 -0.1778 0.0403
vn -0.9000 -0.4338 0.0414
vn -0.9858 -0.1635 0.0395
vn -0.9147 -0.4024 0.0369
vn -0.9862 -0.1626 0.0313
vn -0.9138 -0.4052 0.0284
vn -0.5940 -0.8041 0.0240
vn -0.9841 -0.1740 0.0371
vn -0.9106 -0.4120 0.0333
vn -0.9875 -0.1531 0.0369
vn -0.9096 -0.4142 0.0327
vn -0.5976 -0.8014 0.0240
vn -0.6023 -0.7981 0.0190
vn -0.9944 -0.0967 0.0419
vn -0.8908 -0.4469 -0.0818
vn -0.9944 -0.0956 0.0440
vn -0.9582 -0.2824 0.0458
vn -0.5897 -0.8073 0.0200
vn -0.5929 -0.8051 0.0160
vn -0.9856 -0.1602 0.0545
vn -0.9782 -0.1898 0.0846
vn -0.9009 -0.4274 0.0762
vn -0.9076 -0.4167 0.0518
vn -0.9757 -0.2139 0.0476
vn -0.8968 -0.4402 0.0450
vn -0.7448 -0.6671 -0.0148
vn -0.8174 -0.5747 0.0412
vn -0.9784 -0.2064 -0.0136
vn -0.9027 -0.4301 -0.0093
vn -0.9820 -0.1886 -0.0066
vn -0.9167 -0.3996 -0.0063
vn -0.6126 -0.7893 0.0413
vn -0.5955 -0.8017 0.0513
vn -0.9652 -0.2614 0.0111
vn -0.9644 -0.2632 0.0242
vn -0.6976 -0.6938 0.1790
vn -0.6543 -0.7497 -0.0993
vn -0.9735 -0.2230 0.0504
vn -0.9055 -0.4216 0.0476
vn -0.9741 -0.2218 0.0433
vn -0.9097 -0.4133 0.0413
vn -0.9530 -0.3024 0.0197
vn -0.9139 -0.4005 -0.0661
vn -0.7404 -0.6721 -0.0110
vn -0.6439 -0.7643 0.0353
vn -0.5857 -0.8100 0.0297
vn -0.2249 -0.9679 0.1119
vn -0.9041 -0.4064 0.1320
vn -0.5586 -0.8291 0.0228
vn -0.4899 -0.8717 0.0132
vn -0.9531 -0.3012 0.0291
vn 0.3276 -0.9447 -0.0118
vn 0.3290 -0.9443 -0.0008
vn 0.3630 -0.9318 0.0082
vn 0.3416 -0.9393 -0.0306
vn -0.4960 -0.8682 0.0164
vn 0.3449 -0.9385 -0.0184
vn 0.3563 -0.9341 -0.0235
vn 0.3677 -0.9299 -0.0093
vn 0.3669 -0.9302 -0.0088
vn 0.3681 -0.9297 -0.0150
vn 0.3376 -0.9413 -0.0058
vn 0.3206 -0.9470 -0.0214
vn 0.3474 -0.9375 -0.0190
vn 0.3519 -0.9360 0.0012
vn 0.3315 -0.9434 -0.0080
vn 0.3670 -0.9301 -0.0175
vn 0.3706 -0.9288 0.0080
vn 0.3839 -0.9234 -0.0063
vn 0.3499 -0.9367 -0.0084
vn 0.3202 -0.9473 -0.0063
vn 0.3732 -0.9274 -0.0273
vn 0.3493 -0.9366 -0.0267
vn 0.3697 -0.9168 -0.1509
vn 0.3570 -0.9232 -0.1425
vn 0.3428 -0.9319 -0.1184
vn 0.3442 -0.9387 -0.0183
vn 0.3352 -0.9416 -0.0318
vn 0.3397 -0.9399 -0.0353
vn 0.3230 -0.9461 -0.0217
vn 0.3413 -0.9397 -0.0218
vn 0.3045 -0.9510 0.0526
vn 0.3495 -0.9369 -0.0077
vn 0.3475 -0.9377 0.0048
vn 0.3557 -0.9346 -0.0050
vn 0.3549 -0.9349 -0.0108
vn 0.3473 -0.9376 -0.0178
vn 0.3529 -0.9356 -0.0117
vn 0.3578 -0.9337 -0.0163
vn 0.3394 -0.9403 -0.0239
vn 0.3459 -0.9383 -0.0054
vn 0.3702 -0.9286 -0.0262
vn 0.3687 -0.9295 -0.0031
vn 0.3617 -0.9322 0.0110
vn 0.3657 -0.9304 -0.0244
vn 0.3432 -0.9392 0.0116
vn 0.3264 -0.9451 -0.0166
vn 0.3561 -0.9338 -0.0356
vn 0.3505 -0.9361 -0.0285
vn 0.3500 -0.9364 -0.0272
vn 0.3890 -0.9207 -0.0304
vn 0.3421 -0.9395 -0.0150
vn 0.3144 -0.9380 -0.1460
vn 0.2352 -0.9719 -0.0080
vn 0.4035 -0.9146 -0.0267
vn 0.4034 -0.8860 -0.2284
vn 0.1952 -0.9540 0.2276
vn 0.3634 -0.9316 -0.0124
vn 0.3442 -0.9388 -0.0078
vn 0.3565 -0.9342 -0.0074
vn 0.3475 -0.9374 -0.0236
vn 0.3278 -0.9442 0.0307
vn 0.3222 -0.9270 0.1920
vn 0.0778 -0.9939 0.0776
vn 0.3378 -0.9407 -0.0295
vn 0.3506 -0.9354 -0.0452
vn 0.3408 -0.9400 -0.0158
vn 0.3639 -0.9312 -0.0195
vn 0.3728 -0.9276 0.0215
vn 0.3358 -0.9402 0.0576
vn 0.3449 -0.9368 0.0583
vn 0.3692 -0.9280 -0.0498
vn 0.4308 -0.8948 0.1171
vn 0.3992 -0.9169 0.0018
vn 0.3352 -0.9420 -0.0162
vn 0.3697 -0.9287 -0.0295
vn 0.0094 -0.9998 -0.0154
vn -0.0026 -1.0000 0.0094
vn -0.0191 -0.9998 0.0086
vn 0.0091 -1.0000 -0.0032
vn 0.3487 -0.9369 -0.0243
vn 0.3365 -0.9416 -0.0112
vn 0.3832 -0.9237 0.0034
vn 0.3256 -0.9453 -0.0202
vn -0.0040 -1.0000 0.0010
vn -0.0056 -1.0000 -0.0008
vn -0.0033 -1.0000 0.0019
vn 0.0302 -0.9995 0.0034
vn 0.0235 -0.9997 0.0105
vn -0.1097 -0.9766 -0.1850
vn -0.0918 -0.9956 -0.0203
vn 0.0359 -0.9904 0.1337
vn 0.0089 -1.0000 -0.0015
vn -0.0019 -1.0000 0.0028
vn 0.0017 -1.0000 0.0011
vn 0.1636 -0.9610 -0.2232
vn -0.1499 -0.9867 -0.0630
vn -0.2482 -0.9624 -0.1103
vn 0.0068 -1.0000 0.0037
vn 0.0468 -0.9976 -0.0503
vn 0.1485 -0.9752 -0.1643
vn -0.1001 -0.9870 0.1261
vn -0.0076 -1.0000 0.0034
vn -0.0225 -0.9997 -0.0002
vn -0.1592 -0.9806 0.1146
vn -0.0064 -1.0000 -0.0009
vn -0.0275 -0.9996 -0.0008
vn -0.0024 -1.0000 0.0010
vn -0.1962 -0.9758 0.0962
vn -0.0005 -1.0000 -0.0060
vn -0.1126 -0.9886 -0.0995
vn 0.0058 -1.0000 -0.0031
vn 0.0407 -0.9885 -0.1455
vn -0.2506 -0.9680 0.0141
vn -0.2562 -0.9656 -0.0437
vn -0.0206 -0.9998 0.0022
vn -0.0151 -0.9999 0.0045
vn 0.0523 -0.9986 -0.0072
vn 0.0383 -0.9993 -0.0025
vn -0.2165 -0.9762 -0.0109
vn -0.2134 -0.9770 -0.0000
vn -0.1832 -0.9830 0.0082
vn -0.1638 -0.9865 0.0011
vn -0.2040 -0.9787 0.0226
vn -0.1891 -0.9722 -0.1381
vn -0.3823 -0.9217 0.0653
vn -0.1645 -0.9864 -0.0069
vn -0.3420 -0.9267 0.1559
vn -0.1483 -0.9889 -0.0002
vn -0.1824 -0.9831 0.0163
vn -0.1957 -0.9806 0.0065
vn -0.1904 -0.9817 0.0076
vn -0.1850 -0.9827 0.0054
vn -0.1498 -0.9887 -0.0036
vn -0.1392 -0.9902 0.0109
vn -0.1775 -0.9840 0.0154
vn -0.2116 -0.9773 0.0070
vn -0.1831 -0.9831 -0.0004
vn -0.1422 -0.9898 -0.0025
vn -0.1185 -0.9929 -0.0046
vn -0.1190 -0.9672 -0.2243
vn -0.1701 -0.9847 0.0376
vn -0.1885 -0.9819 0.0180
vn -0.1736 -0.9844 0.0287
vn -0.2069 -0.9783 0.0077
vn -0.2027 -0.9792 -0.0034
vn -0.1981 -0.9802 -0.0065
vn 0.1381 -0.9757 0.1700
vn 0.4172 -0.9033 -0.1002
vn -0.1284 -0.9916 0.0162
vn -0.1978 -0.9802 -0.0008
vn -0.2412 -0.9641 -0.1114
vn 0.0067 -0.0061 1.0000
vn 0.0012 -0.0029 1.0000
vn 0.0002 -1.0000 -0.0011
vn -0.0143 -0.9999 0.0013
vn -0.0153 -0.9999 -0.0003
vn 0.0152 -0.9991 0.0397
vn 0.0148 -0.9997 0.0195
vn 0.1462 -0.9885 0.0378
vn -0.9615 -0.2745 0.0121
vn -0.6669 -0.7451 0.0107
vn -0.8922 -0.4504 0.0331
vn -0.2461 -0.9692 0.0016
vn -0.6543 -0.7516 0.0834
vn 0.0638 -0.9666 -0.2484
vn 0.3545 -0.9164 -0.1858
vn -0.7647 -0.6157 -0.1903
vn 0.3418 -0.9397 -0.0128
vn -0.6366 -0.7707 -0.0274
vn -0.9761 -0.2172 0.0044
vn -0.1351 -0.9820 0.1323
vn -0.7220 -0.6876 0.0776
vn -0.1487 -0.9616 0.2308
vn -0.9900 -0.1349 0.0406
vn -0.8740 -0.4528 0.1763
vn 0.0458 -0.9951 -0.0874
vn -0.0405 -0.9750 0.2184
vn 0.0066 -0.9799 0.1992
vn 0.0585 -0.9978 0.0306
vn -0.0608 -0.9603 0.2721
vn 0.1058 -0.9680 -0.2274
vn 0.0048 -1.0000 0.0018
vn -0.2065 -0.8451 -0.4932
vn -0.0475 -0.9567 -0.2872
vn 0.1494 -0.9861 -0.0721
vn -0.2216 -0.9445 -0.2427
vn -0.1680 -0.9857 0.0100
vn 0.0138 -0.9605 0.2779
vn 0.0319 -0.9994 -0.0147
vn 0.2146 -0.8848 0.4136
vn 0.0561 -0.9813 0.1841
vn -0.1357 -0.9568 -0.2571
vn 0.2256 -0.9536 0.1993
vn -0.0052 -1.0000 -0.0029
vn -0.1306 -0.9794 0.1543
vn 0.0010 -0.9999 0.0129
vn -0.0016 -1.0000 -0.0000
vn 0.0064 -0.9999 0.0147
vn 0.0040 -1.0000 -0.0029
vn -0.0020 -1.0000 -0.0018
vn 0.0023 -1.0000 -0.0053
vn 0.0008 -1.0000 -0.0012
vn -0.2359 0.4119 0.8802
vn -0.2235 0.5046 0.8340
vn -0.4317 0.5046 0.7477
vn -0.4556 0.4119 0.7892
vn -0.6105 0.5046 0.6105
vn -0.6443 0.4119 0.6443
vn -0.7477 0.5046 0.4317
vn -0.7892 0.4119 0.4556
vn -0.8340 0.5046 0.2235
vn -0.8802 0.4119 0.2358
vn -0.8634 0.5046 -0.0000
vn -0.9112 0.4119 -0.0000
vn -0.8340 0.5046 -0.2235
vn -0.8802 0.4119 -0.2358
vn -0.7477 0.5046 -0.4317
vn -0.7892 0.4119 -0.4556
vn -0.6105 0.5046 -0.6105
vn -0.6443 0.4119 -0.6443
vn -0.4317 0.5046 -0.7477
vn -0.4556 0.4119 -0.7892
vn -0.2235 0.5045 -0.8340
vn -0.2359 0.4119 -0.8802
vn 0.2359 0.4119 0.8802
vn 0.4556 0.4119 0.7892
vn 0.4317 0.5045 0.7477
vn 0.2235 0.5045 0.8340
vn 0.0301 0.9932 0.1122
vn 0.0581 0.9932 0.1006
vn 0.0821 0.9932 0.0821
vn 0.1006 0.9932 0.0581
vn 0.1122 0.9932 0.0301
vn 0.1162 0.9932 -0.0000
vn 0.1122 0.9932 -0.0301
vn 0.1006 0.9932 -0.0581
vn 0.0821 0.9932 -0.0821
vn 0.0581 0.9932 -0.1006
vn 0.0301 0.9932 -0.1122
vn -0.0000 0.9932 -0.1162
vn -0.0301 0.9932 -0.1122
vn -0.0581 0.9932 -0.1006
vn -0.0821 0.9932 -0.0821
vn -0.1006 0.9932 -0.0581
vn -0.1122 0.9932 -0.0301
vn -0.1162 0.9932 -0.0000
vn -0.1122 0.9932 0.0301
vn -0.1006 0.9932 0.0581
vn -0.0821 0.9932 0.0821
vn -0.0581 0.9932 0.1006
vn -0.0301 0.9932 0.1122
vn -0.0000 0.9932 0.1162
vn -0.0000 0.4119 0.9112
vn -0.0000 0.5046 0.8634
vn 0.6443 0.4119 0.6443
vn 0.6105 0.5046 0.6105
vn 0.7892 0.4119 0.4556
vn 0.7477 0.5046 0.4317
vn 0.8802 0.4119 0.2358
vn 0.8340 0.5046 0.2235
vn 0.9112 0.4119 -0.0000
vn 0.8634 0.5046 -0.0000
vn 0.8802 0.4119 -0.2358
vn 0.8340 0.5046 -0.2235
vn 0.7892 0.4119 -0.4556
vn 0.7477 0.5046 -0.4317
vn 0.6443 0.4119 -0.6443
vn 0.6105 0.5046 -0.6105
vn 0.4556 0.4119 -0.7892
vn 0.4317 0.5046 -0.7477
vn 0.2359 0.4119 -0.8802
vn 0.2235 0.5045 -0.8340
vn -0.0000 0.5045 -0.8634
vn -0.0000 0.4119 -0.9112
vn -0.0000 0.7246 0.6892
vn -0.1784 0.7246 0.6657
vn -0.0000 0.9185 0.3954
vn -0.1023 0.9185 0.3819
vn -0.3446 0.7246 0.5968
vn -0.1977 0.9185 0.3424
vn -0.4873 0.7246 0.4873
vn -0.2796 0.9185 0.2796
vn -0.5968 0.7246 0.3446
vn -0.3424 0.9185 0.1977
vn -0.6657 0.7246 0.1784
vn -0.3819 0.9185 0.1023
vn -0.6892 0.7246 -0.0000
vn -0.3954 0.9185 -0.0000
vn -0.6657 0.7246 -0.1784
vn -0.3819 0.9185 -0.1023
vn -0.5968 0.7246 -0.3446
vn -0.3424 0.9185 -0.1977
vn -0.4873 0.7246 -0.4873
vn -0.2796 0.9185 -0.2796
vn -0.3446 0.7246 -0.5968
vn -0.1977 0.9185 -0.3424
vn -0.1784 0.7246 -0.6657
vn -0.1023 0.9185 -0.3819
vn -0.0000 0.7246 -0.6892
vn -0.0000 0.9185 -0.3954
vn 0.1023 0.9185 0.3819
vn 0.1784 0.7246 0.6657
vn 0.1977 0.9185 0.3424
vn 0.3446 0.7246 0.5968
vn 0.2796 0.9185 0.2796
vn 0.4873 0.7246 0.4873
vn 0.3424 0.9185 0.1977
vn 0.5968 0.7246 0.3446
vn 0.3819 0.9185 0.1023
vn 0.6657 0.7246 0.1784
vn 0.3954 0.9185 -0.0000
vn 0.6892 0.7246 -0.0000
vn 0.3819 0.9185 -0.1023
vn 0.6657 0.7246 -0.1784
vn 0.3424 0.9185 -0.1977
vn 0.5968 0.7246 -0.3446
vn 0.2796 0.9185 -0.2796
vn 0.4873 0.7246 -0.4873
vn 0.1977 0.9185 -0.3424
vn 0.3446 0.7246 -0.5968
vn 0.1023 0.9185 -0.3819
vn 0.1784 0.7246 -0.6657
vn -0.0000 0.1093 0.9940
vn -0.6293 0.0869 0.7723
vn -0.6428 -0.0000 0.7660
vn -0.9801 0.0250 0.1968
vn -0.9848 -0.0000 0.1736
vn -0.8756 -0.0531 -0.4801
vn -0.8660 -0.0000 -0.5000
vn -0.3484 -0.1072 -0.9312
vn -0.3420 -0.0000 -0.9397
vn 0.3484 -0.1072 -0.9312
vn 0.3420 -0.0000 -0.9397
vn 0.8756 -0.0531 -0.4801
vn 0.8660 -0.0000 -0.5000
vn 0.9801 0.0250 0.1968
vn 0.9848 -0.0000 0.1736
vn 0.3587 -0.9101 0.2077
vn -0.3587 -0.9101 0.2077
vn -0.3587 -0.7298 0.5820
vn 0.3587 -0.7298 0.5820
vn 0.6293 0.0869 0.7723
vn 0.6428 -0.0000 0.7660
vn -0.8756 -0.0531 0.4801
vn -0.9801 0.0250 -0.1968
vn -0.9848 -0.0000 -0.1736
vn -0.8660 -0.0000 0.5000
vn 0.9755 0.2146 -0.0490
vn 0.8871 -0.4501 0.1027
vn 0.8871 -0.3609 0.2878
vn 0.9755 0.1721 -0.1373
vn -0.6198 0.3405 -0.7070
vn -0.0000 0.4339 -0.9010
vn -0.0000 0.1093 -0.9940
vn -0.6293 0.0869 -0.7723
vn -0.6198 0.6135 -0.4893
vn -0.0000 0.7818 -0.6235
vn 0.6198 0.3405 -0.7070
vn 0.6293 0.0869 -0.7723
vn 0.8756 -0.0531 0.4801
vn 0.3484 -0.1072 0.9312
vn 0.3420 -0.0000 0.9397
vn 0.8660 -0.0000 0.5000
vn -0.9755 0.2146 -0.0490
vn -0.6198 0.7651 -0.1746
vn -0.9755 0.1721 -0.1373
vn -0.0000 0.9749 -0.2225
vn 0.6198 0.7651 -0.1746
vn 0.6198 0.6135 -0.4893
vn -0.8871 -0.4501 0.1027
vn -0.8871 -0.3609 0.2878
vn 0.9801 0.0250 -0.1968
vn 0.9848 -0.0000 -0.1736
vn 0.6428 -0.0000 -0.7660
vn 0.9755 0.0955 -0.1983
vn 0.8871 -0.2003 0.4159
vn -0.9755 0.0955 -0.1983
vn -0.8871 -0.2003 0.4159
vn -0.3587 -0.9101 -0.2077
vn -0.8871 -0.4501 -0.1027
vn -0.9755 0.2146 0.0490
vn -0.6198 0.7651 0.1746
vn 0.3587 -0.9101 -0.2077
vn -0.0000 0.9749 0.2225
vn 0.9755 0.2146 0.0490
vn 0.8871 -0.4501 -0.1027
vn 0.6198 0.7651 0.1746
vn 0.8871 -0.3609 -0.2878
vn 0.3587 -0.7298 -0.5820
vn -0.3587 -0.7298 -0.5820
vn -0.8871 -0.3609 -0.2878
vn 0.6198 0.6135 0.4893
vn 0.9755 0.1721 0.1373
vn -0.9755 0.1721 0.1373
vn -0.6198 0.6135 0.4893
vn -0.0000 0.7818 0.6235
vn 0.8871 -0.2003 -0.4159
vn 0.3587 -0.4050 -0.8410
vn 0.9755 0.0955 0.1983
vn 0.6198 0.3405 0.7070
vn -0.3587 -0.4050 -0.8410
vn -0.8871 -0.2003 -0.4159
vn -0.0000 0.4339 0.9010
vn -0.6198 0.3405 0.7070
vn -0.9755 0.0955 0.1983
vn -0.3587 -0.4050 0.8410
vn 0.3587 -0.4050 0.8410
vn -0.3484 -0.1072 0.9312
vn -0.6428 -0.0000 -0.7660
vn -0.3420 -0.0000 0.9397
vn -0.0000 -0.0000 -1.0000
vn -0.5026 -0.8634 -0.0431
vn -0.5235 -0.8448 -0.1104
vn -0.1410 -0.9896 0.0267
vn 0.0035 -1.0000 0.0067
vn -0.5530 -0.8330 -0.0176
vn -0.5302 -0.8477 -0.0195
vn 0.0003 -0.9983 -0.0585
vn -0.0145 -0.9969 -0.0771
vn 0.0144 -0.9998 -0.0135
vn 0.4984 -0.8669 0.0066
vn 0.5113 -0.8581 -0.0477
vn 0.8498 -0.5270 0.0001
vn 0.8476 -0.5306 -0.0084
vn 0.9999 -0.0158 0.0014
vn 0.9995 -0.0183 -0.0270
vn 0.8671 0.4902 0.0883
vn 0.8593 0.5115 0.0028
vn 0.4753 0.8643 0.1648
vn 0.4907 0.8705 0.0391
vn -0.0122 0.9984 0.0550
vn 0.0099 0.9999 -0.0093
vn -0.4534 0.8824 -0.1254
vn -0.4544 0.8889 -0.0580
vn -0.8563 0.4802 -0.1903
vn -0.8760 0.4784 -0.0612
vn -0.9966 -0.0645 -0.0510
vn -0.9973 -0.0714 -0.0187
vn -0.8667 -0.4987 0.0088
vn -0.8633 -0.5046 0.0044
vn -0.5679 -0.8158 0.1095
vn -0.5543 -0.8318 -0.0274
vn -0.0602 -0.9979 0.0245
vn 0.0186 -0.9988 0.0457
vn 0.4631 -0.8841 0.0624
vn 0.5652 -0.8246 0.0246
vn 0.9160 -0.3973 0.0550
vn 0.9121 -0.4093 0.0220
vn 0.9899 0.1347 0.0448
vn 0.9964 0.0820 0.0200
vn 0.8720 0.4870 0.0498
vn 0.8572 0.5138 0.0334
vn 0.5616 0.8261 0.0466
vn 0.5073 0.8584 0.0763
vn 0.0400 0.9988 -0.0273
vn 0.0757 0.9939 0.0803
vn -0.4847 0.8667 -0.1183
vn -0.4529 0.8900 0.0534
vn -0.8687 0.4691 -0.1592
vn -0.8603 0.5081 0.0423
vn -0.9941 -0.0213 -0.1061
vn -0.9971 0.0064 0.0758
vn -0.8735 -0.4843 -0.0498
vn -0.8780 -0.4652 0.1130
vn -0.8898 -0.4564 -0.0040
vn -0.5428 -0.8393 0.0316
vn -0.0812 -0.9932 0.0839
vn 0.6087 -0.7931 0.0245
vn 0.4986 -0.8562 0.1356
vn 0.8533 -0.4550 0.2548
vn 0.8595 -0.4340 0.2701
vn 0.5352 -0.8247 0.1828
vn 0.9795 -0.0124 0.2012
vn 0.9387 -0.0669 0.3382
vn 0.8706 0.4727 0.1366
vn 0.8758 0.4126 0.2504
vn 0.5064 0.8586 0.0793
vn 0.5089 0.8487 0.1439
vn 0.0149 0.9991 0.0400
vn -0.0094 0.9896 0.1432
vn -0.4972 0.8670 0.0332
vn -0.4850 0.8625 0.1445
vn -0.8743 0.4853 0.0110
vn -0.8676 0.4864 0.1038
vn -0.9985 0.0458 -0.0287
vn -0.9962 0.0376 0.0791
vn -0.8808 -0.4731 0.0202
vn -0.8540 -0.4921 0.1689
vn -0.4551 -0.8901 0.0258
vn -0.4624 -0.8566 0.2289
vn 0.4431 -0.8843 0.1472
vn 0.4936 -0.8680 0.0547
vn 0.9052 -0.3840 0.1820
vn 0.8829 -0.4658 0.0600
vn 0.9766 0.2005 0.0781
vn 0.9971 0.0757 0.0107
vn 0.8672 0.4973 0.0246
vn 0.8756 0.4822 -0.0272
vn 0.5490 0.8356 0.0218
vn 0.5359 0.8443 -0.0009
vn 0.0124 0.9999 0.0105
vn -0.0016 0.9998 0.0208
vn -0.4642 0.8839 -0.0569
vn -0.4982 0.8656 0.0508
vn -0.8981 0.4267 -0.1060
vn -0.8967 0.4368 0.0713
vn -0.9954 -0.0345 -0.0899
vn -0.9995 0.0066 0.0305
vn -0.8621 -0.4923 -0.1200
vn -0.9059 -0.4227 -0.0269
vn -0.5170 -0.8550 -0.0407
vn -0.5765 -0.7983 0.1742
vn -0.1052 -0.9942 -0.0217
vn -0.5911 -0.8062 -0.0257
vn -0.9920 0.0376 -0.1208
vn -0.8380 0.4984 -0.2221
vn -0.5874 0.7914 -0.1695
vn -0.0320 0.9900 -0.1377
vn 0.5383 0.8416 -0.0442
vn 0.8627 0.5055 0.0158
vn 0.9934 0.1151 -0.0030
vn 0.8929 -0.4470 -0.0548
vn 0.4456 -0.8944 -0.0382
vn -0.0680 -0.9976 0.0146
vn -0.9153 -0.4019 -0.0265
vn -0.5124 -0.8584 -0.0251
vn -0.9973 0.0711 -0.0177
vn -0.8671 0.4967 0.0378
vn -0.5636 0.8247 0.0462
vn -0.0429 0.9990 -0.0097
vn 0.5093 0.8596 -0.0409
vn 0.8591 0.5081 -0.0606
vn 0.9947 0.0415 -0.0937
vn 0.8725 -0.4731 -0.1217
vn 0.4733 -0.8751 -0.1008
vn 0.0277 -0.9987 -0.0419
vn -0.5168 -0.8561 -0.0082
vn -0.1648 -0.9854 0.0435
vn -0.8608 -0.5079 -0.0342
vn -0.9992 -0.0020 -0.0395
vn -0.8784 0.4601 -0.1294
vn -0.4762 0.8741 -0.0959
vn 0.0164 0.9998 -0.0075
vn 0.5548 0.8319 0.0112
vn 0.8463 0.5327 0.0006
vn 0.9764 0.2139 -0.0307
vn 0.9106 -0.4131 0.0103
vn 0.4086 -0.9117 0.0438
vn -0.8622 -0.4829 0.1528
vn -0.8532 -0.5209 -0.0279
vn -0.9981 -0.0120 0.0608
vn -0.9990 -0.0351 0.0272
vn -0.8617 0.5060 -0.0368
vn -0.8700 0.4819 0.1047
vn -0.4519 0.8883 -0.0826
vn -0.4977 0.8603 0.1102
vn 0.1080 0.9934 -0.0382
vn 0.1195 0.9906 0.0670
vn 0.4948 0.8685 0.0293
vn 0.5163 0.8562 -0.0200
vn 0.8298 0.5579 0.0145
vn 0.8262 0.5629 0.0252
vn 0.9998 0.0212 0.0018
vn 0.9939 -0.0247 0.1073
vn 0.9197 -0.3926 0.0052
vn 0.9312 -0.3539 0.0877
vn 0.6244 -0.7809 0.0190
vn -0.1045 -0.9905 0.0896
vn 0.6365 -0.7666 0.0851
vn -0.5802 -0.8135 0.0400
vn 0.0070 -0.9998 0.0181
vn -0.0339 -0.9789 0.2017
vn -0.0501 -0.9920 0.1158
vn 0.5853 -0.8080 0.0680
vn -0.8581 -0.5114 0.0460
vn -0.9882 0.0017 0.1528
vn -0.8318 0.5085 0.2226
vn -0.4916 0.8159 0.3045
vn 0.1109 0.9717 0.2087
vn 0.5090 0.8602 0.0306
vn 0.8541 0.5123 0.0898
vn 0.9895 -0.0418 0.1382
vn 0.9437 -0.3215 0.0773
vn -0.0755 -0.9957 -0.0545
vn -0.0583 -0.9966 -0.0582
vn 0.4889 -0.8685 -0.0823
vn 0.4718 -0.8797 -0.0592
vn -0.5452 -0.8348 0.0764
vn -0.5251 -0.8494 -0.0530
vn -0.8820 -0.4629 0.0888
vn -0.8926 -0.4439 -0.0783
vn -0.9913 0.0332 0.1276
vn -0.9944 0.0011 -0.1061
vn -0.8602 0.5012 0.0941
vn -0.8630 0.4893 -0.1256
vn -0.4821 0.8667 0.1283
vn -0.4625 0.8766 -0.1332
vn 0.0017 0.9952 0.0978
vn -0.0538 0.9885 -0.1410
vn 0.4807 0.8769 0.0037
vn 0.4624 0.8775 -0.1272
vn 0.8759 0.4825 0.0085
vn 0.8756 0.4736 -0.0951
vn 0.9997 0.0064 -0.0254
vn 0.9933 0.0510 -0.1041
vn 0.9356 -0.3516 -0.0314
vn 0.9080 -0.4042 -0.1099
vn -0.0804 -0.9936 -0.0798
vn 0.5416 -0.8398 -0.0384
vn -0.4896 -0.8697 -0.0623
vn -0.8796 -0.4614 -0.1156
vn -0.9923 0.0217 -0.1216
vn -0.8645 0.4903 -0.1106
vn -0.4774 0.8711 -0.1152
vn -0.0531 0.9918 -0.1164
vn 0.4982 0.8637 -0.0763
vn 0.8793 0.4750 -0.0339
vn 0.9983 0.0537 -0.0244
vn 0.9003 -0.4351 -0.0153
vn -0.0624 -0.9819 0.1787
vn -0.0885 -0.9961 -0.0028
vn 0.5031 -0.8626 -0.0540
vn 0.4557 -0.8804 0.1313
vn -0.4710 -0.8810 -0.0449
vn -0.4967 -0.8679 -0.0052
vn -0.8734 -0.4868 -0.0125
vn -0.8853 -0.4631 0.0436
vn -0.9945 0.0922 0.0495
vn -0.9930 0.1039 0.0571
vn -0.8499 0.5193 0.0895
vn -0.8624 0.5059 -0.0203
vn -0.5203 0.8525 0.0503
vn -0.5488 0.8321 -0.0806
vn -0.0394 0.9992 -0.0095
vn -0.0218 0.9965 -0.0810
vn 0.5126 0.8574 0.0451
vn 0.5256 0.8486 -0.0602
vn 0.8808 0.4536 0.1357
vn 0.8893 0.4545 -0.0506
vn 0.9804 0.0052 0.1969
vn 0.9990 0.0173 -0.0415
vn 0.9078 -0.4083 0.0964
vn 0.9330 -0.3598 0.0082
vn -0.0215 -0.9997 0.0107
vn 0.4637 -0.8724 0.1550
vn -0.4774 -0.8725 0.1040
vn -0.8975 -0.4366 0.0628
vn -0.9978 0.0573 0.0332
vn -0.8955 0.4436 -0.0355
vn -0.5202 0.8535 -0.0290
vn -0.0044 0.9998 0.0201
vn 0.4722 0.8815 -0.0099
vn 0.8717 0.4865 -0.0586
vn 0.9959 0.0333 -0.0837
vn 0.9075 -0.4191 -0.0269
vn -0.5020 -0.8636 0.0462
vn -0.0580 -0.9983 -0.0020
vn -0.8708 -0.4881 0.0581
vn -0.9988 0.0322 0.0381
vn -0.8500 0.5266 0.0150
vn -0.4883 0.8726 -0.0142
vn 0.0019 0.9997 -0.0231
vn 0.5326 0.8462 -0.0156
vn 0.8415 0.5403 -0.0033
vn 0.9957 0.0847 -0.0370
vn 0.8839 -0.4593 -0.0882
vn 0.5038 -0.8603 -0.0774
vn -0.5293 -0.8481 -0.0224
vn -0.5306 -0.8476 -0.0074
vn -0.0427 -0.9990 -0.0112
vn -0.0015 -0.9999 -0.0106
vn -0.8784 -0.4775 -0.0194
vn -0.8720 -0.4890 0.0221
vn -0.9999 -0.0047 -0.0091
vn -0.9989 -0.0354 0.0315
vn -0.8754 0.4826 0.0283
vn -0.9165 0.3971 0.0475
vn -0.5009 0.8627 0.0696
vn -0.5281 0.8431 0.1009
vn 0.0199 0.9977 0.0644
vn 0.0704 0.9923 0.1020
vn 0.5352 0.8444 0.0225
vn 0.5995 0.7995 0.0364
vn 0.8582 0.5132 -0.0131
vn 0.8843 0.4664 -0.0235
vn 0.9999 0.0090 -0.0109
vn 0.9978 0.0652 -0.0069
vn 0.8704 -0.4920 0.0203
vn 0.8871 -0.4591 0.0472
vn 0.5514 -0.8340 0.0206
vn 0.5068 -0.8615 0.0322
vn -0.4987 -0.8668 0.0026
vn -0.0408 -0.9991 -0.0142
vn -0.8677 -0.4971 0.0077
vn -0.9999 -0.0141 0.0029
vn -0.9124 0.4088 -0.0188
vn -0.5379 0.8426 -0.0272
vn 0.0797 0.9967 -0.0155
vn 0.6154 0.7882 -0.0105
vn 0.8886 0.4585 -0.0108
vn 0.9957 0.0917 -0.0123
vn 0.8966 -0.4424 -0.0177
vn 0.4881 -0.8723 -0.0287
vn -0.8825 -0.4691 0.0334
vn -0.8617 -0.4867 -0.1433
vn -0.4426 -0.8892 -0.1157
vn -0.4139 -0.9091 0.0474
vn 0.5383 -0.8399 -0.0697
vn 0.8381 -0.5446 -0.0322
vn 0.9967 -0.0501 -0.0639
vn 0.8386 0.5388 -0.0800
vn 0.4748 0.8769 -0.0745
vn 0.0008 0.9985 -0.0546
vn -0.4904 0.8714 0.0082
vn -0.8794 0.4733 0.0509
vn -0.9984 -0.0523 0.0190
vn -0.8736 -0.4866 -0.0050
vn -0.9942 0.1063 0.0185
vn -0.9933 0.0762 -0.0873
vn -0.8509 0.5251 0.0126
vn -0.8540 0.5191 -0.0342
vn -0.4799 0.8772 0.0150
vn -0.4791 0.8776 0.0166
vn 0.0367 0.9993 0.0125
vn 0.0200 0.9992 0.0346
vn 0.4972 0.8674 0.0190
vn 0.4982 0.8665 0.0314
vn 0.8499 0.5263 0.0262
vn 0.8518 0.5222 0.0401
vn 0.9990 0.0381 0.0237
vn 0.9991 0.0120 0.0396
vn 0.8450 -0.5341 0.0253
vn 0.8369 -0.5473 0.0065
vn 0.4991 -0.8658 0.0367
vn 0.5280 -0.8488 -0.0261
vn 0.1154 -0.9921 0.0489
vn 0.1088 -0.9920 -0.0648
vn -0.8822 -0.4709 0.0079
vn -0.5664 -0.8239 0.0220
vn -0.9997 -0.0224 -0.0122
vn -0.8906 0.4524 -0.0466
vn -0.5360 0.8422 -0.0581
vn -0.0235 0.9992 -0.0309
vn 0.4720 0.8816 -0.0030
vn 0.8328 0.5535 0.0090
vn 0.9961 -0.0875 -0.0063
vn 0.8179 -0.5754 -0.0031
vn 0.5442 -0.8385 0.0271
vn -0.0214 -0.9989 0.0406
vn -0.4847 -0.8746 0.0105
vn -0.4287 -0.9022 0.0471
vn 0.0578 -0.9980 0.0248
vn -0.0120 -0.9999 -0.0110
vn 0.4755 -0.8797 0.0041
vn 0.4843 -0.8747 -0.0168
vn 0.8535 -0.5210 0.0092
vn 0.8744 -0.4851 -0.0062
vn 0.9989 0.0450 0.0148
vn 0.9989 0.0465 0.0018
vn 0.8468 0.5317 0.0143
vn 0.8515 0.5244 -0.0028
vn 0.5060 0.8626 0.0033
vn 0.5229 0.8523 -0.0099
vn 0.0364 0.9993 -0.0020
vn 0.0191 0.9998 -0.0092
vn -0.4969 0.8678 0.0041
vn -0.5143 0.8576 -0.0007
vn -0.8644 0.5027 0.0037
vn -0.8741 0.4857 0.0063
vn -0.9967 0.0800 0.0139
vn -0.9993 0.0318 0.0213
vn -0.8786 -0.4761 0.0383
vn -0.8778 -0.4781 0.0297
vn -0.8809 -0.4707 -0.0498
vn -0.8794 -0.4760 0.0072
vn -0.5768 -0.8169 0.0003
vn -0.5553 -0.8315 -0.0160
vn -0.9992 0.0039 -0.0391
vn -0.9993 -0.0354 0.0120
vn -0.8917 0.4493 -0.0551
vn -0.8769 0.4804 0.0132
vn -0.5408 0.8365 -0.0882
vn -0.5421 0.8403 -0.0031
vn -0.0028 0.9996 -0.0274
vn -0.0399 0.9991 -0.0161
vn 0.5624 0.8268 0.0129
vn 0.5688 0.8223 -0.0147
vn 0.8918 0.4523 0.0109
vn 0.8862 0.4632 0.0017
vn 0.9925 0.1060 0.0601
vn 0.9946 0.1029 -0.0090
vn 0.9136 -0.3894 0.1169
vn 0.9178 -0.3938 -0.0499
vn 0.4926 -0.8647 0.0984
vn 0.4926 -0.8674 -0.0711
vn -0.0817 -0.9955 0.0486
vn -0.1003 -0.9942 -0.0399
vn -0.5099 -0.8601 -0.0142
vn -0.0119 -0.9992 0.0379
vn 0.5170 -0.8510 0.0921
vn 0.8959 -0.4272 0.1219
vn 0.9969 0.0530 0.0579
vn 0.8830 0.4692 0.0151
vn 0.5437 0.8385 0.0346
vn 0.0393 0.9992 0.0094
vn -0.5094 0.8591 -0.0492
vn -0.8902 0.4497 -0.0735
vn -0.9973 0.0179 -0.0715
vn -0.8884 -0.4560 -0.0542
vn -0.8793 -0.4754 0.0305
vn -0.5455 -0.8379 0.0177
vn -0.9997 -0.0263 -0.0012
vn -0.8750 0.4838 -0.0159
vn -0.5316 0.8467 -0.0225
vn -0.0112 0.9990 -0.0437
vn 0.5415 0.8399 -0.0370
vn 0.8691 0.4946 -0.0014
vn 0.9982 0.0600 0.0017
vn 0.8988 -0.4356 -0.0495
vn 0.4905 -0.8670 -0.0880
vn -0.0602 -0.9969 -0.0509
vn -0.8780 -0.4785 -0.0146
vn -0.4967 -0.8679 -0.0080
vn -0.9997 0.0119 -0.0229
vn -0.8917 0.4523 -0.0139
vn -0.5107 0.8598 -0.0016
vn 0.0653 0.9979 0.0030
vn 0.5628 0.8266 0.0030
vn 0.8824 0.4705 0.0001
vn 0.9987 0.0465 -0.0186
vn 0.8966 -0.4423 -0.0209
vn 0.5187 -0.8549 -0.0026
vn 0.0008 -1.0000 -0.0050
vn -0.5154 -0.8518 -0.0938
vn 0.0244 -0.9996 -0.0117
vn 0.5308 -0.8474 0.0148
vn 0.8165 -0.5767 0.0281
vn 0.9967 -0.0377 0.0719
vn 0.8373 0.5406 0.0815
vn 0.4891 0.8708 0.0511
vn -0.0067 0.9999 0.0143
vn -0.5199 0.8529 -0.0477
vn -0.8742 0.4715 -0.1159
vn -0.9891 -0.0003 -0.1472
vn -0.8711 -0.4664 -0.1535
vn -0.4512 -0.8913 -0.0451
vn -0.8968 -0.4397 -0.0490
vn -0.9980 0.0469 -0.0424
vn -0.8992 0.4375 0.0041
vn -0.4904 0.8706 0.0390
vn 0.0008 0.9993 0.0365
vn 0.4712 0.8774 0.0897
vn 0.8574 0.5014 0.1158
vn 0.9898 0.0212 0.1409
vn 0.8535 -0.4762 0.2118
vn -0.7538 -0.1282 0.6445
vn -0.7538 0.1282 0.6445
vn 0.7538 0.1282 0.6445
vn 0.7538 -0.1282 0.6445
vn -0.8495 0.1945 -0.4905
vn -0.8495 -0.1945 -0.4905
vn -0.9062 -0.1944 -0.3754
vn -0.9062 0.1944 -0.3754
vn -0.9475 0.1944 -0.2539
vn -0.9475 -0.1944 -0.2539
vn -0.9725 -0.1943 -0.1280
vn -0.9725 0.1943 -0.1280
vn -0.7782 0.1944 -0.5971
vn -0.7782 -0.1944 -0.5971
vn -0.6936 0.1944 -0.6936
vn -0.6936 -0.1944 -0.6936
vn -0.5971 0.1944 -0.7782
vn -0.5971 -0.1944 -0.7782
vn -0.4905 0.1944 -0.8495
vn -0.4905 -0.1944 -0.8495
vn -0.3754 0.1944 -0.9062
vn -0.3754 -0.1944 -0.9063
vn -0.2539 0.1944 -0.9475
vn -0.2539 -0.1944 -0.9475
vn -0.1280 0.1944 -0.9725
vn -0.1280 -0.1944 -0.9725
vn -0.0000 0.1944 -0.9809
vn -0.0000 -0.1944 -0.9809
vn -0.9798 -0.0226 0.1989
vn -0.9798 0.0226 0.1989
vn 0.7777 0.1975 0.5968
vn 0.8490 0.1976 0.4901
vn 0.6246 0.6927 0.3606
vn 0.5722 0.6927 0.4391
vn -0.0000 0.1976 0.9803
vn 0.1280 0.1976 0.9719
vn 0.0941 0.6927 0.7151
vn -0.0000 0.6927 0.7212
vn 0.9800 0.1962 0.0321
vn 0.9797 0.1989 0.0226
vn 0.7538 0.6445 0.1282
vn 0.7139 0.6998 0.0234
vn 0.9057 0.1976 0.3751
vn 0.9469 0.1976 0.2537
vn 0.6967 0.6927 0.1867
vn 0.6663 0.6927 0.2760
vn 0.1729 0.9823 0.0716
vn 0.1620 0.9823 0.0935
vn -0.1756 0.9792 -0.1014
vn -0.1873 0.9792 -0.0776
vn 0.6932 0.1976 0.6932
vn 0.5100 0.6927 0.5100
vn 0.5968 0.1976 0.7777
vn 0.4391 0.6927 0.5722
vn 0.4901 0.1976 0.8490
vn 0.3606 0.6927 0.6246
vn 0.3751 0.1976 0.9057
vn 0.2760 0.6927 0.6663
vn 0.2537 0.1976 0.9469
vn 0.1867 0.6927 0.6967
vn 0.9719 0.1975 0.1279
vn 0.7151 0.6927 0.0941
vn 0.0244 0.9823 0.1855
vn -0.0000 0.9823 0.1871
vn -0.0000 0.9792 -0.2027
vn -0.0265 0.9792 -0.2010
vn 0.1484 0.9823 0.1139
vn -0.1608 0.9792 -0.1234
vn 0.1323 0.9823 0.1323
vn -0.1434 0.9792 -0.1434
vn 0.1139 0.9823 0.1484
vn -0.1234 0.9792 -0.1608
vn 0.2552 0.9439 0.2094
vn 0.1911 0.9816 0.0063
vn -0.1989 0.9800 -0.0065
vn -0.1794 0.9673 0.1794
vn 0.0935 0.9823 0.1620
vn -0.1014 0.9792 -0.1756
vn 0.1855 0.9823 0.0244
vn -0.2009 0.9792 -0.0265
vn 0.0716 0.9823 0.1729
vn -0.0776 0.9792 -0.1873
vn 0.1807 0.9823 0.0484
vn -0.1958 0.9792 -0.0525
vn 0.0484 0.9823 0.1807
vn -0.0525 0.9792 -0.1958
vn -0.6992 0.7145 -0.0229
vn -0.6858 0.7221 -0.0903
vn -0.6682 0.7221 -0.1790
vn -0.6391 0.7221 -0.2647
vn -0.5991 0.7221 -0.3459
vn -0.5488 0.7221 -0.4211
vn -0.4891 0.7221 -0.4891
vn -0.4211 0.7221 -0.5488
vn -0.3459 0.7221 -0.5991
vn -0.2647 0.7221 -0.6391
vn -0.1790 0.7221 -0.6682
vn -0.0903 0.7221 -0.6858
vn -0.0000 0.7221 -0.6918
vn -0.9673 -0.1794 0.1794
vn -0.6965 -0.1726 0.6965
vn -0.6965 0.1726 0.6965
vn -0.9673 0.1794 0.1794
vn -0.8495 0.1944 -0.4905
vn 0.2009 0.9792 -0.0265
vn 0.1989 0.9800 -0.0065
vn -0.4905 0.1945 -0.8495
vn -0.9804 0.1946 -0.0321
vn 0.9804 0.1946 -0.0321
vn 0.9804 -0.1946 -0.0321
vn 0.9725 -0.1943 -0.1280
vn 0.9725 0.1943 -0.1280
vn -0.7538 0.6445 0.1282
vn -0.9798 0.1989 0.0226
vn -0.9804 -0.1946 -0.0321
vn 0.9798 0.0226 0.1989
vn 0.9798 -0.0226 0.1989
vn 0.7304 0.6765 0.0939
vn 0.7753 0.4465 0.4466
vn 0.9840 0.1258 0.1258
vn 0.2878 0.6772 0.6772
vn 0.2552 0.2094 0.9439
vn 0.7304 0.0938 0.6765
vn -0.1794 0.1794 0.9673
vn -0.1726 0.6965 0.6965
vn -0.5774 0.5774 0.5773
vn -0.6965 0.6965 0.1726
vn -0.2552 0.2094 0.9439
vn -0.2878 0.6772 0.6772
vn -0.7753 0.4465 0.4466
vn -0.7304 0.0939 0.6765
vn -0.2552 0.9439 0.2094
vn -0.7304 0.6765 0.0939
vn -0.9840 0.1258 0.1258
vn -0.7105 0.7034 -0.0233
vn -0.7081 0.7000 -0.0932
vn -0.6898 0.7000 -0.1848
vn -0.6598 0.7000 -0.2733
vn -0.6185 0.7000 -0.3571
vn -0.5666 0.7000 -0.4347
vn -0.5050 0.7000 -0.5050
vn -0.4347 0.7000 -0.5666
vn -0.3571 0.7000 -0.6185
vn -0.2733 0.7000 -0.6598
vn -0.1848 0.7000 -0.6898
vn -0.0932 0.7000 -0.7080
vn -0.0000 0.7000 -0.7142
vn -0.1794 -0.1794 0.9673
vn 0.2552 -0.2094 0.9439
vn 0.7304 -0.0938 0.6765
vn 0.7025 0.7113 0.0230
vn 0.6923 0.7159 0.0911
vn 0.6744 0.7159 0.1807
vn 0.6451 0.7159 0.2672
vn 0.6047 0.7159 0.3491
vn 0.5539 0.7159 0.4250
vn 0.4937 0.7159 0.4937
vn 0.4250 0.7159 0.5539
vn 0.3491 0.7159 0.6047
vn 0.2672 0.7159 0.6451
vn 0.1807 0.7159 0.6744
vn 0.0911 0.7159 0.6922
vn -0.0000 0.7159 0.6982
vn 0.8042 0.4203 0.4203
vn -0.8042 0.4203 0.4203
vn -0.5666 0.7000 -0.4348
vn -0.1433 0.9792 -0.1433
vn -0.0000 0.7000 -0.7141
vn -0.7304 -0.0939 0.6765
vn -0.2552 -0.2094 0.9439
vn 0.1873 0.9792 -0.0776
vn 0.1958 0.9792 -0.0525
vn 0.1608 0.9792 -0.1234
vn 0.1756 0.9792 -0.1014
vn 0.1433 0.9792 -0.1433
vn 0.1234 0.9792 -0.1608
vn 0.1014 0.9792 -0.1756
vn 0.0776 0.9792 -0.1873
vn 0.0525 0.9792 -0.1958
vn 0.0265 0.9792 -0.2010
vn 0.1756 -0.9792 -0.1014
vn 0.1873 -0.9792 -0.0776
vn -0.1873 -0.9792 -0.0776
vn -0.1756 -0.9792 -0.1014
vn 0.9062 0.1944 -0.3754
vn 0.9062 -0.1944 -0.3754
vn 0.8495 -0.1945 -0.4905
vn 0.8495 0.1945 -0.4905
vn 0.9475 -0.1944 -0.2539
vn 0.9475 0.1944 -0.2539
vn 0.7782 -0.1944 -0.5971
vn 0.7782 0.1944 -0.5971
vn 0.6936 -0.1944 -0.6936
vn 0.6936 0.1944 -0.6936
vn 0.5971 -0.1944 -0.7782
vn 0.5971 0.1944 -0.7782
vn 0.4905 -0.1944 -0.8495
vn 0.4905 0.1944 -0.8495
vn 0.3754 -0.1944 -0.9062
vn 0.3754 0.1944 -0.9063
vn 0.2539 -0.1944 -0.9475
vn 0.2539 0.1944 -0.9475
vn 0.1280 -0.1944 -0.9725
vn 0.1280 0.1944 -0.9725
vn -0.7777 0.1975 0.5968
vn -0.5722 0.6927 0.4391
vn -0.6246 0.6927 0.3606
vn -0.8490 0.1976 0.4901
vn -0.0941 0.6927 0.7151
vn -0.1280 0.1976 0.9719
vn -0.9800 0.1962 0.0321
vn -0.7139 0.6998 0.0234
vn -0.9057 0.1976 0.3751
vn -0.6663 0.6927 0.2760
vn -0.6967 0.6927 0.1867
vn -0.9469 0.1976 0.2537
vn -0.1729 0.9823 0.0716
vn -0.1620 0.9823 0.0935
vn -0.6932 0.1976 0.6932
vn -0.5100 0.6927 0.5100
vn -0.5968 0.1976 0.7777
vn -0.4391 0.6927 0.5722
vn -0.4901 0.1976 0.8490
vn -0.3606 0.6927 0.6246
vn -0.3751 0.1976 0.9057
vn -0.2760 0.6927 0.6663
vn -0.2537 0.1976 0.9469
vn -0.1867 0.6927 0.6967
vn -0.9719 0.1975 0.1279
vn -0.7151 0.6927 0.0941
vn -0.0244 0.9823 0.1855
vn -0.1484 0.9823 0.1139
vn -0.1323 0.9823 0.1323
vn -0.1139 0.9823 0.1484
vn 0.1794 0.9673 0.1794
vn -0.1911 0.9816 0.0063
vn -0.0936 0.9823 0.1620
vn -0.1855 0.9823 0.0244
vn -0.0716 0.9823 0.1729
vn -0.1807 0.9823 0.0484
vn -0.0484 0.9823 0.1807
vn 0.6992 0.7145 -0.0229
vn 0.6858 0.7221 -0.0903
vn 0.6682 0.7221 -0.1790
vn 0.6391 0.7221 -0.2647
vn 0.5991 0.7221 -0.3459
vn 0.5488 0.7221 -0.4211
vn 0.4891 0.7221 -0.4891
vn 0.4211 0.7221 -0.5488
vn 0.3459 0.7221 -0.5991
vn 0.2647 0.7221 -0.6391
vn 0.1790 0.7221 -0.6682
vn 0.0903 0.7221 -0.6858
vn 0.9673 -0.1794 0.1794
vn 0.9673 0.1794 0.1794
vn 0.6965 0.1726 0.6965
vn 0.6965 -0.1726 0.6965
vn 0.3754 0.1944 -0.9062
vn 0.8495 0.1944 -0.4905
vn 0.9798 0.1989 0.0226
vn -0.7304 0.0938 0.6765
vn 0.1794 0.1794 0.9673
vn 0.5774 0.5774 0.5773
vn 0.1726 0.6965 0.6965
vn 0.6965 0.6965 0.1726
vn 0.7304 0.0939 0.6765
vn 0.7081 0.7000 -0.0932
vn 0.7105 0.7034 -0.0233
vn 0.6898 0.7000 -0.1848
vn 0.6598 0.7000 -0.2733
vn 0.6185 0.7000 -0.3571
vn 0.5666 0.7000 -0.4347
vn 0.5050 0.7000 -0.5050
vn 0.4348 0.7000 -0.5666
vn 0.3571 0.7000 -0.6185
vn 0.2733 0.7000 -0.6598
vn 0.1848 0.7000 -0.6898
vn 0.0932 0.7000 -0.7080
vn 0.1794 -0.1794 0.9673
vn -0.7304 -0.0938 0.6765
vn -0.6923 0.7159 0.0911
vn -0.7025 0.7113 0.0230
vn -0.6744 0.7159 0.1807
vn -0.6451 0.7159 0.2672
vn -0.6047 0.7159 0.3491
vn -0.5539 0.7159 0.4250
vn -0.4937 0.7159 0.4937
vn -0.4250 0.7159 0.5539
vn -0.3491 0.7159 0.6047
vn -0.2672 0.7159 0.6450
vn -0.1807 0.7159 0.6744
vn -0.0911 0.7159 0.6922
vn 0.5666 0.7000 -0.4348
vn 0.4347 0.7000 -0.5666
vn 0.7304 -0.0939 0.6765
vn 0.7777 -0.1975 0.5968
vn 0.5722 -0.6927 0.4391
vn 0.6246 -0.6927 0.3606
vn 0.8490 -0.1976 0.4901
vn -0.0000 -0.1976 0.9803
vn -0.0000 -0.6927 0.7212
vn 0.0941 -0.6927 0.7151
vn 0.1280 -0.1976 0.9719
vn 0.9800 -0.1962 0.0321
vn 0.7139 -0.6998 0.0234
vn 0.7538 -0.6445 0.1282
vn 0.9798 -0.1989 0.0226
vn 0.9057 -0.1976 0.3751
vn 0.6663 -0.6927 0.2760
vn 0.6967 -0.6927 0.1867
vn 0.9469 -0.1976 0.2537
vn 0.1729 -0.9823 0.0716
vn 0.1620 -0.9823 0.0935
vn 0.6932 -0.1976 0.6932
vn 0.5100 -0.6927 0.5100
vn 0.5968 -0.1976 0.7777
vn 0.4391 -0.6927 0.5722
vn 0.4901 -0.1976 0.8490
vn 0.3606 -0.6927 0.6246
vn 0.3751 -0.1976 0.9057
vn 0.2760 -0.6927 0.6663
vn 0.2537 -0.1976 0.9469
vn 0.1867 -0.6927 0.6967
vn 0.9719 -0.1975 0.1279
vn 0.7151 -0.6927 0.0941
vn 0.0244 -0.9823 0.1855
vn -0.0265 -0.9792 -0.2010
vn -0.0000 -0.9792 -0.2027
vn -0.0000 -0.9823 0.1871
vn -0.1608 -0.9792 -0.1234
vn 0.1484 -0.9823 0.1139
vn -0.1433 -0.9792 -0.1433
vn 0.1323 -0.9823 0.1323
vn -0.1234 -0.9792 -0.1608
vn 0.1139 -0.9823 0.1484
vn 0.2552 -0.9439 0.2094
vn -0.1794 -0.9673 0.1794
vn -0.1989 -0.9800 -0.0065
vn 0.1911 -0.9816 0.0063
vn -0.1014 -0.9792 -0.1756
vn 0.0936 -0.9823 0.1620
vn -0.2009 -0.9792 -0.0265
vn 0.1855 -0.9823 0.0244
vn -0.0776 -0.9792 -0.1873
vn 0.0716 -0.9823 0.1729
vn -0.1958 -0.9792 -0.0525
vn 0.1807 -0.9823 0.0484
vn -0.0525 -0.9792 -0.1958
vn 0.0484 -0.9823 0.1807
vn -0.6992 -0.7145 -0.0229
vn -0.6858 -0.7221 -0.0903
vn -0.6682 -0.7221 -0.1790
vn -0.6391 -0.7221 -0.2647
vn -0.5991 -0.7221 -0.3459
vn -0.5488 -0.7221 -0.4211
vn -0.4891 -0.7221 -0.4891
vn -0.4211 -0.7221 -0.5488
vn -0.3459 -0.7221 -0.5991
vn -0.2647 -0.7221 -0.6391
vn -0.1790 -0.7221 -0.6682
vn -0.0903 -0.7221 -0.6858
vn -0.0000 -0.7221 -0.6918
vn -0.3754 -0.1944 -0.9062
vn -0.8495 -0.1944 -0.4905
vn 0.2009 -0.9792 -0.0265
vn 0.1989 -0.9800 -0.0065
vn -0.9798 -0.1989 0.0226
vn -0.7538 -0.6445 0.1282
vn 0.9840 -0.1258 0.1258
vn 0.7753 -0.4465 0.4466
vn 0.7304 -0.6765 0.0939
vn 0.2878 -0.6772 0.6772
vn -0.5774 -0.5774 0.5773
vn -0.1726 -0.6965 0.6965
vn -0.6965 -0.6965 0.1726
vn -0.7753 -0.4465 0.4466
vn -0.2878 -0.6772 0.6772
vn -0.2552 -0.9439 0.2094
vn -0.7304 -0.6765 0.0939
vn -0.9840 -0.1258 0.1258
vn -0.7081 -0.7000 -0.0932
vn -0.7105 -0.7034 -0.0233
vn -0.6898 -0.7000 -0.1848
vn -0.6598 -0.7000 -0.2733
vn -0.6185 -0.7000 -0.3571
vn -0.5666 -0.7000 -0.4347
vn -0.5050 -0.7000 -0.5050
vn -0.4348 -0.7000 -0.5666
vn -0.3571 -0.7000 -0.6185
vn -0.2733 -0.7000 -0.6598
vn -0.1848 -0.7000 -0.6898
vn -0.0932 -0.7000 -0.7080
vn -0.0000 -0.7000 -0.7142
vn 0.6923 -0.7159 0.0911
vn 0.7025 -0.7113 0.0230
vn 0.6744 -0.7159 0.1807
vn 0.6451 -0.7159 0.2672
vn 0.6047 -0.7159 0.3491
vn 0.5539 -0.7159 0.4250
vn 0.4937 -0.7159 0.4937
vn 0.4250 -0.7159 0.5539
vn 0.3491 -0.7159 0.6047
vn 0.2672 -0.7159 0.6450
vn 0.1807 -0.7159 0.6744
vn 0.0911 -0.7159 0.6922
vn -0.0000 -0.7159 0.6982
vn 0.8042 -0.4203 0.4203
vn -0.8042 -0.4203 0.4203
vn -0.5666 -0.7000 -0.4348
vn -0.4347 -0.7000 -0.5666
vn -0.0000 -0.7000 -0.7141
vn 0.1958 -0.9792 -0.0525
vn 0.1608 -0.9792 -0.1234
vn 0.1433 -0.9792 -0.1433
vn 0.1234 -0.9792 -0.1608
vn 0.1014 -0.9792 -0.1756
vn 0.0776 -0.9792 -0.1873
vn 0.0525 -0.9792 -0.1958
vn 0.0265 -0.9792 -0.2010
vn -0.7777 -0.1975 0.5968
vn -0.8490 -0.1976 0.4901
vn -0.6246 -0.6927 0.3606
vn -0.5722 -0.6927 0.4391
vn -0.1280 -0.1976 0.9719
vn -0.0941 -0.6927 0.7151
vn -0.9800 -0.1962 0.0321
vn -0.7139 -0.6998 0.0234
vn -0.9057 -0.1976 0.3751
vn -0.9469 -0.1976 0.2537
vn -0.6967 -0.6927 0.1867
vn -0.6663 -0.6927 0.2760
vn -0.1729 -0.9823 0.0716
vn -0.1620 -0.9823 0.0935
vn -0.6932 -0.1976 0.6932
vn -0.5100 -0.6927 0.5100
vn -0.5968 -0.1976 0.7777
vn -0.4391 -0.6927 0.5722
vn -0.4901 -0.1976 0.8490
vn -0.3606 -0.6927 0.6246
vn -0.3751 -0.1976 0.9057
vn -0.2760 -0.6927 0.6663
vn -0.2537 -0.1976 0.9469
vn -0.1867 -0.6927 0.6967
vn -0.9719 -0.1975 0.1279
vn -0.7151 -0.6927 0.0941
vn -0.0244 -0.9823 0.1855
vn -0.1484 -0.9823 0.1139
vn -0.1323 -0.9823 0.1323
vn 0.1434 -0.9792 -0.1434
vn -0.1139 -0.9823 0.1484
vn -0.1911 -0.9816 0.0063
vn 0.1794 -0.9673 0.1794
vn -0.0935 -0.9823 0.1620
vn -0.1855 -0.9823 0.0244
vn -0.0716 -0.9823 0.1729
vn -0.1807 -0.9823 0.0484
vn -0.0484 -0.9823 0.1807
vn 0.6992 -0.7145 -0.0229
vn 0.6858 -0.7221 -0.0903
vn 0.6682 -0.7221 -0.1790
vn 0.6391 -0.7221 -0.2647
vn 0.5991 -0.7221 -0.3459
vn 0.5488 -0.7221 -0.4211
vn 0.4891 -0.7221 -0.4891
vn 0.4211 -0.7221 -0.5488
vn 0.3459 -0.7221 -0.5991
vn 0.2647 -0.7221 -0.6391
vn 0.1790 -0.7221 -0.6682
vn 0.0903 -0.7221 -0.6858
vn 0.8495 -0.1944 -0.4905
vn 0.4905 -0.1945 -0.8495
vn 0.1726 -0.6965 0.6965
vn 0.5774 -0.5774 0.5773
vn 0.6965 -0.6965 0.1726
vn 0.7105 -0.7034 -0.0233
vn 0.7081 -0.7000 -0.0932
vn 0.6898 -0.7000 -0.1848
vn 0.6598 -0.7000 -0.2733
vn 0.6185 -0.7000 -0.3571
vn 0.5666 -0.7000 -0.4347
vn 0.5050 -0.7000 -0.5050
vn 0.4347 -0.7000 -0.5666
vn 0.3571 -0.7000 -0.6185
vn 0.2733 -0.7000 -0.6598
vn 0.1848 -0.7000 -0.6898
vn 0.0932 -0.7000 -0.7080
vn -0.7025 -0.7113 0.0230
vn -0.6923 -0.7159 0.0911
vn -0.6744 -0.7159 0.1807
vn -0.6451 -0.7159 0.2672
vn -0.6047 -0.7159 0.3491
vn -0.5539 -0.7159 0.4250
vn -0.4937 -0.7159 0.4937
vn -0.4250 -0.7159 0.5539
vn -0.3491 -0.7159 0.6047
vn -0.2672 -0.7159 0.6451
vn -0.1807 -0.7159 0.6744
vn -0.0911 -0.7159 0.6922
vn 0.5666 -0.7000 -0.4348
vn 0.9914 -0.0000 -0.1307
vn 0.8659 -0.0000 -0.5001
vn 0.8645 0.1448 -0.4813
vn 0.9689 0.1944 -0.1529
vn -0.9787 0.1989 -0.0512
vn -0.9990 -0.0000 -0.0436
vn -0.9858 -0.0000 0.1680
vn -0.9608 0.1998 0.1921
vn -0.7081 0.4883 -0.5100
vn -0.8182 0.5467 -0.1778
vn -0.5467 0.8182 -0.1778
vn -0.4883 0.7081 -0.5101
vn 0.5554 0.8294 -0.0592
vn 0.5408 0.8145 0.2098
vn 0.8146 0.5407 0.2098
vn 0.8295 0.5554 -0.0592
vn -0.8645 0.1449 -0.4813
vn -0.8659 -0.0000 -0.5001
vn -0.9914 -0.0000 -0.1306
vn -0.9689 0.1945 -0.1529
vn 0.9608 0.1998 0.1921
vn 0.9858 -0.0000 0.1680
vn 0.9990 -0.0000 -0.0437
vn 0.9787 0.1988 -0.0512
vn 0.6155 0.0788 0.7841
vn 0.6222 -0.0000 0.7829
vn 0.8745 -0.0000 0.4851
vn 0.8322 0.1456 0.5350
vn -0.6869 0.4415 0.5773
vn -0.4613 0.2928 0.8376
vn -0.2926 0.4614 0.8376
vn -0.4415 0.6869 0.5773
vn 0.3859 0.1520 -0.9099
vn 0.3419 -0.0000 -0.9397
vn -0.3419 -0.0000 -0.9397
vn -0.3859 0.1520 -0.9099
vn 0.1456 0.8322 0.5351
vn -0.1455 0.8322 0.5350
vn -0.0787 0.6155 0.7842
vn 0.0787 0.6155 0.7842
vn 0.1989 0.9787 -0.0512
vn -0.1989 0.9787 -0.0512
vn -0.1998 0.9608 0.1921
vn 0.1998 0.9608 0.1922
vn 0.4613 0.2928 0.8376
vn 0.6869 0.4415 0.5773
vn 0.4415 0.6869 0.5773
vn 0.2926 0.4614 0.8376
vn -0.5408 0.8146 0.2098
vn -0.5554 0.8295 -0.0592
vn -0.8295 0.5554 -0.0592
vn -0.8146 0.5407 0.2098
vn 0.8183 0.5467 -0.1778
vn 0.7081 0.4883 -0.5100
vn 0.4883 0.7081 -0.5101
vn 0.5467 0.8182 -0.1778
vn -0.1945 0.9689 -0.1529
vn 0.1945 0.9689 -0.1529
vn 0.1449 0.8644 -0.4814
vn -0.1449 0.8644 -0.4814
vn -0.2383 0.0772 0.9681
vn -0.2219 -0.0000 0.9751
vn 0.2219 -0.0000 0.9751
vn 0.2383 0.0772 0.9681
vn -0.8322 0.1456 0.5350
vn -0.0771 0.2383 0.9681
vn -0.6155 0.0788 0.7841
vn 0.0771 0.2383 0.9681
vn -0.1521 0.3858 -0.9100
vn 0.1521 0.3858 -0.9100
vn -0.8745 -0.0000 0.4851
vn -0.6222 -0.0000 0.7829
vn 0.9689 -0.1944 -0.1529
vn 0.8645 -0.1448 -0.4813
vn -0.9787 -0.1988 -0.0512
vn -0.9608 -0.1998 0.1921
vn -0.7081 -0.4883 -0.5100
vn -0.4884 -0.7080 -0.5101
vn -0.5467 -0.8182 -0.1778
vn -0.8182 -0.5467 -0.1778
vn 0.5554 -0.8295 -0.0592
vn 0.8295 -0.5554 -0.0592
vn 0.8146 -0.5408 0.2098
vn 0.5408 -0.8146 0.2098
vn -0.8645 -0.1449 -0.4813
vn -0.9689 -0.1944 -0.1529
vn 0.9608 -0.1998 0.1921
vn 0.9787 -0.1988 -0.0512
vn 0.6155 -0.0789 0.7841
vn 0.8322 -0.1456 0.5350
vn -0.6869 -0.4415 0.5773
vn -0.4415 -0.6869 0.5773
vn -0.2926 -0.4614 0.8376
vn -0.4613 -0.2928 0.8376
vn 0.3859 -0.1520 -0.9099
vn -0.3859 -0.1520 -0.9099
vn 0.1455 -0.8322 0.5350
vn 0.0787 -0.6156 0.7841
vn -0.0787 -0.6156 0.7841
vn -0.1455 -0.8322 0.5350
vn 0.1989 -0.9787 -0.0512
vn 0.1998 -0.9608 0.1922
vn -0.1998 -0.9608 0.1922
vn -0.1989 -0.9787 -0.0512
vn 0.4613 -0.2928 0.8376
vn 0.2926 -0.4614 0.8376
vn 0.4415 -0.6869 0.5773
vn 0.6869 -0.4415 0.5773
vn -0.5408 -0.8146 0.2098
vn -0.8146 -0.5408 0.2098
vn -0.8295 -0.5554 -0.0592
vn -0.5554 -0.8295 -0.0592
vn 0.8183 -0.5467 -0.1778
vn 0.5467 -0.8182 -0.1778
vn 0.4884 -0.7080 -0.5101
vn 0.7081 -0.4883 -0.5100
vn -0.1945 -0.9689 -0.1529
vn -0.1449 -0.8644 -0.4814
vn 0.1449 -0.8644 -0.4814
vn 0.1945 -0.9689 -0.1529
vn -0.2383 -0.0772 0.9681
vn 0.2383 -0.0772 0.9681
vn -0.8322 -0.1456 0.5350
vn -0.0771 -0.2383 0.9681
vn -0.6155 -0.0788 0.7841
vn 0.0771 -0.2383 0.9681
vn -0.1521 -0.3858 -0.9100
vn 0.1521 -0.3858 -0.9100
vn -0.9312 -0.1072 -0.3484
vn -0.9312 -0.1072 0.3484
vn -0.8410 -0.4050 0.3587
vn -0.8410 -0.4050 -0.3587
vn -0.4801 -0.0531 0.8756
vn -0.4159 -0.2003 0.8871
vn 0.7723 0.0869 0.6293
vn 0.9940 0.1093 -0.0000
vn 0.9010 0.4339 -0.0000
vn 0.7070 0.3405 0.6198
vn 0.1968 0.0250 0.9801
vn 0.1983 0.0955 0.9755
vn 0.7723 0.0869 -0.6293
vn 0.7070 0.3405 -0.6198
vn 0.1968 0.0250 -0.9801
vn 0.1983 0.0955 -0.9755
vn -0.4801 -0.0531 -0.8756
vn -0.4159 -0.2003 -0.8871
vn 0.1373 0.1721 0.9755
vn -0.2878 -0.3609 0.8871
vn -0.2878 -0.3609 -0.8871
vn 0.1373 0.1721 -0.9755
vn -0.5820 -0.7298 0.3587
vn 0.6235 0.7818 -0.0000
vn 0.4893 0.6135 0.6198
vn 0.4893 0.6135 -0.6198
vn -0.5820 -0.7298 -0.3587
vn 0.1746 0.7651 0.6198
vn 0.0490 0.2146 0.9755
vn 0.1746 0.7651 -0.6198
vn 0.2225 0.9749 -0.0000
vn -0.2077 -0.9101 -0.3587
vn -0.1027 -0.4501 -0.8871
vn -0.1027 -0.4501 0.8871
vn 0.0490 0.2146 -0.9755
vn -0.2077 -0.9101 0.3587
vn 1.0000 -0.0000 -0.0000
vn 0.7660 -0.0000 -0.6428
vn 0.1736 -0.0000 0.9848
vn 0.7660 -0.0000 0.6428
vn -0.9397 -0.0000 -0.3420
vn -0.9397 -0.0000 0.3420
vn 0.1736 -0.0000 -0.9848
vn -0.5000 -0.0000 0.8660
vn -0.5000 -0.0000 -0.8660
vn 0.2077 -0.9101 0.3587
vn 0.1027 -0.4501 0.8871
vn -0.1746 0.7651 -0.6198
vn -0.0490 0.2146 -0.9755
vn 0.2077 -0.9101 -0.3587
vn -0.0490 0.2146 0.9755
vn -0.1746 0.7651 0.6198
vn -0.2225 0.9749 -0.0000
vn 0.1027 -0.4501 -0.8871
vn 0.9312 -0.1072 -0.3484
vn 0.8410 -0.4050 -0.3587
vn 0.8410 -0.4050 0.3587
vn 0.9312 -0.1072 0.3484
vn 0.4159 -0.2003 0.8871
vn 0.4801 -0.0531 0.8756
vn -0.7723 0.0869 0.6293
vn -0.7070 0.3405 0.6198
vn -0.9010 0.4339 -0.0000
vn -0.9940 0.1093 -0.0000
vn -0.1983 0.0955 0.9755
vn -0.1968 0.0250 0.9801
vn -0.7070 0.3405 -0.6198
vn -0.7723 0.0869 -0.6293
vn -0.1983 0.0955 -0.9755
vn -0.1968 0.0250 -0.9801
vn 0.4159 -0.2003 -0.8871
vn 0.4801 -0.0531 -0.8756
vn 0.2878 -0.3609 0.8871
vn -0.1373 0.1721 0.9755
vn -0.1373 0.1721 -0.9755
vn 0.2878 -0.3609 -0.8871
vn 0.5820 -0.7298 0.3587
vn -0.4893 0.6135 0.6198
vn -0.6235 0.7818 -0.0000
vn -0.4893 0.6135 -0.6198
vn 0.5820 -0.7298 -0.3587
vn -0.7660 -0.0000 -0.6428
vn -1.0000 -0.0000 -0.0000
vn -0.7660 -0.0000 0.6428
vn -0.1736 -0.0000 0.9848
vn 0.9397 -0.0000 0.3420
vn 0.9397 -0.0000 -0.3420
vn -0.1736 -0.0000 -0.9848
vn 0.5000 -0.0000 0.8660
vn 0.5000 -0.0000 -0.8660
vn -0.9312 0.1072 -0.3484
vn -0.8410 0.4050 -0.3587
vn -0.8410 0.4050 0.3587
vn -0.9312 0.1072 0.3484
vn -0.4159 0.2003 0.8871
vn -0.4801 0.0531 0.8756
vn 0.7723 -0.0869 0.6293
vn 0.7070 -0.3405 0.6198
vn 0.9010 -0.4339 -0.0000
vn 0.9940 -0.1093 -0.0000
vn 0.1983 -0.0955 0.9755
vn 0.1968 -0.0250 0.9801
vn 0.7070 -0.3405 -0.6198
vn 0.7723 -0.0869 -0.6293
vn 0.1983 -0.0955 -0.9755
vn 0.1968 -0.0250 -0.9801
vn -0.4159 0.2003 -0.8871
vn -0.4801 0.0531 -0.8756
vn -0.2878 0.3609 0.8871
vn 0.1373 -0.1721 0.9755
vn 0.1373 -0.1721 -0.9755
vn -0.2878 0.3609 -0.8871
vn -0.5820 0.7298 0.3587
vn 0.4893 -0.6135 0.6198
vn 0.6235 -0.7818 -0.0000
vn 0.4893 -0.6135 -0.6198
vn -0.5820 0.7298 -0.3587
vn 0.0490 -0.2146 0.9755
vn 0.1746 -0.7651 0.6198
vn 0.2225 -0.9749 -0.0000
vn 0.1746 -0.7651 -0.6198
vn -0.1027 0.4501 -0.8871
vn -0.2077 0.9101 -0.3587
vn -0.1027 0.4501 0.8871
vn 0.0490 -0.2146 -0.9755
vn -0.2077 0.9101 0.3587
vn 0.2077 0.9101 0.3587
vn 0.1027 0.4501 0.8871
vn -0.1746 -0.7651 -0.6198
vn -0.0490 -0.2146 -0.9755
vn 0.2077 0.9101 -0.3587
vn -0.0490 -0.2146 0.9755
vn -0.1746 -0.7651 0.6198
vn -0.2225 -0.9749 -0.0000
vn 0.1027 0.4501 -0.8871
vn 0.9312 0.1072 -0.3484
vn 0.9312 0.1072 0.3484
vn 0.8410 0.4050 0.3587
vn 0.8410 0.4050 -0.3587
vn 0.4801 0.0531 0.8756
vn 0.4159 0.2003 0.8871
vn -0.7723 -0.0869 0.6293
vn -0.9940 -0.1093 -0.0000
vn -0.9010 -0.4339 -0.0000
vn -0.7070 -0.3405 0.6198
vn -0.1968 -0.0250 0.9801
vn -0.1983 -0.0955 0.9755
vn -0.7723 -0.0869 -0.6293
vn -0.7070 -0.3405 -0.6198
vn -0.1968 -0.0250 -0.9801
vn -0.1983 -0.0955 -0.9755
vn 0.4801 0.0531 -0.8756
vn 0.4159 0.2003 -0.8871
vn -0.1373 -0.1721 0.9755
vn 0.2878 0.3609 0.8871
vn 0.2878 0.3609 -0.8871
vn -0.1373 -0.1721 -0.9755
vn 0.5820 0.7298 0.3587
vn -0.6235 -0.7818 -0.0000
vn -0.4893 -0.6135 0.6198
vn -0.4893 -0.6135 -0.6198
vn 0.5820 0.7298 -0.3587
vt 0.004910 0.312627
vt 0.004702 0.312614
vt 0.008716 0.308757
vt 0.009105 0.308772
vt 0.013030 0.086106
vt 0.015599 0.087275
vt 0.008873 0.088631
vt 0.006587 0.087409
vt 0.235999 0.147616
vt 0.236558 0.140512
vt 0.237192 0.140476
vt 0.236583 0.147579
vt 0.260132 0.209079
vt 0.265270 0.188453
vt 0.282737 0.187968
vt 0.278808 0.207931
vt 0.254225 0.269520
vt 0.253286 0.250315
vt 0.257429 0.237796
vt 0.257408 0.269543
vt 0.256997 0.290144
vt 0.253751 0.290070
vt 0.096786 0.195500
vt 0.097186 0.195473
vt 0.095840 0.217633
vt 0.095373 0.217654
vt 0.099273 0.175943
vt 0.099747 0.175924
vt 0.100306 0.157506
vt 0.111629 0.156573
vt 0.111974 0.174910
vt 0.108349 0.194516
vt 0.058795 0.114648
vt 0.088675 0.134035
vt 0.081055 0.134244
vt 0.052078 0.115322
vt 0.191183 0.104299
vt 0.190780 0.104347
vt 0.157857 0.078937
vt 0.158411 0.078912
vt 0.029482 0.095789
vt 0.022153 0.096888
vt 0.236035 0.132633
vt 0.223356 0.123929
vt 0.223915 0.123869
vt 0.236621 0.132574
vt 0.011956 0.085839
vt 0.012336 0.085952
vt 0.006290 0.087218
vt 0.006065 0.087065
vt 0.210344 0.124355
vt 0.151555 0.125415
vt 0.124476 0.108456
vt 0.181615 0.104971
vt 0.094337 0.132046
vt 0.068093 0.112606
vt 0.040479 0.087759
vt 0.095443 0.083711
vt 0.141537 0.077457
vt 0.141586 0.068228
vt 0.141967 0.068184
vt 0.119807 0.056591
vt 0.119559 0.056669
vt 0.116466 0.050612
vt 0.116905 0.050508
vt 0.091798 0.157481
vt 0.092060 0.143665
vt 0.092365 0.143633
vt 0.092115 0.157475
vt 0.016576 0.078324
vt 0.015802 0.077858
vt 0.028493 0.044276
vt 0.031481 0.046339
vt 0.015488 0.077770
vt 0.027861 0.043954
vt 0.039420 0.010760
vt 0.040337 0.011321
vt 0.044362 0.014345
vt 0.051186 0.007349
vt 0.044926 0.002514
vt 0.045055 0.002306
vt 0.051350 0.007136
vt 0.099948 0.157527
vt 0.091371 0.175942
vt 0.781771 0.865378
vt 0.781321 0.865350
vt 0.783107 0.863642
vt 0.783516 0.863705
vt 0.238024 0.134118
vt 0.238630 0.134058
vt 0.238654 0.134091
vt 0.173008 0.138654
vt 0.224099 0.135165
vt 0.223736 0.142187
vt 0.136652 0.996530
vt 0.145393 0.917069
vt 0.157620 0.917254
vt 0.148857 0.996821
vt 0.020318 0.080709
vt 0.048636 0.058230
vt 0.056960 0.064463
vt 0.023286 0.082121
vt 0.079646 0.035172
vt 0.093592 0.044129
vt 0.109726 0.053613
vt 0.070190 0.068948
vt 0.171862 0.136967
vt 0.110709 0.140779
vt 0.221209 0.133485
vt 0.111904 0.142517
vt 0.108351 0.067848
vt 0.135806 0.067969
vt 0.117618 0.058166
vt 0.121619 0.057794
vt 0.012543 0.085848
vt 0.013296 0.085929
vt 0.100995 0.041163
vt 0.101388 0.041077
vt 0.039929 0.051387
vt 0.018148 0.079391
vt 0.062250 0.023240
vt 0.478378 0.109386
vt 0.477328 0.089291
vt 0.495094 0.089733
vt 0.495719 0.109567
vt 0.498030 0.089829
vt 0.498367 0.109547
vt 0.043864 0.001888
vt 0.043959 0.001673
vt 0.085654 0.030036
vt 0.066430 0.017122
vt 0.066679 0.016942
vt 0.086041 0.029878
vt 0.098780 0.141579
vt 0.091312 0.142451
vt 0.218750 0.207206
vt 0.162571 0.210848
vt 0.172081 0.152128
vt 0.223510 0.148915
vt 0.231112 0.206403
vt 0.099204 0.141582
vt 0.088904 0.134002
vt 0.100779 0.143111
vt 0.493211 0.071164
vt 0.495439 0.071138
vt 0.100134 0.143186
vt 0.015594 0.086882
vt 0.028736 0.094877
vt 0.058992 0.114509
vt 0.012038 0.085839
vt 0.050825 0.269851
vt 0.051152 0.269791
vt 0.047191 0.273501
vt 0.046760 0.273481
vt 0.123246 0.057170
vt 0.123642 0.057165
vt 0.088444 0.195447
vt 0.091042 0.175946
vt 0.088768 0.195438
vt 0.215701 0.389262
vt 0.208842 0.456614
vt 0.208264 0.456643
vt 0.215133 0.389278
vt 0.091046 0.142491
vt 0.080738 0.134266
vt 0.476514 0.047506
vt 0.492123 0.055428
vt 0.489907 0.055551
vt 0.474393 0.047468
vt 0.494152 0.056857
vt 0.491776 0.056963
vt 0.476449 0.057282
vt 0.474424 0.055799
vt 0.406126 0.010871
vt 0.393504 0.002802
vt 0.394100 0.002777
vt 0.408911 0.010885
vt 0.390574 0.001559
vt 0.391004 0.001577
vt 0.391292 0.001556
vt 0.394294 0.002742
vt 0.409421 0.010859
vt 0.021857 0.096930
vt 0.008614 0.088682
vt 0.006331 0.087452
vt 0.390589 0.001500
vt 0.006041 0.087263
vt 0.462506 0.047535
vt 0.433727 0.029275
vt 0.441146 0.028994
vt 0.442549 0.029049
vt 0.051773 0.115353
vt 0.835037 0.923103
vt 0.856496 0.901904
vt 0.856964 0.901968
vt 0.835505 0.923137
vt 0.013506 0.993596
vt 0.023785 0.915467
vt 0.035599 0.915638
vt 0.025221 0.993876
vt 0.013016 0.994440
vt 0.005107 0.994330
vt 0.005245 0.993473
vt 0.013121 0.993587
vt 0.013414 0.994447
vt 0.042325 0.268218
vt 0.042626 0.268166
vt 0.042651 0.269621
vt 0.042475 0.269670
vt 0.025143 0.994730
vt 0.004919 0.993467
vt 0.015021 0.915316
vt 0.015391 0.915335
vt 0.042626 0.269614
vt 0.042949 0.269650
vt 0.042847 0.269718
vt 0.567890 0.908176
vt 0.563600 0.908171
vt 0.563479 0.907315
vt 0.567753 0.907316
vt 0.555685 0.828759
vt 0.560396 0.828849
vt 0.041424 0.138204
vt 0.042321 0.138226
vt 0.041429 0.268240
vt 0.004765 0.994323
vt 0.023291 0.915456
vt 0.050890 0.269701
vt 0.050641 0.269777
vt 0.278608 0.269563
vt 0.278194 0.290427
vt 0.004522 0.268240
vt 0.004518 0.138189
vt 0.279376 0.069701
vt 0.279552 0.062535
vt 0.282091 0.062598
vt 0.281913 0.069761
vt 0.280122 0.088196
vt 0.277607 0.088129
vt 0.004529 0.312739
vt 0.004496 0.312678
vt 0.028094 0.291192
vt 0.027367 0.291167
vt 0.148728 0.997686
vt 0.136538 0.997395
vt 0.090542 0.916295
vt 0.081112 0.995208
vt 0.149395 0.996833
vt 0.149231 0.997697
vt 0.004498 0.312610
vt 0.004502 0.308756
vt 0.081015 0.996067
vt 0.158186 0.917262
vt 0.041596 0.269701
vt 0.016599 0.894386
vt 0.024457 0.894490
vt 0.042031 0.269756
vt 0.494194 0.412196
vt 0.494002 0.390542
vt 0.514833 0.391075
vt 0.516850 0.412451
vt 0.501584 0.530302
vt 0.494786 0.511330
vt 0.520613 0.510980
vt 0.525425 0.530272
vt 0.159822 0.897163
vt 0.160388 0.897170
vt 0.526421 0.808406
vt 0.553292 0.808113
vt 0.042620 0.138261
vt 0.235072 0.570380
vt 0.214722 0.569728
vt 0.210541 0.569536
vt 0.213059 0.549066
vt 0.216491 0.549076
vt 0.239337 0.549064
vt 0.441496 0.231374
vt 0.382996 0.233457
vt 0.382869 0.229682
vt 0.483460 0.209740
vt 0.440682 0.227797
vt 0.440648 0.224953
vt 0.492853 0.370143
vt 0.491501 0.350154
vt 0.511390 0.349859
vt 0.513233 0.370215
vt 0.162004 0.877073
vt 0.162569 0.877079
vt 0.165336 0.854681
vt 0.165877 0.854722
vt 0.163572 0.837793
vt 0.164075 0.837787
vt 0.168338 0.820393
vt 0.168910 0.820376
vt 0.171043 0.795949
vt 0.171611 0.795959
vt 0.172213 0.777307
vt 0.172791 0.777303
vt 0.186177 0.653890
vt 0.185643 0.653881
vt 0.159591 0.777501
vt 0.174725 0.653915
vt 0.188749 0.635624
vt 0.189322 0.635613
vt 0.188465 0.616674
vt 0.189112 0.616659
vt 0.192291 0.593400
vt 0.192845 0.593430
vt 0.196841 0.576146
vt 0.197398 0.576093
vt 0.199116 0.552030
vt 0.199694 0.552027
vt 0.193558 0.528750
vt 0.194146 0.528751
vt 0.189675 0.510781
vt 0.190284 0.510750
vt 0.191278 0.490162
vt 0.191884 0.490157
vt 0.198025 0.472737
vt 0.198605 0.472689
vt 0.212963 0.368102
vt 0.213486 0.368110
vt 0.196178 0.457109
vt 0.202176 0.389856
vt 0.218627 0.348641
vt 0.219203 0.348612
vt 0.218708 0.328261
vt 0.219256 0.328256
vt 0.224255 0.287511
vt 0.223706 0.287528
vt 0.224021 0.267443
vt 0.224588 0.267422
vt 0.227792 0.246547
vt 0.228359 0.246533
vt 0.221458 0.229169
vt 0.221951 0.229158
vt 0.231685 0.206386
vt 0.147595 0.897007
vt 0.149787 0.876939
vt 0.153928 0.853624
vt 0.152808 0.837427
vt 0.155830 0.821170
vt 0.158767 0.795734
vt 0.176276 0.636674
vt 0.175997 0.616184
vt 0.179668 0.592302
vt 0.185274 0.577095
vt 0.186627 0.552221
vt 0.182226 0.528439
vt 0.176560 0.512061
vt 0.180548 0.491004
vt 0.187223 0.476249
vt 0.140358 0.453199
vt 0.144649 0.391981
vt 0.202031 0.368455
vt 0.205240 0.349379
vt 0.206594 0.328351
vt 0.211761 0.288209
vt 0.211433 0.268148
vt 0.215452 0.247527
vt 0.211373 0.228983
vt 0.024604 0.862196
vt 0.031566 0.862325
vt 0.031316 0.870733
vt 0.023785 0.870583
vt 0.029368 0.816060
vt 0.036186 0.816155
vt 0.033734 0.836721
vt 0.026270 0.836584
vt 0.016293 0.894418
vt 0.023499 0.870558
vt 0.034192 0.782897
vt 0.041466 0.783009
vt 0.040103 0.788778
vt 0.032445 0.788409
vt 0.024327 0.862183
vt 0.025991 0.836586
vt 0.033747 0.736348
vt 0.042028 0.736480
vt 0.039832 0.756540
vt 0.032315 0.756592
vt 0.029096 0.816058
vt 0.032155 0.788413
vt 0.033917 0.782884
vt 0.032017 0.756592
vt 0.043272 0.658219
vt 0.051336 0.658252
vt 0.047148 0.676777
vt 0.039275 0.676580
vt 0.033441 0.736347
vt 0.035382 0.719714
vt 0.035697 0.719722
vt 0.044541 0.617090
vt 0.052525 0.617093
vt 0.051375 0.636918
vt 0.043421 0.636985
vt 0.043649 0.719705
vt 0.036816 0.696890
vt 0.037137 0.696890
vt 0.038961 0.676577
vt 0.048756 0.575255
vt 0.056655 0.575397
vt 0.052401 0.597574
vt 0.044323 0.597530
vt 0.042977 0.658217
vt 0.043103 0.636989
vt 0.054851 0.538150
vt 0.062911 0.538590
vt 0.059737 0.556785
vt 0.051503 0.556749
vt 0.044222 0.617094
vt 0.043997 0.597535
vt 0.058898 0.498412
vt 0.067084 0.498251
vt 0.063159 0.516798
vt 0.055098 0.516700
vt 0.048453 0.575276
vt 0.051183 0.556749
vt 0.062540 0.455715
vt 0.070723 0.455776
vt 0.068376 0.476773
vt 0.060085 0.476852
vt 0.054528 0.538104
vt 0.054734 0.516712
vt 0.068441 0.395250
vt 0.076581 0.395416
vt 0.066293 0.415450
vt 0.058585 0.498420
vt 0.059759 0.476858
vt 0.072987 0.375219
vt 0.080436 0.375322
vt 0.062212 0.455720
vt 0.063889 0.434886
vt 0.064209 0.434853
vt 0.077621 0.336709
vt 0.085667 0.337210
vt 0.081059 0.355203
vt 0.073553 0.355150
vt 0.072286 0.434819
vt 0.065969 0.415454
vt 0.068117 0.395251
vt 0.078812 0.296103
vt 0.086777 0.295835
vt 0.087596 0.316614
vt 0.079633 0.316271
vt 0.072705 0.375223
vt 0.073238 0.355156
vt 0.082953 0.257106
vt 0.090896 0.257595
vt 0.088095 0.274749
vt 0.080121 0.274718
vt 0.077275 0.336680
vt 0.079304 0.316257
vt 0.087461 0.217067
vt 0.092265 0.236594
vt 0.084282 0.237016
vt 0.078493 0.296101
vt 0.079805 0.274746
vt 0.774611 0.864166
vt 0.776331 0.862950
vt 0.082634 0.257073
vt 0.083967 0.237017
vt 0.908386 0.864975
vt 0.907836 0.864911
vt 0.902958 0.849466
vt 0.903573 0.849807
vt 0.087139 0.217038
vt 0.784131 0.851305
vt 0.776947 0.851273
vt 0.776379 0.834552
vt 0.782930 0.834801
vt 0.092568 0.895959
vt 0.036585 0.894728
vt 0.043213 0.870936
vt 0.094540 0.874055
vt 0.094047 0.855569
vt 0.042121 0.862367
vt 0.042604 0.836038
vt 0.093893 0.834851
vt 0.095279 0.817568
vt 0.045206 0.816081
vt 0.051661 0.788009
vt 0.105382 0.792531
vt 0.105280 0.779641
vt 0.053993 0.783380
vt 0.051620 0.756501
vt 0.106935 0.755807
vt 0.054453 0.736202
vt 0.059274 0.676582
vt 0.117601 0.657603
vt 0.063305 0.658611
vt 0.063479 0.636923
vt 0.119491 0.637796
vt 0.127808 0.611658
vt 0.065389 0.616783
vt 0.068864 0.597152
vt 0.124637 0.595329
vt 0.124714 0.574436
vt 0.069637 0.574628
vt 0.069723 0.556826
vt 0.129512 0.554364
vt 0.130764 0.531096
vt 0.074146 0.538783
vt 0.075873 0.516229
vt 0.134879 0.510656
vt 0.137563 0.499296
vt 0.079491 0.498569
vt 0.080862 0.476734
vt 0.143474 0.482381
vt 0.083192 0.455320
vt 0.088897 0.394865
vt 0.148869 0.372098
vt 0.092043 0.374760
vt 0.092816 0.354617
vt 0.149691 0.352158
vt 0.153615 0.334819
vt 0.097147 0.336035
vt 0.098908 0.294935
vt 0.155311 0.291334
vt 0.100514 0.272282
vt 0.157197 0.271038
vt 0.158989 0.251054
vt 0.102974 0.256079
vt 0.104464 0.235436
vt 0.160866 0.229552
vt 0.106910 0.215786
vt 0.526609 0.777067
vt 0.554172 0.783953
vt 0.558571 0.783938
vt 0.556984 0.807978
vt 0.551801 0.775320
vt 0.520799 0.771525
vt 0.518156 0.766393
vt 0.550715 0.749852
vt 0.554058 0.749626
vt 0.555650 0.775470
vt 0.519745 0.729033
vt 0.547938 0.728979
vt 0.518605 0.706337
vt 0.546681 0.701523
vt 0.550810 0.701147
vt 0.551698 0.728957
vt 0.516222 0.692309
vt 0.547003 0.695232
vt 0.515007 0.668770
vt 0.540653 0.669084
vt 0.544485 0.669204
vt 0.551654 0.695450
vt 0.513593 0.649423
vt 0.539430 0.649198
vt 0.511617 0.630337
vt 0.537373 0.632237
vt 0.541204 0.632526
vt 0.543204 0.649104
vt 0.509434 0.609632
vt 0.533876 0.609732
vt 0.507862 0.589665
vt 0.531737 0.589650
vt 0.535265 0.589645
vt 0.537534 0.609784
vt 0.506202 0.570257
vt 0.532293 0.571086
vt 0.504827 0.549910
vt 0.528152 0.549981
vt 0.531584 0.550018
vt 0.536069 0.571225
vt 0.524622 0.510868
vt 0.529011 0.530230
vt 0.494745 0.489651
vt 0.520685 0.488927
vt 0.499698 0.471046
vt 0.521471 0.470197
vt 0.524468 0.470282
vt 0.524388 0.488716
vt 0.497811 0.450428
vt 0.520662 0.451313
vt 0.494427 0.432080
vt 0.516768 0.430786
vt 0.520020 0.430651
vt 0.523969 0.451754
vt 0.517964 0.391176
vt 0.520284 0.412575
vt 0.514178 0.349523
vt 0.516319 0.370206
vt 0.510125 0.330194
vt 0.508665 0.310155
vt 0.511580 0.310157
vt 0.513058 0.330195
vt 0.489127 0.310095
vt 0.487979 0.290050
vt 0.508478 0.290104
vt 0.486834 0.270009
vt 0.505691 0.270078
vt 0.508502 0.270080
vt 0.511537 0.290109
vt 0.485671 0.249946
vt 0.506929 0.251360
vt 0.502337 0.210693
vt 0.508537 0.230981
vt 0.510241 0.251585
vt 0.185381 0.770847
vt 0.188624 0.749615
vt 0.192608 0.749513
vt 0.189481 0.770595
vt 0.499978 0.189563
vt 0.502576 0.189408
vt 0.505085 0.210761
vt 0.482428 0.189661
vt 0.481392 0.169590
vt 0.499772 0.171382
vt 0.480498 0.149689
vt 0.498177 0.151446
vt 0.497641 0.131184
vt 0.500272 0.131328
vt 0.500727 0.151480
vt 0.502518 0.171648
vt 0.479438 0.129491
vt 0.024819 0.894523
vt 0.031976 0.862330
vt 0.031763 0.870723
vt 0.036581 0.816159
vt 0.034118 0.836696
vt 0.042294 0.783027
vt 0.040165 0.788761
vt 0.042494 0.736475
vt 0.040162 0.756539
vt 0.044106 0.719719
vt 0.051878 0.658261
vt 0.047499 0.676776
vt 0.053016 0.617084
vt 0.051735 0.636911
vt 0.057177 0.575387
vt 0.052818 0.597557
vt 0.063410 0.538610
vt 0.060123 0.556781
vt 0.067601 0.498243
vt 0.063588 0.516771
vt 0.071184 0.455764
vt 0.068781 0.476766
vt 0.072723 0.434780
vt 0.080920 0.375309
vt 0.076974 0.395404
vt 0.086149 0.337203
vt 0.081414 0.355185
vt 0.087181 0.295799
vt 0.088053 0.316594
vt 0.091375 0.257581
vt 0.088519 0.274710
vt 0.092670 0.236548
vt 0.705887 0.914720
vt 0.703610 0.915921
vt 0.696922 0.915082
vt 0.699165 0.913978
vt 0.770289 0.872928
vt 0.743060 0.891140
vt 0.737255 0.889652
vt 0.763679 0.871550
vt 0.778291 0.797533
vt 0.778616 0.797556
vt 0.783253 0.814995
vt 0.782719 0.814961
vt 0.785969 0.830095
vt 0.792233 0.830453
vt 0.792717 0.835416
vt 0.783020 0.834834
vt 0.795320 0.852181
vt 0.784479 0.851336
vt 0.703010 0.916161
vt 0.696585 0.915274
vt 0.720661 0.906660
vt 0.713420 0.905960
vt 0.004738 0.093843
vt 0.004915 0.093820
vt 0.009111 0.097675
vt 0.008828 0.097706
vt 0.777724 0.857644
vt 0.784870 0.857794
vt 0.880839 0.883396
vt 0.846523 0.900734
vt 0.806725 0.892527
vt 0.831313 0.877794
vt 0.824478 0.922230
vt 0.778047 0.918042
vt 0.731575 0.915279
vt 0.753861 0.892221
vt 0.780345 0.875178
vt 0.799302 0.942827
vt 0.798563 0.940853
vt 0.798804 0.941011
vt 0.799681 0.943017
vt 0.906382 0.873561
vt 0.906961 0.873617
vt 0.892591 0.884112
vt 0.891991 0.884105
vt 0.705927 0.923527
vt 0.719677 0.952681
vt 0.717080 0.954603
vt 0.705116 0.923897
vt 0.739355 0.977323
vt 0.728392 0.984409
vt 0.726648 0.985338
vt 0.716584 0.954916
vt 0.704804 0.923953
vt 0.908792 0.872250
vt 0.908196 0.872203
vt 0.729134 0.993216
vt 0.729024 0.993023
vt 0.736121 0.988304
vt 0.736195 0.988594
vt 0.042367 0.136650
vt 0.050689 0.136612
vt 0.050778 0.136687
vt 0.042837 0.136726
vt 0.846753 0.862446
vt 0.846428 0.868234
vt 0.794439 0.864266
vt 0.795451 0.858512
vt 0.896056 0.863801
vt 0.894823 0.871326
vt 0.891905 0.852865
vt 0.847825 0.855392
vt 0.709660 0.921465
vt 0.712768 0.920117
vt 0.743633 0.938154
vt 0.743028 0.941297
vt 0.758183 0.933493
vt 0.793731 0.939024
vt 0.785616 0.946283
vt 0.755760 0.966728
vt 0.792081 0.865851
vt 0.845098 0.869439
vt 0.893180 0.872682
vt 0.805436 0.937961
vt 0.785445 0.932643
vt 0.800961 0.941281
vt 0.796291 0.938911
vt 0.703807 0.916058
vt 0.703039 0.916290
vt 0.728087 0.993782
vt 0.728005 0.993583
vt 0.707574 0.922638
vt 0.731557 0.947814
vt 0.744422 0.972518
vt 0.294983 0.099626
vt 0.277505 0.098954
vt 0.296430 0.088464
vt 0.274946 0.098792
vt 0.298764 0.070109
vt 0.787237 0.954896
vt 0.787486 0.955125
vt 0.760717 0.971899
vt 0.760383 0.971749
vt 0.801985 0.941940
vt 0.802158 0.942046
vt 0.751725 0.975613
vt 0.751375 0.975481
vt 0.703470 0.005720
vt 0.695224 0.005808
vt 0.695111 0.004911
vt 0.703387 0.004825
vt 0.889897 0.842847
vt 0.845936 0.838583
vt 0.770526 0.872976
vt 0.785309 0.857818
vt 0.777439 0.857627
vt 0.776096 0.862914
vt 0.281905 0.056374
vt 0.284127 0.056443
vt 0.705968 0.914977
vt 0.743092 0.891409
vt 0.718078 0.908988
vt 0.042638 0.136823
vt 0.042465 0.136773
vt 0.776327 0.824668
vt 0.776591 0.824681
vt 0.776084 0.834530
vt 0.776649 0.851257
vt 0.900658 0.844677
vt 0.901538 0.844672
vt 0.763457 0.871496
vt 0.774393 0.864110
vt 0.298725 0.046742
vt 0.300332 0.046733
vt 0.285491 0.054770
vt 0.283665 0.054675
vt 0.315121 0.046973
vt 0.301821 0.055122
vt 0.299787 0.056536
vt 0.299135 0.062991
vt 0.372242 0.010741
vt 0.368180 0.010911
vt 0.386481 0.002743
vt 0.387202 0.002775
vt 0.367334 0.010943
vt 0.386236 0.002708
vt 0.389280 0.001556
vt 0.389591 0.001577
vt 0.390028 0.001559
vt 0.713049 0.905969
vt 0.698901 0.913937
vt 0.696661 0.915044
vt 0.389999 0.001501
vt 0.696328 0.915228
vt 0.337038 0.028350
vt 0.344750 0.028748
vt 0.335910 0.028254
vt 0.737044 0.889579
vt 0.814110 0.936160
vt 0.814552 0.936185
vt 0.716134 0.005439
vt 0.723792 0.087462
vt 0.711949 0.087545
vt 0.703877 0.005712
vt 0.703802 0.004819
vt 0.780106 0.829770
vt 0.845453 0.002590
vt 0.853284 0.085799
vt 0.840487 0.086459
vt 0.832686 0.002871
vt 0.050920 0.136618
vt 0.051146 0.136652
vt 0.050883 0.136744
vt 0.716076 0.004543
vt 0.171105 0.907319
vt 0.178898 0.828949
vt 0.183423 0.828875
vt 0.175375 0.907319
vt 0.175251 0.908175
vt 0.042940 0.136795
vt 0.042617 0.136831
vt 0.170965 0.908175
vt 0.703247 0.087529
vt 0.702906 0.087535
vt 0.694884 0.005813
vt 0.711546 0.087539
vt 0.694752 0.004917
vt 0.027607 0.115277
vt 0.028091 0.115252
vt 0.905986 0.824680
vt 0.906513 0.824705
vt 0.846016 0.002579
vt 0.845331 0.001685
vt 0.845857 0.001674
vt 0.774593 0.004151
vt 0.781919 0.086747
vt 0.832582 0.001967
vt 0.046861 0.132940
vt 0.047186 0.132940
vt 0.004500 0.093769
vt 0.004530 0.093708
vt 0.774512 0.003252
vt 0.853877 0.085793
vt 0.854272 0.110518
vt 0.853698 0.110549
vt 0.041588 0.136743
vt 0.215681 0.529121
vt 0.218447 0.509174
vt 0.221806 0.509189
vt 0.219145 0.529134
vt 0.856366 0.119609
vt 0.856973 0.119631
vt 0.852255 0.149194
vt 0.851571 0.149201
vt 0.234615 0.408740
vt 0.237351 0.389046
vt 0.258048 0.389089
vt 0.220970 0.489297
vt 0.223579 0.468999
vt 0.227010 0.469166
vt 0.224277 0.490167
vt 0.279114 0.238095
vt 0.245296 0.329581
vt 0.249830 0.310114
vt 0.269879 0.310428
vt 0.278486 0.233717
vt 0.278552 0.228662
vt 0.383121 0.227018
vt 0.857684 0.171996
vt 0.858331 0.171970
vt 0.860735 0.186578
vt 0.860114 0.186527
vt 0.865140 0.217805
vt 0.865721 0.217749
vt 0.861271 0.237448
vt 0.860664 0.237496
vt 0.862452 0.256684
vt 0.863022 0.256693
vt 0.864397 0.268506
vt 0.863833 0.268470
vt 0.870874 0.293253
vt 0.871505 0.293290
vt 0.877450 0.315842
vt 0.876819 0.315814
vt 0.883558 0.346640
vt 0.884155 0.346575
vt 0.872358 0.351320
vt 0.871831 0.351273
vt 0.881693 0.379671
vt 0.882297 0.379686
vt 0.884595 0.402721
vt 0.883991 0.402719
vt 0.884326 0.426576
vt 0.884906 0.426474
vt 0.888366 0.445497
vt 0.887759 0.445489
vt 0.889692 0.466971
vt 0.890300 0.466976
vt 0.889383 0.490428
vt 0.888795 0.490456
vt 0.887485 0.511968
vt 0.888023 0.511939
vt 0.887341 0.529089
vt 0.886602 0.528962
vt 0.891316 0.553308
vt 0.891872 0.553321
vt 0.893390 0.573927
vt 0.892842 0.573910
vt 0.896082 0.594455
vt 0.896654 0.594473
vt 0.890640 0.614561
vt 0.890123 0.614549
vt 0.897422 0.634517
vt 0.897981 0.634532
vt 0.895063 0.654534
vt 0.894568 0.654523
vt 0.895834 0.669524
vt 0.896428 0.669628
vt 0.892306 0.692407
vt 0.891726 0.692378
vt 0.899269 0.712118
vt 0.899806 0.712132
vt 0.902780 0.751266
vt 0.902282 0.751327
vt 0.771039 0.797679
vt 0.770749 0.797676
vt 0.771502 0.770844
vt 0.771781 0.770885
vt 0.004497 0.093850
vt 0.004498 0.097755
vt 0.841750 0.111354
vt 0.842637 0.119661
vt 0.835059 0.149305
vt 0.842136 0.172684
vt 0.846093 0.184729
vt 0.852614 0.219178
vt 0.849449 0.239090
vt 0.852109 0.256205
vt 0.853549 0.267812
vt 0.856371 0.292107
vt 0.861171 0.314628
vt 0.871655 0.347406
vt 0.860549 0.352164
vt 0.868685 0.379209
vt 0.870948 0.402388
vt 0.867956 0.427445
vt 0.874633 0.445125
vt 0.876101 0.467626
vt 0.875258 0.491156
vt 0.877980 0.512684
vt 0.876252 0.527439
vt 0.880083 0.552661
vt 0.880297 0.573115
vt 0.883689 0.593870
vt 0.878707 0.614105
vt 0.885368 0.633911
vt 0.884907 0.653831
vt 0.883277 0.668669
vt 0.878021 0.691702
vt 0.887701 0.711436
vt 0.892055 0.752614
vt 0.902960 0.777891
vt 0.903493 0.777919
vt 0.716358 0.107917
vt 0.718699 0.147717
vt 0.718198 0.147760
vt 0.715871 0.107923
vt 0.707534 0.108166
vt 0.707174 0.108184
vt 0.709895 0.147963
vt 0.719083 0.169927
vt 0.710897 0.170081
vt 0.724946 0.195075
vt 0.718300 0.195269
vt 0.184922 0.808993
vt 0.180120 0.809094
vt 0.189003 0.785413
vt 0.729617 0.132984
vt 0.728442 0.215255
vt 0.720283 0.215530
vt 0.729285 0.226503
vt 0.720892 0.226564
vt 0.709560 0.147974
vt 0.710572 0.170090
vt 0.717994 0.195272
vt 0.727515 0.251374
vt 0.719275 0.251169
vt 0.730232 0.280908
vt 0.722344 0.280439
vt 0.719957 0.215511
vt 0.720576 0.226582
vt 0.728200 0.284128
vt 0.722977 0.283749
vt 0.719704 0.289341
vt 0.727918 0.288856
vt 0.731148 0.316267
vt 0.722950 0.316794
vt 0.718945 0.251182
vt 0.722023 0.280398
vt 0.736185 0.335963
vt 0.728933 0.336530
vt 0.736395 0.357262
vt 0.728124 0.357094
vt 0.722646 0.283818
vt 0.719339 0.289489
vt 0.722611 0.316793
vt 0.737687 0.378572
vt 0.729380 0.378630
vt 0.739179 0.399588
vt 0.730750 0.399645
vt 0.728597 0.336527
vt 0.727787 0.357085
vt 0.740742 0.420641
vt 0.732336 0.420702
vt 0.742427 0.441627
vt 0.733985 0.441744
vt 0.729047 0.378628
vt 0.730418 0.399643
vt 0.744799 0.463359
vt 0.737125 0.463247
vt 0.746203 0.483635
vt 0.737744 0.483603
vt 0.732004 0.420699
vt 0.733648 0.441745
vt 0.746665 0.505657
vt 0.738006 0.505756
vt 0.749958 0.527210
vt 0.741514 0.527354
vt 0.736790 0.463225
vt 0.737405 0.483607
vt 0.752700 0.548119
vt 0.744508 0.548242
vt 0.755354 0.568307
vt 0.747211 0.568487
vt 0.737484 0.505728
vt 0.741179 0.527358
vt 0.759299 0.588722
vt 0.752490 0.589507
vt 0.759872 0.592933
vt 0.758367 0.592723
vt 0.744191 0.548236
vt 0.746901 0.568486
vt 0.753037 0.607822
vt 0.761003 0.607707
vt 0.761206 0.627378
vt 0.753356 0.627294
vt 0.760076 0.646871
vt 0.752327 0.646862
vt 0.752203 0.589496
vt 0.758119 0.592739
vt 0.764105 0.666347
vt 0.756437 0.666632
vt 0.768400 0.684973
vt 0.760718 0.684963
vt 0.752714 0.607831
vt 0.753042 0.627283
vt 0.752009 0.646853
vt 0.769578 0.699465
vt 0.772298 0.699172
vt 0.772828 0.704105
vt 0.765580 0.704132
vt 0.774038 0.722863
vt 0.766552 0.723032
vt 0.756121 0.666635
vt 0.760411 0.684967
vt 0.773791 0.742324
vt 0.766330 0.742404
vt 0.777485 0.764024
vt 0.770473 0.763988
vt 0.769284 0.699485
vt 0.765260 0.704139
vt 0.766246 0.723038
vt 0.778530 0.771874
vt 0.778531 0.771918
vt 0.766029 0.742401
vt 0.770202 0.763913
vt 0.776144 0.815061
vt 0.842709 0.818443
vt 0.789434 0.798301
vt 0.789303 0.771529
vt 0.838941 0.773339
vt 0.775905 0.815062
vt 0.786208 0.109924
vt 0.788692 0.129565
vt 0.726836 0.108026
vt 0.787869 0.144037
vt 0.794791 0.174124
vt 0.732090 0.169703
vt 0.730691 0.146285
vt 0.790990 0.188241
vt 0.792626 0.220919
vt 0.739095 0.217712
vt 0.734807 0.194901
vt 0.806296 0.239802
vt 0.808631 0.251644
vt 0.741982 0.249422
vt 0.743667 0.226207
vt 0.808190 0.260920
vt 0.807480 0.279096
vt 0.761490 0.275880
vt 0.740509 0.282469
vt 0.742708 0.279241
vt 0.803173 0.319755
vt 0.806795 0.298740
vt 0.807165 0.338848
vt 0.747603 0.335830
vt 0.746993 0.318650
vt 0.736773 0.285486
vt 0.812700 0.356042
vt 0.806570 0.379564
vt 0.750549 0.378831
vt 0.749301 0.357144
vt 0.811743 0.401150
vt 0.813531 0.422538
vt 0.753751 0.420951
vt 0.752391 0.399829
vt 0.814728 0.444872
vt 0.815617 0.466022
vt 0.758636 0.463173
vt 0.756873 0.441711
vt 0.827572 0.488970
vt 0.827427 0.510352
vt 0.759862 0.506363
vt 0.760822 0.483008
vt 0.825247 0.527411
vt 0.823676 0.545509
vt 0.765918 0.548177
vt 0.764172 0.526914
vt 0.825580 0.570876
vt 0.833721 0.584643
vt 0.823890 0.582678
vt 0.771279 0.588681
vt 0.767958 0.568691
vt 0.825072 0.587692
vt 0.830619 0.631137
vt 0.828864 0.611403
vt 0.773710 0.628059
vt 0.772901 0.608509
vt 0.773019 0.591939
vt 0.825137 0.585662
vt 0.772410 0.596828
vt 0.831709 0.650772
vt 0.833640 0.670119
vt 0.776786 0.667382
vt 0.773269 0.647589
vt 0.834634 0.689491
vt 0.834986 0.708427
vt 0.834785 0.703728
vt 0.782982 0.704379
vt 0.783605 0.699629
vt 0.779884 0.685436
vt 0.832937 0.743926
vt 0.785021 0.742855
vt 0.274400 0.128500
vt 0.290994 0.128584
vt 0.285881 0.159642
vt 0.268516 0.157943
vt 0.894555 0.823889
vt 0.891384 0.776882
vt 0.788774 0.764154
vt 0.792118 0.815536
vt 0.213880 0.808833
vt 0.219320 0.788758
vt 0.217213 0.769427
vt 0.190176 0.725183
vt 0.194837 0.725178
vt 0.189752 0.705497
vt 0.194442 0.713476
vt 0.222909 0.722484
vt 0.221293 0.718507
vt 0.222115 0.714117
vt 0.190729 0.694788
vt 0.195142 0.694501
vt 0.197316 0.671281
vt 0.201578 0.670614
vt 0.227945 0.669032
vt 0.202915 0.643360
vt 0.224496 0.638077
vt 0.200051 0.643380
vt 0.200178 0.639816
vt 0.205138 0.639626
vt 0.400203 0.583602
vt 0.301904 0.618963
vt 0.293720 0.616414
vt 0.226685 0.626478
vt 0.208643 0.632206
vt 0.210751 0.608256
vt 0.240601 0.611080
vt 0.210861 0.589187
vt 0.235156 0.589046
vt 0.206310 0.608195
vt 0.207416 0.589180
vt 0.204631 0.634272
vt 0.242302 0.529120
vt 0.231522 0.408842
vt 0.234199 0.388931
vt 0.254912 0.229378
vt 0.257349 0.209191
vt 0.257746 0.229785
vt 0.236959 0.369395
vt 0.240023 0.369412
vt 0.239536 0.348841
vt 0.242384 0.349099
vt 0.260752 0.369508
vt 0.261960 0.349039
vt 0.238721 0.345056
vt 0.243239 0.345199
vt 0.242248 0.329670
vt 0.246829 0.310040
vt 0.257848 0.234483
vt 0.262634 0.188482
vt 0.267965 0.165573
vt 0.285589 0.167912
vt 0.264926 0.165161
vt 0.271914 0.128479
vt 0.265713 0.157609
vt 0.272190 0.109450
vt 0.274803 0.109705
vt 0.293530 0.110788
vt 0.719477 0.169918
vt 0.725394 0.195064
vt 0.728765 0.215311
vt 0.729857 0.226488
vt 0.727937 0.251339
vt 0.730387 0.280875
vt 0.729636 0.284000
vt 0.727944 0.288744
vt 0.731663 0.316286
vt 0.736655 0.335952
vt 0.736838 0.357273
vt 0.738150 0.378577
vt 0.739637 0.399595
vt 0.741213 0.420649
vt 0.742879 0.441632
vt 0.745236 0.463381
vt 0.746687 0.483635
vt 0.747287 0.505686
vt 0.750444 0.527205
vt 0.753160 0.548130
vt 0.755859 0.568302
vt 0.759130 0.588715
vt 0.761199 0.592898
vt 0.761542 0.607741
vt 0.761696 0.627400
vt 0.760499 0.646893
vt 0.764591 0.666368
vt 0.768914 0.684974
vt 0.780949 0.699507
vt 0.772965 0.704133
vt 0.774533 0.722881
vt 0.774176 0.742328
vt 0.777464 0.764018
vt 0.004517 0.136712
vt 0.004517 0.136652
vt 0.004521 0.269754
vt 0.004522 0.269699
vt 0.050630 0.269866
vt 0.004507 0.115278
vt 0.004511 0.291166
vt 0.004519 0.273479
vt 0.046639 0.132940
vt 0.004516 0.132942
vt 0.219750 0.748858
vt 0.229328 0.450739
vt 0.225589 0.449769
vt 0.231992 0.429572
vt 0.229432 0.429005
vt 0.258298 0.344728
vt 0.262736 0.344586
vt 0.782669 0.767768
vt 0.774509 0.767675
vt 0.775838 0.767685
vt 0.783073 0.824794
vt 0.783176 0.824825
vt 0.781011 0.829791
vt 0.005821 0.087114
vt 0.771923 0.695693
vt 0.781768 0.696241
vt 0.772230 0.695703
vt 0.834628 0.700572
vt 0.765221 0.696559
vt 0.765510 0.696521
vt 0.254221 0.238218
vt 0.243472 0.340898
vt 0.240543 0.340798
vt 0.760938 0.597195
vt 0.754054 0.596605
vt 0.761109 0.597154
vt 0.753766 0.596610
vt 0.224657 0.634288
vt 0.253543 0.234641
vt 0.263265 0.341200
vt 0.255650 0.341530
vt 0.325214 0.337365
vt 0.326575 0.338794
vt 0.328250 0.340191
vt 0.352480 0.335676
vt 0.370803 0.747217
vt 0.392530 0.747001
vt 0.388900 0.750903
vt 0.351030 0.739698
vt 0.346838 0.743534
vt 0.354367 0.735267
vt 0.374238 0.743457
vt 0.375005 0.738554
vt 0.376361 0.734082
vt 0.365111 0.750096
vt 0.397687 0.742909
vt 0.476843 0.071632
vt 0.285806 0.614575
vt 0.384563 0.581292
vt 0.443399 0.607671
vt 0.392396 0.582012
vt 0.436589 0.063637
vt 0.411494 0.625561
vt 0.436837 0.074345
vt 0.436718 0.083843
vt 0.159609 0.004470
vt 0.156872 0.005720
vt 0.146892 0.003904
vt 0.148537 0.002472
vt 0.135899 0.003022
vt 0.136387 0.001504
vt 0.124637 0.003102
vt 0.123956 0.001600
vt 0.113848 0.004137
vt 0.112038 0.002746
vt 0.104218 0.006051
vt 0.101400 0.004861
vt 0.096377 0.008724
vt 0.092738 0.007813
vt 0.090833 0.011979
vt 0.086610 0.011408
vt 0.087970 0.015611
vt 0.083429 0.015415
vt 0.087978 0.019381
vt 0.083417 0.019579
vt 0.090947 0.023041
vt 0.086658 0.023635
vt 0.175227 0.011072
vt 0.178461 0.015127
vt 0.173900 0.015325
vt 0.170938 0.011665
vt 0.153821 0.014078
vt 0.155565 0.016164
vt 0.155623 0.018329
vt 0.154012 0.020422
vt 0.150829 0.022304
vt 0.146303 0.023850
vt 0.140738 0.024957
vt 0.134509 0.025552
vt 0.128029 0.025584
vt 0.121729 0.025058
vt 0.116052 0.024004
vt 0.111395 0.022489
vt 0.108064 0.020625
vt 0.106314 0.018539
vt 0.106251 0.016374
vt 0.107859 0.014281
vt 0.111048 0.012401
vt 0.115578 0.010856
vt 0.121145 0.009751
vt 0.127378 0.009159
vt 0.133862 0.009126
vt 0.140161 0.009650
vt 0.145838 0.010703
vt 0.150498 0.012215
vt 0.168860 0.007392
vt 0.165152 0.008363
vt 0.178440 0.019291
vt 0.173902 0.019093
vt 0.175262 0.023298
vt 0.171044 0.022723
vt 0.169137 0.026893
vt 0.165506 0.025979
vt 0.160479 0.029846
vt 0.157669 0.028654
vt 0.149846 0.031963
vt 0.148040 0.030571
vt 0.137930 0.033110
vt 0.137249 0.031608
vt 0.125499 0.033205
vt 0.125987 0.031688
vt 0.113350 0.032238
vt 0.114993 0.030806
vt 0.102276 0.030241
vt 0.105009 0.028989
vt 0.096737 0.026341
vt 0.093035 0.027314
vt 0.160214 0.009661
vt 0.153181 0.007400
vt 0.155122 0.010999
vt 0.149335 0.009132
vt 0.144650 0.005833
vt 0.142304 0.007833
vt 0.135229 0.005069
vt 0.134519 0.007193
vt 0.125569 0.005131
vt 0.126522 0.007239
vt 0.116301 0.006014
vt 0.118835 0.007969
vt 0.108022 0.007660
vt 0.111977 0.009333
vt 0.101283 0.009959
vt 0.106393 0.011236
vt 0.096532 0.012756
vt 0.102460 0.013555
vt 0.094101 0.015871
vt 0.100461 0.016137
vt 0.094130 0.019104
vt 0.100512 0.018810
vt 0.096713 0.022235
vt 0.102665 0.021392
vt 0.101678 0.025043
vt 0.106767 0.023702
vt 0.159219 0.013311
vt 0.165171 0.012469
vt 0.161367 0.015894
vt 0.167749 0.015601
vt 0.161416 0.018566
vt 0.167775 0.018832
vt 0.159416 0.021149
vt 0.165345 0.021947
vt 0.155485 0.023469
vt 0.160599 0.024745
vt 0.149906 0.025373
vt 0.153861 0.027045
vt 0.143051 0.026738
vt 0.145582 0.028693
vt 0.135369 0.027472
vt 0.136315 0.029580
vt 0.127369 0.027517
vt 0.126657 0.029641
vt 0.119583 0.026876
vt 0.117238 0.028876
vt 0.112548 0.025575
vt 0.108705 0.027309
vt 0.229400 0.001503
vt 0.229400 0.010929
vt 0.226903 0.010929
vt 0.226903 0.001503
vt 0.224407 0.010929
vt 0.224407 0.001503
vt 0.221909 0.010929
vt 0.221909 0.001503
vt 0.219412 0.010929
vt 0.219412 0.001503
vt 0.241885 0.001503
vt 0.241885 0.010929
vt 0.239387 0.010929
vt 0.239387 0.001503
vt 0.236890 0.010929
vt 0.236890 0.001503
vt 0.234392 0.010929
vt 0.234393 0.001503
vt 0.239387 0.027724
vt 0.241885 0.027724
vt 0.241884 0.031922
vt 0.239386 0.031922
vt 0.231897 0.010929
vt 0.231897 0.001503
vt 0.221908 0.040320
vt 0.224407 0.040320
vt 0.224407 0.049746
vt 0.221908 0.049746
vt 0.234392 0.027724
vt 0.236890 0.027724
vt 0.236890 0.031922
vt 0.234392 0.031922
vt 0.226902 0.036121
vt 0.229400 0.036121
vt 0.229400 0.040320
vt 0.226902 0.040320
vt 0.226902 0.031922
vt 0.229400 0.031922
vt 0.231897 0.036121
vt 0.231897 0.040320
vt 0.236890 0.040320
vt 0.239386 0.040320
vt 0.239386 0.049746
vt 0.236890 0.049746
vt 0.224407 0.027724
vt 0.226902 0.027724
vt 0.224407 0.031922
vt 0.229400 0.027724
vt 0.231897 0.027724
vt 0.231897 0.031922
vt 0.221908 0.027724
vt 0.221908 0.031922
vt 0.234392 0.040320
vt 0.234394 0.049746
vt 0.231897 0.049746
vt 0.234392 0.036121
vt 0.236890 0.036121
vt 0.224407 0.036121
vt 0.221908 0.036121
vt 0.219412 0.027724
vt 0.219412 0.031922
vt 0.219412 0.023525
vt 0.221908 0.023525
vt 0.224407 0.023525
vt 0.226903 0.023525
vt 0.239387 0.023525
vt 0.241885 0.023525
vt 0.229400 0.023525
vt 0.234392 0.023525
vt 0.236890 0.023525
vt 0.231897 0.023525
vt 0.236890 0.019326
vt 0.239387 0.019326
vt 0.241885 0.019326
vt 0.219412 0.019326
vt 0.221908 0.019326
vt 0.231897 0.019326
vt 0.234392 0.019326
vt 0.224407 0.019326
vt 0.226903 0.019326
vt 0.229400 0.019326
vt 0.236890 0.015128
vt 0.239387 0.015128
vt 0.234392 0.015128
vt 0.231897 0.015128
vt 0.219412 0.015128
vt 0.221909 0.015128
vt 0.229400 0.015128
vt 0.226903 0.015128
vt 0.224407 0.015128
vt 0.241885 0.015128
vt 0.219412 0.036121
vt 0.239386 0.036121
vt 0.241884 0.036121
vt 0.219412 0.040320
vt 0.241884 0.040320
vt 0.226902 0.049746
vt 0.219412 0.049746
vt 0.241884 0.049746
vt 0.229400 0.049746
vt 0.585216 0.709609
vt 0.585216 0.698804
vt 0.593024 0.698804
vt 0.593024 0.709609
vt 0.585217 0.460117
vt 0.585217 0.457302
vt 0.593026 0.457302
vt 0.593026 0.460117
vt 0.593026 0.453500
vt 0.601220 0.453500
vt 0.601220 0.457302
vt 0.609317 0.453500
vt 0.609316 0.457302
vt 0.616983 0.453500
vt 0.616983 0.457302
vt 0.624613 0.453500
vt 0.624613 0.457302
vt 0.632212 0.453500
vt 0.632212 0.457302
vt 0.639959 0.453500
vt 0.639959 0.457302
vt 0.647656 0.453500
vt 0.647656 0.457302
vt 0.655428 0.453500
vt 0.655428 0.457302
vt 0.663074 0.453500
vt 0.663074 0.457302
vt 0.569702 0.457302
vt 0.569702 0.453500
vt 0.577403 0.453500
vt 0.577403 0.457302
vt 0.585216 0.753911
vt 0.585216 0.737425
vt 0.593024 0.737425
vt 0.593024 0.753911
vt 0.601219 0.737425
vt 0.601219 0.753911
vt 0.609315 0.737425
vt 0.609315 0.753911
vt 0.616982 0.737425
vt 0.616981 0.753911
vt 0.624612 0.737425
vt 0.624612 0.753911
vt 0.632210 0.737425
vt 0.632210 0.753911
vt 0.639958 0.737425
vt 0.639958 0.753911
vt 0.647655 0.737425
vt 0.647655 0.753911
vt 0.655427 0.737425
vt 0.655427 0.753911
vt 0.663073 0.737425
vt 0.663073 0.753911
vt 0.569701 0.753911
vt 0.569701 0.737425
vt 0.577402 0.737425
vt 0.577402 0.753911
vt 0.577402 0.731145
vt 0.585216 0.731145
vt 0.593024 0.759671
vt 0.601219 0.759671
vt 0.601219 0.823496
vt 0.609315 0.823496
vt 0.609315 0.830906
vt 0.601219 0.830906
vt 0.616981 0.823496
vt 0.616981 0.830906
vt 0.624611 0.823496
vt 0.624611 0.830906
vt 0.632210 0.823496
vt 0.632210 0.830906
vt 0.639958 0.823496
vt 0.639958 0.830906
vt 0.647655 0.823496
vt 0.647655 0.830906
vt 0.655427 0.823496
vt 0.655427 0.830906
vt 0.663072 0.823496
vt 0.663073 0.830906
vt 0.569701 0.823496
vt 0.577402 0.823496
vt 0.577402 0.830906
vt 0.569701 0.830906
vt 0.585216 0.823496
vt 0.585216 0.830906
vt 0.601219 0.698804
vt 0.601219 0.709609
vt 0.609315 0.698804
vt 0.609315 0.709609
vt 0.616982 0.698804
vt 0.616982 0.709609
vt 0.624612 0.698804
vt 0.624612 0.709609
vt 0.632210 0.698804
vt 0.632210 0.709609
vt 0.639959 0.698804
vt 0.639959 0.709609
vt 0.647656 0.698804
vt 0.647656 0.709609
vt 0.655427 0.698804
vt 0.655427 0.709609
vt 0.663073 0.698804
vt 0.663073 0.709609
vt 0.569701 0.709609
vt 0.569701 0.698804
vt 0.577402 0.698804
vt 0.577402 0.709609
vt 0.585217 0.453500
vt 0.585216 0.759671
vt 0.593024 0.768697
vt 0.585216 0.768697
vt 0.569701 0.731145
vt 0.655427 0.731145
vt 0.663073 0.731145
vt 0.647655 0.731145
vt 0.639958 0.731145
vt 0.632210 0.731145
vt 0.624612 0.731145
vt 0.616982 0.731145
vt 0.609315 0.731145
vt 0.601219 0.731145
vt 0.593024 0.731145
vt 0.577402 0.720195
vt 0.585216 0.720195
vt 0.569701 0.720195
vt 0.655427 0.720195
vt 0.663073 0.720195
vt 0.647655 0.720195
vt 0.639958 0.720195
vt 0.632210 0.720195
vt 0.624612 0.720195
vt 0.616982 0.720195
vt 0.609315 0.720195
vt 0.601219 0.720195
vt 0.593024 0.720195
vt 0.585216 0.695062
vt 0.593024 0.695062
vt 0.577403 0.695062
vt 0.569701 0.695062
vt 0.655427 0.695062
vt 0.663073 0.695062
vt 0.647656 0.695062
vt 0.639959 0.695062
vt 0.632210 0.695062
vt 0.624612 0.695062
vt 0.616982 0.695062
vt 0.609316 0.695062
vt 0.601219 0.695062
vt 0.577402 0.759671
vt 0.577402 0.768697
vt 0.569701 0.759671
vt 0.569701 0.768697
vt 0.655427 0.759671
vt 0.663073 0.759671
vt 0.663073 0.768697
vt 0.655427 0.768697
vt 0.647655 0.759671
vt 0.647655 0.768697
vt 0.639958 0.759671
vt 0.639958 0.768697
vt 0.632210 0.759671
vt 0.632210 0.768697
vt 0.624612 0.759671
vt 0.624612 0.768697
vt 0.616981 0.759671
vt 0.616981 0.768697
vt 0.609315 0.759671
vt 0.609315 0.768697
vt 0.601219 0.768697
vt 0.593024 0.772017
vt 0.601219 0.772017
vt 0.585216 0.772017
vt 0.593024 0.823496
vt 0.593024 0.830906
vt 0.593024 0.775730
vt 0.601219 0.775730
vt 0.577402 0.772017
vt 0.569701 0.772017
vt 0.663073 0.772017
vt 0.655427 0.772017
vt 0.647655 0.772017
vt 0.639958 0.772017
vt 0.632210 0.772017
vt 0.624612 0.772017
vt 0.616981 0.772017
vt 0.609315 0.772017
vt 0.593024 0.790892
vt 0.593024 0.785664
vt 0.601219 0.785664
vt 0.601219 0.790892
vt 0.585216 0.775730
vt 0.585216 0.785664
vt 0.577402 0.775730
vt 0.577402 0.785664
vt 0.569701 0.775730
vt 0.569701 0.785664
vt 0.655427 0.775730
vt 0.663073 0.775730
vt 0.663073 0.785664
vt 0.655427 0.785664
vt 0.647655 0.775730
vt 0.647655 0.785664
vt 0.639958 0.775730
vt 0.639958 0.785664
vt 0.632210 0.775730
vt 0.632210 0.785664
vt 0.624612 0.775730
vt 0.624612 0.785664
vt 0.616981 0.775730
vt 0.616981 0.785664
vt 0.609315 0.775730
vt 0.609315 0.785664
vt 0.593024 0.805640
vt 0.601219 0.805640
vt 0.585216 0.790892
vt 0.577402 0.790892
vt 0.569701 0.790892
vt 0.663073 0.790892
vt 0.655427 0.790892
vt 0.647655 0.790892
vt 0.639958 0.790892
vt 0.632210 0.790892
vt 0.624612 0.790892
vt 0.616981 0.790892
vt 0.609315 0.790892
vt 0.593024 0.815526
vt 0.593024 0.809918
vt 0.601219 0.809918
vt 0.601219 0.815526
vt 0.585216 0.805640
vt 0.585216 0.809918
vt 0.577402 0.805640
vt 0.577402 0.809918
vt 0.569701 0.805640
vt 0.569701 0.809918
vt 0.655427 0.805641
vt 0.663073 0.805641
vt 0.663072 0.809918
vt 0.655427 0.809918
vt 0.647655 0.805641
vt 0.647655 0.809918
vt 0.639958 0.805641
vt 0.639958 0.809918
vt 0.632210 0.805641
vt 0.632210 0.809918
vt 0.624612 0.805641
vt 0.624611 0.809918
vt 0.616981 0.805641
vt 0.616981 0.809918
vt 0.609315 0.805640
vt 0.609315 0.809918
vt 0.593024 0.821109
vt 0.601219 0.821109
vt 0.585216 0.815526
vt 0.577402 0.815526
vt 0.569701 0.815526
vt 0.663072 0.815526
vt 0.655427 0.815526
vt 0.647655 0.815526
vt 0.639958 0.815526
vt 0.632210 0.815526
vt 0.624611 0.815526
vt 0.616981 0.815526
vt 0.609315 0.815526
vt 0.585216 0.681428
vt 0.593024 0.681428
vt 0.577403 0.681428
vt 0.569701 0.681428
vt 0.655427 0.681428
vt 0.663073 0.681428
vt 0.647656 0.681428
vt 0.639959 0.681428
vt 0.632210 0.681428
vt 0.624612 0.681428
vt 0.616982 0.681428
vt 0.609316 0.681428
vt 0.601219 0.681428
vt 0.585216 0.653454
vt 0.585216 0.641108
vt 0.593025 0.641108
vt 0.593024 0.653454
vt 0.577403 0.653454
vt 0.577403 0.641108
vt 0.569701 0.653454
vt 0.569702 0.641108
vt 0.655427 0.653454
vt 0.655427 0.641108
vt 0.663074 0.641108
vt 0.663074 0.653454
vt 0.647656 0.653454
vt 0.647656 0.641108
vt 0.639959 0.653454
vt 0.639959 0.641108
vt 0.632210 0.653454
vt 0.632212 0.641108
vt 0.624612 0.653454
vt 0.624613 0.641108
vt 0.616982 0.653454
vt 0.616982 0.641108
vt 0.609316 0.653454
vt 0.609316 0.641108
vt 0.601219 0.653454
vt 0.601219 0.641108
vt 0.585216 0.636013
vt 0.593025 0.636013
vt 0.577403 0.636013
vt 0.569702 0.636013
vt 0.655427 0.636013
vt 0.663074 0.636013
vt 0.647656 0.636013
vt 0.639959 0.636013
vt 0.632212 0.636013
vt 0.624613 0.636013
vt 0.616982 0.636013
vt 0.609316 0.636013
vt 0.601219 0.636013
vt 0.577403 0.529226
vt 0.577403 0.498226
vt 0.585217 0.498226
vt 0.585217 0.529226
vt 0.601220 0.460117
vt 0.609316 0.460117
vt 0.616983 0.460117
vt 0.624613 0.460117
vt 0.632212 0.460117
vt 0.639959 0.460117
vt 0.647656 0.460117
vt 0.655428 0.460117
vt 0.663074 0.460117
vt 0.569702 0.460117
vt 0.577403 0.460117
vt 0.569702 0.529226
vt 0.569702 0.498226
vt 0.655428 0.529226
vt 0.655428 0.498226
vt 0.663074 0.498226
vt 0.663074 0.529226
vt 0.647656 0.529226
vt 0.647656 0.498226
vt 0.639959 0.529226
vt 0.639959 0.498226
vt 0.632212 0.529226
vt 0.632212 0.498226
vt 0.624613 0.529226
vt 0.624613 0.498226
vt 0.616983 0.529226
vt 0.616983 0.498226
vt 0.609316 0.529226
vt 0.609316 0.498226
vt 0.601220 0.529226
vt 0.601220 0.498226
vt 0.593026 0.529226
vt 0.593026 0.498226
vt 0.577403 0.481745
vt 0.585217 0.481745
vt 0.569702 0.481745
vt 0.655428 0.481745
vt 0.663074 0.481745
vt 0.647656 0.481745
vt 0.639959 0.481745
vt 0.632212 0.481745
vt 0.624613 0.481745
vt 0.616983 0.481745
vt 0.609316 0.481745
vt 0.601220 0.481745
vt 0.593026 0.481745
vt 0.585217 0.561253
vt 0.585217 0.539050
vt 0.593026 0.539050
vt 0.593026 0.561253
vt 0.601220 0.539050
vt 0.601220 0.561253
vt 0.609316 0.539050
vt 0.609316 0.561253
vt 0.616983 0.539050
vt 0.616983 0.561253
vt 0.624613 0.539050
vt 0.624613 0.561253
vt 0.632212 0.539050
vt 0.632212 0.561253
vt 0.639959 0.539050
vt 0.639959 0.561253
vt 0.647656 0.539050
vt 0.647656 0.561253
vt 0.655428 0.539050
vt 0.655428 0.561253
vt 0.663074 0.539050
vt 0.663074 0.561253
vt 0.569702 0.561253
vt 0.569702 0.539050
vt 0.577403 0.539050
vt 0.577403 0.561253
vt 0.577403 0.601411
vt 0.577403 0.588893
vt 0.585217 0.588893
vt 0.585216 0.601411
vt 0.569702 0.601411
vt 0.569702 0.588893
vt 0.655427 0.601411
vt 0.655427 0.588893
vt 0.663074 0.588893
vt 0.663074 0.601411
vt 0.647656 0.601411
vt 0.647656 0.588893
vt 0.639959 0.601411
vt 0.639959 0.588893
vt 0.632212 0.601411
vt 0.632212 0.588893
vt 0.624613 0.601411
vt 0.624613 0.588893
vt 0.616982 0.601411
vt 0.616982 0.588893
vt 0.609316 0.601411
vt 0.609316 0.588893
vt 0.601219 0.601411
vt 0.601219 0.588893
vt 0.593025 0.601411
vt 0.593025 0.588893
vt 0.585216 0.606207
vt 0.593025 0.606207
vt 0.601219 0.606207
vt 0.609316 0.606207
vt 0.616982 0.606207
vt 0.624613 0.606207
vt 0.632212 0.606207
vt 0.639959 0.606207
vt 0.647656 0.606207
vt 0.655427 0.606207
vt 0.663074 0.606207
vt 0.569702 0.606207
vt 0.577403 0.606207
vt 0.577403 0.581462
vt 0.585217 0.581462
vt 0.569702 0.581462
vt 0.655427 0.581462
vt 0.663074 0.581462
vt 0.647656 0.581462
vt 0.639959 0.581462
vt 0.632212 0.581462
vt 0.624613 0.581462
vt 0.616982 0.581462
vt 0.609316 0.581462
vt 0.601219 0.581462
vt 0.593025 0.581462
vt 0.577403 0.615333
vt 0.585216 0.615333
vt 0.569702 0.615333
vt 0.655427 0.615333
vt 0.663074 0.615333
vt 0.647656 0.615333
vt 0.639959 0.615333
vt 0.632212 0.615333
vt 0.624613 0.615333
vt 0.616982 0.615333
vt 0.609316 0.615333
vt 0.601219 0.615333
vt 0.593025 0.615333
vt 0.585217 0.489319
vt 0.593026 0.489319
vt 0.601220 0.489319
vt 0.609316 0.489319
vt 0.616983 0.489319
vt 0.624613 0.489319
vt 0.632212 0.489319
vt 0.639959 0.489319
vt 0.647656 0.489319
vt 0.655428 0.489319
vt 0.663074 0.489319
vt 0.569702 0.489319
vt 0.577403 0.489319
vt 0.585216 0.821109
vt 0.577402 0.821109
vt 0.569701 0.821109
vt 0.663072 0.821109
vt 0.655427 0.821109
vt 0.647655 0.821109
vt 0.639958 0.821109
vt 0.632210 0.821109
vt 0.624611 0.821109
vt 0.616981 0.821109
vt 0.609315 0.821109
vt 0.964660 0.645253
vt 0.964660 0.569942
vt 0.978000 0.569942
vt 0.978000 0.645253
vt 0.552789 0.332114
vt 0.640847 0.332114
vt 0.640847 0.345457
vt 0.552789 0.345457
vt 0.552789 0.358800
vt 0.640847 0.358800
vt 0.640847 0.372143
vt 0.552789 0.372143
vt 0.552789 0.318770
vt 0.640847 0.318770
vt 0.552789 0.305427
vt 0.640847 0.305427
vt 0.552789 0.292084
vt 0.640847 0.292084
vt 0.552789 0.278741
vt 0.640847 0.278741
vt 0.552789 0.265398
vt 0.640847 0.265398
vt 0.552789 0.252056
vt 0.640847 0.252056
vt 0.552789 0.238712
vt 0.640847 0.238712
vt 0.552789 0.225369
vt 0.640847 0.225369
vt 0.987780 0.191192
vt 0.987781 0.112640
vt 0.992289 0.112640
vt 0.992289 0.191192
vt 0.677883 0.394735
vt 0.677883 0.405627
vt 0.673377 0.405627
vt 0.673377 0.394735
vt 0.677883 0.318495
vt 0.677883 0.329387
vt 0.673378 0.329387
vt 0.673378 0.318495
vt 0.677883 0.449907
vt 0.677883 0.484909
vt 0.673377 0.484909
vt 0.673377 0.449907
vt 0.677883 0.416518
vt 0.677883 0.427409
vt 0.673377 0.427409
vt 0.673377 0.416518
vt 0.530077 0.345457
vt 0.530077 0.332114
vt 0.551230 0.332114
vt 0.551230 0.345457
vt 0.677883 0.383844
vt 0.673377 0.383844
vt 0.677883 0.372953
vt 0.673377 0.372953
vt 0.677883 0.362061
vt 0.673377 0.362061
vt 0.677883 0.351169
vt 0.673377 0.351169
vt 0.677883 0.340278
vt 0.673378 0.340278
vt 0.677883 0.438301
vt 0.673377 0.438301
vt 0.530078 0.238712
vt 0.530078 0.225369
vt 0.551230 0.225369
vt 0.551230 0.238712
vt 0.530077 0.318770
vt 0.551230 0.318770
vt 0.530077 0.305427
vt 0.551230 0.305427
vt 0.530077 0.292084
vt 0.551230 0.292084
vt 0.530077 0.425692
vt 0.530077 0.385790
vt 0.551230 0.385790
vt 0.551230 0.425692
vt 0.530077 0.278741
vt 0.551230 0.278741
vt 0.530077 0.372143
vt 0.551230 0.372143
vt 0.530078 0.265398
vt 0.551230 0.265398
vt 0.530077 0.358800
vt 0.551230 0.358800
vt 0.530078 0.252056
vt 0.551230 0.252056
vt 0.964660 0.535065
vt 0.964660 0.523680
vt 0.978000 0.523680
vt 0.978000 0.535065
vt 0.964660 0.513258
vt 0.978001 0.513258
vt 0.964660 0.502837
vt 0.978001 0.502837
vt 0.964660 0.492416
vt 0.978001 0.492416
vt 0.964660 0.481993
vt 0.978001 0.481993
vt 0.964660 0.471572
vt 0.978001 0.471572
vt 0.964660 0.461151
vt 0.978001 0.461151
vt 0.964660 0.450729
vt 0.978001 0.450729
vt 0.964660 0.440307
vt 0.978001 0.440307
vt 0.964660 0.429886
vt 0.978001 0.429886
vt 0.964660 0.419465
vt 0.978001 0.419465
vt 0.964660 0.409043
vt 0.978001 0.409043
vt 0.640847 0.425692
vt 0.640847 0.426494
vt 0.552788 0.426494
vt 0.552788 0.425692
vt 0.992287 0.731843
vt 0.992287 0.741035
vt 0.987779 0.741035
vt 0.987779 0.731843
vt 0.992289 0.047466
vt 0.992289 0.056657
vt 0.987781 0.056657
vt 0.987781 0.047466
vt 0.992287 0.722651
vt 0.987779 0.722651
vt 0.992289 0.038273
vt 0.987781 0.038273
vt 0.272688 0.996906
vt 0.272699 0.914395
vt 0.291095 0.913993
vt 0.291084 0.997308
vt 0.992289 0.029081
vt 0.987781 0.029081
vt 0.992287 0.713458
vt 0.987779 0.713458
vt 0.992289 0.019888
vt 0.987781 0.019888
vt 0.992289 0.010695
vt 0.987781 0.010695
vt 0.992289 0.001504
vt 0.987781 0.001504
vt 0.992289 0.065850
vt 0.992289 0.076185
vt 0.987781 0.076185
vt 0.987781 0.065850
vt 0.552789 0.064948
vt 0.640848 0.064948
vt 0.640848 0.078595
vt 0.552789 0.078595
vt 0.992287 0.750228
vt 0.987778 0.750228
vt 0.992289 0.110789
vt 0.987781 0.110789
vt 0.964660 0.568097
vt 0.978000 0.568097
vt 0.640847 0.385790
vt 0.552789 0.385790
vt 0.673377 0.565248
vt 0.673377 0.486760
vt 0.677883 0.486760
vt 0.677883 0.565248
vt 0.678665 0.484909
vt 0.678665 0.485835
vt 0.677883 0.485835
vt 0.530077 0.426494
vt 0.529261 0.426494
vt 0.529261 0.425692
vt 0.552788 0.448418
vt 0.552788 0.449234
vt 0.552000 0.449234
vt 0.552000 0.448418
vt 0.678665 0.486760
vt 0.552788 0.427266
vt 0.552000 0.427266
vt 0.552000 0.426494
vt 0.552000 0.425692
vt 0.551230 0.426494
vt 0.359910 0.913995
vt 0.358726 0.914017
vt 0.358725 0.913523
vt 0.360769 0.913500
vt 0.357541 0.913996
vt 0.356682 0.913502
vt 0.987781 0.111716
vt 0.986998 0.111716
vt 0.986998 0.110789
vt 0.986998 0.112640
vt 0.552000 0.385790
vt 0.552000 0.372143
vt 0.552000 0.358800
vt 0.552000 0.345457
vt 0.552000 0.332114
vt 0.552000 0.318770
vt 0.552000 0.305427
vt 0.552000 0.292084
vt 0.552000 0.278741
vt 0.552000 0.265398
vt 0.552000 0.252056
vt 0.552000 0.238712
vt 0.552000 0.225369
vt 0.640847 0.427266
vt 0.640847 0.448418
vt 0.640847 0.449234
vt 0.529261 0.385790
vt 0.529261 0.372143
vt 0.678665 0.438301
vt 0.678665 0.449907
vt 0.529261 0.358800
vt 0.678665 0.427409
vt 0.529261 0.345457
vt 0.678665 0.416518
vt 0.529261 0.332114
vt 0.678665 0.405627
vt 0.529261 0.318770
vt 0.678665 0.394735
vt 0.529261 0.305427
vt 0.678665 0.383844
vt 0.529261 0.292084
vt 0.678665 0.372953
vt 0.529261 0.278741
vt 0.678665 0.362061
vt 0.529262 0.265398
vt 0.678665 0.351169
vt 0.529262 0.252056
vt 0.678665 0.340278
vt 0.529262 0.238712
vt 0.678665 0.329387
vt 0.529262 0.225369
vt 0.678665 0.318495
vt 0.673377 0.485835
vt 0.978000 0.569020
vt 0.964660 0.569020
vt 0.986998 0.076185
vt 0.986998 0.065850
vt 0.272526 0.913955
vt 0.291051 0.913550
vt 0.986998 0.056657
vt 0.256338 0.915028
vt 0.256684 0.915456
vt 0.986998 0.047466
vt 0.240712 0.916796
vt 0.241221 0.917205
vt 0.986998 0.038273
vt 0.225912 0.919229
vt 0.226575 0.919613
vt 0.986998 0.029081
vt 0.212189 0.922285
vt 0.212999 0.922636
vt 0.986998 0.019888
vt 0.199779 0.925912
vt 0.200721 0.926225
vt 0.986998 0.010695
vt 0.188898 0.930048
vt 0.189955 0.930317
vt 0.986998 0.001504
vt 0.179730 0.934621
vt 0.180880 0.934843
vt 0.986996 0.750228
vt 0.986997 0.741035
vt 0.172429 0.939555
vt 0.173657 0.939725
vt 0.986997 0.731843
vt 0.167124 0.944764
vt 0.168408 0.944879
vt 0.986997 0.722651
vt 0.163904 0.950159
vt 0.165222 0.950217
vt 0.986997 0.713458
vt 0.162824 0.955648
vt 0.164153 0.955648
vt 0.992289 0.111716
vt 0.678665 0.565248
vt 0.508848 0.913500
vt 0.509707 0.913996
vt 0.986998 0.191192
vt 0.241211 0.994094
vt 0.256673 0.995843
vt 0.212990 0.988662
vt 0.226567 0.991686
vt 0.200712 0.985073
vt 0.189948 0.980981
vt 0.180876 0.976454
vt 0.173654 0.971573
vt 0.168407 0.966419
vt 0.165221 0.961080
vt 0.358716 0.997285
vt 0.357530 0.997307
vt 0.359903 0.997307
vt 0.643036 0.991690
vt 0.628389 0.994098
vt 0.628399 0.917209
vt 0.643044 0.919617
vt 0.964661 0.172834
vt 0.978001 0.172834
vt 0.978001 0.248143
vt 0.964660 0.248143
vt 0.552789 0.105281
vt 0.640848 0.105281
vt 0.640848 0.118625
vt 0.552789 0.118625
vt 0.640848 0.091938
vt 0.552789 0.091938
vt 0.640847 0.131968
vt 0.552789 0.131968
vt 0.640847 0.145311
vt 0.552789 0.145311
vt 0.640847 0.158654
vt 0.552789 0.158654
vt 0.640847 0.171997
vt 0.552789 0.171997
vt 0.640847 0.185340
vt 0.552789 0.185340
vt 0.640847 0.198683
vt 0.552789 0.198683
vt 0.640847 0.212026
vt 0.552789 0.212026
vt 0.987780 0.487004
vt 0.992288 0.487004
vt 0.992288 0.565553
vt 0.987779 0.565553
vt 0.677884 0.242255
vt 0.673378 0.242255
vt 0.673378 0.231364
vt 0.677884 0.231364
vt 0.673378 0.307604
vt 0.677883 0.307604
vt 0.677884 0.187084
vt 0.673378 0.187084
vt 0.673378 0.152081
vt 0.677884 0.152081
vt 0.677884 0.220472
vt 0.673378 0.220472
vt 0.673378 0.209581
vt 0.677884 0.209581
vt 0.530078 0.105281
vt 0.551230 0.105281
vt 0.551230 0.118625
vt 0.530078 0.118625
vt 0.677884 0.253147
vt 0.673378 0.253147
vt 0.677884 0.264038
vt 0.673378 0.264038
vt 0.677884 0.274930
vt 0.673378 0.274930
vt 0.677884 0.285820
vt 0.673378 0.285820
vt 0.677884 0.296712
vt 0.673378 0.296712
vt 0.677884 0.198689
vt 0.673378 0.198689
vt 0.530078 0.212026
vt 0.551230 0.212026
vt 0.551230 0.131968
vt 0.530078 0.131968
vt 0.551230 0.145311
vt 0.530078 0.145311
vt 0.551230 0.158654
vt 0.530078 0.158654
vt 0.530078 0.025047
vt 0.551230 0.025047
vt 0.551230 0.064948
vt 0.530078 0.064948
vt 0.551230 0.171997
vt 0.530078 0.171997
vt 0.551230 0.078595
vt 0.530078 0.078595
vt 0.551230 0.185340
vt 0.530078 0.185340
vt 0.551230 0.091938
vt 0.530078 0.091938
vt 0.551230 0.198683
vt 0.530078 0.198683
vt 0.964660 0.283021
vt 0.978001 0.283021
vt 0.978001 0.294406
vt 0.964660 0.294406
vt 0.978001 0.304827
vt 0.964660 0.304827
vt 0.978001 0.315249
vt 0.964660 0.315249
vt 0.978001 0.325671
vt 0.964660 0.325671
vt 0.978001 0.336092
vt 0.964660 0.336092
vt 0.978001 0.346513
vt 0.964660 0.346513
vt 0.978001 0.356935
vt 0.964660 0.356935
vt 0.978001 0.367356
vt 0.964660 0.367356
vt 0.978001 0.377778
vt 0.964660 0.377778
vt 0.978001 0.388200
vt 0.964660 0.388200
vt 0.978001 0.398621
vt 0.964660 0.398621
vt 0.640848 0.025047
vt 0.552789 0.025047
vt 0.552789 0.024244
vt 0.640848 0.024244
vt 0.992287 0.695074
vt 0.987779 0.695074
vt 0.987779 0.685882
vt 0.992287 0.685882
vt 0.992287 0.630728
vt 0.987779 0.630728
vt 0.987779 0.621536
vt 0.992288 0.621536
vt 0.992287 0.704266
vt 0.987779 0.704266
vt 0.992287 0.639920
vt 0.987779 0.639920
vt 0.992287 0.649113
vt 0.987779 0.649113
vt 0.992287 0.658305
vt 0.987779 0.658305
vt 0.992287 0.667497
vt 0.987779 0.667497
vt 0.992287 0.676689
vt 0.987779 0.676689
vt 0.992288 0.612344
vt 0.987779 0.612344
vt 0.987779 0.602009
vt 0.992288 0.602009
vt 0.509700 0.997307
vt 0.987779 0.567405
vt 0.992288 0.567405
vt 0.964660 0.249990
vt 0.978001 0.249990
vt 0.673378 0.071744
vt 0.677884 0.071744
vt 0.677884 0.150231
vt 0.673378 0.150231
vt 0.677884 0.151156
vt 0.678666 0.151156
vt 0.678666 0.152081
vt 0.529262 0.025047
vt 0.529262 0.024244
vt 0.530078 0.024244
vt 0.552789 0.002321
vt 0.552001 0.002321
vt 0.552001 0.001504
vt 0.552789 0.001504
vt 0.678666 0.150231
vt 0.552789 0.023473
vt 0.552001 0.024244
vt 0.552001 0.023473
vt 0.551230 0.024244
vt 0.552001 0.025047
vt 0.360762 0.997802
vt 0.358715 0.997781
vt 0.356669 0.997801
vt 0.986997 0.567405
vt 0.986997 0.566479
vt 0.987779 0.566479
vt 0.986997 0.565553
vt 0.552001 0.078595
vt 0.552001 0.064948
vt 0.552001 0.091938
vt 0.552001 0.105281
vt 0.552001 0.118625
vt 0.552001 0.131968
vt 0.552000 0.145311
vt 0.552000 0.158654
vt 0.552000 0.171997
vt 0.552000 0.185340
vt 0.552000 0.198683
vt 0.552000 0.212026
vt 0.640848 0.023473
vt 0.640848 0.002321
vt 0.640848 0.001504
vt 0.529262 0.078595
vt 0.529262 0.064948
vt 0.678665 0.198689
vt 0.678665 0.187084
vt 0.529262 0.091938
vt 0.678665 0.209581
vt 0.529262 0.105281
vt 0.678665 0.220472
vt 0.529262 0.118625
vt 0.678665 0.231364
vt 0.529262 0.131968
vt 0.678665 0.242255
vt 0.529262 0.145311
vt 0.678665 0.253147
vt 0.529262 0.158654
vt 0.678665 0.264038
vt 0.529262 0.171997
vt 0.678665 0.274930
vt 0.529262 0.185340
vt 0.678665 0.285820
vt 0.529262 0.198683
vt 0.678665 0.296712
vt 0.529262 0.212026
vt 0.678665 0.307604
vt 0.673378 0.151156
vt 0.964660 0.249066
vt 0.978001 0.249066
vt 0.986997 0.612344
vt 0.986997 0.602009
vt 0.272514 0.997345
vt 0.291040 0.997751
vt 0.986997 0.621536
vt 0.256330 0.996272
vt 0.986997 0.630728
vt 0.240701 0.994503
vt 0.986997 0.639920
vt 0.225901 0.992070
vt 0.986997 0.649113
vt 0.212180 0.989014
vt 0.986997 0.658305
vt 0.199771 0.985386
vt 0.986997 0.667497
vt 0.188893 0.981250
vt 0.986997 0.676689
vt 0.179724 0.976677
vt 0.986997 0.685882
vt 0.172424 0.971742
vt 0.986997 0.695074
vt 0.167121 0.966533
vt 0.986997 0.704266
vt 0.163902 0.961138
vt 0.992288 0.566479
vt 0.678666 0.071744
vt 0.508841 0.997802
vt 0.986997 0.487004
vt 0.677883 0.657273
vt 0.673377 0.657273
vt 0.673377 0.646381
vt 0.677883 0.646381
vt 0.677883 0.733514
vt 0.673377 0.733514
vt 0.673377 0.722622
vt 0.677883 0.722622
vt 0.677883 0.602102
vt 0.673377 0.602102
vt 0.673377 0.567098
vt 0.677883 0.567098
vt 0.677883 0.635490
vt 0.673377 0.635490
vt 0.673377 0.624598
vt 0.677883 0.624598
vt 0.663559 0.345457
vt 0.642406 0.345457
vt 0.642406 0.332114
vt 0.663559 0.332114
vt 0.677883 0.668164
vt 0.673377 0.668164
vt 0.677883 0.679056
vt 0.673377 0.679056
vt 0.677883 0.689948
vt 0.673377 0.689948
vt 0.677883 0.700839
vt 0.673377 0.700839
vt 0.677883 0.711731
vt 0.673377 0.711731
vt 0.677883 0.613707
vt 0.673377 0.613707
vt 0.663559 0.238712
vt 0.642407 0.238712
vt 0.642407 0.225369
vt 0.663559 0.225369
vt 0.642406 0.318770
vt 0.663559 0.318770
vt 0.642406 0.305427
vt 0.663559 0.305427
vt 0.642406 0.292084
vt 0.663559 0.292084
vt 0.663559 0.425692
vt 0.642406 0.425692
vt 0.642406 0.385790
vt 0.663559 0.385790
vt 0.642407 0.278741
vt 0.663559 0.278741
vt 0.642406 0.372143
vt 0.663559 0.372143
vt 0.642407 0.265398
vt 0.663559 0.265398
vt 0.642406 0.358800
vt 0.663559 0.358800
vt 0.642407 0.252056
vt 0.663559 0.252056
vt 0.964659 0.680131
vt 0.978000 0.680131
vt 0.978000 0.691516
vt 0.964659 0.691516
vt 0.978000 0.701938
vt 0.964659 0.701938
vt 0.978000 0.712359
vt 0.964659 0.712359
vt 0.978000 0.722781
vt 0.964659 0.722781
vt 0.978000 0.733202
vt 0.964659 0.733202
vt 0.978000 0.743624
vt 0.964659 0.743624
vt 0.978000 0.754046
vt 0.964659 0.754045
vt 0.978000 0.764467
vt 0.964659 0.764467
vt 0.978000 0.774889
vt 0.964659 0.774889
vt 0.978000 0.785311
vt 0.964659 0.785311
vt 0.978000 0.795732
vt 0.964659 0.795732
vt 0.964661 0.001505
vt 0.978001 0.001505
vt 0.978001 0.011927
vt 0.964661 0.011927
vt 0.992288 0.320713
vt 0.987780 0.320713
vt 0.987780 0.311521
vt 0.992288 0.311521
vt 0.992288 0.256367
vt 0.987780 0.256367
vt 0.987780 0.247175
vt 0.992288 0.247175
vt 0.992288 0.329905
vt 0.987780 0.329905
vt 0.992288 0.265559
vt 0.987780 0.265559
vt 0.596911 0.996908
vt 0.578514 0.997310
vt 0.578526 0.913995
vt 0.596920 0.914397
vt 0.992288 0.274751
vt 0.987780 0.274751
vt 0.992288 0.339098
vt 0.987780 0.339098
vt 0.992288 0.283944
vt 0.987780 0.283944
vt 0.992288 0.293137
vt 0.987780 0.293137
vt 0.992288 0.302329
vt 0.987780 0.302329
vt 0.992288 0.237982
vt 0.987780 0.237982
vt 0.987780 0.227647
vt 0.992288 0.227647
vt 0.987780 0.193043
vt 0.992289 0.193043
vt 0.964660 0.647099
vt 0.978000 0.647100
vt 0.677883 0.566173
vt 0.678665 0.566173
vt 0.678665 0.567098
vt 0.664375 0.425692
vt 0.664375 0.426494
vt 0.663559 0.426494
vt 0.641635 0.448418
vt 0.641635 0.449234
vt 0.641635 0.426494
vt 0.641635 0.427266
vt 0.642406 0.426494
vt 0.641635 0.425692
vt 0.510896 0.913522
vt 0.510894 0.914017
vt 0.512078 0.913996
vt 0.512940 0.913502
vt 0.986998 0.193043
vt 0.986998 0.192117
vt 0.987780 0.192117
vt 0.641635 0.372143
vt 0.641635 0.385790
vt 0.641635 0.358800
vt 0.641635 0.345457
vt 0.641635 0.332114
vt 0.641635 0.318770
vt 0.641635 0.305427
vt 0.641635 0.292084
vt 0.641635 0.278741
vt 0.641635 0.265398
vt 0.641635 0.252056
vt 0.641635 0.238712
vt 0.641635 0.225369
vt 0.664375 0.372143
vt 0.664375 0.385790
vt 0.678665 0.613707
vt 0.678665 0.602102
vt 0.664375 0.358800
vt 0.678665 0.624598
vt 0.664375 0.345457
vt 0.678665 0.635490
vt 0.664375 0.332114
vt 0.678665 0.646381
vt 0.664375 0.318770
vt 0.678665 0.657273
vt 0.664375 0.305427
vt 0.678665 0.668164
vt 0.664375 0.292084
vt 0.678665 0.679056
vt 0.664375 0.278741
vt 0.678665 0.689948
vt 0.664375 0.265398
vt 0.678665 0.700839
vt 0.664375 0.252056
vt 0.678664 0.711731
vt 0.664375 0.238712
vt 0.678664 0.722622
vt 0.664375 0.225369
vt 0.678664 0.733514
vt 0.673377 0.566173
vt 0.964660 0.646176
vt 0.978000 0.646176
vt 0.986997 0.237982
vt 0.986997 0.227647
vt 0.597096 0.913958
vt 0.578569 0.913552
vt 0.986997 0.247175
vt 0.613280 0.915031
vt 0.612937 0.915459
vt 0.986997 0.256367
vt 0.628909 0.916800
vt 0.986997 0.265559
vt 0.643708 0.919233
vt 0.986997 0.274751
vt 0.657430 0.922289
vt 0.656621 0.922642
vt 0.986997 0.283944
vt 0.669838 0.925917
vt 0.668898 0.926230
vt 0.986997 0.293137
vt 0.680718 0.930052
vt 0.679662 0.930323
vt 0.986997 0.302329
vt 0.689887 0.934627
vt 0.688733 0.934849
vt 0.986997 0.311521
vt 0.697184 0.939561
vt 0.695956 0.939730
vt 0.986997 0.320713
vt 0.702488 0.944770
vt 0.701204 0.944885
vt 0.986997 0.329905
vt 0.705706 0.950165
vt 0.704389 0.950223
vt 0.986997 0.339098
vt 0.706786 0.955655
vt 0.705457 0.955655
vt 0.992289 0.192117
vt 0.612926 0.995847
vt 0.656612 0.988667
vt 0.668889 0.985078
vt 0.679656 0.980985
vt 0.688729 0.976460
vt 0.695952 0.971578
vt 0.701201 0.966424
vt 0.704388 0.961086
vt 0.512068 0.997307
vt 0.510884 0.997286
vt 0.677882 0.809755
vt 0.677882 0.820646
vt 0.673377 0.820646
vt 0.673377 0.809755
vt 0.677883 0.744405
vt 0.673377 0.744405
vt 0.677884 0.034890
vt 0.677884 0.069894
vt 0.673378 0.069894
vt 0.673378 0.034890
vt 0.677884 0.001502
vt 0.677884 0.012393
vt 0.673378 0.012393
vt 0.673378 0.001502
vt 0.663559 0.105281
vt 0.663559 0.118625
vt 0.642407 0.118625
vt 0.642407 0.105281
vt 0.677882 0.831538
vt 0.673376 0.831538
vt 0.677882 0.798863
vt 0.673377 0.798863
vt 0.677882 0.787971
vt 0.673377 0.787971
vt 0.677882 0.777080
vt 0.673377 0.777080
vt 0.677882 0.766188
vt 0.673377 0.766188
vt 0.677883 0.755297
vt 0.673377 0.755297
vt 0.677884 0.023285
vt 0.673378 0.023285
vt 0.663559 0.212026
vt 0.642407 0.212026
vt 0.663559 0.131968
vt 0.642407 0.131968
vt 0.663559 0.145311
vt 0.642407 0.145311
vt 0.663559 0.158654
vt 0.642407 0.158654
vt 0.663560 0.025047
vt 0.663559 0.064948
vt 0.642407 0.064948
vt 0.642407 0.025047
vt 0.663559 0.171997
vt 0.642407 0.171997
vt 0.663559 0.078595
vt 0.642407 0.078595
vt 0.663559 0.185340
vt 0.642407 0.185340
vt 0.663559 0.091938
vt 0.642407 0.091938
vt 0.663559 0.198683
vt 0.642407 0.198683
vt 0.964661 0.137955
vt 0.964661 0.126569
vt 0.978001 0.126569
vt 0.978001 0.137955
vt 0.964661 0.116147
vt 0.978001 0.116147
vt 0.964661 0.105726
vt 0.978001 0.105726
vt 0.964661 0.095303
vt 0.978001 0.095303
vt 0.964661 0.084881
vt 0.978001 0.084881
vt 0.964661 0.074459
vt 0.978001 0.074459
vt 0.964661 0.064037
vt 0.978001 0.064037
vt 0.964661 0.053615
vt 0.978001 0.053615
vt 0.964661 0.043193
vt 0.978001 0.043193
vt 0.964661 0.032771
vt 0.978001 0.032771
vt 0.964661 0.022349
vt 0.978001 0.022349
vt 0.992288 0.357482
vt 0.992288 0.366675
vt 0.987780 0.366675
vt 0.987780 0.357482
vt 0.992288 0.421829
vt 0.992288 0.431021
vt 0.987780 0.431021
vt 0.987780 0.421829
vt 0.992288 0.348290
vt 0.987780 0.348290
vt 0.992288 0.412636
vt 0.987780 0.412636
vt 0.992288 0.403444
vt 0.987780 0.403444
vt 0.992288 0.394252
vt 0.987780 0.394252
vt 0.992288 0.385060
vt 0.987780 0.385060
vt 0.992288 0.375867
vt 0.987780 0.375867
vt 0.992288 0.440213
vt 0.992288 0.450548
vt 0.987780 0.450548
vt 0.987780 0.440213
vt 0.992288 0.485153
vt 0.987780 0.485153
vt 0.964661 0.170987
vt 0.978001 0.170987
vt 0.678666 0.069894
vt 0.678666 0.070819
vt 0.677884 0.070819
vt 0.663560 0.024244
vt 0.664376 0.024244
vt 0.664376 0.025047
vt 0.641636 0.001504
vt 0.641636 0.002321
vt 0.641635 0.023473
vt 0.641635 0.024244
vt 0.641635 0.025047
vt 0.642407 0.024244
vt 0.510885 0.997780
vt 0.512928 0.997801
vt 0.987780 0.486078
vt 0.986997 0.486078
vt 0.986997 0.485153
vt 0.641635 0.064948
vt 0.641635 0.078595
vt 0.641635 0.091938
vt 0.641635 0.105281
vt 0.641635 0.118625
vt 0.641635 0.131968
vt 0.641635 0.145311
vt 0.641635 0.158654
vt 0.641635 0.171997
vt 0.641635 0.185340
vt 0.641635 0.198683
vt 0.641635 0.212026
vt 0.664375 0.064948
vt 0.664375 0.078595
vt 0.678666 0.023285
vt 0.678666 0.034890
vt 0.664375 0.091938
vt 0.678666 0.012393
vt 0.664375 0.105281
vt 0.678666 0.001502
vt 0.664375 0.118625
vt 0.678664 0.820646
vt 0.678664 0.831538
vt 0.664375 0.131968
vt 0.678664 0.809755
vt 0.664375 0.145311
vt 0.678664 0.798863
vt 0.664375 0.158654
vt 0.678664 0.787971
vt 0.664375 0.171997
vt 0.678664 0.777080
vt 0.664375 0.185340
vt 0.678664 0.766188
vt 0.664375 0.198683
vt 0.678664 0.755297
vt 0.664375 0.212026
vt 0.678664 0.744405
vt 0.673378 0.070819
vt 0.978001 0.171911
vt 0.964661 0.171911
vt 0.986997 0.450548
vt 0.986997 0.440213
vt 0.597084 0.997348
vt 0.578559 0.997754
vt 0.986997 0.431021
vt 0.613271 0.996275
vt 0.986997 0.421829
vt 0.628897 0.994506
vt 0.986997 0.412636
vt 0.643700 0.992074
vt 0.986997 0.403444
vt 0.657421 0.989018
vt 0.986997 0.394252
vt 0.669830 0.985391
vt 0.986997 0.385060
vt 0.680711 0.981255
vt 0.986997 0.375867
vt 0.689881 0.976682
vt 0.986997 0.366675
vt 0.697181 0.971748
vt 0.986997 0.357482
vt 0.702486 0.966539
vt 0.986997 0.348290
vt 0.705705 0.961144
vt 0.992288 0.486078
vt 0.955657 0.063695
vt 0.955657 0.106745
vt 0.938345 0.106745
vt 0.938345 0.063695
vt 0.880542 0.063464
vt 0.863234 0.063464
vt 0.863234 0.046525
vt 0.880542 0.046525
vt 0.880767 0.106745
vt 0.880767 0.063695
vt 0.890921 0.063695
vt 0.890921 0.106745
vt 0.927968 0.063464
vt 0.927968 0.046525
vt 0.938121 0.046525
vt 0.938121 0.063464
vt 0.880543 0.106745
vt 0.863231 0.106745
vt 0.863230 0.063695
vt 0.880542 0.063695
vt 0.938345 0.046525
vt 0.955657 0.046525
vt 0.955657 0.063464
vt 0.938345 0.063464
vt 0.938345 0.028766
vt 0.955657 0.028766
vt 0.955657 0.046302
vt 0.938345 0.046302
vt 0.880767 0.046302
vt 0.880767 0.028766
vt 0.890921 0.028766
vt 0.890921 0.046302
vt 0.927742 0.116932
vt 0.927742 0.133984
vt 0.891147 0.133984
vt 0.891147 0.116932
vt 0.927742 0.046302
vt 0.891146 0.046302
vt 0.891146 0.028766
vt 0.927742 0.028766
vt 0.927742 0.063464
vt 0.891146 0.063464
vt 0.891146 0.046525
vt 0.927742 0.046525
vt 0.938121 0.028766
vt 0.938121 0.046302
vt 0.927968 0.046302
vt 0.927968 0.028766
vt 0.890921 0.046525
vt 0.890921 0.063464
vt 0.880767 0.063464
vt 0.880767 0.046525
vt 0.938121 0.063695
vt 0.938122 0.106745
vt 0.927968 0.106745
vt 0.927968 0.063695
vt 0.891146 0.063695
vt 0.927742 0.063695
vt 0.927742 0.106745
vt 0.891147 0.106745
vt 0.891146 0.018552
vt 0.891146 0.001497
vt 0.927743 0.001497
vt 0.927743 0.018552
vt 0.880542 0.046302
vt 0.055628 0.001616
vt 0.055265 0.001616
vt 0.055448 0.001500
vt 0.023217 0.002548
vt 0.023218 0.002428
vt 0.023566 0.002488
vt 0.013840 0.002520
vt 0.013840 0.002394
vt 0.014204 0.002457
vt 0.004488 0.002520
vt 0.004853 0.002583
vt 0.004486 0.002646
vt 0.077774 0.001701
vt 0.077447 0.001701
vt 0.077652 0.001593
vt 0.087410 0.002167
vt 0.087728 0.002207
vt 0.087410 0.002274
vt 0.032286 0.001502
vt 0.032626 0.001504
vt 0.032408 0.001615
vt 0.067106 0.001641
vt 0.066775 0.001641
vt 0.066899 0.001532
vt 0.880542 0.028766
vt 0.891146 0.028556
vt 0.890916 0.028556
vt 0.890916 0.018552
vt 0.927742 0.028556
vt 0.927973 0.018552
vt 0.927973 0.028556
vt 0.927742 0.106929
vt 0.927939 0.106929
vt 0.927939 0.116932
vt 0.891147 0.106929
vt 0.890949 0.116932
vt 0.890949 0.106929
vt 0.863234 0.063695
vt 0.863230 0.046302
vt 0.863230 0.046525
vt 0.890936 0.018552
vt 0.890934 0.001497
vt 0.890963 0.133984
vt 0.890963 0.116932
vt 0.927953 0.001497
vt 0.927953 0.018552
vt 0.927925 0.116932
vt 0.927925 0.133984
vt 0.863230 0.028766
vt 0.189996 0.040299
vt 0.187444 0.040299
vt 0.187444 0.036239
vt 0.189996 0.036239
vt 0.210415 0.040299
vt 0.207863 0.040299
vt 0.207863 0.036239
vt 0.210415 0.036239
vt 0.202758 0.040299
vt 0.200207 0.040299
vt 0.200207 0.036239
vt 0.202758 0.036239
vt 0.205310 0.040299
vt 0.205310 0.036239
vt 0.197654 0.040299
vt 0.197654 0.036239
vt 0.195102 0.040299
vt 0.195102 0.036239
vt 0.192548 0.040299
vt 0.192548 0.036239
vt 0.205310 0.032180
vt 0.207863 0.032180
vt 0.192548 0.032180
vt 0.195102 0.032180
vt 0.210415 0.032180
vt 0.200207 0.032180
vt 0.202758 0.032180
vt 0.197654 0.032180
vt 0.187444 0.032180
vt 0.189996 0.032180
vt 0.202758 0.028120
vt 0.205310 0.028120
vt 0.197654 0.028120
vt 0.200207 0.028120
vt 0.189996 0.028120
vt 0.192548 0.028120
vt 0.207863 0.028120
vt 0.195101 0.028120
vt 0.210415 0.028120
vt 0.187444 0.028120
vt 0.200207 0.050681
vt 0.197654 0.050681
vt 0.205310 0.050681
vt 0.202758 0.050681
vt 0.189996 0.050681
vt 0.187444 0.050681
vt 0.195102 0.050681
vt 0.210415 0.050681
vt 0.207863 0.050681
vt 0.192548 0.050681
vt 0.210415 0.024060
vt 0.207863 0.024060
vt 0.197654 0.024060
vt 0.195101 0.024060
vt 0.189996 0.024060
vt 0.187444 0.024060
vt 0.205310 0.024060
vt 0.202758 0.024060
vt 0.200207 0.024060
vt 0.192548 0.024060
vt 0.189996 0.011881
vt 0.189996 0.015941
vt 0.187444 0.015941
vt 0.187444 0.011881
vt 0.210415 0.011881
vt 0.210415 0.015941
vt 0.207863 0.015941
vt 0.207863 0.011881
vt 0.202758 0.011881
vt 0.202758 0.015941
vt 0.200207 0.015941
vt 0.200207 0.011881
vt 0.205310 0.015941
vt 0.205310 0.011881
vt 0.197654 0.015941
vt 0.197654 0.011881
vt 0.195101 0.015941
vt 0.195101 0.011881
vt 0.192548 0.015941
vt 0.192548 0.011881
vt 0.207863 0.020000
vt 0.205310 0.020000
vt 0.195101 0.020000
vt 0.192548 0.020000
vt 0.210415 0.020000
vt 0.202758 0.020000
vt 0.200207 0.020000
vt 0.197654 0.020000
vt 0.189996 0.020000
vt 0.187444 0.020000
vt 0.197654 0.001499
vt 0.200207 0.001499
vt 0.202758 0.001499
vt 0.205310 0.001499
vt 0.187445 0.001499
vt 0.189996 0.001499
vt 0.195101 0.001499
vt 0.207863 0.001499
vt 0.210415 0.001499
vt 0.192549 0.001499
s 1
usemtl DRAGON_SLAYER
f 343/1/1 1083/2/2 1084/3/3 47/4/4
f 280/5/5 821/6/6 829/7/7 304/8/8
f 309/9/9 834/10/10 268/11/11 2/12/12
f 1042/13/13 770/14/14 177/15/15 622/16/16
f 247/17/17 688/18/18 1041/19/19 768/20/20 1040/21/21 689/22/22
f 517/23/23 536/24/24 938/25/25 922/26/26
f 517/23/23 813/27/27 810/28/28 536/24/24
f 810/28/28 274/29/29 9/30/30 383/31/31
f 536/24/24 810/28/28 383/31/31 83/32/32
f 823/33/33 278/34/34 293/35/35 831/36/36
f 269/37/37 835/38/38 310/39/39 1/40/40
f 285/41/41 823/33/33 831/36/36 303/42/42
f 833/43/43 315/44/44 4/45/45 267/46/46
f 289/47/47 281/48/48 305/49/49 306/50/50
f 33/51/51 326/52/52 811/53/53 317/54/54
f 326/52/52 11/55/55 288/56/56 811/53/53
f 811/53/53 288/56/56 13/57/57 327/58/58
f 317/54/54 811/53/53 327/58/58 28/59/59
f 310/39/39 832/60/60 266/61/61 1/40/40
f 272/62/62 839/63/63 321/64/64 6/65/65
f 18/66/66 22/67/67 294/68/68 292/69/69
f 14/70/70 291/71/71 812/72/72 330/73/73
f 291/71/71 10/74/74 331/75/75 812/72/72
f 812/72/72 331/75/75 30/76/76 324/77/77
f 330/73/73 812/72/72 324/77/77 36/78/78
f 320/79/79 838/80/80 349/81/81 7/82/82
f 292/69/69 273/83/83 813/27/27 825/84/84
f 950/85/85 951/86/86 550/87/87 548/88/88
f 313/89/89 833/43/43 267/46/46 5/90/90
f 5/91/90 268/11/11 834/10/10 313/89/89
f 332/92/91 34/93/92 316/94/93
f 344/95/94 116/96/95 430/97/96 843/98/97
f 281/48/48 280/5/5 304/8/8 305/49/49
f 821/6/6 285/41/41 303/42/42 829/7/7
f 15/99/98 333/100/99 814/101/100 287/102/101
f 333/100/99 37/103/102 322/104/103 814/101/100
f 814/101/100 322/104/103 35/105/104 328/106/105
f 287/102/101 814/101/100 328/106/105 13/57/57
f 11/55/55 326/52/52 815/107/106 276/108/107
f 326/52/52 33/51/51 314/109/108 815/107/106
f 815/107/106 314/109/108 34/93/92 332/92/91
f 276/108/107 815/107/106 332/92/91 12/110/109
f 28/59/59 327/58/58 816/111/110 311/112/111
f 327/58/58 13/57/57 328/106/105 816/111/110
f 816/111/110 328/106/105 35/105/104 325/113/112
f 311/112/111 816/111/110 325/113/112 32/114/113
f 281/48/48 283/115/114 282/116/115 280/5/5
f 321/64/64 837/117/116 271/118/117 6/65/65
f 14/70/70 330/73/73 817/119/118 284/120/119
f 330/73/73 36/78/78 319/121/120 817/119/118
f 817/119/118 319/121/120 37/103/102 333/100/99
f 284/120/119 817/119/118 333/100/99 15/99/98
f 51/122/121 350/123/122 818/124/123 498/125/124
f 498/125/124 818/124/123 410/126/125 117/127/126
f 349/81/81 838/80/80 323/128/127 29/129/128
f 318/130/129 836/131/130 270/132/131 8/133/132
f 837/117/116 318/130/129 8/133/132 271/118/117
f 278/34/34 820/134/133 826/135/134 293/35/35
f 397/136/135 479/137/136 329/138/137 31/139/138
f 479/137/136 83/32/32 383/31/31 329/138/137
f 329/138/137 383/31/31 9/30/30
f 397/136/135 31/139/138 309/9/9 860/140/139
f 11/55/55 276/108/107 819/141/140 275/142/141
f 276/108/107 12/110/109 277/143/142 819/141/140
f 819/141/140 820/134/133 278/34/34 275/142/141
f 818/124/123 1178/144/143 18/145/66 410/126/125
f 273/83/83 292/69/69 294/68/68 279/146/144
f 280/5/5 282/116/115 822/147/145 821/6/6
f 282/116/115 283/115/114 14/70/70 284/120/119
f 282/116/115 284/120/119 15/99/98
f 821/6/6 822/147/145 286/148/146 285/41/41
f 285/41/41 286/148/146 824/149/147 823/33/33
f 822/147/145 282/116/115 15/99/98 287/102/101
f 286/148/146 822/147/145 287/102/101 13/57/57
f 823/33/33 824/149/147 275/142/141 278/34/34
f 289/47/47 290/150/148 283/115/114 281/48/48
f 824/149/147 286/148/146 13/57/57 288/56/56
f 275/142/141 824/149/147 288/56/56 11/55/55
f 335/151/149 336/152/150 41/153/151 40/154/152
f 283/115/114 291/71/71 14/70/70
f 312/155/153 839/63/63 272/62/62 3/156/154
f 836/131/130 320/79/79 7/82/82 270/132/131
f 117/157/126 410/158/125 825/84/84 461/159/155
f 410/158/125 18/66/66 292/69/69 825/84/84
f 73/160/156 373/161/157 855/162/158 439/163/159
f 826/135/134 294/68/68 22/67/67 295/164/160
f 293/35/35 826/135/134 295/164/160 20/165/161
f 20/166/161 295/167/160 827/168/162 296/169/163
f 295/167/160 22/170/67 297/171/164 827/168/162
f 827/168/162 297/171/164 21/172/165 298/173/166
f 25/174/167 300/175/168 828/176/169 299/177/170
f 300/175/168 23/178/171 301/179/172 828/176/169
f 828/176/169 301/179/172 27/180/173 302/181/174
f 299/177/170 828/176/169 302/181/174 26/182/175
f 26/183/175 302/184/174 829/7/7 303/42/42
f 302/184/174 27/185/173 304/8/8 829/7/7
f 301/179/172 23/178/171 24/186/176 27/180/173
f 27/185/173 24/187/176 305/49/49 304/8/8
f 19/188/177 307/189/178 830/190/179 296/169/163
f 307/189/178 25/174/167 299/177/170 830/190/179
f 830/190/179 299/177/170 26/182/175 308/191/180
f 296/169/163 830/190/179 308/191/180 20/166/161
f 20/165/161 308/192/180 831/36/36 293/35/35
f 308/192/180 26/183/175 303/42/42 831/36/36
f 28/59/59 311/112/111 832/60/60 310/39/39
f 311/112/111 32/114/113 312/155/153 832/60/60
f 34/93/92 314/109/108 833/43/43 313/89/89
f 314/109/108 33/51/51 315/44/44 833/43/43
f 313/89/89 834/10/10 316/94/93 34/93/92
f 578/193/181 971/194/182 540/195/183 136/196/184
f 834/10/10 309/9/9 31/139/138 316/94/93
f 315/44/44 835/38/38 269/37/37 4/45/45
f 835/38/38 315/44/44 33/51/51 317/54/54
f 310/39/39 835/38/38 317/54/54 28/59/59
f 37/103/102 319/121/120 836/131/130 318/130/129
f 319/121/120 36/78/78 320/79/79 836/131/130
f 35/105/104 322/104/103 837/117/116 321/64/64
f 322/104/103 37/103/102 318/130/129 837/117/116
f 838/80/80 320/79/79 36/78/78 324/77/77
f 839/63/63 312/155/153 32/114/113 325/113/112
f 321/64/64 839/63/63 325/113/112 35/105/104
f 841/197/185 518/198/186 101/199/187 337/200/188
f 334/201/189 341/202/190 842/203/191 840/204/192
f 813/27/27 273/83/83 274/29/29 810/28/28
f 461/159/155 825/84/84 813/27/27 517/23/23
f 336/205/150 334/201/189 840/204/192 841/197/185
f 49/206/193 43/207/194 46/208/195 48/209/196
f 41/210/151 336/205/150 841/197/185 337/200/188
f 338/211/197 135/212/198 443/213/199 842/203/191
f 46/214/195 341/215/190 340/216/200 48/209/196
f 46/217/195 43/218/194 339/219/201 338/220/197
f 339/219/201 480/221/202 135/222/198 338/220/197
f 616/223/203 605/224/204 49/206/193 42/225/205
f 341/202/190 46/226/195 338/211/197 842/203/191
f 842/203/191 443/213/199 499/227/206 840/204/192
f 340/216/200 341/215/190 334/228/189 44/229/207
f 1040/21/21 768/20/20 179/230/208 624/231/209
f 50/232/210 807/233/210 616/223/203 42/225/205
f 151/234/211 569/235/212 962/236/213 560/237/214 948/238/215 684/239/216
f 1083/2/2 343/1/1 39/240/217 38/241/218
f 345/242/219 1085/243/220 40/154/152 41/153/151
f 343/244/1 47/245/4 344/95/94 843/98/97
f 337/200/188 101/199/187 462/246/221 844/247/222
f 843/98/97 346/248/223 39/249/217 343/244/1
f 342/250/224 1081/251/225 1084/3/3 1083/2/2
f 345/242/219 47/4/4 1084/3/3 1085/243/220
f 47/245/4 345/252/219 844/247/222 344/95/94
f 345/252/219 41/210/151 337/200/188 844/247/222
f 844/247/222 462/246/221 116/96/95 344/95/94
f 843/98/97 430/97/96 82/253/226 346/248/223
f 45/254/227 42/225/205 49/206/193 48/209/196
f 861/255/228 907/256/229 499/227/206 443/213/199
f 347/257/230 45/254/227 48/209/196 340/216/200
f 356/258/231 58/259/232 491/260/233 900/261/234
f 359/262/235 61/263/236 488/264/237 897/265/238
f 430/97/96 846/266/239 382/267/12 82/253/226
f 366/268/240 890/269/241 480/221/202
f 49/206/193 605/224/204 606/270/242 43/207/194
f 627/271/243 1035/272/244 696/273/245 254/274/246 762/275/247 183/276/248
f 845/277/249 367/278/250 1130/279/251
f 54/280/252 1132/281/253 429/282/254
f 355/283/255 57/284/256 492/285/257 901/286/258
f 846/266/239 431/287/259 81/288/260 382/267/12
f 431/287/259 847/289/261 381/290/262 81/288/260
f 847/289/261 432/291/263 80/292/264 381/290/262
f 432/291/263 848/293/265 380/294/266 80/292/264
f 848/293/265 433/295/267 79/296/268 380/294/266
f 433/295/267 849/297/269 379/298/270 79/296/268
f 378/299/271 379/298/270 849/297/269 850/300/272
f 849/297/269 112/301/273 406/302/274 850/300/272
f 850/300/272 434/303/275 78/304/276 378/299/271
f 434/303/275 851/305/277 377/306/278 78/304/276
f 851/305/277 435/307/279 77/308/280 377/306/278
f 435/307/279 852/309/281 376/310/282 77/308/280
f 852/309/281 436/311/283 76/312/284 376/310/282
f 436/311/283 853/313/285 375/314/286 76/312/284
f 853/313/285 437/315/287 75/316/288 375/314/286
f 437/315/287 854/317/289 374/318/290 75/316/288
f 854/317/289 438/319/291 74/320/292 374/318/290
f 438/319/291 855/162/158 373/161/157 74/320/292
f 439/163/159 856/321/293 372/322/294 73/160/156
f 401/323/295 106/324/296 439/163/159 855/162/158
f 856/321/293 440/325/297 72/326/298 372/322/294
f 440/325/297 857/327/299 371/328/300 72/326/298
f 370/329/301 371/328/300 857/327/299 858/330/302
f 858/330/302 441/331/303 71/332/304 370/329/301
f 441/331/303 859/333/305 369/334/306 71/332/304
f 859/333/305 442/335/307 70/336/308 369/334/306
f 442/335/307 860/140/139 368/337/309 70/336/308
f 368/337/309 860/140/139 309/9/9 2/12/12
f 116/96/95 409/338/310 846/266/239 430/97/96
f 409/338/310 115/339/311 431/287/259 846/266/239
f 115/339/311 408/340/312 847/289/261 431/287/259
f 408/340/312 114/341/313 432/291/263 847/289/261
f 114/341/313 407/342/314 848/293/265 432/291/263
f 407/342/314 113/343/315 433/295/267 848/293/265
f 113/343/315 112/301/273 849/297/269 433/295/267
f 406/302/274 111/344/316 434/303/275 850/300/272
f 111/344/316 405/345/317 851/305/277 434/303/275
f 405/345/317 110/346/318 435/307/279 851/305/277
f 110/346/318 404/347/319 852/309/281 435/307/279
f 404/347/319 109/348/320 436/311/283 852/309/281
f 109/348/320 403/349/321 853/313/285 436/311/283
f 403/349/321 108/350/322 437/315/287 853/313/285
f 108/350/322 402/351/323 854/317/289 437/315/287
f 402/351/323 107/352/324 438/319/291 854/317/289
f 107/352/324 401/323/295 855/162/158 438/319/291
f 473/353/325 474/354/326 106/324/296 401/323/295
f 106/324/296 400/355/327 856/321/293 439/163/159
f 400/355/327 105/356/328 440/325/297 856/321/293
f 105/356/328 399/357/329 857/327/299 440/325/297
f 104/358/330 103/359/331 441/331/303 858/330/302
f 103/359/331 398/360/332 859/333/305 441/331/303
f 398/360/332 102/361/333 442/335/307 859/333/305
f 102/361/333 397/136/135 860/140/139 442/335/307
f 862/362/334 908/363/335 500/364/336 444/365/337
f 863/366/338 909/367/339 501/368/340 445/369/341
f 135/212/198 428/370/342 861/255/228 443/213/199
f 428/370/342 134/371/343 444/365/337 861/255/228
f 864/372/344 910/373/345 502/374/346 446/375/347
f 444/365/337 500/364/336 907/256/229 861/255/228
f 134/371/343 427/376/348 862/362/334 444/365/337
f 427/376/348 133/377/349 445/369/341 862/362/334
f 865/378/350 911/379/351 503/380/352 447/381/353
f 445/369/341 501/368/340 908/363/335 862/362/334
f 133/377/349 426/382/354 863/366/338 445/369/341
f 426/382/354 132/383/355 446/375/347 863/366/338
f 446/375/347 502/374/346 909/367/339 863/366/338
f 132/383/355 425/384/356 864/372/344 446/375/347
f 425/384/356 131/385/357 447/381/353 864/372/344
f 867/386/358 912/387/359 505/388/360 449/389/361
f 447/381/353 503/380/352 910/373/345 864/372/344
f 131/385/357 424/390/362 865/378/350 447/381/353
f 424/390/362 130/391/363 448/392/364 865/378/350
f 868/393/365 913/394/366 506/395/367 450/396/368
f 448/392/364 504/397/369 911/379/351 865/378/350
f 130/391/363 423/398/370 866/399/371 448/392/364
f 423/398/370 129/400/372 449/389/361 866/399/371
f 869/401/373 914/402/374 507/403/375 451/404/376
f 129/400/372 422/405/377 867/386/358 449/389/361
f 422/405/377 128/406/378 450/396/368 867/386/358
f 870/407/379 915/408/380 508/409/381 452/410/382
f 450/396/368 506/395/367 912/387/359 867/386/358
f 128/406/378 421/411/383 868/393/365 450/396/368
f 421/411/383 127/412/384 451/404/376 868/393/365
f 871/413/385 916/414/386 509/415/387 453/416/388
f 451/404/376 507/403/375 913/394/366 868/393/365
f 127/412/384 420/417/389 869/401/373 451/404/376
f 420/417/389 126/418/390 452/410/382 869/401/373
f 872/419/391 917/420/392 510/421/393 454/422/394
f 452/410/382 508/409/381 914/402/374 869/401/373
f 126/418/390 419/423/395 870/407/379 452/410/382
f 419/423/395 125/424/396 453/416/388 870/407/379
f 456/425/397 512/426/398 873/427/399
f 453/416/388 509/415/387 915/408/380 870/407/379
f 125/424/396 418/428/400 871/413/385 453/416/388
f 418/428/400 124/429/401 454/422/394 871/413/385
f 874/430/402 918/431/403 512/426/398 456/425/397
f 454/422/394 510/421/393 916/414/386 871/413/385
f 124/429/401 417/432/404 872/419/391 454/422/394
f 417/432/404 123/433/405 455/434/406 872/419/391
f 875/435/407 919/436/408 513/437/409 457/438/410
f 455/434/406 511/439/411 917/420/392 872/419/391
f 123/433/405 416/440/412 873/427/399 455/434/406
f 416/440/412 122/441/413 456/425/397 873/427/399
f 876/442/414 920/443/415 514/444/416 458/445/417
f 512/426/398 511/439/411 873/427/399
f 122/441/413 415/446/418 874/430/402 456/425/397
f 415/446/418 121/447/419 457/438/410 874/430/402
f 877/448/420 921/449/421 515/450/422 459/451/423
f 457/438/410 513/437/409 918/431/403 874/430/402
f 121/447/419 414/452/424 875/435/407 457/438/410
f 414/452/424 120/453/425 458/445/417 875/435/407
f 878/454/426 922/26/26 516/455/427 460/456/428
f 458/445/417 514/444/416 919/436/408 875/435/407
f 120/453/425 413/457/429 876/442/414 458/445/417
f 413/457/429 119/458/430 459/451/423 876/442/414
f 951/86/86 960/459/431 563/460/432 550/87/87
f 459/451/423 515/450/422 920/443/415 876/442/414
f 119/458/430 412/461/433 877/448/420 459/451/423
f 412/461/433 118/462/434 460/456/428 877/448/420
f 539/463/435 970/464/436 577/465/437 137/466/438
f 460/456/428 516/455/427 921/449/421 877/448/420
f 118/462/434 411/467/439 878/454/426 460/456/428
f 411/467/439 117/157/126 461/159/155 878/454/426
f 544/468/440 561/469/441 958/470/442 942/471/443
f 461/159/155 517/23/23 922/26/26 878/454/426
f 116/96/95 462/246/221 879/472/444 409/338/310
f 462/246/221 101/199/187 396/473/445 879/472/444
f 879/472/444 396/473/445 100/474/446 463/475/447
f 409/338/310 879/472/444 463/475/447 115/339/311
f 115/339/311 463/475/447 880/476/448 408/340/312
f 463/475/447 100/474/446 395/477/449 880/476/448
f 880/476/448 395/477/449 99/478/450 464/479/451
f 408/340/312 880/476/448 464/479/451 114/341/313
f 114/341/313 464/479/451 881/480/452 407/342/314
f 464/479/451 99/478/450 394/481/453 881/480/452
f 881/480/452 394/481/453 98/482/454 465/483/455
f 407/342/314 881/480/452 465/483/455 113/343/315
f 113/343/315 465/483/455 882/484/456 112/301/273
f 465/483/455 98/482/454 393/485/457 882/484/456
f 882/484/456 393/485/457 97/486/458 466/487/459
f 112/301/273 882/484/456 466/487/459
f 466/487/459 97/486/458 96/488/460
f 466/487/459 96/488/460 95/489/461 467/490/462
f 467/490/462 95/489/461 392/491/463
f 467/490/462 392/491/463 94/492/464 468/493/465
f 406/302/274 467/490/462 468/493/465 111/344/316
f 111/344/316 468/493/465 883/494/466 405/345/317
f 468/493/465 94/492/464 391/495/467 883/494/466
f 883/494/466 391/495/467 93/496/468 469/497/469
f 405/345/317 883/494/466 469/497/469 110/346/318
f 110/346/318 469/497/469 884/498/470 404/347/319
f 469/497/469 93/496/468 390/499/471 884/498/470
f 884/498/470 390/499/471 92/500/472 470/501/473
f 404/347/319 884/498/470 470/501/473 109/348/320
f 109/348/320 470/501/473 885/502/474 403/349/321
f 470/501/473 92/500/472 389/503/475 885/502/474
f 885/502/474 389/503/475 91/504/476 471/505/477
f 403/349/321 885/502/474 471/505/477 108/350/322
f 108/350/322 471/505/477 886/506/478 402/351/323
f 471/505/477 91/504/476 388/507/479 886/506/478
f 886/506/478 388/507/479 90/508/480 472/509/481
f 402/351/323 886/506/478 472/509/481 107/352/324
f 107/352/324 472/509/481 473/353/325 401/323/295
f 472/509/481 90/508/480 89/510/482 473/353/325
f 473/353/325 89/510/482 88/511/483 474/354/326
f 106/324/296 474/354/326 887/512/484 400/355/327
f 474/354/326 88/511/483 387/513/485 887/512/484
f 887/512/484 387/513/485 87/514/486 475/515/487
f 400/355/327 887/512/484 475/515/487 105/356/328
f 105/356/328 475/515/487 888/516/488 399/357/329
f 475/515/487 87/514/486 386/517/489 888/516/488
f 888/516/488 386/517/489 86/518/490 476/519/491
f 399/357/329 888/516/488 476/519/491 104/358/330
f 476/519/491 86/518/490 85/520/492 477/521/493
f 104/358/330 476/519/491 477/521/493 103/359/331
f 103/359/331 477/521/493 889/522/494 398/360/332
f 477/521/493 85/520/492 385/523/495 889/522/494
f 889/522/494 385/523/495 84/524/496 478/525/497
f 398/360/332 889/522/494 478/525/497 102/361/333
f 102/361/333 478/525/497 479/137/136 397/136/135
f 478/525/497 84/524/496 384/526/498 479/137/136
f 479/137/136 384/526/498 83/32/32
f 366/268/240 68/527/499 481/528/500 890/269/241
f 890/269/241 481/528/500 134/529/343 428/530/342
f 480/221/202 890/269/241 428/530/342 135/222/198
f 68/527/499 891/531/501 481/528/500
f 365/532/502 67/533/503 891/531/501
f 891/531/501 482/534/504 133/535/349 427/536/348
f 481/528/500 891/531/501 427/536/348 134/529/343
f 67/533/503 364/537/505 892/538/506 482/534/504
f 364/537/505 66/539/507 483/540/508 892/538/506
f 892/538/506 483/540/508 132/541/355 426/542/354
f 482/534/504 892/538/506 426/542/354 133/535/349
f 66/539/507 363/543/509 893/544/510 483/540/508
f 363/543/509 65/545/511 484/546/512 893/544/510
f 893/544/510 484/546/512 131/547/357 425/548/356
f 483/540/508 893/544/510 425/548/356 132/541/355
f 65/545/511 362/549/513 894/550/514 484/546/512
f 362/549/513 64/551/515 485/552/516 894/550/514
f 894/550/514 485/552/516 130/553/363 424/554/362
f 484/546/512 894/550/514 424/554/362 131/547/357
f 64/551/515 361/555/517 895/556/518 485/552/516
f 361/555/517 63/557/519 486/558/520 895/556/518
f 895/556/518 486/558/520 129/559/372 423/560/370
f 485/552/516 895/556/518 423/560/370 130/553/363
f 63/557/519 360/561/521 896/562/522 486/558/520
f 360/561/521 62/563/523 487/564/524 896/562/522
f 896/562/522 487/564/524 128/565/378 422/566/377
f 486/558/520 896/562/522 422/566/377 129/559/372
f 897/265/238 488/264/237 127/567/384 421/568/383
f 487/564/524 897/265/238 421/568/383 128/565/378
f 61/263/236 358/569/525 898/570/526 488/264/237
f 358/569/525 60/571/527 489/572/528 898/570/526
f 898/570/526 489/572/528 126/573/390 420/574/389
f 488/264/237 898/570/526 420/574/389 127/567/384
f 60/571/527 357/575/529 899/576/530 489/572/528
f 357/575/529 59/577/531 490/578/532 899/576/530
f 899/576/530 490/578/532 125/579/396 419/580/395
f 489/572/528 899/576/530 419/580/395 126/573/390
f 900/261/234 491/260/233 124/581/401 418/582/400
f 490/578/532 900/261/234 418/582/400 125/579/396
f 901/286/258 492/285/257 123/583/405 417/584/404
f 491/260/233 901/286/258 417/584/404 124/581/401
f 902/585/533 493/586/534 122/587/413 416/588/412
f 492/285/257 902/585/533 416/588/412 123/583/405
f 56/589/535 354/590/536 903/591/537 493/586/534
f 354/590/536 55/592/538 494/593/539 903/591/537
f 903/591/537 494/593/539 121/594/419 415/595/418
f 493/586/534 903/591/537 415/595/418 122/587/413
f 55/592/538 353/596/540 904/597/541 494/593/539
f 353/596/540 54/280/252 495/598/542 904/597/541
f 904/597/541 495/598/542 120/599/425 414/600/424
f 494/593/539 904/597/541 414/600/424 121/594/419
f 260/601/543 259/602/544 757/603/545 1030/604/546
f 495/598/542 496/605/547 119/606/430 413/607/429
f 53/608/548 352/609/549 905/610/550 496/605/547
f 352/609/549 52/611/551 497/612/552 905/610/550
f 496/605/547 905/610/550 497/612/552 906/613/553 411/614/439 118/615/434 412/616/433 119/606/430
f 52/611/551 351/617/554 906/613/553 497/612/552
f 351/617/554 51/122/121 498/125/124 906/613/553
f 906/613/553 498/125/124 117/127/126 411/614/439
f 907/256/229 923/618/555 518/198/186 499/227/206
f 908/363/335 924/619/556 519/620/557 500/364/336
f 500/364/336 519/620/557 923/618/555 907/256/229
f 909/367/339 925/621/558 520/622/559 501/368/340
f 501/368/340 520/622/559 924/619/556 908/363/335
f 910/373/345 926/623/560 521/624/561 502/374/346
f 502/374/346 521/624/561 925/621/558 909/367/339
f 911/379/351 927/625/562 522/626/563 503/380/352
f 503/380/352 522/626/563 926/623/560 910/373/345
f 504/397/369 523/627/564 927/625/562 911/379/351
f 912/387/359 928/628/565 524/629/566 505/388/360
f 504/397/369 505/388/360 524/629/566 523/627/564
f 913/394/366 929/630/567 525/631/568 506/395/367
f 506/395/367 525/631/568 928/628/565 912/387/359
f 914/402/374 930/632/569 526/633/570 507/403/375
f 507/403/375 526/633/570 929/630/567 913/394/366
f 915/408/380 931/634/571 527/635/572 508/409/381
f 508/409/381 527/635/572 930/632/569 914/402/374
f 916/414/386 932/636/573 528/637/574 509/415/387
f 509/415/387 528/637/574 931/634/571 915/408/380
f 917/420/392 933/638/575 529/639/576 510/421/393
f 510/421/393 529/639/576 932/636/573 916/414/386
f 511/439/411 530/640/577 933/638/575 917/420/392
f 918/431/403 934/641/578 531/642/579 512/426/398
f 511/439/411 512/426/398 531/642/579 530/640/577
f 919/436/408 935/643/580 532/644/581 513/437/409
f 513/437/409 532/644/581 934/641/578 918/431/403
f 920/443/415 936/645/582 533/646/583 514/444/416
f 514/444/416 533/646/583 935/643/580 919/436/408
f 921/449/421 937/647/584 534/648/585 515/450/422
f 515/450/422 534/648/585 936/645/582 920/443/415
f 922/26/26 938/25/25 535/649/586 516/455/427
f 516/455/427 535/649/586 937/647/584 921/449/421
f 923/618/555 519/620/557 100/474/446 396/473/445
f 518/198/186 923/618/555 396/473/445 101/199/187
f 924/619/556 520/622/559 99/478/450 395/477/449
f 519/620/557 924/619/556 395/477/449 100/474/446
f 925/621/558 521/624/561 98/482/454 394/481/453
f 520/622/559 925/621/558 394/481/453 99/478/450
f 926/623/560 522/626/563 97/486/458 393/485/457
f 521/624/561 926/623/560 393/485/457 98/482/454
f 927/625/562 523/627/564 96/488/460
f 522/626/563 927/625/562 96/488/460 97/486/458
f 523/627/564 524/629/566 95/489/461 96/488/460
f 504/397/369 448/392/364 866/399/371
f 928/628/565 525/631/568 94/492/464 392/491/463
f 524/629/566 928/628/565 392/491/463 95/489/461
f 929/630/567 526/633/570 93/496/468 391/495/467
f 525/631/568 929/630/567 391/495/467 94/492/464
f 930/632/569 527/635/572 92/500/472 390/499/471
f 526/633/570 930/632/569 390/499/471 93/496/468
f 931/634/571 528/637/574 91/504/476 389/503/475
f 527/635/572 931/634/571 389/503/475 92/500/472
f 932/636/573 529/639/576 90/508/480 388/507/479
f 528/637/574 932/636/573 388/507/479 91/504/476
f 933/638/575 530/640/577 89/510/482
f 529/639/576 933/638/575 89/510/482 90/508/480
f 530/640/577 531/642/579 88/511/483 89/510/482
f 511/439/411 455/434/406 873/427/399
f 934/641/578 532/644/581 87/514/486 387/513/485
f 531/642/579 934/641/578 387/513/485 88/511/483
f 935/643/580 533/646/583 86/518/490 386/517/489
f 532/644/581 935/643/580 386/517/489 87/514/486
f 936/645/582 534/648/585 85/520/492 86/518/490
f 533/646/583 936/645/582 86/518/490
f 937/647/584 535/649/586 84/524/496 385/523/495
f 534/648/585 937/647/584 385/523/495 85/520/492
f 938/25/25 536/24/24 83/32/32 384/526/498
f 535/649/586 938/25/25 384/526/498 84/524/496
f 954/650/587 552/651/588 574/652/589 965/653/590
f 549/654/591 956/655/592 967/656/593 562/657/594
f 1062/658/595 1080/659/596 805/660/597 788/661/598
f 1116/662/599 1109/663/600 650/664/601 939/665/602
f 939/665/602 650/664/601 144/666/603 545/667/604
f 552/651/588 289/668/47 306/669/50 574/652/589
f 555/670/605 954/650/587 965/653/590 573/671/606
f 611/672/607 612/673/608 174/674/609 173/675/610
f 563/460/432 963/676/611 953/677/612 550/87/87
f 162/678/613 585/679/614 940/680/615 593/681/616
f 585/679/614 159/682/617 594/683/618 940/680/615
f 940/680/615 594/683/618 147/684/619 558/685/620
f 593/681/616 940/680/615 558/685/620 145/686/621
f 589/687/622 975/688/623 543/689/624 141/690/625
f 969/691/626 538/692/627 139/693/628 583/694/629
f 953/677/612 963/676/611 561/469/441 544/468/440
f 956/655/592 555/670/605 573/671/606 967/656/593
f 148/695/630 597/696/631 941/697/632 559/698/633
f 597/696/631 165/699/634 591/700/635 941/697/632
f 941/697/632 591/700/635 30/701/76 331/702/75
f 559/698/633 941/697/632 331/702/75 10/703/74
f 539/463/435 140/704/636 581/705/637 970/464/436
f 618/706/638 974/707/639 588/708/640 142/709/641
f 617/710/642 1082/711/643 600/712/644 609/713/645
f 943/714/646 598/715/647 146/716/648 551/717/649
f 598/715/647 943/714/646 584/718/650 163/719/651
f 581/705/637 140/704/636 538/692/627 969/691/626
f 160/720/652 584/718/650 943/714/646 596/721/653
f 596/721/653 943/714/646 551/717/649 144/666/603
f 549/654/591 562/657/594 960/459/431 951/86/86
f 149/722/654 557/723/655 944/724/656 599/725/657
f 557/723/655 147/684/619 595/726/658 944/724/656
f 944/724/656 595/726/658 164/727/659 590/728/660
f 599/725/657 944/724/656 590/728/660 166/729/661
f 145/686/621 547/730/662 945/731/663 593/681/616
f 547/730/662 146/716/648 598/715/647 945/731/663
f 945/731/663 598/715/647 163/719/651 582/732/664
f 593/681/616 945/731/663 582/732/664 162/678/613
f 159/682/617 579/733/665 946/734/666 594/683/618
f 579/733/665 161/735/667 592/736/668 946/734/666
f 946/734/666 592/736/668 164/727/659 595/726/658
f 594/683/618 946/734/666 595/726/658 147/684/619
f 552/651/588 553/737/669 290/738/148 289/668/47
f 29/739/128 323/740/127 974/707/639 618/706/638
f 148/695/630 554/741/670 947/742/671 597/696/631
f 554/741/670 149/722/654 599/725/657 947/742/671
f 947/742/671 599/725/657 166/729/661 587/743/672
f 597/696/631 947/742/671 587/743/672 165/699/634
f 1108/744/673 1113/745/674 948/238/215 619/746/675
f 1113/745/674 1110/747/676 684/239/216 948/238/215
f 619/746/675 948/238/215 560/237/214 150/748/677
f 973/749/678 542/750/679 143/751/680 586/752/681
f 589/687/622 141/690/625 542/750/679 973/749/678
f 543/689/624 975/688/623 580/753/682 138/754/683
f 586/752/681 143/751/680 541/755/684 972/756/685
f 976/757/686 978/758/687 610/759/688 601/760/689
f 668/761/690 160/720/652 596/721/653 949/762/691
f 949/762/691 596/721/653 144/666/603 650/664/601
f 949/762/691 650/664/601 1109/663/600
f 145/686/621 546/763/692 950/85/85 547/730/662
f 952/764/693 953/677/612 544/468/440 545/667/604
f 546/763/692 549/654/591 951/86/86 950/85/85
f 547/730/662 950/85/85 548/88/88 146/716/648
f 569/765/212 963/676/611 563/460/432 155/766/694
f 962/236/213 569/235/212 155/767/694 566/768/695
f 952/764/693 548/88/88 550/87/87 953/677/612
f 551/717/649 952/764/693 545/667/604 144/666/603
f 954/650/587 955/769/696 553/737/669 552/651/588
f 553/737/669 149/722/654 554/741/670
f 553/737/669 554/741/670 148/695/630 290/738/148
f 956/655/592 957/770/697 556/771/698 555/670/605
f 555/670/605 556/771/698 955/769/696 954/650/587
f 556/771/698 147/684/619 557/723/655 955/769/696
f 955/769/696 557/723/655 149/722/654 553/737/669
f 546/763/692 957/770/697 956/655/592 549/654/591
f 546/763/692 145/686/621 558/685/620 957/770/697
f 957/770/697 558/685/620 147/684/619 556/771/698
f 172/772/699 606/270/242 605/224/204 175/773/700
f 290/738/148 148/695/630 559/698/633
f 290/738/148 559/698/633 10/703/74
f 540/195/183 971/194/182 583/694/629 139/693/628
f 1110/774/676 1114/775/701 958/470/442 684/776/216
f 684/776/216 958/470/442 561/469/441 151/777/211
f 959/778/702 634/779/703 137/466/438 577/465/437
f 499/227/206 518/198/186 841/197/185 840/204/192
f 668/761/690 959/778/702 577/465/437 160/720/652
f 562/657/594 153/780/704 564/781/705 960/459/431
f 960/459/431 564/781/705 155/766/694 563/460/432
f 153/782/704 565/783/706 961/784/707 564/785/705
f 565/783/706 152/786/708 567/787/709 961/784/707
f 961/784/707 567/787/709 154/788/710 566/768/695
f 564/785/705 961/784/707 566/768/695 155/767/694
f 163/719/651 584/718/650 970/464/436 581/705/637
f 568/789/711 962/236/213 566/768/695 154/788/710
f 150/748/677 560/237/214 962/236/213 568/789/711
f 151/777/211 561/469/441 963/676/611 569/765/212
f 156/790/712 570/791/713 964/792/714 348/793/715
f 570/791/713 157/794/716 572/795/717 964/792/714
f 964/792/714 572/795/717 158/796/718 571/797/719
f 348/793/715 964/792/714 571/797/719 16/798/720
f 157/799/716 573/671/606 965/653/590 572/800/717
f 572/800/717 965/653/590 574/652/589 158/801/718
f 571/797/719 158/796/718 17/802/721 16/798/720
f 158/801/718 574/652/589 306/669/50 17/803/721
f 152/786/708 565/783/706 966/804/722 575/805/723
f 565/783/706 153/782/704 576/806/724 966/804/722
f 966/804/722 576/806/724 157/794/716 570/791/713
f 153/780/704 562/657/594 967/656/593 576/807/724
f 576/807/724 967/656/593 573/671/606 157/799/716
f 159/682/617 578/193/181 968/808/725 579/733/665
f 578/193/181 136/196/184 537/809/726 968/808/725
f 579/733/665 968/808/725 580/753/682 161/735/667
f 163/719/651 581/705/637 969/691/626 582/732/664
f 582/732/664 969/691/626 583/694/629 162/678/613
f 970/464/436 584/718/650 160/720/652 577/465/437
f 578/193/181 159/682/617 585/679/614 971/194/182
f 971/194/182 585/679/614 162/678/613 583/694/629
f 972/756/685 541/755/684 142/709/641 588/708/640
f 166/729/661 586/752/681 972/756/685 587/743/672
f 587/743/672 972/756/685 588/708/640 165/699/634
f 164/727/659 589/687/622 973/749/678 590/728/660
f 590/728/660 973/749/678 586/752/681 166/729/661
f 323/740/127 30/701/76 591/700/635 974/707/639
f 974/707/639 591/700/635 165/699/634 588/708/640
f 589/687/622 164/727/659 592/736/668 975/688/623
f 975/688/623 592/736/668 161/735/667 580/753/682
f 604/810/727 225/811/728 789/812/729 977/813/730
f 942/471/443 939/665/602 545/667/604 544/468/440
f 603/814/731 977/813/730 976/757/686 601/760/689
f 1114/775/701 1117/815/732 942/471/443 958/470/442
f 979/816/733 702/817/734 243/818/735 613/819/736
f 602/820/737 603/821/731 601/822/689 600/712/644
f 170/823/738 604/810/727 977/813/730 603/814/731
f 607/824/739 261/825/740 755/826/741 608/827/742
f 606/828/242 608/827/742 339/219/201 43/218/194
f 609/713/645 610/829/688 172/830/699 175/773/700
f 172/831/699 607/824/739 608/827/742 606/828/242
f 978/758/687 720/832/743 261/833/740 607/834/739
f 976/757/686 772/835/744 720/832/743 978/758/687
f 610/759/688 978/758/687 607/834/739 172/836/699
f 601/822/689 610/829/688 609/713/645 600/712/644
f 53/608/548 496/605/547 495/598/542 54/280/252
f 1088/837/745 173/675/610 174/674/609 614/838/746
f 634/779/703 959/778/702 719/839/747 190/840/748
f 615/841/749 979/816/733 612/842/608 168/843/750
f 980/844/751 737/845/752 225/811/728 604/810/727
f 612/842/608 979/816/733 613/819/736 174/846/609
f 169/847/753 1088/837/745 614/838/746 170/848/738
f 612/673/608 611/672/607 167/849/754 168/850/750
f 174/846/609 613/819/736 980/844/751 614/851/746
f 979/816/733 615/841/749 207/852/755 702/817/734
f 613/819/736 243/818/735 737/845/752 980/844/751
f 614/851/746 980/844/751 604/810/727 170/823/738
f 702/817/734 207/852/755 649/853/756 981/854/757
f 171/855/758 175/773/700 605/224/204 616/223/203
f 617/710/642 609/713/645 175/773/700 171/855/758
f 695/856/759 253/857/760 763/858/761 1036/859/762 762/275/247 254/274/246
f 703/860/763 206/861/764 648/862/765 982/863/766
f 1037/864/767 765/865/768 182/866/769
f 694/867/770 252/868/771 764/869/772 1094/870/773
f 179/230/208 768/20/20 1041/19/19 623/871/774
f 1039/872/775 767/873/776 180/874/777
f 1130/279/251 1131/875/778 178/876/779 69/877/780
f 704/878/781 205/879/782 647/880/783 983/881/784
f 981/854/757 649/853/756 206/861/764 703/860/763
f 705/882/785 204/883/786 646/884/787 984/885/788
f 982/863/766 648/862/765 205/879/782 704/878/781
f 706/886/789 203/887/790 645/888/791 985/889/792
f 983/881/784 647/880/783 204/883/786 705/882/785
f 707/890/793 202/891/794 644/892/795 986/893/796
f 984/885/788 646/884/787 203/887/790 706/886/789
f 708/894/797 201/895/798 643/896/799 987/897/800
f 985/889/792 645/888/791 202/891/794 707/890/793
f 709/898/801 200/899/802 642/900/803 988/901/804
f 986/893/796 644/892/795 201/895/798 708/894/797
f 710/902/805 199/903/806 641/904/807 989/905/808
f 987/897/800 643/896/799 200/899/802 709/898/801
f 711/906/809 198/907/810 640/908/811 990/909/812
f 988/901/804 642/900/803 199/903/806 710/902/805
f 712/910/813 197/911/814 639/912/815 991/913/816
f 989/905/808 641/904/807 198/907/810 711/906/809
f 713/914/817 196/915/818 638/916/819 992/917/820
f 990/909/812 640/908/811 197/911/814 712/910/813
f 714/918/821 195/919/822 637/920/823 993/921/824
f 991/913/816 639/912/815 196/915/818 713/914/817
f 715/922/825 194/923/826 636/924/827 994/925/828
f 992/917/820 638/916/819 195/919/822 714/918/821
f 716/926/829 193/927/830 635/928/831 995/929/832
f 993/921/824 637/920/823 194/923/826 715/922/825
f 717/930/833 192/931/834 191/932/835 718/933/836
f 994/925/828 636/924/827 193/927/830 716/926/829
f 1013/934/837 685/935/838 1099/936/839 1101/937/840
f 1087/938/841 611/672/607 173/675/610 1086/939/842
f 243/818/735 702/817/734 981/854/757 683/940/843
f 683/940/843 981/854/757 703/860/763 242/941/844
f 242/941/844 703/860/763 982/863/766 682/942/845
f 682/942/845 982/863/766 704/878/781 241/943/846
f 241/943/846 704/878/781 983/881/784 681/944/847
f 681/944/847 983/881/784 705/882/785 240/945/848
f 240/945/848 705/882/785 984/885/788 680/946/849
f 680/946/849 984/885/788 706/886/789 239/947/850
f 239/947/850 706/886/789 985/889/792 679/948/851
f 679/948/851 985/889/792 707/890/793 238/949/852
f 238/949/852 707/890/793 986/893/796 678/950/853
f 678/950/853 986/893/796 708/894/797 237/951/854
f 237/951/854 708/894/797 987/897/800 677/952/855
f 677/952/855 987/897/800 709/898/801 236/953/856
f 236/953/856 709/898/801 988/901/804 676/954/857
f 676/954/857 988/901/804 710/902/805 235/955/858
f 235/955/858 710/902/805 989/905/808 675/956/859
f 675/956/859 989/905/808 711/906/809 234/957/860
f 234/957/860 711/906/809 990/909/812 674/958/861
f 674/958/861 990/909/812 712/910/813 233/959/862
f 233/959/862 712/910/813 991/913/816 673/960/863
f 673/960/863 991/913/816 713/914/817 232/961/864
f 232/961/864 713/914/817 992/917/820 672/962/865
f 672/962/865 992/917/820 714/918/821 231/963/866
f 231/963/866 714/918/821 993/921/824 671/964/867
f 671/964/867 993/921/824 715/922/825 230/965/868
f 230/965/868 715/922/825 994/925/828 670/966/869
f 670/966/869 994/925/828 716/926/829 229/967/870
f 229/967/870 716/926/829 995/929/832 669/968/871
f 228/969/872 717/930/833 718/933/836 227/970/873
f 1100/971/874 1096/972/875 190/840/748 719/839/747
f 1063/973/876 1064/974/877 1046/975/878 1045/976/879
f 720/832/743 772/835/744 1045/976/879 996/977/880
f 261/833/740 720/832/743 996/977/880 701/978/881
f 997/979/882 1046/975/878 773/980/883 721/981/884
f 721/981/884 773/980/883 1047/982/885 998/983/886
f 1029/984/887 701/985/881 756/986/888
f 1063/973/876 224/987/889 1064/974/877
f 998/983/886 1047/982/885 774/988/890 722/989/891
f 722/989/891 774/988/890 1048/990/892 999/991/893
f 260/992/543 997/979/882 721/981/884 259/993/544
f 259/993/544 721/981/884 998/983/886 700/994/894
f 999/991/893 1048/990/892 775/995/895 723/996/896
f 723/996/896 775/995/895 1049/997/897 1000/998/898
f 700/994/894 998/983/886 722/989/891 258/999/899
f 258/999/899 722/989/891 999/991/893 699/1000/900
f 1000/998/898 1049/997/897 1153/1001/901 1152/1002/902
f 724/1003/903 776/1004/904 1050/1005/905 1001/1006/906
f 699/1000/900 999/991/893 723/996/896 257/1007/907
f 257/1007/907 723/996/896 1000/998/898 698/1008/908
f 1001/1006/906 1050/1005/905 777/1009/909 725/1010/910
f 725/1010/910 777/1009/909 1051/1011/911 1002/1012/912
f 698/1008/908 1000/998/898 1152/1002/902 1154/1013/913
f 256/1014/914 724/1003/903 1001/1006/906 697/1015/915
f 1002/1012/912 1051/1011/911 778/1016/916 726/1017/917
f 726/1017/917 778/1016/916 1052/1018/918 1003/1019/919
f 697/1015/915 1001/1006/906 725/1010/910 255/1020/920
f 255/1020/920 725/1010/910 1002/1012/912 696/1021/245
f 1003/1019/919 1052/1018/918 779/1022/921 727/1023/922
f 727/1023/922 779/1022/921 1053/1024/923 1004/1025/924
f 696/1021/245 1002/1012/912 726/1017/917 254/1026/246
f 254/1026/246 726/1017/917 1003/1019/919 695/1027/759
f 1004/1025/924 1053/1024/923 780/1028/925 728/1029/926
f 728/1029/926 780/1028/925 1054/1030/927 1005/1031/928
f 695/1027/759 1003/1019/919 727/1023/922 253/1032/760
f 253/1032/760 727/1023/922 1004/1025/924 694/1033/770
f 1005/1031/928 1054/1030/927 781/1034/929 729/1035/930
f 729/1035/930 781/1034/929 1055/1036/931 1006/1037/932
f 694/1033/770 1004/1025/924 728/1029/926 252/1038/771
f 252/1038/771 728/1029/926 1005/1031/928 693/1039/933
f 1006/1037/932 1055/1036/931 782/1040/934 730/1041/935
f 730/1041/935 782/1040/934 1056/1042/936 1007/1043/937
f 693/1039/933 1005/1031/928 729/1035/930 251/1044/938
f 251/1044/938 729/1035/930 1006/1037/932 692/1045/939
f 1007/1043/937 1056/1042/936 783/1046/940 731/1047/941
f 731/1047/941 783/1046/940 1144/1048/942 1147/1049/943
f 692/1045/939 1006/1037/932 730/1041/935 250/1050/944
f 250/1050/944 730/1041/935 1007/1043/937 691/1051/945
f 1008/1052/946 1057/1053/947 784/1054/948 732/1055/949
f 732/1055/949 784/1054/948 1058/1056/950 1009/1057/951
f 691/1051/945 1007/1043/937 731/1047/941 249/1058/952
f 249/1058/952 731/1047/941 1147/1049/943 1146/1059/953
f 1009/1057/951 1058/1056/950 785/1060/954 733/1061/955
f 733/1061/955 785/1060/954 1059/1062/956 1010/1063/957
f 690/1064/958 1008/1052/946 732/1055/949 248/1065/959
f 248/1065/959 732/1055/949 1009/1057/951 689/1066/22
f 1120/1067/960 1122/1068/961 786/1069/962 734/1070/963
f 734/1070/963 786/1069/962 1060/1071/964 1011/1072/965
f 689/1066/22 1009/1057/951 733/1061/955 247/1073/17
f 247/1073/17 733/1061/955 1010/1063/957 688/1074/18
f 1011/1072/965 1060/1071/964 787/1075/966 735/1076/967
f 735/1076/967 787/1075/966 1061/1077/968 1012/1078/969
f 1119/1079/970 1120/1067/960 734/1070/963 246/1080/971
f 246/1080/971 734/1070/963 1011/1072/965 687/1081/972
f 1080/659/596 1062/658/595 1104/1082/973 1105/1083/974
f 687/1081/972 1011/1072/965 735/1076/967 245/1084/975
f 245/1084/975 735/1076/967 1012/1078/969 686/1085/976
f 1013/934/837 1062/658/595 788/661/598 736/1086/977
f 754/1087/978 651/1088/979 1097/1089/980 1102/1090/981
f 685/935/838 1013/934/837 736/1086/977 244/1091/982
f 243/818/735 683/940/843 1014/1092/983 737/845/752
f 683/940/843 242/941/844 738/1093/984 1014/1092/983
f 1014/1092/983 738/1093/984 224/987/889 667/1094/985
f 737/845/752 1014/1092/983 667/1094/985 225/811/728
f 242/941/844 682/942/845 1015/1095/986 738/1093/984
f 682/942/845 241/943/846 739/1096/987 1015/1095/986
f 1015/1095/986 739/1096/987 223/1097/988 666/1098/989
f 738/1093/984 1015/1095/986 666/1098/989 224/987/889
f 241/943/846 681/944/847 1016/1099/990 739/1096/987
f 681/944/847 240/945/848 740/1100/991 1016/1099/990
f 1016/1099/990 740/1100/991 222/1101/992 665/1102/993
f 739/1096/987 1016/1099/990 665/1102/993 223/1097/988
f 240/945/848 680/946/849 1017/1103/994 740/1100/991
f 680/946/849 239/947/850 741/1104/995 1017/1103/994
f 1017/1103/994 741/1104/995 221/1105/996 664/1106/997
f 740/1100/991 1017/1103/994 664/1106/997 222/1101/992
f 239/947/850 679/948/851 1018/1107/998 741/1104/995
f 679/948/851 1156/1108/999 1018/1107/998
f 1018/1107/998 1151/1109/1000 1149/1110/1001 663/1111/1002
f 741/1104/995 1018/1107/998 663/1111/1002 221/1105/996
f 238/949/852 678/950/853 1019/1112/1003 742/1113/1004
f 678/950/853 237/951/854 743/1114/1005 1019/1112/1003
f 1019/1112/1003 743/1114/1005 219/1115/1006 662/1116/1007
f 742/1113/1004 1019/1112/1003 662/1116/1007 220/1117/1008
f 237/951/854 677/952/855 1020/1118/1009 743/1114/1005
f 677/952/855 236/953/856 744/1119/1010 1020/1118/1009
f 1020/1118/1009 744/1119/1010 218/1120/1011 661/1121/1012
f 743/1114/1005 1020/1118/1009 661/1121/1012 219/1115/1006
f 236/953/856 676/954/857 1021/1122/603 744/1119/1010
f 676/954/857 235/955/858 745/1123/1013 1021/1122/603
f 1021/1122/603 745/1123/1013 217/1124/1014 660/1125/1015
f 744/1119/1010 1021/1122/603 660/1125/1015 218/1120/1011
f 235/955/858 675/956/859 1022/1126/1016 745/1123/1013
f 675/956/859 234/957/860 746/1127/1017 1022/1126/1016
f 1022/1126/1016 746/1127/1017 216/1128/1018 659/1129/1019
f 745/1123/1013 1022/1126/1016 659/1129/1019 217/1124/1014
f 234/957/860 674/958/861 1023/1130/1020 746/1127/1017
f 674/958/861 233/959/862 747/1131/1021 1023/1130/1020
f 1023/1130/1020 747/1131/1021 215/1132/1022 658/1133/1023
f 746/1127/1017 1023/1130/1020 658/1133/1023 216/1128/1018
f 233/959/862 673/960/863 1024/1134/1024 747/1131/1021
f 673/960/863 232/961/864 748/1135/1025 1024/1134/1024
f 1024/1134/1024 748/1135/1025 214/1136/1026 657/1137/1027
f 747/1131/1021 1024/1134/1024 657/1137/1027 215/1132/1022
f 232/961/864 672/962/865 1025/1138/1028 748/1135/1025
f 672/962/865 1140/1139/1029 749/1140/1030 1025/1138/1028
f 1025/1138/1028 749/1140/1030 213/1141/1031 656/1142/1032
f 748/1135/1025 1025/1138/1028 656/1142/1032 214/1136/1026
f 231/963/866 671/964/867 1141/1143/1033 1140/1139/1029
f 671/964/867 230/965/868 750/1144/1034 1026/1145/1035
f 1026/1145/1035 750/1144/1034 212/1146/1036 655/1147/1037
f 1143/1148/1038 1142/1149/1039 1141/1143/1033 1135/1150/1040
f 230/965/868 670/966/869 1027/1151/1041 750/1144/1034
f 670/966/869 229/967/870 751/1152/1042 1027/1151/1041
f 1027/1151/1041 751/1152/1042 211/1153/1043 654/1154/1044
f 750/1144/1034 1027/1151/1041 654/1154/1044 212/1146/1036
f 229/967/870 669/968/871 1028/1155/1045 751/1152/1042
f 228/969/872 752/1156/1046 1121/1157/1047
f 1121/1157/1047 752/1156/1046 210/1158/1048 1118/1159/1049
f 751/1152/1042 1028/1155/1045 653/1160/1050 211/1153/1043
f 228/969/872 227/970/873 753/1161/1051 752/1156/1046
f 752/1156/1046 753/1161/1051 209/1162/1052 210/1158/1048
f 1044/1163/1053 620/1164/1054 1095/1165/1055 1103/1166/1056
f 226/1167/1057 754/1087/978 1102/1090/981 1098/1168/1058
f 753/1161/1051 652/1169/1059 209/1162/1052
f 754/1087/978 208/1170/1060 651/1088/979
f 755/826/741 261/825/740 701/985/881 1029/984/887
f 633/1171/1061 1029/984/887 756/986/888 189/1172/1062
f 189/1172/1062 756/986/888 1030/604/546 632/1173/1063
f 757/603/545 259/602/544 700/1174/894 1031/1175/1064
f 1031/1175/1064 700/1174/894 258/1176/899 758/1177/1065
f 631/1178/1066 1031/1175/1064 758/1177/1065
f 187/1179/1067 758/1177/1065 630/1180/1068
f 758/1177/1065 258/1176/899 699/1181/900 1032/1182/1069
f 1032/1182/1069 699/1181/900 257/1183/907 759/1184/1070
f 630/1180/1068 1032/1182/1069 759/1184/1070 186/1185/1071
f 186/1185/1071 759/1184/1070 1033/1186/1072 629/1187/1073
f 759/1184/1070 257/1183/907 698/1188/908 1033/1186/1072
f 1033/1186/1072 698/1188/908 1154/1189/913 1155/1190/1074
f 1183/1191/1075 1182/1192/1076 1180/1193/1077
f 185/1194/1078 760/1195/1079 1034/1196/1080 628/1197/1081
f 628/1197/1081 1034/1196/1080 761/1198/1082 184/1199/1083
f 184/1199/1083 761/1198/1082 1035/272/244 627/271/243
f 697/1200/915 255/1201/920 696/273/245 1035/272/244 761/1198/1082 1034/1196/1080 760/1195/1079 256/1202/914
f 183/276/248 762/275/247 1036/859/762 626/1203/1084
f 1037/864/767 692/1204/939 250/1205/944 765/865/768
f 246/1206/971 687/1207/972 1042/13/13 769/1208/1085
f 765/865/768 250/1205/944 691/1209/945 1038/1210/1086
f 1038/1210/1086 691/1209/945 249/1211/952 766/1212/1087
f 625/1213/1088 1038/1210/1086 766/1212/1087 181/1214/1089
f 766/1212/1087 249/1211/952 1146/1215/953 1148/1216/1090
f 1039/872/775 690/1217/958 248/1218/959 767/873/776
f 495/598/542 413/607/429 120/599/425
f 767/873/776 248/1218/959 689/22/22 1040/21/21
f 623/871/774 1041/19/19 1133/1219/1091 1131/875/778
f 1042/13/13 687/1207/972 245/1220/975 770/14/14
f 177/15/15 770/14/14 1043/1221/1092 621/1222/1093
f 770/14/14 245/1220/975 686/1223/976 1043/1221/1092
f 1062/658/595 1013/934/837 1101/937/840 1104/1082/973
f 685/1224/838 1044/1163/1053 1103/1166/1056 1099/1225/839
f 1044/1163/1053 685/1224/838 244/1226/982 771/1227/1094
f 620/1164/1054 1044/1163/1053 771/1227/1094 176/1228/1095
f 772/835/744 789/812/729 1063/973/876 1045/976/879
f 1046/975/878 1064/974/877 790/1229/1096 773/980/883
f 773/980/883 790/1229/1096 1065/1230/1097 1047/982/885
f 1047/982/885 1065/1230/1097 791/1231/1098 774/988/890
f 774/988/890 791/1231/1098 1066/1232/1099 1048/990/892
f 1048/990/892 1066/1232/1099 792/1233/1100 775/995/895
f 775/995/895 792/1233/1100 1067/1234/1101 1049/997/897
f 1049/997/897 1067/1234/1101 1150/1235/1102 1153/1001/901
f 776/1004/904 793/1236/1103 1068/1237/1104 1050/1005/905
f 1050/1005/905 1068/1237/1104 794/1238/1105 777/1009/909
f 777/1009/909 794/1238/1105 1069/1239/1106 1051/1011/911
f 1051/1011/911 1069/1239/1106 795/1240/1107 778/1016/916
f 778/1016/916 795/1240/1107 1070/1241/1108 1052/1018/918
f 1052/1018/918 1070/1241/1108 796/1242/1109 779/1022/921
f 779/1022/921 796/1242/1109 1071/1243/1110 1053/1024/923
f 1053/1024/923 1071/1243/1110 797/1244/1111 780/1028/925
f 780/1028/925 797/1244/1111 1072/1245/1112 1054/1030/927
f 1054/1030/927 1072/1245/1112 798/1246/1113 781/1034/929
f 781/1034/929 798/1246/1113 1073/1247/1114 1055/1036/931
f 1055/1036/931 1073/1247/1114 799/1248/1115 782/1040/934
f 782/1040/934 799/1248/1115 1074/1249/1116 1056/1042/936
f 1056/1042/936 1074/1249/1116 800/1250/1117 783/1046/940
f 783/1046/940 800/1250/1117 1145/1251/1118 1144/1048/942
f 1057/1053/947 1075/1252/1119 801/1253/1120 784/1054/948
f 784/1054/948 801/1253/1120 1076/1254/1121 1058/1056/950
f 1058/1056/950 1076/1254/1121 802/1255/1122 785/1060/954
f 785/1060/954 802/1255/1122 1077/1256/1123 1059/1062/956
f 1122/1068/961 1123/1257/1124 803/1258/1125 786/1069/962
f 786/1069/962 803/1258/1125 1078/1259/1126 1060/1071/964
f 1060/1071/964 1078/1259/1126 804/1260/1127 787/1075/966
f 787/1075/966 804/1260/1127 1079/1261/1128 1061/1077/968
f 651/1088/979 1080/659/596 1105/1083/974 1097/1089/980
f 789/812/729 225/811/728 667/1094/985 1063/973/876
f 1064/974/877 666/1098/989 223/1097/988 790/1229/1096
f 790/1229/1096 223/1097/988 665/1102/993 1065/1230/1097
f 1065/1230/1097 665/1102/993 222/1101/992 791/1231/1098
f 791/1231/1098 222/1101/992 664/1106/997 1066/1232/1099
f 1066/1232/1099 664/1106/997 221/1105/996 792/1233/1100
f 792/1233/1100 221/1105/996 663/1111/1002 1067/1234/1101
f 1067/1234/1101 663/1111/1002 1149/1110/1001 1150/1235/1102
f 793/1236/1103 220/1117/1008 662/1116/1007 1068/1237/1104
f 1068/1237/1104 662/1116/1007 219/1115/1006 794/1238/1105
f 794/1238/1105 219/1115/1006 661/1121/1012 1069/1239/1106
f 1069/1239/1106 661/1121/1012 218/1120/1011 795/1240/1107
f 795/1240/1107 218/1120/1011 660/1125/1015 1070/1241/1108
f 1070/1241/1108 660/1125/1015 217/1124/1014 796/1242/1109
f 796/1242/1109 217/1124/1014 659/1129/1019 1071/1243/1110
f 1071/1243/1110 659/1129/1019 216/1128/1018 797/1244/1111
f 797/1244/1111 216/1128/1018 658/1133/1023 1072/1245/1112
f 1072/1245/1112 658/1133/1023 215/1132/1022 798/1246/1113
f 798/1246/1113 215/1132/1022 657/1137/1027 1073/1247/1114
f 1073/1247/1114 657/1137/1027 214/1136/1026 799/1248/1115
f 799/1248/1115 214/1136/1026 656/1142/1032 1074/1249/1116
f 1074/1249/1116 656/1142/1032 213/1141/1031 800/1250/1117
f 800/1250/1117 213/1141/1031 1143/1148/1038 1145/1251/1118
f 1075/1252/1119 655/1147/1037 212/1146/1036 801/1253/1120
f 801/1253/1120 212/1146/1036 654/1154/1044 1076/1254/1121
f 1076/1254/1121 654/1154/1044 211/1153/1043 802/1255/1122
f 802/1255/1122 211/1153/1043 653/1160/1050 1077/1256/1123
f 1123/1257/1124 1118/1159/1049 210/1158/1048 803/1258/1125
f 803/1258/1125 210/1158/1048 209/1162/1052 1078/1259/1126
f 1078/1259/1126 209/1162/1052 804/1260/1127
f 804/1260/1127 209/1162/1052 652/1169/1059 1079/1261/1128
f 1080/659/596 651/1088/979 208/1170/1060 805/660/597
f 617/710/642 171/855/758 262/1262/1129 806/1263/1130
f 807/233/210 262/1262/1129 171/855/758 616/223/203
f 45/254/227 347/257/230 263/1264/1131 264/1265/1132
f 45/254/227 264/1265/1132 50/232/210 42/225/205
f 335/151/149 809/1266/1133 44/229/207
f 38/241/218 342/250/224 1083/2/2
f 1087/938/841 167/849/754 611/672/607
f 1086/939/842 173/675/610 1088/837/745 1089/1267/210
f 600/712/644 1082/711/643 602/820/737
f 1081/251/225 808/1268/1134 1085/243/220 1084/3/3
f 40/154/152 1085/243/220 808/1268/1134 265/1269/225
f 1089/1267/210 1088/837/745 169/847/753 1090/1270/1135 1091/1271/1136
f 169/847/753 602/820/737 1082/711/643 1090/1270/1135
f 820/134/133 279/146/144 294/68/68 826/135/134
f 44/229/207 809/1266/1133 347/257/230 340/216/200
f 809/1266/1133 335/151/149 40/154/152
f 347/257/230 809/1266/1133 40/154/152
f 347/257/230 40/154/152 265/1269/225 263/1264/1131
f 1082/711/643 617/710/642 1090/1270/1135
f 806/1263/1130 1091/1271/1136 1090/1270/1135 617/710/642
f 104/358/330 858/330/302 857/327/299 399/357/329
f 467/490/462 406/302/274 112/301/273 466/487/459
f 449/389/361 505/388/360 866/399/371
f 505/388/360 504/397/369 866/399/371
f 1029/984/887 633/1171/1061 755/826/741
f 188/1272/1137 757/603/545 1031/1175/1064 631/1178/1066
f 632/1173/1063 1030/604/546 757/603/545 188/1272/1137
f 182/866/769 765/865/768 1038/1210/1086 625/1213/1088
f 1036/859/762 763/858/761 626/1203/1084
f 1092/1273/1138 764/869/772 252/868/771 693/1274/933
f 56/589/535 493/586/534 902/585/533
f 767/873/776 1040/21/21 624/231/209 180/874/777
f 769/1208/1085 1042/13/13 622/16/16 178/876/779
f 575/805/723 966/804/722 570/791/713 156/790/712
f 827/168/162 298/173/166 19/188/177 296/169/163
f 58/259/232 355/283/255 901/286/258 491/260/233
f 59/577/531 356/258/231 900/261/234 490/578/532
f 1093/1275/1139 1092/1273/1138 693/1274/933 251/1276/938
f 1037/864/767 1093/1275/1139 251/1276/938 692/1204/939
f 253/857/760 694/867/770 1094/870/773 763/858/761
f 62/563/523 359/262/235 897/265/238 487/564/524
f 224/987/889 666/1098/989 1064/974/877
f 996/977/880 997/979/882 260/992/543 701/978/881
f 260/601/543 1030/604/546 756/986/888
f 701/985/881 260/601/543 756/986/888
f 667/1094/985 224/987/889 1063/973/876
f 1045/976/879 1046/975/878 997/979/882 996/977/880
f 548/88/88 952/764/693 551/717/649 146/716/648
f 492/285/257 57/284/256 902/585/533
f 57/284/256 56/589/535 902/585/533
f 766/1212/1087 1148/1216/1090 1163/1277/1140 181/1214/1089
f 181/1214/1089 1163/1277/1140 1164/1278/1141
f 277/143/142 279/146/144 820/134/133 819/141/140
f 537/809/726 138/754/683 580/753/682 968/808/725
f 832/60/60 312/155/153 3/156/154 266/61/61
f 1107/1279/1142 1097/1089/980 1105/1083/974
f 1106/1280/1143 1115/1281/1144 1105/1083/974 1104/1082/973
f 621/1222/1093 1043/1221/1092 1103/1166/1056 1095/1165/1055
f 1043/1221/1092 686/1223/976 1099/1225/839 1103/1166/1056
f 686/1085/976 1012/1078/969 1101/937/840 1099/936/839
f 1106/1280/1143 1104/1082/973 1101/937/840
f 718/933/836 191/932/835 1096/972/875 1100/971/874
f 227/970/873 718/933/836 1100/971/874 1098/1168/1058
f 1012/1078/969 1061/1077/968 1106/1280/1143
f 1012/1078/969 1106/1280/1143 1101/937/840
f 227/970/873 1098/1168/1058 1102/1090/981 753/1161/1051
f 753/1161/1051 1102/1090/981 1097/1089/980 652/1169/1059
f 1061/1077/968 1079/1261/1128 1115/1281/1144 1106/1280/1143
f 652/1169/1059 1097/1089/980 1107/1279/1142
f 736/1086/977 788/661/598 1112/1282/1145 1114/775/701
f 226/1167/1057 719/839/747 959/778/702 668/761/690
f 244/1091/982 736/1086/977 1114/775/701 1110/774/676
f 754/1087/978 949/762/691 1109/663/600 208/1170/1060
f 226/1167/1057 668/761/690 949/762/691 754/1087/978
f 771/1227/1094 244/1226/982 1110/747/676 1113/745/674
f 176/1228/1095 771/1227/1094 1113/745/674 1108/744/673
f 788/661/598 805/660/597 1111/1283/1146 1112/1282/1145
f 805/660/597 208/1170/1060 1109/663/600 1111/1283/1146
f 1114/775/701 1112/1282/1145 1117/815/732
f 1115/1281/1144 1079/1261/1128 1107/1279/1142
f 1105/1083/974 1115/1281/1144 1107/1279/1142
f 942/471/443 1117/815/732 1157/1284/1147 939/665/602
f 1111/1283/1146 1109/663/600 1116/662/599
f 23/178/171 300/175/168 348/793/715 16/798/720
f 323/128/127 838/80/80 324/77/77 30/76/76
f 24/187/176 17/1285/721 306/50/50 305/49/49
f 23/178/171 16/798/720 17/802/721 24/186/176
f 283/115/114 290/150/148 10/74/74 291/71/71
f 1129/1286/1148 1124/1287/1149 1118/1159/1049 1123/1257/1124
f 1128/1288/1150 1129/1286/1148 1123/1257/1124 1122/1068/961
f 1127/1289/1151 1121/1157/1047 1118/1159/1049 1124/1287/1149
f 669/968/871 228/969/872 1121/1157/1047 1127/1289/1151
f 1125/1290/1152 1126/1291/1153 1120/1067/960 1119/1079/970
f 1126/1291/1153 1128/1288/1150 1122/1068/961 1120/1067/960
f 669/968/871 995/929/832 717/930/833 228/969/872
f 995/929/832 635/928/831 192/931/834 717/930/833
f 1010/1063/957 1059/1062/956 1128/1288/1150 1126/1291/1153
f 688/1074/18 1010/1063/957 1126/1291/1153 1125/1290/1152
f 669/968/871 1127/1289/1151 1028/1155/1045
f 1028/1155/1045 1127/1289/1151 1124/1287/1149 653/1160/1050
f 1059/1062/956 1077/1256/1123 1129/1286/1148 1128/1288/1150
f 1077/1256/1123 653/1160/1050 1124/1287/1149 1129/1286/1148
f 1125/1292/1152 1041/19/19 688/18/18
f 1130/279/251 69/877/780 429/282/254
f 1131/875/778 1133/1219/1091 769/1208/1085 178/876/779
f 749/1140/1030 1142/1149/1039 1143/1148/1038 213/1141/1031
f 1137/1293/1154 1136/1294/1155 690/1217/958 1039/872/775
f 1134/1295/1156 1135/1150/1040 655/1147/1037 1075/1252/1119
f 1138/1296/1157 1139/1297/1158 1057/1053/947 1008/1052/946
f 1139/1297/1158 1134/1295/1156 1075/1252/1119 1057/1053/947
f 1135/1150/1040 1141/1143/1033 1026/1145/1035 655/1147/1037
f 1140/1139/1029 1141/1143/1033 1142/1149/1039
f 1142/1149/1039 749/1140/1030 1140/1139/1029
f 1145/1251/1118 1143/1148/1038 1135/1150/1040 1134/1295/1156
f 1144/1048/942 1145/1251/1118 1134/1295/1156 1139/1297/1158
f 1148/1216/1090 1146/1215/953 1136/1294/1155 1137/1293/1154
f 1147/1049/943 1144/1048/942 1139/1297/1158 1138/1296/1157
f 1146/1059/953 1147/1049/943 1138/1296/1157 1008/1052/946 690/1064/958 1136/1298/1155
f 1149/1110/1001 1151/1109/1000 1156/1108/999 742/1113/1004 220/1117/1008
f 1150/1235/1102 1149/1110/1001 220/1117/1008 793/1236/1103
f 1153/1001/901 1150/1235/1102 793/1236/1103 776/1004/904
f 1154/1013/913 1152/1002/902 724/1003/903 256/1014/914
f 1152/1002/902 1153/1001/901 776/1004/904 724/1003/903
f 1155/1190/1074 1154/1189/913 256/1202/914 760/1195/1079
f 1156/1108/999 1151/1109/1000 1018/1107/998
f 1156/1108/999 679/948/851 238/949/852 742/1113/1004
f 1179/1299/1159 629/1187/1073 1033/1186/1072 1155/1190/1074
f 1141/1143/1033 671/964/867 1026/1145/1035
f 1140/1139/1029 672/962/865 231/963/866
f 1119/1300/970 246/1206/971 769/1208/1085 1133/1219/1091
f 1119/1300/970 1133/1219/1091 1041/19/19 1125/1292/1152
f 353/596/540 845/277/249 1132/281/253 54/280/252
f 1157/1284/1147 1111/1283/1146 1116/662/599
f 939/665/602 1157/1284/1147 1116/662/599
f 1112/1282/1145 1111/1283/1146 1157/1284/1147 1117/815/732
f 69/877/780 53/608/548 54/280/252 429/282/254
f 1159/1301/1160 1158/1302/1161 1039/872/775 180/874/777
f 1158/1302/1161 1137/1293/1154 1039/872/775
f 1159/1301/1160 1161/1303/1162 1162/1304/1163 1164/1278/1141
f 1163/1277/1140 1148/1216/1090 1137/1293/1154 1158/1302/1161
f 1164/1278/1141 1162/1304/1163 1160/1305/1164 181/1214/1089
f 1164/1278/1141 1163/1277/1140 1158/1302/1161 1159/1301/1160
f 1161/1303/1162 1165/1306/1165 1162/1304/1163
f 1162/1304/1163 1165/1306/1165 1160/1305/1164
f 1167/1307/1166 1176/1308/1167 1172/1309/1168
f 187/1179/1067 1175/1310/1169 1173/1311/1170 631/1178/1066
f 630/1180/1068 1169/1312/1171 1175/1310/1169 187/1179/1067
f 1166/1313/1172 1168/1314/1173 1176/1308/1167
f 891/531/501 67/533/503 482/534/504
f 630/1180/1068 758/1177/1065 1032/1182/1069
f 758/1177/1065 187/1179/1067 631/1178/1066
f 891/531/501 68/527/499 365/532/502
f 1169/1312/1171 1171/1315/1174 1168/1314/1173
f 1172/1309/1168 1174/1316/1175 1167/1307/1166
f 1173/1311/1170 1175/1310/1169 1167/1307/1166
f 1175/1310/1169 1169/1312/1171 1168/1314/1173
f 1172/1309/1168 1176/1308/1167 365/532/502 68/527/499
f 1176/1308/1167 1170/1317/1176 67/533/503 365/532/502
f 1167/1307/1166 1174/1316/1175 1173/1311/1170
f 1168/1314/1173 1171/1315/1174 1170/1317/1176
f 1167/1307/1166 1175/1310/1169 1166/1313/1172
f 1168/1314/1173 1166/1313/1172 1175/1310/1169
f 1176/1308/1167 1168/1314/1173 1170/1317/1176
f 1176/1308/1167 1167/1307/1166 1166/1313/1172
f 335/151/149 44/229/207 334/228/189 336/152/150
f 170/848/738 603/821/731 602/820/737 169/847/753
f 186/1185/1071 1171/1315/1174 1169/1312/1171 630/1180/1068
f 977/813/730 789/812/729 772/835/744 976/757/686
f 719/839/747 226/1167/1057 1098/1168/1058 1100/971/874
f 332/92/91 329/138/137 9/30/30 12/110/109
f 12/110/109 9/30/30 274/29/29 277/143/142
f 297/171/164 1178/144/143 1177/1318/1177 21/172/165
f 273/83/83 279/146/144 277/143/142 274/29/29
f 329/138/137 332/92/91 316/94/93 31/139/138
f 1177/1318/1177 1178/144/143 818/124/123 350/123/122
f 18/145/66 1178/144/143 297/171/164 22/170/67
f 1079/1261/1128 652/1169/1059 1107/1279/1142
f 1182/1192/1076 65/545/511 363/543/509 629/1187/1073
f 67/533/503 1170/1317/1176 1171/1315/1174 364/537/505
f 1174/1316/1175 188/1272/1137 631/1178/1066 1173/1311/1170
f 480/221/202 339/219/201 608/827/742 755/826/741
f 366/268/240 480/221/202 755/826/741 633/1171/1061
f 68/527/499 366/268/240 1174/1316/1175 1172/1309/1168
f 366/268/240 633/1171/1061 189/1172/1062
f 1174/1316/1175 366/268/240 189/1172/1062 632/1173/1063
f 188/1272/1137 1174/1316/1175 632/1173/1063
f 364/537/505 1171/1315/1174 186/1185/1071 66/539/507
f 1155/1190/1074 760/1195/1079 185/1194/1078 1179/1299/1159
f 628/1197/1081 1185/1319/1178 185/1194/1078
f 1180/1193/1077 1182/1192/1076 629/1187/1073 1179/1299/1159
f 185/1194/1078 1185/1319/1178 1180/1193/1077 1179/1299/1159
f 184/1199/1083 1184/1320/1179 1185/1319/1178 628/1197/1081
f 1183/1191/1075 63/557/519 361/555/517 1186/1321/1180
f 1181/1322/1181 1183/1191/1075 1180/1193/1077
f 1180/1193/1077 1185/1319/1178 1184/1320/1179
f 1181/1322/1181 1180/1193/1077 1184/1320/1179
f 629/1187/1073 363/543/509 66/539/507 186/1185/1071
f 57/284/256 625/1213/1088 181/1214/1089 1160/1305/1164
f 1183/1191/1075 1181/1322/1181 360/561/521 63/557/519
f 1184/1320/1179 184/1199/1083 627/271/243 62/563/523
f 62/563/523 627/271/243 183/276/248 359/262/235
f 359/262/235 183/276/248 626/1203/1084 61/263/236
f 61/263/236 626/1203/1084 763/858/761 358/569/525
f 358/569/525 763/858/761 1094/870/773 60/571/527
f 60/571/527 1094/870/773 764/869/772 357/575/529
f 357/575/529 764/869/772 1092/1273/1138 59/577/531
f 59/577/531 1092/1273/1138 1093/1275/1139 356/258/231
f 356/258/231 1093/1275/1139 1037/864/767 58/259/232
f 58/259/232 1037/864/767 182/866/769 355/283/255
f 355/283/255 182/866/769 625/1213/1088 57/284/256
f 56/589/535 57/284/256 1160/1305/1164 1165/1306/1165
f 180/874/777 1161/1303/1162 1159/1301/1160
f 56/589/535 1165/1306/1165 1161/1303/1162 180/874/777
f 354/590/536 56/589/535 180/874/777 624/231/209
f 55/592/538 354/590/536 624/231/209 179/230/208
f 55/592/538 179/230/208 623/871/774 367/278/250
f 623/871/774 1131/875/778 1130/279/251 367/278/250
f 1132/281/253 845/277/249 1130/279/251
f 1132/281/253 1130/279/251 429/282/254
f 353/596/540 55/592/538 367/278/250 845/277/249
f 622/16/16 53/608/548 69/877/780 178/876/779
f 177/15/15 352/609/549 53/608/548 622/16/16
f 621/1222/1093 52/611/551 352/609/549 177/15/15
f 1095/1165/1055 351/617/554 52/611/551 621/1222/1093
f 620/1164/1054 51/122/121 351/617/554 1095/1165/1055
f 176/1228/1095 350/123/122 51/122/121 620/1164/1054
f 156/790/712 348/793/715 300/175/168 25/174/167
f 575/805/723 156/790/712 25/174/167 307/189/178
f 152/786/708 575/805/723 307/189/178 19/188/177
f 567/787/709 152/786/708 19/188/177 298/173/166
f 154/788/710 567/787/709 298/173/166 21/172/165
f 568/789/711 154/788/710 21/172/165 1189/1323/1182
f 1181/1322/1181 1184/1320/1179 62/563/523 360/561/521
f 1186/1321/1180 361/555/517 64/551/515 1187/1324/1183
f 1182/1192/1076 1187/1324/1183 362/549/513 65/545/511
f 1187/1324/1183 1182/1192/1076 1183/1191/1075 1186/1321/1180
f 1187/1324/1183 64/551/515 362/549/513
f 568/789/711 1189/1323/1182 1190/1325/1184 150/748/677
f 1108/744/673 1188/1326/1185 350/123/122 176/1228/1095
f 1189/1323/1182 21/172/165 1177/1318/1177 1190/1325/1184
f 1190/1325/1184 1177/1318/1177 350/123/122 1188/1326/1185
f 619/746/675 1188/1326/1185 1108/744/673
f 150/748/677 1190/1325/1184 1188/1326/1185 619/746/675
f 1468/1/1186 1226/4/1187 2162/3/1188 2161/2/1189
f 1406/5/1190 1430/8/1191 1909/7/1192 1901/6/1193
f 1435/9/1194 2/12/12 268/11/11 1914/10/1195
f 2121/13/1196 1721/16/1197 1332/15/1198 1853/14/1199
f 1384/17/1200 1772/22/1201 2119/21/1202 1851/20/1203 2120/19/1204 1771/18/1205
f 1625/23/1206 2002/26/1207 2018/25/1208 1644/24/1209
f 1625/23/1206 1644/24/1209 1890/28/1210 1893/27/1211
f 1890/28/1210 1491/31/1212 1191/30/1213 1400/29/1214
f 1644/24/1209 1248/32/1215 1491/31/1212 1890/28/1210
f 1903/33/1216 1911/36/1217 1419/35/1218 1404/34/1219
f 269/37/37 1/40/40 1436/39/1220 1915/38/1221
f 1411/41/1222 1429/42/1223 1911/36/1217 1903/33/1216
f 1913/43/1224 267/46/46 4/45/45 1441/44/1225
f 1415/47/1226 1432/50/1227 1431/49/1228 1407/48/1229
f 1214/51/1230 1443/54/1231 1891/53/1232 1452/52/1233
f 1452/52/1233 1891/53/1232 1414/56/1234 1193/55/1235
f 1891/53/1232 1453/58/1236 1195/57/1237 1414/56/1234
f 1443/54/1231 1210/59/1238 1453/58/1236 1891/53/1232
f 1436/39/1220 1/40/40 266/61/61 1912/60/1239
f 272/62/62 6/65/65 1447/64/1240 1919/63/1241
f 1200/66/1242 1418/69/1243 1420/68/1244 1204/67/1245
f 1196/70/1246 1456/73/1247 1892/72/1248 1417/71/1249
f 1417/71/1249 1892/72/1248 1457/75/1250 1192/74/1251
f 1892/72/1248 1450/77/1252 1211/76/1253 1457/75/1250
f 1456/73/1247 1217/78/1254 1450/77/1252 1892/72/1248
f 1446/79/1255 7/82/82 349/81/81 1918/80/1256
f 1418/69/1243 1905/84/1257 1893/27/1211 1399/83/1258
f 2030/85/1259 1649/88/1260 1651/87/1261 2031/86/1262
f 1439/89/1263 5/90/90 267/46/46 1913/43/1224
f 5/91/90 1439/89/1263 1914/10/1195 268/11/11
f 1458/92/1264 1442/94/1265 1215/93/1266
f 1469/95/1267 1923/98/1268 1538/97/1269 1281/96/1270
f 1407/48/1229 1431/49/1228 1430/8/1191 1406/5/1190
f 1901/6/1193 1909/7/1192 1429/42/1223 1411/41/1222
f 1197/99/1271 1413/102/1272 1894/101/1273 1459/100/1274
f 1459/100/1274 1894/101/1273 1448/104/1275 1218/103/1276
f 1894/101/1273 1454/106/1277 1216/105/1278 1448/104/1275
f 1413/102/1272 1195/57/1237 1454/106/1277 1894/101/1273
f 1193/55/1235 1402/108/1279 1895/107/1280 1452/52/1233
f 1452/52/1233 1895/107/1280 1440/109/1281 1214/51/1230
f 1895/107/1280 1458/92/1264 1215/93/1266 1440/109/1281
f 1402/108/1279 1194/110/1282 1458/92/1264 1895/107/1280
f 1210/59/1238 1437/112/1283 1896/111/1284 1453/58/1236
f 1453/58/1236 1896/111/1284 1454/106/1277 1195/57/1237
f 1896/111/1284 1451/113/1285 1216/105/1278 1454/106/1277
f 1437/112/1283 1213/114/1286 1451/113/1285 1896/111/1284
f 1407/48/1229 1406/5/1190 1408/116/1287 1409/115/1288
f 1447/64/1240 6/65/65 271/118/117 1917/117/1289
f 1196/70/1246 1410/120/1290 1897/119/1291 1456/73/1247
f 1456/73/1247 1897/119/1291 1445/121/1292 1217/78/1254
f 1897/119/1291 1459/100/1274 1218/103/1276 1445/121/1292
f 1410/120/1290 1197/99/1271 1459/100/1274 1897/119/1291
f 1229/122/1293 1606/125/1294 1898/124/1295 1473/123/1296
f 1606/125/1294 1282/127/1297 1518/126/1298 1898/124/1295
f 349/81/81 29/129/128 1449/128/1299 1918/80/1256
f 1444/130/1300 8/133/132 270/132/131 1916/131/1301
f 1917/117/1289 271/118/117 8/133/132 1444/130/1300
f 1404/34/1219 1419/35/1218 1906/135/1302 1900/134/1303
f 1505/136/1304 1212/139/1305 1455/138/1306 1587/137/1307
f 1587/137/1307 1455/138/1306 1491/31/1212 1248/32/1215
f 1455/138/1306 1191/30/1213 1491/31/1212
f 1505/136/1304 1940/140/1308 1435/9/1194 1212/139/1305
f 1193/55/1235 1401/142/1309 1899/141/1310 1402/108/1279
f 1402/108/1279 1899/141/1310 1403/143/1311 1194/110/1282
f 1899/141/1310 1401/142/1309 1404/34/1219 1900/134/1303
f 1898/124/1295 1518/126/1298 1200/145/1242 2251/144/1312
f 1399/83/1258 1405/146/1313 1420/68/1244 1418/69/1243
f 1406/5/1190 1901/6/1193 1902/147/1314 1408/116/1287
f 1408/116/1287 1410/120/1290 1196/70/1246 1409/115/1288
f 1408/116/1287 1197/99/1271 1410/120/1290
f 1901/6/1193 1411/41/1222 1412/148/1315 1902/147/1314
f 1411/41/1222 1903/33/1216 1904/149/1316 1412/148/1315
f 1902/147/1314 1413/102/1272 1197/99/1271 1408/116/1287
f 1412/148/1315 1195/57/1237 1413/102/1272 1902/147/1314
f 1903/33/1216 1404/34/1219 1401/142/1309 1904/149/1316
f 1415/47/1226 1407/48/1229 1409/115/1288 1416/150/1317
f 1904/149/1316 1414/56/1234 1195/57/1237 1412/148/1315
f 1401/142/1309 1193/55/1235 1414/56/1234 1904/149/1316
f 1461/151/1318 1219/154/1319 1220/153/1320 1462/152/1321
f 1409/115/1288 1196/70/1246 1417/71/1249
f 1438/155/1322 3/156/154 272/62/62 1919/63/1241
f 1916/131/1301 270/132/131 7/82/82 1446/79/1255
f 1282/157/1297 1569/159/1323 1905/84/1257 1518/158/1298
f 1518/158/1298 1905/84/1257 1418/69/1243 1200/66/1242
f 73/160/156 1547/163/1324 1935/162/1325 373/161/157
f 1906/135/1302 1421/164/1326 1204/67/1245 1420/68/1244
f 1419/35/1218 1202/165/1327 1421/164/1326 1906/135/1302
f 1202/166/1327 1422/169/1328 1907/168/1329 1421/167/1326
f 1421/167/1326 1907/168/1329 1423/171/1330 1204/170/1245
f 1907/168/1329 1424/173/1331 1203/172/1332 1423/171/1330
f 1207/174/1333 1425/177/1334 1908/176/1335 1426/175/1336
f 1426/175/1336 1908/176/1335 1427/179/1337 1205/178/1338
f 1908/176/1335 1428/181/1339 1209/180/1340 1427/179/1337
f 1425/177/1334 1208/182/1341 1428/181/1339 1908/176/1335
f 1208/183/1341 1429/42/1223 1909/7/1192 1428/184/1339
f 1428/184/1339 1909/7/1192 1430/8/1191 1209/185/1340
f 1427/179/1337 1209/180/1340 1206/186/1342 1205/178/1338
f 1209/185/1340 1430/8/1191 1431/49/1228 1206/187/1342
f 1201/188/1343 1422/169/1328 1910/190/1344 1433/189/1345
f 1433/189/1345 1910/190/1344 1425/177/1334 1207/174/1333
f 1910/190/1344 1434/191/1346 1208/182/1341 1425/177/1334
f 1422/169/1328 1202/166/1327 1434/191/1346 1910/190/1344
f 1202/165/1327 1419/35/1218 1911/36/1217 1434/192/1346
f 1434/192/1346 1911/36/1217 1429/42/1223 1208/183/1341
f 1210/59/1238 1436/39/1220 1912/60/1239 1437/112/1283
f 1437/112/1283 1912/60/1239 1438/155/1322 1213/114/1286
f 1215/93/1266 1439/89/1263 1913/43/1224 1440/109/1281
f 1440/109/1281 1913/43/1224 1441/44/1225 1214/51/1230
f 1439/89/1263 1215/93/1266 1442/94/1265 1914/10/1195
f 1679/193/1347 136/196/184 540/195/183 2051/194/1348
f 1914/10/1195 1442/94/1265 1212/139/1305 1435/9/1194
f 1441/44/1225 4/45/45 269/37/37 1915/38/1221
f 1915/38/1221 1443/54/1231 1214/51/1230 1441/44/1225
f 1436/39/1220 1210/59/1238 1443/54/1231 1915/38/1221
f 1218/103/1276 1444/130/1300 1916/131/1301 1445/121/1292
f 1445/121/1292 1916/131/1301 1446/79/1255 1217/78/1254
f 1216/105/1278 1447/64/1240 1917/117/1289 1448/104/1275
f 1448/104/1275 1917/117/1289 1444/130/1300 1218/103/1276
f 1918/80/1256 1450/77/1252 1217/78/1254 1446/79/1255
f 1919/63/1241 1451/113/1285 1213/114/1286 1438/155/1322
f 1447/64/1240 1216/105/1278 1451/113/1285 1919/63/1241
f 1921/197/1349 1463/200/1350 1266/199/1351 1626/198/1352
f 1460/201/1353 1920/204/1354 1922/203/1355 1467/202/1356
f 1893/27/1211 1890/28/1210 1400/29/1214 1399/83/1258
f 1569/159/1323 1625/23/1206 1893/27/1211 1905/84/1257
f 1462/205/1321 1921/197/1349 1920/204/1354 1460/201/1353
f 1228/206/1357 1227/209/1358 1225/208/1359 1222/207/1360
f 1220/210/1320 1463/200/1350 1921/197/1349 1462/205/1321
f 1464/211/1361 1922/203/1355 1551/213/1362 1300/212/1363
f 1225/214/1359 1227/209/1358 1466/216/1364 1467/215/1356
f 1225/217/1359 1464/220/1361 1465/219/1365 1222/218/1360
f 1465/219/1365 1464/220/1361 1300/222/1363 1588/221/1366
f 1716/223/1367 1221/225/1368 1228/206/1357 1706/224/1369
f 1467/202/1356 1922/203/1355 1464/211/1361 1225/226/1359
f 1922/203/1355 1920/204/1354 1607/227/1370 1551/213/1362
f 1466/216/1364 1223/229/1371 1460/228/1353 1467/215/1356
f 2119/21/1202 1723/231/1372 1334/230/1373 1851/20/1203
f 50/232/210 1221/225/1368 1716/223/1367 807/233/210
f 1308/234/1374 1767/239/1375 2028/238/1376 1661/237/1377 2042/236/1378 1670/235/1379
f 2161/2/1189 38/241/218 39/240/217 1468/1/1186
f 1470/242/1380 1220/153/1320 1219/154/1319 2163/243/1381
f 1468/244/1186 1923/98/1268 1469/95/1267 1226/245/1187
f 1463/200/1350 1924/247/1382 1570/246/1383 1266/199/1351
f 1923/98/1268 1468/244/1186 39/249/217 346/248/223
f 342/250/224 2161/2/1189 2162/3/1188 1081/251/225
f 1470/242/1380 2163/243/1381 2162/3/1188 1226/4/1187
f 1226/245/1187 1469/95/1267 1924/247/1382 1470/252/1380
f 1470/252/1380 1924/247/1382 1463/200/1350 1220/210/1320
f 1924/247/1382 1469/95/1267 1281/96/1270 1570/246/1383
f 1923/98/1268 346/248/223 82/253/226 1538/97/1269
f 1224/254/1384 1227/209/1358 1228/206/1357 1221/225/1368
f 1941/255/1385 1551/213/1362 1607/227/1370 1987/256/1386
f 1471/257/1387 1466/216/1364 1227/209/1358 1224/254/1384
f 1479/258/1388 1980/261/1389 1599/260/1390 1236/259/1391
f 1482/262/1392 1977/265/1393 1596/264/1394 1239/263/1395
f 1538/97/1269 82/253/226 382/267/12 1926/266/1396
f 1489/268/1397 1588/221/1366 1970/269/1398
f 1228/206/1357 1222/207/1360 1707/270/1399 1706/224/1369
f 1726/271/1400 1338/276/1401 1845/275/1402 1391/274/1403 1779/273/1404 2114/272/1405
f 1925/277/1406 2203/279/1407 1490/278/1408
f 1232/280/1409 1537/282/1410 2205/281/1411
f 1478/283/1412 1981/286/1413 1600/285/1414 1235/284/1415
f 1926/266/1396 382/267/12 81/288/260 1539/287/1416
f 1539/287/1416 81/288/260 381/290/262 1927/289/1417
f 1927/289/1417 381/290/262 80/292/264 1540/291/1418
f 1540/291/1418 80/292/264 380/294/266 1928/293/1419
f 1928/293/1419 380/294/266 79/296/268 1541/295/1420
f 1541/295/1420 79/296/268 379/298/270 1929/297/1421
f 378/299/271 1930/300/1422 1929/297/1421 379/298/270
f 1929/297/1421 1930/300/1422 1514/302/1423 1277/301/1424
f 1930/300/1422 378/299/271 78/304/276 1542/303/1425
f 1542/303/1425 78/304/276 377/306/278 1931/305/1426
f 1931/305/1426 377/306/278 77/308/280 1543/307/1427
f 1543/307/1427 77/308/280 376/310/282 1932/309/1428
f 1932/309/1428 376/310/282 76/312/284 1544/311/1429
f 1544/311/1429 76/312/284 375/314/286 1933/313/1430
f 1933/313/1430 375/314/286 75/316/288 1545/315/1431
f 1545/315/1431 75/316/288 374/318/290 1934/317/1432
f 1934/317/1432 374/318/290 74/320/292 1546/319/1433
f 1546/319/1433 74/320/292 373/161/157 1935/162/1325
f 1547/163/1324 73/160/156 372/322/294 1936/321/1434
f 1509/323/1435 1935/162/1325 1547/163/1324 1271/324/1436
f 1936/321/1434 372/322/294 72/326/298 1548/325/1437
f 1548/325/1437 72/326/298 371/328/300 1937/327/1438
f 370/329/301 1938/330/1439 1937/327/1438 371/328/300
f 1938/330/1439 370/329/301 71/332/304 1549/331/1440
f 1549/331/1440 71/332/304 369/334/306 1939/333/1441
f 1939/333/1441 369/334/306 70/336/308 1550/335/1442
f 1550/335/1442 70/336/308 368/337/309 1940/140/1308
f 368/337/309 2/12/12 1435/9/1194 1940/140/1308
f 1281/96/1270 1538/97/1269 1926/266/1396 1517/338/1443
f 1517/338/1443 1926/266/1396 1539/287/1416 1280/339/1444
f 1280/339/1444 1539/287/1416 1927/289/1417 1516/340/1445
f 1516/340/1445 1927/289/1417 1540/291/1418 1279/341/1446
f 1279/341/1446 1540/291/1418 1928/293/1419 1515/342/1447
f 1515/342/1447 1928/293/1419 1541/295/1420 1278/343/1448
f 1278/343/1448 1541/295/1420 1929/297/1421 1277/301/1424
f 1514/302/1423 1930/300/1422 1542/303/1425 1276/344/1449
f 1276/344/1449 1542/303/1425 1931/305/1426 1513/345/1450
f 1513/345/1450 1931/305/1426 1543/307/1427 1275/346/1451
f 1275/346/1451 1543/307/1427 1932/309/1428 1512/347/1452
f 1512/347/1452 1932/309/1428 1544/311/1429 1274/348/1453
f 1274/348/1453 1544/311/1429 1933/313/1430 1511/349/1454
f 1511/349/1454 1933/313/1430 1545/315/1431 1273/350/1455
f 1273/350/1455 1545/315/1431 1934/317/1432 1510/351/1456
f 1510/351/1456 1934/317/1432 1546/319/1433 1272/352/1457
f 1272/352/1457 1546/319/1433 1935/162/1325 1509/323/1435
f 1581/353/1458 1509/323/1435 1271/324/1436 1582/354/1459
f 1271/324/1436 1547/163/1324 1936/321/1434 1508/355/1460
f 1508/355/1460 1936/321/1434 1548/325/1437 1270/356/1461
f 1270/356/1461 1548/325/1437 1937/327/1438 1507/357/1462
f 1269/358/1463 1938/330/1439 1549/331/1440 1268/359/1464
f 1268/359/1464 1549/331/1440 1939/333/1441 1506/360/1465
f 1506/360/1465 1939/333/1441 1550/335/1442 1267/361/1466
f 1267/361/1466 1550/335/1442 1940/140/1308 1505/136/1304
f 1942/362/1467 1552/365/1468 1608/364/1469 1988/363/1470
f 1943/366/1471 1553/369/1472 1609/368/1473 1989/367/1474
f 1300/212/1363 1551/213/1362 1941/255/1385 1536/370/1475
f 1536/370/1475 1941/255/1385 1552/365/1468 1299/371/1476
f 1944/372/1477 1554/375/1478 1610/374/1479 1990/373/1480
f 1552/365/1468 1941/255/1385 1987/256/1386 1608/364/1469
f 1299/371/1476 1552/365/1468 1942/362/1467 1535/376/1481
f 1535/376/1481 1942/362/1467 1553/369/1472 1298/377/1482
f 1945/378/1483 1555/381/1484 1611/380/1485 1991/379/1486
f 1553/369/1472 1942/362/1467 1988/363/1470 1609/368/1473
f 1298/377/1482 1553/369/1472 1943/366/1471 1534/382/1487
f 1534/382/1487 1943/366/1471 1554/375/1478 1297/383/1488
f 1554/375/1478 1943/366/1471 1989/367/1474 1610/374/1479
f 1297/383/1488 1554/375/1478 1944/372/1477 1533/384/1489
f 1533/384/1489 1944/372/1477 1555/381/1484 1296/385/1490
f 1947/386/1491 1557/389/1492 1613/388/1493 1992/387/1494
f 1555/381/1484 1944/372/1477 1990/373/1480 1611/380/1485
f 1296/385/1490 1555/381/1484 1945/378/1483 1532/390/1495
f 1532/390/1495 1945/378/1483 1556/392/1496 1295/391/1497
f 1948/393/1498 1558/396/1499 1614/395/1500 1993/394/1501
f 1556/392/1496 1945/378/1483 1991/379/1486 1612/397/1502
f 1295/391/1497 1556/392/1496 1946/399/1503 1531/398/1504
f 1531/398/1504 1946/399/1503 1557/389/1492 1294/400/1505
f 1949/401/1506 1559/404/1507 1615/403/1508 1994/402/1509
f 1294/400/1505 1557/389/1492 1947/386/1491 1530/405/1510
f 1530/405/1510 1947/386/1491 1558/396/1499 1293/406/1511
f 1950/407/1512 1560/410/1513 1616/409/1514 1995/408/1515
f 1558/396/1499 1947/386/1491 1992/387/1494 1614/395/1500
f 1293/406/1511 1558/396/1499 1948/393/1498 1529/411/1516
f 1529/411/1516 1948/393/1498 1559/404/1507 1292/412/1517
f 1951/413/1518 1561/416/1519 1617/415/1520 1996/414/1521
f 1559/404/1507 1948/393/1498 1993/394/1501 1615/403/1508
f 1292/412/1517 1559/404/1507 1949/401/1506 1528/417/1522
f 1528/417/1522 1949/401/1506 1560/410/1513 1291/418/1523
f 1952/419/1524 1562/422/1525 1618/421/1526 1997/420/1527
f 1560/410/1513 1949/401/1506 1994/402/1509 1616/409/1514
f 1291/418/1523 1560/410/1513 1950/407/1512 1527/423/1528
f 1527/423/1528 1950/407/1512 1561/416/1519 1290/424/1529
f 1564/425/1530 1953/427/1531 1620/426/1532
f 1561/416/1519 1950/407/1512 1995/408/1515 1617/415/1520
f 1290/424/1529 1561/416/1519 1951/413/1518 1526/428/1533
f 1526/428/1533 1951/413/1518 1562/422/1525 1289/429/1534
f 1954/430/1535 1564/425/1530 1620/426/1532 1998/431/1536
f 1562/422/1525 1951/413/1518 1996/414/1521 1618/421/1526
f 1289/429/1534 1562/422/1525 1952/419/1524 1525/432/1537
f 1525/432/1537 1952/419/1524 1563/434/1538 1288/433/1539
f 1955/435/1540 1565/438/1541 1621/437/1542 1999/436/1543
f 1563/434/1538 1952/419/1524 1997/420/1527 1619/439/1544
f 1288/433/1539 1563/434/1538 1953/427/1531 1524/440/1545
f 1524/440/1545 1953/427/1531 1564/425/1530 1287/441/1546
f 1956/442/1547 1566/445/1548 1622/444/1549 2000/443/1550
f 1620/426/1532 1953/427/1531 1619/439/1544
f 1287/441/1546 1564/425/1530 1954/430/1535 1523/446/1551
f 1523/446/1551 1954/430/1535 1565/438/1541 1286/447/1552
f 1957/448/1553 1567/451/1554 1623/450/1555 2001/449/1556
f 1565/438/1541 1954/430/1535 1998/431/1536 1621/437/1542
f 1286/447/1552 1565/438/1541 1955/435/1540 1522/452/1557
f 1522/452/1557 1955/435/1540 1566/445/1548 1285/453/1558
f 1958/454/1559 1568/456/1560 1624/455/1561 2002/26/1207
f 1566/445/1548 1955/435/1540 1999/436/1543 1622/444/1549
f 1285/453/1558 1566/445/1548 1956/442/1547 1521/457/1562
f 1521/457/1562 1956/442/1547 1567/451/1554 1284/458/1563
f 2031/86/1262 1651/87/1261 1664/460/1564 2040/459/1565
f 1567/451/1554 1956/442/1547 2000/443/1550 1623/450/1555
f 1284/458/1563 1567/451/1554 1957/448/1553 1520/461/1566
f 1520/461/1566 1957/448/1553 1568/456/1560 1283/462/1567
f 539/463/435 137/466/438 1678/465/1568 2050/464/1569
f 1568/456/1560 1957/448/1553 2001/449/1556 1624/455/1561
f 1283/462/1567 1568/456/1560 1958/454/1559 1519/467/1570
f 1519/467/1570 1958/454/1559 1569/159/1323 1282/157/1297
f 1645/468/1571 2022/471/1572 2038/470/1573 1662/469/1574
f 1569/159/1323 1958/454/1559 2002/26/1207 1625/23/1206
f 1281/96/1270 1517/338/1443 1959/472/1575 1570/246/1383
f 1570/246/1383 1959/472/1575 1504/473/1576 1266/199/1351
f 1959/472/1575 1571/475/1577 1265/474/1578 1504/473/1576
f 1517/338/1443 1280/339/1444 1571/475/1577 1959/472/1575
f 1280/339/1444 1516/340/1445 1960/476/1579 1571/475/1577
f 1571/475/1577 1960/476/1579 1503/477/1580 1265/474/1578
f 1960/476/1579 1572/479/1581 1264/478/1582 1503/477/1580
f 1516/340/1445 1279/341/1446 1572/479/1581 1960/476/1579
f 1279/341/1446 1515/342/1447 1961/480/1583 1572/479/1581
f 1572/479/1581 1961/480/1583 1502/481/1584 1264/478/1582
f 1961/480/1583 1573/483/1585 1263/482/1586 1502/481/1584
f 1515/342/1447 1278/343/1448 1573/483/1585 1961/480/1583
f 1278/343/1448 1277/301/1424 1962/484/1587 1573/483/1585
f 1573/483/1585 1962/484/1587 1501/485/1588 1263/482/1586
f 1962/484/1587 1574/487/1589 1262/486/1590 1501/485/1588
f 1277/301/1424 1574/487/1589 1962/484/1587
f 1574/487/1589 1261/488/1591 1262/486/1590
f 1574/487/1589 1575/490/1592 1260/489/1593 1261/488/1591
f 1575/490/1592 1500/491/1594 1260/489/1593
f 1575/490/1592 1576/493/1595 1259/492/1596 1500/491/1594
f 1514/302/1423 1276/344/1449 1576/493/1595 1575/490/1592
f 1276/344/1449 1513/345/1450 1963/494/1597 1576/493/1595
f 1576/493/1595 1963/494/1597 1499/495/1598 1259/492/1596
f 1963/494/1597 1577/497/1599 1258/496/1600 1499/495/1598
f 1513/345/1450 1275/346/1451 1577/497/1599 1963/494/1597
f 1275/346/1451 1512/347/1452 1964/498/1601 1577/497/1599
f 1577/497/1599 1964/498/1601 1498/499/1602 1258/496/1600
f 1964/498/1601 1578/501/1603 1257/500/1604 1498/499/1602
f 1512/347/1452 1274/348/1453 1578/501/1603 1964/498/1601
f 1274/348/1453 1511/349/1454 1965/502/1605 1578/501/1603
f 1578/501/1603 1965/502/1605 1497/503/1606 1257/500/1604
f 1965/502/1605 1579/505/1607 1256/504/1608 1497/503/1606
f 1511/349/1454 1273/350/1455 1579/505/1607 1965/502/1605
f 1273/350/1455 1510/351/1456 1966/506/1609 1579/505/1607
f 1579/505/1607 1966/506/1609 1496/507/1610 1256/504/1608
f 1966/506/1609 1580/509/1611 1255/508/1612 1496/507/1610
f 1510/351/1456 1272/352/1457 1580/509/1611 1966/506/1609
f 1272/352/1457 1509/323/1435 1581/353/1458 1580/509/1611
f 1580/509/1611 1581/353/1458 1254/510/1613 1255/508/1612
f 1581/353/1458 1582/354/1459 1253/511/1614 1254/510/1613
f 1271/324/1436 1508/355/1460 1967/512/1615 1582/354/1459
f 1582/354/1459 1967/512/1615 1495/513/1616 1253/511/1614
f 1967/512/1615 1583/515/1617 1252/514/1618 1495/513/1616
f 1508/355/1460 1270/356/1461 1583/515/1617 1967/512/1615
f 1270/356/1461 1507/357/1462 1968/516/1619 1583/515/1617
f 1583/515/1617 1968/516/1619 1494/517/1620 1252/514/1618
f 1968/516/1619 1584/519/1621 1251/518/1622 1494/517/1620
f 1507/357/1462 1269/358/1463 1584/519/1621 1968/516/1619
f 1584/519/1621 1585/521/1623 1250/520/1624 1251/518/1622
f 1269/358/1463 1268/359/1464 1585/521/1623 1584/519/1621
f 1268/359/1464 1506/360/1465 1969/522/1625 1585/521/1623
f 1585/521/1623 1969/522/1625 1493/523/1626 1250/520/1624
f 1969/522/1625 1586/525/1627 1249/524/1628 1493/523/1626
f 1506/360/1465 1267/361/1466 1586/525/1627 1969/522/1625
f 1267/361/1466 1505/136/1304 1587/137/1307 1586/525/1627
f 1586/525/1627 1587/137/1307 1492/526/1629 1249/524/1628
f 1587/137/1307 1248/32/1215 1492/526/1629
f 1489/268/1397 1970/269/1398 1589/528/1630 1246/527/1631
f 1970/269/1398 1536/530/1475 1299/529/1476 1589/528/1630
f 1588/221/1366 1300/222/1363 1536/530/1475 1970/269/1398
f 1246/527/1631 1589/528/1630 1971/531/1632
f 1488/532/1633 1971/531/1632 1245/533/1634
f 1971/531/1632 1535/536/1481 1298/535/1482 1590/534/1635
f 1589/528/1630 1299/529/1476 1535/536/1481 1971/531/1632
f 1245/533/1634 1590/534/1635 1972/538/1636 1487/537/1637
f 1487/537/1637 1972/538/1636 1591/540/1638 1244/539/1639
f 1972/538/1636 1534/542/1487 1297/541/1488 1591/540/1638
f 1590/534/1635 1298/535/1482 1534/542/1487 1972/538/1636
f 1244/539/1639 1591/540/1638 1973/544/1640 1486/543/1641
f 1486/543/1641 1973/544/1640 1592/546/1642 1243/545/1643
f 1973/544/1640 1533/548/1489 1296/547/1490 1592/546/1642
f 1591/540/1638 1297/541/1488 1533/548/1489 1973/544/1640
f 1243/545/1643 1592/546/1642 1974/550/1644 1485/549/1645
f 1485/549/1645 1974/550/1644 1593/552/1646 1242/551/1647
f 1974/550/1644 1532/554/1495 1295/553/1497 1593/552/1646
f 1592/546/1642 1296/547/1490 1532/554/1495 1974/550/1644
f 1242/551/1647 1593/552/1646 1975/556/1648 1484/555/1649
f 1484/555/1649 1975/556/1648 1594/558/1650 1241/557/1651
f 1975/556/1648 1531/560/1504 1294/559/1505 1594/558/1650
f 1593/552/1646 1295/553/1497 1531/560/1504 1975/556/1648
f 1241/557/1651 1594/558/1650 1976/562/1652 1483/561/1653
f 1483/561/1653 1976/562/1652 1595/564/1654 1240/563/1655
f 1976/562/1652 1530/566/1510 1293/565/1511 1595/564/1654
f 1594/558/1650 1294/559/1505 1530/566/1510 1976/562/1652
f 1977/265/1393 1529/568/1516 1292/567/1517 1596/264/1394
f 1595/564/1654 1293/565/1511 1529/568/1516 1977/265/1393
f 1239/263/1395 1596/264/1394 1978/570/1656 1481/569/1657
f 1481/569/1657 1978/570/1656 1597/572/1658 1238/571/1659
f 1978/570/1656 1528/574/1522 1291/573/1523 1597/572/1658
f 1596/264/1394 1292/567/1517 1528/574/1522 1978/570/1656
f 1238/571/1659 1597/572/1658 1979/576/1660 1480/575/1661
f 1480/575/1661 1979/576/1660 1598/578/1662 1237/577/1663
f 1979/576/1660 1527/580/1528 1290/579/1529 1598/578/1662
f 1597/572/1658 1291/573/1523 1527/580/1528 1979/576/1660
f 1980/261/1389 1526/582/1533 1289/581/1534 1599/260/1390
f 1598/578/1662 1290/579/1529 1526/582/1533 1980/261/1389
f 1981/286/1413 1525/584/1537 1288/583/1539 1600/285/1414
f 1599/260/1390 1289/581/1534 1525/584/1537 1981/286/1413
f 1982/585/1664 1524/588/1545 1287/587/1546 1601/586/1665
f 1600/285/1414 1288/583/1539 1524/588/1545 1982/585/1664
f 1234/589/1666 1601/586/1665 1983/591/1667 1477/590/1668
f 1477/590/1668 1983/591/1667 1602/593/1669 1233/592/1670
f 1983/591/1667 1523/595/1551 1286/594/1552 1602/593/1669
f 1601/586/1665 1287/587/1546 1523/595/1551 1983/591/1667
f 1233/592/1670 1602/593/1669 1984/597/1671 1476/596/1672
f 1476/596/1672 1984/597/1671 1603/598/1673 1232/280/1409
f 1984/597/1671 1522/600/1557 1285/599/1558 1603/598/1673
f 1602/593/1669 1286/594/1552 1522/600/1557 1984/597/1671
f 1397/601/1674 2109/604/1675 1840/603/1676 1396/602/1677
f 1603/598/1673 1521/607/1562 1284/606/1563 1604/605/1678
f 1231/608/1679 1604/605/1678 1985/610/1680 1475/609/1681
f 1475/609/1681 1985/610/1680 1605/612/1682 1230/611/1683
f 1604/605/1678 1284/606/1563 1520/616/1566 1283/615/1567 1519/614/1570 1986/613/1684 1605/612/1682 1985/610/1680
f 1230/611/1683 1605/612/1682 1986/613/1684 1474/617/1685
f 1474/617/1685 1986/613/1684 1606/125/1294 1229/122/1293
f 1986/613/1684 1519/614/1570 1282/127/1297 1606/125/1294
f 1987/256/1386 1607/227/1370 1626/198/1352 2003/618/1686
f 1988/363/1470 1608/364/1469 1627/620/1687 2004/619/1688
f 1608/364/1469 1987/256/1386 2003/618/1686 1627/620/1687
f 1989/367/1474 1609/368/1473 1628/622/1689 2005/621/1690
f 1609/368/1473 1988/363/1470 2004/619/1688 1628/622/1689
f 1990/373/1480 1610/374/1479 1629/624/1691 2006/623/1692
f 1610/374/1479 1989/367/1474 2005/621/1690 1629/624/1691
f 1991/379/1486 1611/380/1485 1630/626/1693 2007/625/1694
f 1611/380/1485 1990/373/1480 2006/623/1692 1630/626/1693
f 1612/397/1502 1991/379/1486 2007/625/1694 1631/627/1695
f 1992/387/1494 1613/388/1493 1632/629/1696 2008/628/1697
f 1612/397/1502 1631/627/1695 1632/629/1696 1613/388/1493
f 1993/394/1501 1614/395/1500 1633/631/1698 2009/630/1699
f 1614/395/1500 1992/387/1494 2008/628/1697 1633/631/1698
f 1994/402/1509 1615/403/1508 1634/633/1700 2010/632/1701
f 1615/403/1508 1993/394/1501 2009/630/1699 1634/633/1700
f 1995/408/1515 1616/409/1514 1635/635/1702 2011/634/1703
f 1616/409/1514 1994/402/1509 2010/632/1701 1635/635/1702
f 1996/414/1521 1617/415/1520 1636/637/1704 2012/636/1705
f 1617/415/1520 1995/408/1515 2011/634/1703 1636/637/1704
f 1997/420/1527 1618/421/1526 1637/639/1706 2013/638/1707
f 1618/421/1526 1996/414/1521 2012/636/1705 1637/639/1706
f 1619/439/1544 1997/420/1527 2013/638/1707 1638/640/1708
f 1998/431/1536 1620/426/1532 1639/642/1709 2014/641/1710
f 1619/439/1544 1638/640/1708 1639/642/1709 1620/426/1532
f 1999/436/1543 1621/437/1542 1640/644/1711 2015/643/1712
f 1621/437/1542 1998/431/1536 2014/641/1710 1640/644/1711
f 2000/443/1550 1622/444/1549 1641/646/1713 2016/645/1714
f 1622/444/1549 1999/436/1543 2015/643/1712 1641/646/1713
f 2001/449/1556 1623/450/1555 1642/648/1715 2017/647/1716
f 1623/450/1555 2000/443/1550 2016/645/1714 1642/648/1715
f 2002/26/1207 1624/455/1561 1643/649/1717 2018/25/1208
f 1624/455/1561 2001/449/1556 2017/647/1716 1643/649/1717
f 2003/618/1686 1504/473/1576 1265/474/1578 1627/620/1687
f 1626/198/1352 1266/199/1351 1504/473/1576 2003/618/1686
f 2004/619/1688 1503/477/1580 1264/478/1582 1628/622/1689
f 1627/620/1687 1265/474/1578 1503/477/1580 2004/619/1688
f 2005/621/1690 1502/481/1584 1263/482/1586 1629/624/1691
f 1628/622/1689 1264/478/1582 1502/481/1584 2005/621/1690
f 2006/623/1692 1501/485/1588 1262/486/1590 1630/626/1693
f 1629/624/1691 1263/482/1586 1501/485/1588 2006/623/1692
f 2007/625/1694 1261/488/1591 1631/627/1695
f 1630/626/1693 1262/486/1590 1261/488/1591 2007/625/1694
f 1631/627/1695 1261/488/1591 1260/489/1593 1632/629/1696
f 1612/397/1502 1946/399/1503 1556/392/1496
f 2008/628/1697 1500/491/1594 1259/492/1596 1633/631/1698
f 1632/629/1696 1260/489/1593 1500/491/1594 2008/628/1697
f 2009/630/1699 1499/495/1598 1258/496/1600 1634/633/1700
f 1633/631/1698 1259/492/1596 1499/495/1598 2009/630/1699
f 2010/632/1701 1498/499/1602 1257/500/1604 1635/635/1702
f 1634/633/1700 1258/496/1600 1498/499/1602 2010/632/1701
f 2011/634/1703 1497/503/1606 1256/504/1608 1636/637/1704
f 1635/635/1702 1257/500/1604 1497/503/1606 2011/634/1703
f 2012/636/1705 1496/507/1610 1255/508/1612 1637/639/1706
f 1636/637/1704 1256/504/1608 1496/507/1610 2012/636/1705
f 2013/638/1707 1254/510/1613 1638/640/1708
f 1637/639/1706 1255/508/1612 1254/510/1613 2013/638/1707
f 1638/640/1708 1254/510/1613 1253/511/1614 1639/642/1709
f 1619/439/1544 1953/427/1531 1563/434/1538
f 2014/641/1710 1495/513/1616 1252/514/1618 1640/644/1711
f 1639/642/1709 1253/511/1614 1495/513/1616 2014/641/1710
f 2015/643/1712 1494/517/1620 1251/518/1622 1641/646/1713
f 1640/644/1711 1252/514/1618 1494/517/1620 2015/643/1712
f 2016/645/1714 1251/518/1622 1250/520/1624 1642/648/1715
f 1641/646/1713 1251/518/1622 2016/645/1714
f 2017/647/1716 1493/523/1626 1249/524/1628 1643/649/1717
f 1642/648/1715 1250/520/1624 1493/523/1626 2017/647/1716
f 2018/25/1208 1492/526/1629 1248/32/1215 1644/24/1209
f 1643/649/1717 1249/524/1628 1492/526/1629 2018/25/1208
f 2034/650/1718 2045/653/1719 1675/652/1720 1653/651/1721
f 1650/654/1722 1663/657/1723 2047/656/1724 2036/655/1725
f 2141/658/1726 1871/661/1727 1888/660/1728 2159/659/1729
f 2189/662/1730 2019/665/1731 1733/664/1732 2182/663/1733
f 2019/665/1731 1646/667/1734 1301/666/1735 1733/664/1732
f 1653/651/1721 1675/652/1720 1432/669/1227 1415/668/1226
f 1656/670/1736 1674/671/1737 2045/653/1719 2034/650/1718
f 1712/672/1738 1328/675/1739 1329/674/1740 1713/673/1741
f 1664/460/1564 1651/87/1261 2033/677/1742 2043/676/1743
f 1319/678/1744 1694/681/1745 2020/680/1746 1686/679/1747
f 1686/679/1747 2020/680/1746 1695/683/1748 1316/682/1749
f 2020/680/1746 1659/685/1750 1304/684/1751 1695/683/1748
f 1694/681/1745 1302/686/1752 1659/685/1750 2020/680/1746
f 1690/687/1753 141/690/625 543/689/624 975/688/623
f 2049/691/1754 1684/694/1755 139/693/628 538/692/627
f 2033/677/1742 1645/468/1571 1662/469/1574 2043/676/1743
f 2036/655/1725 2047/656/1724 1674/671/1737 1656/670/1736
f 1305/695/1756 1660/698/1757 2021/697/1758 1698/696/1759
f 1698/696/1759 2021/697/1758 1692/700/1760 1322/699/1761
f 2021/697/1758 1457/702/1250 1211/701/1253 1692/700/1760
f 1660/698/1757 1192/703/1251 1457/702/1250 2021/697/1758
f 539/463/435 2050/464/1569 1682/705/1762 140/704/636
f 618/706/638 142/709/641 1689/708/1763 2054/707/1764
f 1717/710/1765 1710/713/1766 1701/712/1767 2160/711/1768
f 2023/714/1769 1652/717/1770 1303/716/1771 1699/715/1772
f 1699/715/1772 1320/719/1773 1685/718/1774 2023/714/1769
f 1682/705/1762 2049/691/1754 538/692/627 140/704/636
f 1317/720/1775 1697/721/1776 2023/714/1769 1685/718/1774
f 1697/721/1776 1301/666/1735 1652/717/1770 2023/714/1769
f 1650/654/1722 2031/86/1262 2040/459/1565 1663/657/1723
f 1306/722/1777 1700/725/1778 2024/724/1779 1658/723/1780
f 1658/723/1780 2024/724/1779 1696/726/1781 1304/684/1751
f 2024/724/1779 1691/728/1782 1321/727/1783 1696/726/1781
f 1700/725/1778 1323/729/1784 1691/728/1782 2024/724/1779
f 1302/686/1752 1694/681/1745 2025/731/1785 1648/730/1786
f 1648/730/1786 2025/731/1785 1699/715/1772 1303/716/1771
f 2025/731/1785 1683/732/1787 1320/719/1773 1699/715/1772
f 1694/681/1745 1319/678/1744 1683/732/1787 2025/731/1785
f 1316/682/1749 1695/683/1748 2026/734/1788 1680/733/1789
f 1680/733/1789 2026/734/1788 1693/736/1790 1318/735/1791
f 2026/734/1788 1696/726/1781 1321/727/1783 1693/736/1790
f 1695/683/1748 1304/684/1751 1696/726/1781 2026/734/1788
f 1653/651/1721 1415/668/1226 1416/738/1317 1654/737/1792
f 29/739/128 618/706/638 2054/707/1764 1449/740/1299
f 1305/695/1756 1698/696/1759 2027/742/1793 1655/741/1794
f 1655/741/1794 2027/742/1793 1700/725/1778 1306/722/1777
f 2027/742/1793 1688/743/1795 1323/729/1784 1700/725/1778
f 1698/696/1759 1322/699/1761 1688/743/1795 2027/742/1793
f 2181/744/1796 1718/746/1797 2028/238/1376 2186/745/1798
f 2186/745/1798 2028/238/1376 1767/239/1375 2183/747/1799
f 1718/746/1797 1307/748/1800 1661/237/1377 2028/238/1376
f 2053/749/1801 1687/752/1802 143/751/680 542/750/679
f 1690/687/1753 2053/749/1801 542/750/679 141/690/625
f 543/689/624 138/754/683 1681/753/1803 975/688/623
f 1687/752/1802 2052/756/1804 541/755/684 143/751/680
f 2055/757/1805 1702/760/1806 1711/759/1807 2057/758/1808
f 1751/761/1809 2029/762/1810 1697/721/1776 1317/720/1775
f 2029/762/1810 1733/664/1732 1301/666/1735 1697/721/1776
f 2029/762/1810 2182/663/1733 1733/664/1732
f 1302/686/1752 1648/730/1786 2030/85/1259 1647/763/1811
f 2032/764/1812 1646/667/1734 1645/468/1571 2033/677/1742
f 1647/763/1811 2030/85/1259 2031/86/1262 1650/654/1722
f 1648/730/1786 1303/716/1771 1649/88/1260 2030/85/1259
f 1670/765/1379 1312/766/1813 1664/460/1564 2043/676/1743
f 2042/236/1378 1667/768/1814 1312/767/1813 1670/235/1379
f 2032/764/1812 2033/677/1742 1651/87/1261 1649/88/1260
f 1652/717/1770 1301/666/1735 1646/667/1734 2032/764/1812
f 2034/650/1718 1653/651/1721 1654/737/1792 2035/769/1815
f 1654/737/1792 1655/741/1794 1306/722/1777
f 1654/737/1792 1416/738/1317 1305/695/1756 1655/741/1794
f 2036/655/1725 1656/670/1736 1657/771/1816 2037/770/1817
f 1656/670/1736 2034/650/1718 2035/769/1815 1657/771/1816
f 1657/771/1816 2035/769/1815 1658/723/1780 1304/684/1751
f 2035/769/1815 1654/737/1792 1306/722/1777 1658/723/1780
f 1647/763/1811 1650/654/1722 2036/655/1725 2037/770/1817
f 1647/763/1811 2037/770/1817 1659/685/1750 1302/686/1752
f 2037/770/1817 1657/771/1816 1304/684/1751 1659/685/1750
f 1327/772/1818 1330/773/1819 1706/224/1369 1707/270/1399
f 1416/738/1317 1660/698/1757 1305/695/1756
f 1416/738/1317 1192/703/1251 1660/698/1757
f 540/195/183 139/693/628 1684/694/1755 2051/194/1348
f 2183/774/1799 1767/776/1375 2038/470/1573 2187/775/1820
f 1767/776/1375 1308/777/1374 1662/469/1574 2038/470/1573
f 2039/778/1821 1678/465/1568 137/466/438 634/779/703
f 1607/227/1370 1920/204/1354 1921/197/1349 1626/198/1352
f 1751/761/1809 1317/720/1775 1678/465/1568 2039/778/1821
f 1663/657/1723 2040/459/1565 1665/781/1822 1310/780/1823
f 2040/459/1565 1664/460/1564 1312/766/1813 1665/781/1822
f 1310/782/1823 1665/785/1822 2041/784/1824 1666/783/1825
f 1666/783/1825 2041/784/1824 1668/787/1826 1309/786/1827
f 2041/784/1824 1667/768/1814 1311/788/1828 1668/787/1826
f 1665/785/1822 1312/767/1813 1667/768/1814 2041/784/1824
f 1320/719/1773 1682/705/1762 2050/464/1569 1685/718/1774
f 1669/789/1829 1311/788/1828 1667/768/1814 2042/236/1378
f 1307/748/1800 1669/789/1829 2042/236/1378 1661/237/1377
f 1308/777/1374 1670/765/1379 2043/676/1743 1662/469/1574
f 1313/790/1830 1472/793/1831 2044/792/1832 1671/791/1833
f 1671/791/1833 2044/792/1832 1673/795/1834 1314/794/1835
f 2044/792/1832 1672/797/1836 1315/796/1837 1673/795/1834
f 1472/793/1831 1198/798/1838 1672/797/1836 2044/792/1832
f 1314/799/1835 1673/800/1834 2045/653/1719 1674/671/1737
f 1673/800/1834 1315/801/1837 1675/652/1720 2045/653/1719
f 1672/797/1836 1198/798/1838 1199/802/1839 1315/796/1837
f 1315/801/1837 1199/803/1839 1432/669/1227 1675/652/1720
f 1309/786/1827 1676/805/1840 2046/804/1841 1666/783/1825
f 1666/783/1825 2046/804/1841 1677/806/1842 1310/782/1823
f 2046/804/1841 1671/791/1833 1314/794/1835 1677/806/1842
f 1310/780/1823 1677/807/1842 2047/656/1724 1663/657/1723
f 1677/807/1842 1314/799/1835 1674/671/1737 2047/656/1724
f 1316/682/1749 1680/733/1789 2048/808/1843 1679/193/1347
f 1679/193/1347 2048/808/1843 537/809/726 136/196/184
f 1680/733/1789 1318/735/1791 1681/753/1803 2048/808/1843
f 1320/719/1773 1683/732/1787 2049/691/1754 1682/705/1762
f 1683/732/1787 1319/678/1744 1684/694/1755 2049/691/1754
f 2050/464/1569 1678/465/1568 1317/720/1775 1685/718/1774
f 1679/193/1347 2051/194/1348 1686/679/1747 1316/682/1749
f 2051/194/1348 1684/694/1755 1319/678/1744 1686/679/1747
f 2052/756/1804 1689/708/1763 142/709/641 541/755/684
f 1323/729/1784 1688/743/1795 2052/756/1804 1687/752/1802
f 1688/743/1795 1322/699/1761 1689/708/1763 2052/756/1804
f 1321/727/1783 1691/728/1782 2053/749/1801 1690/687/1753
f 1691/728/1782 1323/729/1784 1687/752/1802 2053/749/1801
f 1449/740/1299 2054/707/1764 1692/700/1760 1211/701/1253
f 2054/707/1764 1689/708/1763 1322/699/1761 1692/700/1760
f 1690/687/1753 975/688/623 1693/736/1790 1321/727/1783
f 975/688/623 1681/753/1803 1318/735/1791 1693/736/1790
f 1705/810/1844 2056/813/1845 1872/812/1846 1362/811/1847
f 2022/471/1572 1645/468/1571 1646/667/1734 2019/665/1731
f 1704/814/1848 1702/760/1806 2055/757/1805 2056/813/1845
f 2187/775/1820 2038/470/1573 2022/471/1572 2190/815/1849
f 2058/816/1850 1714/819/1851 1380/818/1852 1785/817/1853
f 1703/820/1854 1701/712/1767 1702/822/1806 1704/821/1848
f 1325/823/1855 1704/814/1848 2056/813/1845 1705/810/1844
f 1708/824/1856 1709/827/1857 1838/826/1858 1398/825/1859
f 1707/828/1399 1222/218/1360 1465/219/1365 1709/827/1857
f 1710/713/1766 1330/773/1819 1327/830/1818 1711/829/1807
f 1327/831/1818 1707/828/1399 1709/827/1857 1708/824/1856
f 2057/758/1808 1708/834/1856 1398/833/1859 1803/832/1860
f 2055/757/1805 2057/758/1808 1803/832/1860 1855/835/1861
f 1711/759/1807 1327/836/1818 1708/834/1856 2057/758/1808
f 1702/822/1806 1701/712/1767 1710/713/1766 1711/829/1807
f 1231/608/1679 1232/280/1409 1603/598/1673 1604/605/1678
f 2164/837/1862 1715/838/1863 1329/674/1740 1328/675/1739
f 634/779/703 190/840/748 1802/839/1864 2039/778/1821
f 615/841/749 168/843/750 1713/842/1741 2058/816/1850
f 2059/844/1865 1705/810/1844 1362/811/1847 1820/845/1866
f 1713/842/1741 1329/846/1740 1714/819/1851 2058/816/1850
f 1324/847/1867 1325/848/1855 1715/838/1863 2164/837/1862
f 1713/673/1741 168/850/750 167/849/754 1712/672/1738
f 1329/846/1740 1715/851/1863 2059/844/1865 1714/819/1851
f 2058/816/1850 1785/817/1853 207/852/755 615/841/749
f 1714/819/1851 2059/844/1865 1820/845/1866 1380/818/1852
f 1715/851/1863 1325/823/1855 1705/810/1844 2059/844/1865
f 1785/817/1853 2060/854/1868 649/853/756 207/852/755
f 1326/855/1869 1716/223/1367 1706/224/1369 1330/773/1819
f 1717/710/1765 1326/855/1869 1330/773/1819 1710/713/1766
f 1778/856/1870 1391/274/1403 1845/275/1402 2115/859/1871 1846/858/1872 1390/857/1873
f 1786/860/1874 2061/863/1875 648/862/765 206/861/764
f 2116/864/1876 1337/866/1877 1848/865/1878
f 1777/867/1879 2168/870/1880 1847/869/1881 1389/868/1882
f 1334/230/1373 1722/871/1883 2120/19/1204 1851/20/1203
f 2118/872/1884 1335/874/1885 1850/873/1886
f 2203/279/1407 1247/877/1887 1333/876/1888 2204/875/1889
f 1787/878/1890 2062/881/1891 647/880/783 205/879/782
f 2060/854/1868 1786/860/1874 206/861/764 649/853/756
f 1788/882/1892 2063/885/1893 646/884/787 204/883/786
f 2061/863/1875 1787/878/1890 205/879/782 648/862/765
f 1789/886/1894 2064/889/1895 645/888/791 203/887/790
f 2062/881/1891 1788/882/1892 204/883/786 647/880/783
f 1790/890/1896 2065/893/1897 644/892/795 202/891/794
f 2063/885/1893 1789/886/1894 203/887/790 646/884/787
f 1791/894/1898 2066/897/1899 643/896/799 201/895/798
f 2064/889/1895 1790/890/1896 202/891/794 645/888/791
f 1792/898/1900 2067/901/1901 642/900/803 200/899/802
f 2065/893/1897 1791/894/1898 201/895/798 644/892/795
f 1793/902/1902 2068/905/1903 641/904/807 199/903/806
f 2066/897/1899 1792/898/1900 200/899/802 643/896/799
f 1794/906/1904 2069/909/1905 640/908/811 198/907/810
f 2067/901/1901 1793/902/1902 199/903/806 642/900/803
f 1795/910/1906 2070/913/1907 639/912/815 197/911/814
f 2068/905/1903 1794/906/1904 198/907/810 641/904/807
f 1796/914/1908 2071/917/1909 638/916/819 196/915/818
f 2069/909/1905 1795/910/1906 197/911/814 640/908/811
f 1797/918/1910 2072/921/1911 637/920/823 195/919/822
f 2070/913/1907 1796/914/1908 196/915/818 639/912/815
f 1798/922/1912 2073/925/1913 636/924/827 194/923/826
f 2071/917/1909 1797/918/1910 195/919/822 638/916/819
f 1799/926/1914 2074/929/1915 635/928/831 193/927/830
f 2072/921/1911 1798/922/1912 194/923/826 637/920/823
f 1800/930/1916 1801/933/1917 191/932/835 192/931/834
f 2073/925/1913 1799/926/1914 193/927/830 636/924/827
f 2092/934/1918 2174/937/1919 2172/936/1920 1768/935/1921
f 1087/938/841 1086/939/842 1328/675/1739 1712/672/1738
f 1380/818/1852 1766/940/1922 2060/854/1868 1785/817/1853
f 1766/940/1922 1379/941/1923 1786/860/1874 2060/854/1868
f 1379/941/1923 1765/942/1924 2061/863/1875 1786/860/1874
f 1765/942/1924 1378/943/1925 1787/878/1890 2061/863/1875
f 1378/943/1925 1764/944/1926 2062/881/1891 1787/878/1890
f 1764/944/1926 1377/945/1927 1788/882/1892 2062/881/1891
f 1377/945/1927 1763/946/1928 2063/885/1893 1788/882/1892
f 1763/946/1928 1376/947/1929 1789/886/1894 2063/885/1893
f 1376/947/1929 1762/948/1930 2064/889/1895 1789/886/1894
f 1762/948/1930 1375/949/1931 1790/890/1896 2064/889/1895
f 1375/949/1931 1761/950/1932 2065/893/1897 1790/890/1896
f 1761/950/1932 1374/951/1933 1791/894/1898 2065/893/1897
f 1374/951/1933 1760/952/1934 2066/897/1899 1791/894/1898
f 1760/952/1934 1373/953/1935 1792/898/1900 2066/897/1899
f 1373/953/1935 1759/954/1936 2067/901/1901 1792/898/1900
f 1759/954/1936 1372/955/1937 1793/902/1902 2067/901/1901
f 1372/955/1937 1758/956/1938 2068/905/1903 1793/902/1902
f 1758/956/1938 1371/957/1939 1794/906/1904 2068/905/1903
f 1371/957/1939 1757/958/1940 2069/909/1905 1794/906/1904
f 1757/958/1940 1370/959/1941 1795/910/1906 2069/909/1905
f 1370/959/1941 1756/960/1942 2070/913/1907 1795/910/1906
f 1756/960/1942 1369/961/1943 1796/914/1908 2070/913/1907
f 1369/961/1943 1755/962/1944 2071/917/1909 1796/914/1908
f 1755/962/1944 1368/963/1945 1797/918/1910 2071/917/1909
f 1368/963/1945 1754/964/1946 2072/921/1911 1797/918/1910
f 1754/964/1946 1367/965/1947 1798/922/1912 2072/921/1911
f 1367/965/1947 1753/966/1948 2073/925/1913 1798/922/1912
f 1753/966/1948 1366/967/1949 1799/926/1914 2073/925/1913
f 1366/967/1949 1752/968/1950 2074/929/1915 1799/926/1914
f 1365/969/1951 1364/970/1952 1801/933/1917 1800/930/1916
f 2173/971/1953 1802/839/1864 190/840/748 1096/972/875
f 2142/973/1954 2124/976/1955 2125/975/1956 2143/974/1957
f 1803/832/1860 2075/977/1958 2124/976/1955 1855/835/1861
f 1398/833/1859 1784/978/1959 2075/977/1958 1803/832/1860
f 2076/979/1960 1804/981/1961 1856/980/1962 2125/975/1956
f 1804/981/1961 2077/983/1963 2126/982/1964 1856/980/1962
f 2108/984/1965 1839/986/1966 1784/985/1959
f 2142/973/1954 2143/974/1957 1361/987/1967
f 2077/983/1963 1805/989/1968 1857/988/1969 2126/982/1964
f 1805/989/1968 2078/991/1970 2127/990/1971 1857/988/1969
f 1397/992/1674 1396/993/1677 1804/981/1961 2076/979/1960
f 1396/993/1677 1783/994/1972 2077/983/1963 1804/981/1961
f 2078/991/1970 1806/996/1973 1858/995/1974 2127/990/1971
f 1806/996/1973 2079/998/1975 2128/997/1976 1858/995/1974
f 1783/994/1972 1395/999/1977 1805/989/1968 2077/983/1963
f 1395/999/1977 1782/1000/1978 2078/991/1970 1805/989/1968
f 2079/998/1975 2225/1002/1979 2226/1001/1980 2128/997/1976
f 1807/1003/1981 2080/1006/1982 2129/1005/1983 1859/1004/1984
f 1782/1000/1978 1394/1007/1985 1806/996/1973 2078/991/1970
f 1394/1007/1985 1781/1008/1986 2079/998/1975 1806/996/1973
f 2080/1006/1982 1808/1010/1987 1860/1009/1988 2129/1005/1983
f 1808/1010/1987 2081/1012/1989 2130/1011/1990 1860/1009/1988
f 1781/1008/1986 2227/1013/1991 2225/1002/1979 2079/998/1975
f 1393/1014/1992 1780/1015/1993 2080/1006/1982 1807/1003/1981
f 2081/1012/1989 1809/1017/1994 1861/1016/1995 2130/1011/1990
f 1809/1017/1994 2082/1019/1996 2131/1018/1997 1861/1016/1995
f 1780/1015/1993 1392/1020/1998 1808/1010/1987 2080/1006/1982
f 1392/1020/1998 1779/1021/1404 2081/1012/1989 1808/1010/1987
f 2082/1019/1996 1810/1023/1999 1862/1022/2000 2131/1018/1997
f 1810/1023/1999 2083/1025/2001 2132/1024/2002 1862/1022/2000
f 1779/1021/1404 1391/1026/1403 1809/1017/1994 2081/1012/1989
f 1391/1026/1403 1778/1027/1870 2082/1019/1996 1809/1017/1994
f 2083/1025/2001 1811/1029/2003 1863/1028/2004 2132/1024/2002
f 1811/1029/2003 2084/1031/2005 2133/1030/2006 1863/1028/2004
f 1778/1027/1870 1390/1032/1873 1810/1023/1999 2082/1019/1996
f 1390/1032/1873 1777/1033/1879 2083/1025/2001 1810/1023/1999
f 2084/1031/2005 1812/1035/2007 1864/1034/2008 2133/1030/2006
f 1812/1035/2007 2085/1037/2009 2134/1036/2010 1864/1034/2008
f 1777/1033/1879 1389/1038/1882 1811/1029/2003 2083/1025/2001
f 1389/1038/1882 1776/1039/2011 2084/1031/2005 1811/1029/2003
f 2085/1037/2009 1813/1041/2012 1865/1040/2013 2134/1036/2010
f 1813/1041/2012 2086/1043/2014 2135/1042/2015 1865/1040/2013
f 1776/1039/2011 1388/1044/2016 1812/1035/2007 2084/1031/2005
f 1388/1044/2016 1775/1045/2017 2085/1037/2009 1812/1035/2007
f 2086/1043/2014 1814/1047/2018 1866/1046/2019 2135/1042/2015
f 1814/1047/2018 2220/1049/2020 2217/1048/2021 1866/1046/2019
f 1775/1045/2017 1387/1050/2022 1813/1041/2012 2085/1037/2009
f 1387/1050/2022 1774/1051/2023 2086/1043/2014 1813/1041/2012
f 2087/1052/2024 1815/1055/2025 1867/1054/2026 2136/1053/2027
f 1815/1055/2025 2088/1057/2028 2137/1056/2029 1867/1054/2026
f 1774/1051/2023 1386/1058/2030 1814/1047/2018 2086/1043/2014
f 1386/1058/2030 2219/1059/2031 2220/1049/2020 1814/1047/2018
f 2088/1057/2028 1816/1061/2032 1868/1060/2033 2137/1056/2029
f 1816/1061/2032 2089/1063/2034 2138/1062/2035 1868/1060/2033
f 1773/1064/2036 1385/1065/2037 1815/1055/2025 2087/1052/2024
f 1385/1065/2037 1772/1066/1201 2088/1057/2028 1815/1055/2025
f 2193/1067/2038 1817/1070/2039 1869/1069/2040 2195/1068/2041
f 1817/1070/2039 2090/1072/2042 2139/1071/2043 1869/1069/2040
f 1772/1066/1201 1384/1073/1200 1816/1061/2032 2088/1057/2028
f 1384/1073/1200 1771/1074/1205 2089/1063/2034 1816/1061/2032
f 2090/1072/2042 1818/1076/2044 1870/1075/2045 2139/1071/2043
f 1818/1076/2044 2091/1078/2046 2140/1077/2047 1870/1075/2045
f 2192/1079/2048 1383/1080/2049 1817/1070/2039 2193/1067/2038
f 1383/1080/2049 1770/1081/2050 2090/1072/2042 1817/1070/2039
f 2159/659/1729 2178/1083/2051 2177/1082/2052 2141/658/1726
f 1770/1081/2050 1382/1084/2053 1818/1076/2044 2090/1072/2042
f 1382/1084/2053 1769/1085/2054 2091/1078/2046 1818/1076/2044
f 2092/934/1918 1819/1086/2055 1871/661/1727 2141/658/1726
f 1837/1087/2056 2175/1090/2057 2170/1089/2058 1734/1088/2059
f 1768/935/1921 1381/1091/2060 1819/1086/2055 2092/934/1918
f 1380/818/1852 1820/845/1866 2093/1092/2061 1766/940/1922
f 1766/940/1922 2093/1092/2061 1821/1093/2062 1379/941/1923
f 2093/1092/2061 1750/1094/2063 1361/987/1967 1821/1093/2062
f 1820/845/1866 1362/811/1847 1750/1094/2063 2093/1092/2061
f 1379/941/1923 1821/1093/2062 2094/1095/2064 1765/942/1924
f 1765/942/1924 2094/1095/2064 1822/1096/2065 1378/943/1925
f 2094/1095/2064 1749/1098/2066 1360/1097/2067 1822/1096/2065
f 1821/1093/2062 1361/987/1967 1749/1098/2066 2094/1095/2064
f 1378/943/1925 1822/1096/2065 2095/1099/2068 1764/944/1926
f 1764/944/1926 2095/1099/2068 1823/1100/2069 1377/945/1927
f 2095/1099/2068 1748/1102/2070 1359/1101/2071 1823/1100/2069
f 1822/1096/2065 1360/1097/2067 1748/1102/2070 2095/1099/2068
f 1377/945/1927 1823/1100/2069 2096/1103/2072 1763/946/1928
f 1763/946/1928 2096/1103/2072 1824/1104/2073 1376/947/1929
f 2096/1103/2072 1747/1106/2074 1358/1105/2075 1824/1104/2073
f 1823/1100/2069 1359/1101/2071 1747/1106/2074 2096/1103/2072
f 1376/947/1929 1824/1104/2073 2097/1107/2076 1762/948/1930
f 1762/948/1930 2097/1107/2076 2229/1108/2077
f 2097/1107/2076 1746/1111/2078 2222/1110/2079 2224/1109/2080
f 1824/1104/2073 1358/1105/2075 1746/1111/2078 2097/1107/2076
f 1375/949/1931 1825/1113/2081 2098/1112/2082 1761/950/1932
f 1761/950/1932 2098/1112/2082 1826/1114/2083 1374/951/1933
f 2098/1112/2082 1745/1116/2084 1356/1115/2085 1826/1114/2083
f 1825/1113/2081 1357/1117/2086 1745/1116/2084 2098/1112/2082
f 1374/951/1933 1826/1114/2083 2099/1118/2087 1760/952/1934
f 1760/952/1934 2099/1118/2087 1827/1119/2088 1373/953/1935
f 2099/1118/2087 1744/1121/2089 1355/1120/2090 1827/1119/2088
f 1826/1114/2083 1356/1115/2085 1744/1121/2089 2099/1118/2087
f 1373/953/1935 1827/1119/2088 2100/1122/1735 1759/954/1936
f 1759/954/1936 2100/1122/1735 1828/1123/2091 1372/955/1937
f 2100/1122/1735 1743/1125/2092 1354/1124/2093 1828/1123/2091
f 1827/1119/2088 1355/1120/2090 1743/1125/2092 2100/1122/1735
f 1372/955/1937 1828/1123/2091 2101/1126/2094 1758/956/1938
f 1758/956/1938 2101/1126/2094 1829/1127/2095 1371/957/1939
f 2101/1126/2094 1742/1129/2096 1353/1128/2097 1829/1127/2095
f 1828/1123/2091 1354/1124/2093 1742/1129/2096 2101/1126/2094
f 1371/957/1939 1829/1127/2095 2102/1130/2098 1757/958/1940
f 1757/958/1940 2102/1130/2098 1830/1131/2099 1370/959/1941
f 2102/1130/2098 1741/1133/2100 1352/1132/2101 1830/1131/2099
f 1829/1127/2095 1353/1128/2097 1741/1133/2100 2102/1130/2098
f 1370/959/1941 1830/1131/2099 2103/1134/2102 1756/960/1942
f 1756/960/1942 2103/1134/2102 1831/1135/2103 1369/961/1943
f 2103/1134/2102 1740/1137/2104 1351/1136/2105 1831/1135/2103
f 1830/1131/2099 1352/1132/2101 1740/1137/2104 2103/1134/2102
f 1369/961/1943 1831/1135/2103 2104/1138/2106 1755/962/1944
f 1755/962/1944 2104/1138/2106 1832/1140/2107 2213/1139/2108
f 2104/1138/2106 1739/1142/2109 1350/1141/2110 1832/1140/2107
f 1831/1135/2103 1351/1136/2105 1739/1142/2109 2104/1138/2106
f 1368/963/1945 2213/1139/2108 2214/1143/2111 1754/964/1946
f 1754/964/1946 2105/1145/2112 1833/1144/2113 1367/965/1947
f 2105/1145/2112 1738/1147/2114 1349/1146/2115 1833/1144/2113
f 2216/1148/2116 2208/1150/2117 2214/1143/2111 2215/1149/2118
f 1367/965/1947 1833/1144/2113 2106/1151/2119 1753/966/1948
f 1753/966/1948 2106/1151/2119 1834/1152/2120 1366/967/1949
f 2106/1151/2119 1737/1154/2121 1348/1153/2122 1834/1152/2120
f 1833/1144/2113 1349/1146/2115 1737/1154/2121 2106/1151/2119
f 1366/967/1949 1834/1152/2120 2107/1155/2123 1752/968/1950
f 1365/969/1951 2194/1157/2124 1835/1156/2125
f 2194/1157/2124 2191/1159/2126 1347/1158/2127 1835/1156/2125
f 1834/1152/2120 1348/1153/2122 1736/1160/2128 2107/1155/2123
f 1365/969/1951 1835/1156/2125 1836/1161/2129 1364/970/1952
f 1835/1156/2125 1347/1158/2127 1346/1162/2130 1836/1161/2129
f 2123/1163/2131 2176/1166/2132 2169/1165/2133 1719/1164/2134
f 1363/1167/2135 2171/1168/2136 2175/1090/2057 1837/1087/2056
f 1836/1161/2129 1346/1162/2130 1735/1169/2137
f 1837/1087/2056 1734/1088/2059 1345/1170/2138
f 1838/826/1858 2108/984/1965 1784/985/1959 1398/825/1859
f 1732/1171/2139 1344/1172/2140 1839/986/1966 2108/984/1965
f 1344/1172/2140 1731/1173/2141 2109/604/1675 1839/986/1966
f 1840/603/1676 2110/1175/2142 1783/1174/1972 1396/602/1677
f 2110/1175/2142 1841/1177/2143 1395/1176/1977 1783/1174/1972
f 1730/1178/2144 1841/1177/2143 2110/1175/2142
f 1342/1179/2145 1729/1180/2146 1841/1177/2143
f 1841/1177/2143 2111/1182/2147 1782/1181/1978 1395/1176/1977
f 2111/1182/2147 1842/1184/2148 1394/1183/1985 1782/1181/1978
f 1729/1180/2146 1341/1185/2149 1842/1184/2148 2111/1182/2147
f 1341/1185/2149 1728/1187/2150 2112/1186/2151 1842/1184/2148
f 1842/1184/2148 2112/1186/2151 1781/1188/1986 1394/1183/1985
f 2112/1186/2151 2228/1190/2152 2227/1189/1991 1781/1188/1986
f 2256/1191/2153 2253/1193/2154 2255/1192/2155
f 1340/1194/2156 1727/1197/2157 2113/1196/2158 1843/1195/2159
f 1727/1197/2157 1339/1199/2160 1844/1198/2161 2113/1196/2158
f 1339/1199/2160 1726/271/1400 2114/272/1405 1844/1198/2161
f 1780/1200/1993 1393/1202/1992 1843/1195/2159 2113/1196/2158 1844/1198/2161 2114/272/1405 1779/273/1404 1392/1201/1998
f 1338/276/1401 1725/1203/2162 2115/859/1871 1845/275/1402
f 2116/864/1876 1848/865/1878 1387/1205/2022 1775/1204/2017
f 1383/1206/2049 1852/1208/2163 2121/13/1196 1770/1207/2050
f 1848/865/1878 2117/1210/2164 1774/1209/2023 1387/1205/2022
f 2117/1210/2164 1849/1212/2165 1386/1211/2030 1774/1209/2023
f 1724/1213/2166 1336/1214/2167 1849/1212/2165 2117/1210/2164
f 1849/1212/2165 2221/1216/2168 2219/1215/2031 1386/1211/2030
f 2118/872/1884 1850/873/1886 1385/1218/2037 1773/1217/2036
f 1603/598/1673 1285/599/1558 1521/607/1562
f 1850/873/1886 2119/21/1202 1772/22/1201 1385/1218/2037
f 1722/871/1883 2204/875/1889 2206/1219/2169 2120/19/1204
f 2121/13/1196 1853/14/1199 1382/1220/2053 1770/1207/2050
f 1332/15/1198 1720/1222/2170 2122/1221/2171 1853/14/1199
f 1853/14/1199 2122/1221/2171 1769/1223/2054 1382/1220/2053
f 2141/658/1726 2177/1082/2052 2174/937/1919 2092/934/1918
f 1768/1224/1921 2172/1225/1920 2176/1166/2132 2123/1163/2131
f 2123/1163/2131 1854/1227/2172 1381/1226/2060 1768/1224/1921
f 1719/1164/2134 1331/1228/2173 1854/1227/2172 2123/1163/2131
f 1855/835/1861 2124/976/1955 2142/973/1954 1872/812/1846
f 2125/975/1956 1856/980/1962 1873/1229/2174 2143/974/1957
f 1856/980/1962 2126/982/1964 2144/1230/2175 1873/1229/2174
f 2126/982/1964 1857/988/1969 1874/1231/2176 2144/1230/2175
f 1857/988/1969 2127/990/1971 2145/1232/2177 1874/1231/2176
f 2127/990/1971 1858/995/1974 1875/1233/2178 2145/1232/2177
f 1858/995/1974 2128/997/1976 2146/1234/2179 1875/1233/2178
f 2128/997/1976 2226/1001/1980 2223/1235/2180 2146/1234/2179
f 1859/1004/1984 2129/1005/1983 2147/1237/2181 1876/1236/2182
f 2129/1005/1983 1860/1009/1988 1877/1238/2183 2147/1237/2181
f 1860/1009/1988 2130/1011/1990 2148/1239/2184 1877/1238/2183
f 2130/1011/1990 1861/1016/1995 1878/1240/2185 2148/1239/2184
f 1861/1016/1995 2131/1018/1997 2149/1241/2186 1878/1240/2185
f 2131/1018/1997 1862/1022/2000 1879/1242/2187 2149/1241/2186
f 1862/1022/2000 2132/1024/2002 2150/1243/2188 1879/1242/2187
f 2132/1024/2002 1863/1028/2004 1880/1244/2189 2150/1243/2188
f 1863/1028/2004 2133/1030/2006 2151/1245/2190 1880/1244/2189
f 2133/1030/2006 1864/1034/2008 1881/1246/2191 2151/1245/2190
f 1864/1034/2008 2134/1036/2010 2152/1247/2192 1881/1246/2191
f 2134/1036/2010 1865/1040/2013 1882/1248/2193 2152/1247/2192
f 1865/1040/2013 2135/1042/2015 2153/1249/2194 1882/1248/2193
f 2135/1042/2015 1866/1046/2019 1883/1250/2195 2153/1249/2194
f 1866/1046/2019 2217/1048/2021 2218/1251/2196 1883/1250/2195
f 2136/1053/2027 1867/1054/2026 1884/1253/2197 2154/1252/2198
f 1867/1054/2026 2137/1056/2029 2155/1254/2199 1884/1253/2197
f 2137/1056/2029 1868/1060/2033 1885/1255/2200 2155/1254/2199
f 1868/1060/2033 2138/1062/2035 2156/1256/2201 1885/1255/2200
f 2195/1068/2041 1869/1069/2040 1886/1258/2202 2196/1257/2203
f 1869/1069/2040 2139/1071/2043 2157/1259/2204 1886/1258/2202
f 2139/1071/2043 1870/1075/2045 1887/1260/2205 2157/1259/2204
f 1870/1075/2045 2140/1077/2047 2158/1261/2206 1887/1260/2205
f 1734/1088/2059 2170/1089/2058 2178/1083/2051 2159/659/1729
f 1872/812/1846 2142/973/1954 1750/1094/2063 1362/811/1847
f 2143/974/1957 1873/1229/2174 1360/1097/2067 1749/1098/2066
f 1873/1229/2174 2144/1230/2175 1748/1102/2070 1360/1097/2067
f 2144/1230/2175 1874/1231/2176 1359/1101/2071 1748/1102/2070
f 1874/1231/2176 2145/1232/2177 1747/1106/2074 1359/1101/2071
f 2145/1232/2177 1875/1233/2178 1358/1105/2075 1747/1106/2074
f 1875/1233/2178 2146/1234/2179 1746/1111/2078 1358/1105/2075
f 2146/1234/2179 2223/1235/2180 2222/1110/2079 1746/1111/2078
f 1876/1236/2182 2147/1237/2181 1745/1116/2084 1357/1117/2086
f 2147/1237/2181 1877/1238/2183 1356/1115/2085 1745/1116/2084
f 1877/1238/2183 2148/1239/2184 1744/1121/2089 1356/1115/2085
f 2148/1239/2184 1878/1240/2185 1355/1120/2090 1744/1121/2089
f 1878/1240/2185 2149/1241/2186 1743/1125/2092 1355/1120/2090
f 2149/1241/2186 1879/1242/2187 1354/1124/2093 1743/1125/2092
f 1879/1242/2187 2150/1243/2188 1742/1129/2096 1354/1124/2093
f 2150/1243/2188 1880/1244/2189 1353/1128/2097 1742/1129/2096
f 1880/1244/2189 2151/1245/2190 1741/1133/2100 1353/1128/2097
f 2151/1245/2190 1881/1246/2191 1352/1132/2101 1741/1133/2100
f 1881/1246/2191 2152/1247/2192 1740/1137/2104 1352/1132/2101
f 2152/1247/2192 1882/1248/2193 1351/1136/2105 1740/1137/2104
f 1882/1248/2193 2153/1249/2194 1739/1142/2109 1351/1136/2105
f 2153/1249/2194 1883/1250/2195 1350/1141/2110 1739/1142/2109
f 1883/1250/2195 2218/1251/2196 2216/1148/2116 1350/1141/2110
f 2154/1252/2198 1884/1253/2197 1349/1146/2115 1738/1147/2114
f 1884/1253/2197 2155/1254/2199 1737/1154/2121 1349/1146/2115
f 2155/1254/2199 1885/1255/2200 1348/1153/2122 1737/1154/2121
f 1885/1255/2200 2156/1256/2201 1736/1160/2128 1348/1153/2122
f 2196/1257/2203 1886/1258/2202 1347/1158/2127 2191/1159/2126
f 1886/1258/2202 2157/1259/2204 1346/1162/2130 1347/1158/2127
f 2157/1259/2204 1887/1260/2205 1346/1162/2130
f 1887/1260/2205 2158/1261/2206 1735/1169/2137 1346/1162/2130
f 2159/659/1729 1888/660/1728 1345/1170/2138 1734/1088/2059
f 1717/710/1765 806/1263/1130 262/1262/1129 1326/855/1869
f 807/233/210 1716/223/1367 1326/855/1869 262/1262/1129
f 1224/254/1384 264/1265/1132 263/1264/1131 1471/257/1387
f 1224/254/1384 1221/225/1368 50/232/210 264/1265/1132
f 1461/151/1318 1223/229/1371 1889/1266/2207
f 38/241/218 2161/2/1189 342/250/224
f 1087/938/841 1712/672/1738 167/849/754
f 1086/939/842 1089/1267/210 2164/837/1862 1328/675/1739
f 1701/712/1767 1703/820/1854 2160/711/1768
f 1081/251/225 2162/3/1188 2163/243/1381 808/1268/1134
f 1219/154/1319 265/1269/225 808/1268/1134 2163/243/1381
f 1089/1267/210 1091/1271/1136 2165/1270/2208 1324/847/1867 2164/837/1862
f 1324/847/1867 2165/1270/2208 2160/711/1768 1703/820/1854
f 1900/134/1303 1906/135/1302 1420/68/1244 1405/146/1313
f 1223/229/1371 1466/216/1364 1471/257/1387 1889/1266/2207
f 1889/1266/2207 1219/154/1319 1461/151/1318
f 1471/257/1387 1219/154/1319 1889/1266/2207
f 1471/257/1387 263/1264/1131 265/1269/225 1219/154/1319
f 2160/711/1768 2165/1270/2208 1717/710/1765
f 806/1263/1130 1717/710/1765 2165/1270/2208 1091/1271/1136
f 1269/358/1463 1507/357/1462 1937/327/1438 1938/330/1439
f 1575/490/1592 1574/487/1589 1277/301/1424 1514/302/1423
f 1557/389/1492 1946/399/1503 1613/388/1493
f 1613/388/1493 1946/399/1503 1612/397/1502
f 2108/984/1965 1838/826/1858 1732/1171/2139
f 1343/1272/2209 1730/1178/2144 2110/1175/2142 1840/603/1676
f 1731/1173/2141 1343/1272/2209 1840/603/1676 2109/604/1675
f 1337/866/1877 1724/1213/2166 2117/1210/2164 1848/865/1878
f 2115/859/1871 1725/1203/2162 1846/858/1872
f 2166/1273/2210 1776/1274/2011 1389/868/1882 1847/869/1881
f 1234/589/1666 1982/585/1664 1601/586/1665
f 1850/873/1886 1335/874/1885 1723/231/1372 2119/21/1202
f 1852/1208/2163 1333/876/1888 1721/16/1197 2121/13/1196
f 1676/805/1840 1313/790/1830 1671/791/1833 2046/804/1841
f 1907/168/1329 1422/169/1328 1201/188/1343 1424/173/1331
f 1236/259/1391 1599/260/1390 1981/286/1413 1478/283/1412
f 1237/577/1663 1598/578/1662 1980/261/1389 1479/258/1388
f 2167/1275/2211 1388/1276/2016 1776/1274/2011 2166/1273/2210
f 2116/864/1876 1775/1204/2017 1388/1276/2016 2167/1275/2211
f 1390/857/1873 1846/858/1872 2168/870/1880 1777/867/1879
f 1240/563/1655 1595/564/1654 1977/265/1393 1482/262/1392
f 1361/987/1967 2143/974/1957 1749/1098/2066
f 2075/977/1958 1784/978/1959 1397/992/1674 2076/979/1960
f 1397/601/1674 1839/986/1966 2109/604/1675
f 1784/985/1959 1839/986/1966 1397/601/1674
f 1750/1094/2063 2142/973/1954 1361/987/1967
f 2124/976/1955 2075/977/1958 2076/979/1960 2125/975/1956
f 1649/88/1260 1303/716/1771 1652/717/1770 2032/764/1812
f 1600/285/1414 1982/585/1664 1235/284/1415
f 1235/284/1415 1982/585/1664 1234/589/1666
f 1849/1212/2165 1336/1214/2167 2236/1277/2212 2221/1216/2168
f 1336/1214/2167 2237/1278/2213 2236/1277/2212
f 1403/143/1311 1899/141/1310 1900/134/1303 1405/146/1313
f 537/809/726 2048/808/1843 1681/753/1803 138/754/683
f 1912/60/1239 266/61/61 3/156/154 1438/155/1322
f 2180/1279/2214 2178/1083/2051 2170/1089/2058
f 2179/1280/2215 2177/1082/2052 2178/1083/2051 2188/1281/2216
f 1720/1222/2170 2169/1165/2133 2176/1166/2132 2122/1221/2171
f 2122/1221/2171 2176/1166/2132 2172/1225/1920 1769/1223/2054
f 1769/1085/2054 2172/936/1920 2174/937/1919 2091/1078/2046
f 2179/1280/2215 2174/937/1919 2177/1082/2052
f 1801/933/1917 2173/971/1953 1096/972/875 191/932/835
f 1364/970/1952 2171/1168/2136 2173/971/1953 1801/933/1917
f 2091/1078/2046 2179/1280/2215 2140/1077/2047
f 2091/1078/2046 2174/937/1919 2179/1280/2215
f 1364/970/1952 1836/1161/2129 2175/1090/2057 2171/1168/2136
f 1836/1161/2129 1735/1169/2137 2170/1089/2058 2175/1090/2057
f 2140/1077/2047 2179/1280/2215 2188/1281/2216 2158/1261/2206
f 1735/1169/2137 2180/1279/2214 2170/1089/2058
f 1819/1086/2055 2187/775/1820 2185/1282/2217 1871/661/1727
f 1363/1167/2135 1751/761/1809 2039/778/1821 1802/839/1864
f 1381/1091/2060 2183/774/1799 2187/775/1820 1819/1086/2055
f 1837/1087/2056 1345/1170/2138 2182/663/1733 2029/762/1810
f 1363/1167/2135 1837/1087/2056 2029/762/1810 1751/761/1809
f 1854/1227/2172 2186/745/1798 2183/747/1799 1381/1226/2060
f 1331/1228/2173 2181/744/1796 2186/745/1798 1854/1227/2172
f 1871/661/1727 2185/1282/2217 2184/1283/2218 1888/660/1728
f 1888/660/1728 2184/1283/2218 2182/663/1733 1345/1170/2138
f 2187/775/1820 2190/815/1849 2185/1282/2217
f 2188/1281/2216 2180/1279/2214 2158/1261/2206
f 2178/1083/2051 2180/1279/2214 2188/1281/2216
f 2022/471/1572 2019/665/1731 2230/1284/2219 2190/815/1849
f 2184/1283/2218 2189/662/1730 2182/663/1733
f 1205/178/1338 1198/798/1838 1472/793/1831 1426/175/1336
f 1449/128/1299 1211/76/1253 1450/77/1252 1918/80/1256
f 1206/187/1342 1431/49/1228 1432/50/1227 1199/1285/1839
f 1205/178/1338 1206/186/1342 1199/802/1839 1198/798/1838
f 1409/115/1288 1417/71/1249 1192/74/1251 1416/150/1317
f 2202/1286/2220 2196/1257/2203 2191/1159/2126 2197/1287/2221
f 2201/1288/2222 2195/1068/2041 2196/1257/2203 2202/1286/2220
f 2200/1289/2223 2197/1287/2221 2191/1159/2126 2194/1157/2124
f 1752/968/1950 2200/1289/2223 2194/1157/2124 1365/969/1951
f 2198/1290/2224 2192/1079/2048 2193/1067/2038 2199/1291/2225
f 2199/1291/2225 2193/1067/2038 2195/1068/2041 2201/1288/2222
f 1752/968/1950 1365/969/1951 1800/930/1916 2074/929/1915
f 2074/929/1915 1800/930/1916 192/931/834 635/928/831
f 2089/1063/2034 2199/1291/2225 2201/1288/2222 2138/1062/2035
f 1771/1074/1205 2198/1290/2224 2199/1291/2225 2089/1063/2034
f 1752/968/1950 2107/1155/2123 2200/1289/2223
f 2107/1155/2123 1736/1160/2128 2197/1287/2221 2200/1289/2223
f 2138/1062/2035 2201/1288/2222 2202/1286/2220 2156/1256/2201
f 2156/1256/2201 2202/1286/2220 2197/1287/2221 1736/1160/2128
f 2198/1292/2224 1771/18/1205 2120/19/1204
f 2203/279/1407 1537/282/1410 1247/877/1887
f 2204/875/1889 1333/876/1888 1852/1208/2163 2206/1219/2169
f 1832/1140/2107 1350/1141/2110 2216/1148/2116 2215/1149/2118
f 2210/1293/2226 2118/872/1884 1773/1217/2036 2209/1294/2227
f 2207/1295/2228 2154/1252/2198 1738/1147/2114 2208/1150/2117
f 2211/1296/2229 2087/1052/2024 2136/1053/2027 2212/1297/2230
f 2212/1297/2230 2136/1053/2027 2154/1252/2198 2207/1295/2228
f 2208/1150/2117 1738/1147/2114 2105/1145/2112 2214/1143/2111
f 2213/1139/2108 2215/1149/2118 2214/1143/2111
f 2215/1149/2118 2213/1139/2108 1832/1140/2107
f 2218/1251/2196 2207/1295/2228 2208/1150/2117 2216/1148/2116
f 2217/1048/2021 2212/1297/2230 2207/1295/2228 2218/1251/2196
f 2221/1216/2168 2210/1293/2226 2209/1294/2227 2219/1215/2031
f 2220/1049/2020 2211/1296/2229 2212/1297/2230 2217/1048/2021
f 2219/1059/2031 2209/1298/2227 1773/1064/2036 2087/1052/2024 2211/1296/2229 2220/1049/2020
f 2222/1110/2079 1357/1117/2086 1825/1113/2081 2229/1108/2077 2224/1109/2080
f 2223/1235/2180 1876/1236/2182 1357/1117/2086 2222/1110/2079
f 2226/1001/1980 1859/1004/1984 1876/1236/2182 2223/1235/2180
f 2227/1013/1991 1393/1014/1992 1807/1003/1981 2225/1002/1979
f 2225/1002/1979 1807/1003/1981 1859/1004/1984 2226/1001/1980
f 2228/1190/2152 1843/1195/2159 1393/1202/1992 2227/1189/1991
f 2229/1108/2077 2097/1107/2076 2224/1109/2080
f 2229/1108/2077 1825/1113/2081 1375/949/1931 1762/948/1930
f 2252/1299/2231 2228/1190/2152 2112/1186/2151 1728/1187/2150
f 2214/1143/2111 2105/1145/2112 1754/964/1946
f 2213/1139/2108 1368/963/1945 1755/962/1944
f 2192/1300/2048 2206/1219/2169 1852/1208/2163 1383/1206/2049
f 2192/1300/2048 2198/1292/2224 2120/19/1204 2206/1219/2169
f 1476/596/1672 1232/280/1409 2205/281/1411 1925/277/1406
f 2230/1284/2219 2189/662/1730 2184/1283/2218
f 2019/665/1731 2189/662/1730 2230/1284/2219
f 2185/1282/2217 2190/815/1849 2230/1284/2219 2184/1283/2218
f 1247/877/1887 1537/282/1410 1232/280/1409 1231/608/1679
f 2232/1301/2232 1335/874/1885 2118/872/1884 2231/1302/2233
f 2231/1302/2233 2118/872/1884 2210/1293/2226
f 2232/1301/2232 2237/1278/2213 2235/1304/2234 2234/1303/2235
f 2236/1277/2212 2231/1302/2233 2210/1293/2226 2221/1216/2168
f 2237/1278/2213 1336/1214/2167 2233/1305/2236 2235/1304/2234
f 2237/1278/2213 2232/1301/2232 2231/1302/2233 2236/1277/2212
f 2234/1303/2235 2235/1304/2234 2238/1306/2237
f 2235/1304/2234 2233/1305/2236 2238/1306/2237
f 2240/1307/2238 2245/1309/2239 2249/1308/2240
f 1342/1179/2145 1730/1178/2144 2246/1311/2241 2248/1310/2242
f 1729/1180/2146 1342/1179/2145 2248/1310/2242 2242/1312/2243
f 2239/1313/2244 2249/1308/2240 2241/1314/2245
f 1971/531/1632 1590/534/1635 1245/533/1634
f 1729/1180/2146 2111/1182/2147 1841/1177/2143
f 1841/1177/2143 1730/1178/2144 1342/1179/2145
f 1971/531/1632 1488/532/1633 1246/527/1631
f 2242/1312/2243 2241/1314/2245 2244/1315/2246
f 2245/1309/2239 2240/1307/2238 2247/1316/2247
f 2246/1311/2241 2240/1307/2238 2248/1310/2242
f 2248/1310/2242 2241/1314/2245 2242/1312/2243
f 2245/1309/2239 1246/527/1631 1488/532/1633 2249/1308/2240
f 2249/1308/2240 1488/532/1633 1245/533/1634 2243/1317/2248
f 2240/1307/2238 2246/1311/2241 2247/1316/2247
f 2241/1314/2245 2243/1317/2248 2244/1315/2246
f 2240/1307/2238 2239/1313/2244 2248/1310/2242
f 2241/1314/2245 2248/1310/2242 2239/1313/2244
f 2249/1308/2240 2243/1317/2248 2241/1314/2245
f 2249/1308/2240 2239/1313/2244 2240/1307/2238
f 1461/151/1318 1462/152/1321 1460/228/1353 1223/229/1371
f 1325/848/1855 1324/847/1867 1703/820/1854 1704/821/1848
f 1341/1185/2149 1729/1180/2146 2242/1312/2243 2244/1315/2246
f 2056/813/1845 2055/757/1805 1855/835/1861 1872/812/1846
f 1802/839/1864 2173/971/1953 2171/1168/2136 1363/1167/2135
f 1458/92/1264 1194/110/1282 1191/30/1213 1455/138/1306
f 1194/110/1282 1403/143/1311 1400/29/1214 1191/30/1213
f 1423/171/1330 1203/172/1332 2250/1318/2249 2251/144/1312
f 1399/83/1258 1400/29/1214 1403/143/1311 1405/146/1313
f 1455/138/1306 1212/139/1305 1442/94/1265 1458/92/1264
f 2250/1318/2249 1473/123/1296 1898/124/1295 2251/144/1312
f 1200/145/1242 1204/170/1245 1423/171/1330 2251/144/1312
f 2158/1261/2206 2180/1279/2214 1735/1169/2137
f 2255/1192/2155 1728/1187/2150 1486/543/1641 1243/545/1643
f 1245/533/1634 1487/537/1637 2244/1315/2246 2243/1317/2248
f 2247/1316/2247 2246/1311/2241 1730/1178/2144 1343/1272/2209
f 1588/221/1366 1838/826/1858 1709/827/1857 1465/219/1365
f 1489/268/1397 1732/1171/2139 1838/826/1858 1588/221/1366
f 1246/527/1631 2245/1309/2239 2247/1316/2247 1489/268/1397
f 1489/268/1397 1344/1172/2140 1732/1171/2139
f 2247/1316/2247 1731/1173/2141 1344/1172/2140 1489/268/1397
f 1343/1272/2209 1731/1173/2141 2247/1316/2247
f 1487/537/1637 1244/539/1639 1341/1185/2149 2244/1315/2246
f 2228/1190/2152 2252/1299/2231 1340/1194/2156 1843/1195/2159
f 1727/1197/2157 1340/1194/2156 2258/1319/2250
f 2253/1193/2154 2252/1299/2231 1728/1187/2150 2255/1192/2155
f 1340/1194/2156 2252/1299/2231 2253/1193/2154 2258/1319/2250
f 1339/1199/2160 1727/1197/2157 2258/1319/2250 2257/1320/2251
f 2256/1191/2153 2259/1321/2252 1484/555/1649 1241/557/1651
f 2254/1322/2253 2253/1193/2154 2256/1191/2153
f 2253/1193/2154 2257/1320/2251 2258/1319/2250
f 2254/1322/2253 2257/1320/2251 2253/1193/2154
f 1728/1187/2150 1341/1185/2149 1244/539/1639 1486/543/1641
f 1235/284/1415 2233/1305/2236 1336/1214/2167 1724/1213/2166
f 2256/1191/2153 1241/557/1651 1483/561/1653 2254/1322/2253
f 2257/1320/2251 1240/563/1655 1726/271/1400 1339/1199/2160
f 1240/563/1655 1482/262/1392 1338/276/1401 1726/271/1400
f 1482/262/1392 1239/263/1395 1725/1203/2162 1338/276/1401
f 1239/263/1395 1481/569/1657 1846/858/1872 1725/1203/2162
f 1481/569/1657 1238/571/1659 2168/870/1880 1846/858/1872
f 1238/571/1659 1480/575/1661 1847/869/1881 2168/870/1880
f 1480/575/1661 1237/577/1663 2166/1273/2210 1847/869/1881
f 1237/577/1663 1479/258/1388 2167/1275/2211 2166/1273/2210
f 1479/258/1388 1236/259/1391 2116/864/1876 2167/1275/2211
f 1236/259/1391 1478/283/1412 1337/866/1877 2116/864/1876
f 1478/283/1412 1235/284/1415 1724/1213/2166 1337/866/1877
f 1234/589/1666 2238/1306/2237 2233/1305/2236 1235/284/1415
f 1335/874/1885 2232/1301/2232 2234/1303/2235
f 1234/589/1666 1335/874/1885 2234/1303/2235 2238/1306/2237
f 1477/590/1668 1723/231/1372 1335/874/1885 1234/589/1666
f 1233/592/1670 1334/230/1373 1723/231/1372 1477/590/1668
f 1233/592/1670 1490/278/1408 1722/871/1883 1334/230/1373
f 1722/871/1883 1490/278/1408 2203/279/1407 2204/875/1889
f 2205/281/1411 2203/279/1407 1925/277/1406
f 2205/281/1411 1537/282/1410 2203/279/1407
f 1476/596/1672 1925/277/1406 1490/278/1408 1233/592/1670
f 1721/16/1197 1333/876/1888 1247/877/1887 1231/608/1679
f 1332/15/1198 1721/16/1197 1231/608/1679 1475/609/1681
f 1720/1222/2170 1332/15/1198 1475/609/1681 1230/611/1683
f 2169/1165/2133 1720/1222/2170 1230/611/1683 1474/617/1685
f 1719/1164/2134 2169/1165/2133 1474/617/1685 1229/122/1293
f 1331/1228/2173 1719/1164/2134 1229/122/1293 1473/123/1296
f 1313/790/1830 1207/174/1333 1426/175/1336 1472/793/1831
f 1676/805/1840 1433/189/1345 1207/174/1333 1313/790/1830
f 1309/786/1827 1201/188/1343 1433/189/1345 1676/805/1840
f 1668/787/1826 1424/173/1331 1201/188/1343 1309/786/1827
f 1311/788/1828 1203/172/1332 1424/173/1331 1668/787/1826
f 1669/789/1829 2262/1323/2254 1203/172/1332 1311/788/1828
f 2254/1322/2253 1483/561/1653 1240/563/1655 2257/1320/2251
f 2259/1321/2252 2260/1324/2255 1242/551/1647 1484/555/1649
f 2255/1192/2155 1243/545/1643 1485/549/1645 2260/1324/2255
f 2260/1324/2255 2259/1321/2252 2256/1191/2153 2255/1192/2155
f 2260/1324/2255 1485/549/1645 1242/551/1647
f 1669/789/1829 1307/748/1800 2263/1325/2256 2262/1323/2254
f 2181/744/1796 1331/1228/2173 1473/123/1296 2261/1326/2257
f 2262/1323/2254 2263/1325/2256 2250/1318/2249 1203/172/1332
f 2263/1325/2256 2261/1326/2257 1473/123/1296 2250/1318/2249
f 1718/746/1797 2181/744/1796 2261/1326/2257
f 1307/748/1800 1718/746/1797 2261/1326/2257 2263/1325/2256
f 2266/1327/2258 2297/1328/2259 2301/1329/2260 2267/1330/2261
f 2267/1330/2261 2301/1329/2260 2305/1331/2262 2268/1332/2263
f 2268/1332/2263 2305/1331/2262 2309/1333/2264 2269/1334/2265
f 2269/1334/2265 2309/1333/2264 2313/1335/2266 2270/1336/2267
f 2270/1336/2267 2313/1335/2266 2317/1337/2268 2271/1338/2269
f 2271/1338/2269 2317/1337/2268 2321/1339/2270 2272/1340/2271
f 2272/1340/2271 2321/1339/2270 2325/1341/2272 2273/1342/2273
f 2273/1342/2273 2325/1341/2272 2329/1343/2274 2274/1344/2275
f 2274/1344/2275 2329/1343/2274 2333/1345/2276 2275/1346/2277
f 2275/1346/2277 2333/1345/2276 2337/1347/2278 2276/1348/2279
f 2277/1349/2280 2278/1350/2281 2345/1351/2282 2341/1352/2283
f 2340/1353/2284 2344/1354/2285 2348/1355/2286 2352/1356/2287 2356/1357/2288 2360/1358/2289 2364/1359/2290 2368/1360/2291 2372/1361/2292 2376/1362/2293 2380/1363/2294 2288/1364/2295 2336/1365/2296 2332/1366/2297 2328/1367/2298 2324/1368/2299 2320/1369/2300 2316/1370/2301 2312/1371/2302 2308/1372/2303 2304/1373/2304 2300/1374/2305 2296/1375/2306 2292/1376/2307
f 2265/1377/2308 2293/1378/2309 2297/1328/2259 2266/1327/2258
f 2278/1350/2281 2279/1379/2310 2349/1380/2311 2345/1351/2282
f 2279/1379/2310 2280/1381/2312 2353/1382/2313 2349/1380/2311
f 2280/1381/2312 2281/1383/2314 2357/1384/2315 2353/1382/2313
f 2281/1383/2314 2282/1385/2316 2361/1386/2317 2357/1384/2315
f 2282/1385/2316 2283/1387/2318 2365/1388/2319 2361/1386/2317
f 2283/1387/2318 2284/1389/2320 2369/1390/2321 2365/1388/2319
f 2284/1389/2320 2285/1391/2322 2373/1392/2323 2369/1390/2321
f 2285/1391/2322 2286/1393/2324 2377/1394/2325 2373/1392/2323
f 2286/1393/2324 2287/1395/2326 2381/1396/2327 2377/1394/2325
f 2276/1348/2279 2337/1347/2278 2289/1397/2328 2264/1398/2329
f 2265/1377/2308 2277/1349/2280 2341/1352/2283 2293/1378/2309
f 2297/1328/2259 2293/1378/2309 2295/1399/2330 2299/1400/2331
f 2299/1400/2331 2295/1399/2330 2294/1401/2332 2298/1402/2333
f 2298/1402/2333 2294/1401/2332 2292/1376/2307 2296/1375/2306
f 2301/1329/2260 2297/1328/2259 2299/1400/2331 2303/1403/2334
f 2303/1403/2334 2299/1400/2331 2298/1402/2333 2302/1404/2335
f 2302/1404/2335 2298/1402/2333 2296/1375/2306 2300/1374/2305
f 2305/1331/2262 2301/1329/2260 2303/1403/2334 2307/1405/2336
f 2307/1405/2336 2303/1403/2334 2302/1404/2335 2306/1406/2337
f 2306/1406/2337 2302/1404/2335 2300/1374/2305 2304/1373/2304
f 2309/1333/2264 2305/1331/2262 2307/1405/2336 2311/1407/2338
f 2311/1407/2338 2307/1405/2336 2306/1406/2337 2310/1408/2339
f 2310/1408/2339 2306/1406/2337 2304/1373/2304 2308/1372/2303
f 2313/1335/2266 2309/1333/2264 2311/1407/2338 2315/1409/2340
f 2315/1409/2340 2311/1407/2338 2310/1408/2339 2314/1410/2341
f 2314/1410/2341 2310/1408/2339 2308/1372/2303 2312/1371/2302
f 2317/1337/2268 2313/1335/2266 2315/1409/2340 2319/1411/2342
f 2319/1411/2342 2315/1409/2340 2314/1410/2341 2318/1412/2343
f 2318/1412/2343 2314/1410/2341 2312/1371/2302 2316/1370/2301
f 2321/1339/2270 2317/1337/2268 2319/1411/2342 2323/1413/2344
f 2323/1413/2344 2319/1411/2342 2318/1412/2343 2322/1414/2345
f 2322/1414/2345 2318/1412/2343 2316/1370/2301 2320/1369/2300
f 2325/1341/2272 2321/1339/2270 2323/1413/2344 2327/1415/2346
f 2327/1415/2346 2323/1413/2344 2322/1414/2345 2326/1416/2347
f 2326/1416/2347 2322/1414/2345 2320/1369/2300 2324/1368/2299
f 2329/1343/2274 2325/1341/2272 2327/1415/2346 2331/1417/2348
f 2331/1417/2348 2327/1415/2346 2326/1416/2347 2330/1418/2349
f 2330/1418/2349 2326/1416/2347 2324/1368/2299 2328/1367/2298
f 2333/1345/2276 2329/1343/2274 2331/1417/2348 2335/1419/2350
f 2335/1419/2350 2331/1417/2348 2330/1418/2349 2334/1420/2351
f 2334/1420/2351 2330/1418/2349 2328/1367/2298 2332/1366/2297
f 2337/1347/2278 2333/1345/2276 2335/1419/2350 2339/1421/2352
f 2339/1421/2352 2335/1419/2350 2334/1420/2351 2338/1422/2353
f 2338/1422/2353 2334/1420/2351 2332/1366/2297 2336/1365/2296
f 2289/1397/2328 2337/1347/2278 2339/1421/2352 2291/1423/2354
f 2291/1423/2354 2339/1421/2352 2338/1422/2353 2290/1424/2355
f 2290/1424/2355 2338/1422/2353 2336/1365/2296 2288/1364/2295
f 2340/1353/2284 2292/1376/2307 2294/1401/2332 2342/1425/2356
f 2342/1425/2356 2294/1401/2332 2295/1399/2330 2343/1426/2357
f 2343/1426/2357 2295/1399/2330 2293/1378/2309 2341/1352/2283
f 2344/1354/2285 2340/1353/2284 2342/1425/2356 2346/1427/2358
f 2346/1427/2358 2342/1425/2356 2343/1426/2357 2347/1428/2359
f 2347/1428/2359 2343/1426/2357 2341/1352/2283 2345/1351/2282
f 2348/1355/2286 2344/1354/2285 2346/1427/2358 2350/1429/2360
f 2350/1429/2360 2346/1427/2358 2347/1428/2359 2351/1430/2361
f 2351/1430/2361 2347/1428/2359 2345/1351/2282 2349/1380/2311
f 2352/1356/2287 2348/1355/2286 2350/1429/2360 2354/1431/2362
f 2354/1431/2362 2350/1429/2360 2351/1430/2361 2355/1432/2363
f 2355/1432/2363 2351/1430/2361 2349/1380/2311 2353/1382/2313
f 2356/1357/2288 2352/1356/2287 2354/1431/2362 2358/1433/2364
f 2358/1433/2364 2354/1431/2362 2355/1432/2363 2359/1434/2365
f 2359/1434/2365 2355/1432/2363 2353/1382/2313 2357/1384/2315
f 2360/1358/2289 2356/1357/2288 2358/1433/2364 2362/1435/2366
f 2362/1435/2366 2358/1433/2364 2359/1434/2365 2363/1436/2367
f 2363/1436/2367 2359/1434/2365 2357/1384/2315 2361/1386/2317
f 2364/1359/2290 2360/1358/2289 2362/1435/2366 2366/1437/2368
f 2366/1437/2368 2362/1435/2366 2363/1436/2367 2367/1438/2369
f 2367/1438/2369 2363/1436/2367 2361/1386/2317 2365/1388/2319
f 2368/1360/2291 2364/1359/2290 2366/1437/2368 2370/1439/2370
f 2370/1439/2370 2366/1437/2368 2367/1438/2369 2371/1440/2371
f 2371/1440/2371 2367/1438/2369 2365/1388/2319 2369/1390/2321
f 2372/1361/2292 2368/1360/2291 2370/1439/2370 2374/1441/2372
f 2374/1441/2372 2370/1439/2370 2371/1440/2371 2375/1442/2373
f 2375/1442/2373 2371/1440/2371 2369/1390/2321 2373/1392/2323
f 2376/1362/2293 2372/1361/2292 2374/1441/2372 2378/1443/2374
f 2378/1443/2374 2374/1441/2372 2375/1442/2373 2379/1444/2375
f 2379/1444/2375 2375/1442/2373 2373/1392/2323 2377/1394/2325
f 2380/1363/2294 2376/1362/2293 2378/1443/2374 2382/1445/2376
f 2382/1445/2376 2378/1443/2374 2379/1444/2375 2383/1446/2377
f 2383/1446/2377 2379/1444/2375 2377/1394/2325 2381/1396/2327
f 2288/1364/2295 2380/1363/2294 2382/1445/2376 2290/1424/2355
f 2290/1424/2355 2382/1445/2376 2383/1446/2377 2291/1423/2354
f 2291/1423/2354 2383/1446/2377 2381/1396/2327 2289/1397/2328
f 2287/1395/2326 2264/1398/2329 2289/1397/2328 2381/1396/2327
f 2384/1447/210 2385/1448/2378 2387/1449/2379 2386/1450/2380
f 2386/1450/2380 2387/1449/2379 2389/1451/2381 2388/1452/2382
f 2388/1452/2382 2389/1451/2381 2391/1453/2383 2390/1454/2384
f 2390/1454/2384 2391/1453/2383 2393/1455/2385 2392/1456/2386
f 2392/1457/2386 2393/1458/2385 2395/1459/2387 2394/1460/2388
f 2394/1460/2388 2395/1459/2387 2397/1461/2389 2396/1462/2390
f 2396/1462/2390 2397/1461/2389 2399/1463/2391 2398/1464/2392
f 2443/1465/2393 2442/1466/2394 2433/1467/2395 2432/1468/2396
f 2398/1464/2392 2399/1463/2391 2401/1469/2397 2400/1470/2398
f 2400/1470/2398 2401/1469/2397 2385/1448/2378 2384/1447/210
f 2409/1471/2399 2417/1472/2400 2407/1473/2401 2412/1474/2402
f 2445/1475/2403 2444/1476/2404 2431/1477/2405 2430/1478/2406
f 2421/1479/2407 2420/1480/2408 2403/1481/2409 2402/1482/2410
f 2436/1483/2411 2437/1484/2412 2420/1480/2408 2421/1479/2407
f 2420/1480/2408 2428/1485/2413 2411/1486/2414 2403/1481/2409
f 2406/1487/2415 2414/1488/2416 2404/1489/2417 2415/1490/2418
f 2440/1491/2419 2439/1492/2420 2436/1483/2411 2435/1493/2421
f 2438/1494/2422 2446/1495/2423 2429/1496/2424 2437/1484/2412
f 2441/1497/2425 2440/1491/2419 2435/1493/2421 2434/1498/2426
f 2437/1484/2412 2429/1496/2424 2428/1485/2413 2420/1480/2408
f 2444/1476/2404 2443/1465/2393 2432/1468/2396 2431/1477/2405
f 2411/1486/2414 2405/1499/2427 2416/1500/2428 2410/1501/2429
f 2429/1496/2424 2430/1478/2406 2427/1502/2430 2428/1485/2413
f 2439/1492/2420 2438/1494/2422 2437/1484/2412 2436/1483/2411
f 2446/1495/2423 2445/1475/2403 2430/1478/2406 2429/1496/2424
f 2430/1478/2406 2431/1477/2405 2426/1503/2431 2427/1502/2430
f 2434/1498/2426 2435/1493/2421 2422/1504/2432 2423/1505/2433
f 2442/1506/2394 2441/1497/2425 2434/1498/2426 2433/1507/2395
f 2451/1508/2434 2452/1509/2435 2441/1497/2425 2442/1506/2394
f 2453/1510/2436 2454/1511/2437 2439/1492/2420 2440/1491/2419
f 2450/1512/2438 2451/1513/2434 2442/1466/2394 2443/1465/2393
f 2454/1511/2437 2455/1514/2439 2438/1494/2422 2439/1492/2420
f 2448/1515/2440 2449/1516/2441 2444/1476/2404 2445/1475/2403
f 2452/1509/2435 2453/1510/2436 2440/1491/2419 2441/1497/2425
f 2455/1514/2439 2447/1517/2442 2446/1495/2423 2438/1494/2422
f 2449/1516/2441 2450/1512/2438 2443/1465/2393 2444/1476/2404
f 2447/1517/2442 2448/1515/2440 2445/1475/2403 2446/1495/2423
f 2462/1518/2443 2461/1519/2444 2450/1512/2438 2449/1516/2441
f 2461/1519/2444 2460/1520/2445 2451/1513/2434 2450/1512/2438
f 2460/1521/2445 2459/1522/2446 2452/1509/2435 2451/1508/2434
f 2464/1523/2447 2463/1524/2448 2448/1515/2440 2447/1517/2442
f 2458/1525/2449 2457/1526/2450 2454/1511/2437 2453/1510/2436
f 2456/1527/2451 2464/1523/2447 2447/1517/2442 2455/1514/2439
f 2457/1526/2450 2456/1527/2451 2455/1514/2439 2454/1511/2437
f 2459/1522/2446 2458/1525/2449 2453/1510/2436 2452/1509/2435
f 2463/1524/2448 2462/1518/2443 2449/1516/2441 2448/1515/2440
f 2467/1528/2452 2468/1529/2453 2461/1519/2444 2462/1518/2443
f 2466/1530/2454 2467/1528/2452 2462/1518/2443 2463/1524/2448
f 2465/1531/2455 2466/1530/2454 2463/1524/2448 2464/1523/2447
f 2469/1532/2456 2470/1533/2457 2459/1522/2446 2460/1521/2445
f 2473/1534/2458 2465/1531/2455 2464/1523/2447 2456/1527/2451
f 2472/1535/2459 2473/1534/2458 2456/1527/2451 2457/1526/2450
f 2471/1536/2460 2472/1535/2459 2457/1526/2450 2458/1525/2449
f 2470/1533/2457 2471/1536/2460 2458/1525/2449 2459/1522/2446
f 2468/1529/2453 2469/1537/2456 2460/1520/2445 2461/1519/2444
f 2397/1461/2389 2395/1459/2387 2468/1529/2453 2467/1528/2452
f 2395/1459/2387 2393/1458/2385 2469/1537/2456 2468/1529/2453
f 2401/1469/2397 2399/1463/2391 2466/1530/2454 2465/1531/2455
f 2391/1453/2383 2389/1451/2381 2471/1536/2460 2470/1533/2457
f 2393/1455/2385 2391/1453/2383 2470/1533/2457 2469/1532/2456
f 2399/1463/2391 2397/1461/2389 2467/1528/2452 2466/1530/2454
f 2389/1451/2381 2387/1449/2379 2472/1535/2459 2471/1536/2460
f 2387/1449/2379 2385/1448/2378 2473/1534/2458 2472/1535/2459
f 2385/1448/2378 2401/1469/2397 2465/1531/2455 2473/1534/2458
f 2433/1507/2395 2434/1498/2426 2423/1505/2433 2424/1538/2461
f 2426/1503/2431 2425/1539/2462 2414/1488/2416 2406/1487/2415
f 2423/1505/2433 2422/1504/2432 2417/1472/2400 2409/1471/2399
f 2435/1493/2421 2436/1483/2411 2421/1479/2407 2422/1504/2432
f 2432/1468/2396 2433/1467/2395 2424/1540/2461 2425/1539/2462
f 2428/1485/2413 2427/1502/2430 2405/1499/2427 2411/1486/2414
f 2431/1477/2405 2432/1468/2396 2425/1539/2462 2426/1503/2431
f 2405/1499/2427 2406/1487/2415 2415/1490/2418 2416/1500/2428
f 2424/1538/2461 2423/1505/2433 2409/1471/2399 2408/1541/2463
f 2425/1539/2462 2424/1540/2461 2408/1542/2463 2414/1488/2416
f 2427/1502/2430 2426/1503/2431 2406/1487/2415 2405/1499/2427
f 2422/1504/2432 2421/1479/2407 2402/1482/2410 2417/1472/2400
f 2417/1472/2400 2402/1482/2410 2419/1543/2464 2407/1473/2401
f 2408/1541/2463 2409/1471/2399 2412/1474/2402 2413/1544/2465
f 2414/1488/2416 2408/1542/2463 2413/1545/2465 2404/1489/2417
f 2403/1481/2409 2411/1486/2414 2410/1501/2429 2418/1546/2466
f 2402/1482/2410 2403/1481/2409 2418/1546/2466 2419/1543/2464
f 2557/1547/2467 2522/1548/2468 2533/1549/2469 2546/1550/2470
f 2715/1551/2471 2700/1552/2472 2701/1553/2473 2714/1554/2474
f 2701/1553/2473 2475/1555/2475 2477/1556/2476 2690/1557/2477
f 2690/1557/2477 2477/1556/2476 2479/1558/2478 2691/1559/2479
f 2691/1559/2479 2479/1558/2478 2481/1560/2480 2692/1561/2481
f 2692/1561/2481 2481/1560/2480 2483/1562/2482 2693/1563/2483
f 2693/1563/2483 2483/1562/2482 2485/1564/2484 2694/1565/2485
f 2694/1565/2485 2485/1564/2484 2487/1566/2486 2695/1567/2487
f 2695/1567/2487 2487/1566/2486 2489/1568/2488 2696/1569/2489
f 2696/1569/2489 2489/1568/2488 2491/1570/2490 2697/1571/2491
f 2697/1571/2491 2491/1570/2490 2493/1572/2492 2698/1573/2493
f 2698/1574/2493 2493/1575/2492 2495/1576/2494 2699/1577/2495
f 2571/1578/2496 2510/1579/2497 2521/1580/2498 2570/1581/2499
f 2570/1581/2499 2521/1580/2498 2520/1582/2500 2581/1583/2501
f 2581/1583/2501 2520/1582/2500 2519/1584/2502 2580/1585/2503
f 2580/1585/2503 2519/1584/2502 2518/1586/2504 2579/1587/2505
f 2579/1587/2505 2518/1586/2504 2517/1588/2506 2578/1589/2507
f 2578/1589/2507 2517/1588/2506 2516/1590/2508 2577/1591/2509
f 2577/1591/2509 2516/1590/2508 2515/1592/2510 2576/1593/2511
f 2576/1593/2511 2515/1592/2510 2514/1594/2512 2575/1595/2513
f 2575/1595/2513 2514/1594/2512 2513/1596/2514 2574/1597/2515
f 2574/1597/2515 2513/1596/2514 2512/1598/2516 2573/1599/2517
f 2573/1600/2517 2512/1601/2516 2511/1602/2518 2572/1603/2519
f 2572/1603/2519 2511/1602/2518 2510/1579/2497 2571/1578/2496
f 2511/1602/2518 2534/1604/2520 2544/1605/2521 2510/1579/2497
f 2905/1606/2522 2570/1581/2499 2581/1583/2501 2904/1607/2523
f 2858/1608/2524 2859/1609/2525 2478/1610/2526 2476/1611/2527
f 2859/1609/2525 2860/1612/2528 2480/1613/2529 2478/1610/2526
f 2860/1612/2528 2861/1614/2530 2482/1615/2531 2480/1613/2529
f 2861/1614/2530 2862/1616/2532 2484/1617/2533 2482/1615/2531
f 2862/1616/2532 2863/1618/2534 2486/1619/2535 2484/1617/2533
f 2863/1618/2534 2864/1620/2536 2488/1621/2537 2486/1619/2535
f 2864/1620/2536 2865/1622/2538 2490/1623/2539 2488/1621/2537
f 2865/1622/2538 2866/1624/2540 2492/1625/2541 2490/1623/2539
f 2866/1626/2540 2867/1627/2542 2494/1628/2543 2492/1629/2541
f 2867/1627/2542 2868/1630/2544 2496/1631/2545 2494/1628/2543
f 2546/1550/2470 2533/1549/2469 2532/1632/2546 2556/1633/2547
f 2556/1633/2547 2532/1632/2546 2531/1634/2548 2555/1635/2549
f 2555/1635/2549 2531/1634/2548 2530/1636/2550 2554/1637/2551
f 2554/1637/2551 2530/1636/2550 2529/1638/2552 2553/1639/2553
f 2553/1639/2553 2529/1638/2552 2528/1640/2554 2552/1641/2555
f 2552/1641/2555 2528/1640/2554 2527/1642/2556 2551/1643/2557
f 2551/1643/2557 2527/1642/2556 2526/1644/2558 2550/1645/2559
f 2550/1645/2559 2526/1644/2558 2525/1646/2560 2549/1647/2561
f 2549/1647/2561 2525/1646/2560 2524/1648/2562 2548/1649/2563
f 2548/1650/2563 2524/1651/2562 2523/1652/2564 2547/1653/2565
f 2547/1653/2565 2523/1652/2564 2522/1548/2468 2557/1547/2467
f 2699/1577/2495 2495/1576/2494 2497/1654/2566 2700/1552/2472
f 2894/1655/2567 2905/1606/2522 2498/1656/2568 2499/1657/2569
f 2512/1601/2516 2535/1658/2570 2534/1604/2520 2511/1602/2518
f 2513/1596/2514 2536/1659/2571 2535/1660/2570 2512/1598/2516
f 2514/1594/2512 2537/1661/2572 2536/1659/2571 2513/1596/2514
f 2515/1592/2510 2538/1662/2573 2537/1661/2572 2514/1594/2512
f 2516/1590/2508 2539/1663/2574 2538/1662/2573 2515/1592/2510
f 2517/1588/2506 2540/1664/2575 2539/1663/2574 2516/1590/2508
f 2518/1586/2504 2541/1665/2576 2540/1664/2575 2517/1588/2506
f 2519/1584/2502 2542/1666/2577 2541/1665/2576 2518/1586/2504
f 2520/1582/2500 2543/1667/2578 2542/1666/2577 2519/1584/2502
f 2521/1580/2498 2545/1668/2579 2543/1667/2578 2520/1582/2500
f 2510/1579/2497 2544/1605/2521 2545/1668/2579 2521/1580/2498
f 2906/1669/2580 2547/1653/2565 2557/1547/2467 2916/1670/2581
f 2907/1671/2582 2548/1650/2563 2547/1653/2565 2906/1669/2580
f 2908/1672/2583 2549/1647/2561 2548/1649/2563 2907/1673/2582
f 2909/1674/2584 2550/1645/2559 2549/1647/2561 2908/1672/2583
f 2910/1675/2585 2551/1643/2557 2550/1645/2559 2909/1674/2584
f 2911/1676/2586 2552/1641/2555 2551/1643/2557 2910/1675/2585
f 2912/1677/2587 2553/1639/2553 2552/1641/2555 2911/1676/2586
f 2913/1678/2588 2554/1637/2551 2553/1639/2553 2912/1677/2587
f 2914/1679/2589 2555/1635/2549 2554/1637/2551 2913/1678/2588
f 2915/1680/2590 2556/1633/2547 2555/1635/2549 2914/1679/2589
f 2917/1681/2591 2546/1550/2470 2556/1633/2547 2915/1680/2590
f 2916/1670/2581 2557/1547/2467 2546/1550/2470 2917/1681/2591
f 2522/1548/2468 2558/1682/2592 2569/1683/2593 2533/1549/2469
f 2523/1652/2564 2559/1684/2594 2558/1682/2592 2522/1548/2468
f 2524/1651/2562 2560/1685/2595 2559/1684/2594 2523/1652/2564
f 2525/1646/2560 2561/1686/2596 2560/1687/2595 2524/1648/2562
f 2526/1644/2558 2562/1688/2597 2561/1686/2596 2525/1646/2560
f 2527/1642/2556 2563/1689/2598 2562/1688/2597 2526/1644/2558
f 2528/1640/2554 2564/1690/2599 2563/1689/2598 2527/1642/2556
f 2529/1638/2552 2565/1691/2600 2564/1690/2599 2528/1640/2554
f 2530/1636/2550 2566/1692/2601 2565/1691/2600 2529/1638/2552
f 2531/1634/2548 2567/1693/2602 2566/1692/2601 2530/1636/2550
f 2532/1632/2546 2568/1694/2603 2567/1693/2602 2531/1634/2548
f 2533/1549/2469 2569/1683/2593 2568/1694/2603 2532/1632/2546
f 2895/1695/2604 2894/1655/2567 2499/1657/2569 2500/1696/2605
f 2896/1697/2606 2895/1695/2604 2500/1696/2605 2501/1698/2607
f 2897/1699/2608 2896/1700/2606 2501/1701/2607 2502/1702/2609
f 2898/1703/2610 2897/1699/2608 2502/1702/2609 2503/1704/2611
f 2899/1705/2612 2898/1703/2610 2503/1704/2611 2504/1706/2613
f 2900/1707/2614 2899/1705/2612 2504/1706/2613 2505/1708/2615
f 2901/1709/2616 2900/1707/2614 2505/1708/2615 2506/1710/2617
f 2902/1711/2618 2901/1709/2616 2506/1710/2617 2507/1712/2619
f 2903/1713/2620 2902/1711/2618 2507/1712/2619 2508/1714/2621
f 2904/1607/2523 2903/1713/2620 2508/1714/2621 2509/1715/2622
f 2582/1716/2623 2498/1656/2568 2509/1715/2622 2583/1717/2624
f 2499/1657/2569 2498/1656/2568 2582/1716/2623 2593/1718/2625
f 2868/1630/2544 2869/1719/2626 2474/1720/2627 2496/1631/2545
f 2882/1721/2628 2582/1716/2623 2583/1717/2624 2883/1722/2629
f 2500/1696/2605 2499/1657/2569 2593/1718/2625 2592/1723/2630
f 2501/1698/2607 2500/1696/2605 2592/1723/2630 2591/1724/2631
f 2502/1702/2609 2501/1701/2607 2591/1725/2631 2590/1726/2632
f 2503/1704/2611 2502/1702/2609 2590/1726/2632 2589/1727/2633
f 2504/1706/2613 2503/1704/2611 2589/1727/2633 2588/1728/2634
f 2505/1708/2615 2504/1706/2613 2588/1728/2634 2587/1729/2635
f 2506/1710/2617 2505/1708/2615 2587/1729/2635 2586/1730/2636
f 2507/1712/2619 2506/1710/2617 2586/1730/2636 2585/1731/2637
f 2508/1714/2621 2507/1712/2619 2585/1731/2637 2584/1732/2638
f 2509/1715/2622 2508/1714/2621 2584/1732/2638 2583/1717/2624
f 2617/1733/2639 2605/1734/2640 2594/1735/2641 2606/1736/2642
f 2893/1737/2643 2882/1721/2628 2605/1734/2640 2604/1738/2644
f 2892/1739/2645 2893/1737/2643 2604/1738/2644 2603/1740/2646
f 2891/1741/2647 2892/1739/2645 2603/1740/2646 2602/1742/2648
f 2890/1743/2649 2891/1744/2647 2602/1745/2648 2601/1746/2650
f 2889/1747/2651 2890/1743/2649 2601/1746/2650 2600/1748/2652
f 2888/1749/2653 2889/1747/2651 2600/1748/2652 2599/1750/2654
f 2887/1751/2655 2888/1749/2653 2599/1750/2654 2598/1752/2656
f 2886/1753/2657 2887/1751/2655 2598/1752/2656 2597/1754/2658
f 2885/1755/2659 2886/1753/2657 2597/1754/2658 2596/1756/2660
f 2884/1757/2661 2885/1755/2659 2596/1756/2660 2595/1758/2662
f 2883/1722/2629 2884/1757/2661 2595/1758/2662 2594/1735/2641
f 2870/1759/2663 2617/1733/2639 2606/1736/2642 2871/1760/2664
f 2604/1738/2644 2605/1734/2640 2617/1733/2639 2616/1761/2665
f 2603/1740/2646 2604/1738/2644 2616/1761/2665 2615/1762/2666
f 2602/1742/2648 2603/1740/2646 2615/1762/2666 2614/1763/2667
f 2601/1746/2650 2602/1745/2648 2614/1764/2667 2613/1765/2668
f 2600/1748/2652 2601/1746/2650 2613/1765/2668 2612/1766/2669
f 2599/1750/2654 2600/1748/2652 2612/1766/2669 2611/1767/2670
f 2598/1752/2656 2599/1750/2654 2611/1767/2670 2610/1768/2671
f 2597/1754/2658 2598/1752/2656 2610/1768/2671 2609/1769/2672
f 2596/1756/2660 2597/1754/2658 2609/1769/2672 2608/1770/2673
f 2595/1758/2662 2596/1756/2660 2608/1770/2673 2607/1771/2674
f 2594/1735/2641 2595/1758/2662 2607/1771/2674 2606/1736/2642
f 2641/1772/2675 2629/1773/2676 2618/1774/2677 2630/1775/2678
f 2881/1776/2679 2870/1759/2663 2629/1773/2676 2628/1777/2680
f 2880/1778/2681 2881/1776/2679 2628/1777/2680 2627/1779/2682
f 2879/1780/2683 2880/1778/2681 2627/1779/2682 2626/1781/2684
f 2878/1782/2685 2879/1783/2683 2626/1784/2684 2625/1785/2686
f 2877/1786/2687 2878/1782/2685 2625/1785/2686 2624/1787/2688
f 2876/1788/2689 2877/1786/2687 2624/1787/2688 2623/1789/2690
f 2875/1790/2691 2876/1788/2689 2623/1789/2690 2622/1791/2692
f 2874/1792/2693 2875/1790/2691 2622/1791/2692 2621/1793/2694
f 2873/1794/2695 2874/1792/2693 2621/1793/2694 2620/1795/2696
f 2872/1796/2697 2873/1794/2695 2620/1795/2696 2619/1797/2698
f 2871/1760/2664 2872/1796/2697 2619/1797/2698 2618/1774/2677
f 2857/1798/2699 2641/1772/2675 2630/1775/2678 2846/1799/2700
f 2628/1777/2680 2629/1773/2676 2641/1772/2675 2640/1800/2701
f 2627/1779/2682 2628/1777/2680 2640/1800/2701 2639/1801/2702
f 2626/1781/2684 2627/1779/2682 2639/1801/2702 2638/1802/2703
f 2625/1785/2686 2626/1784/2684 2638/1803/2703 2637/1804/2704
f 2624/1787/2688 2625/1785/2686 2637/1804/2704 2636/1805/2705
f 2623/1789/2690 2624/1787/2688 2636/1805/2705 2635/1806/2706
f 2622/1791/2692 2623/1789/2690 2635/1806/2706 2634/1807/2707
f 2621/1793/2694 2622/1791/2692 2634/1807/2707 2633/1808/2708
f 2620/1795/2696 2621/1793/2694 2633/1808/2708 2632/1809/2709
f 2619/1797/2698 2620/1795/2696 2632/1809/2709 2631/1810/2710
f 2618/1774/2677 2619/1797/2698 2631/1810/2710 2630/1775/2678
f 2558/1682/2592 2643/1811/2711 2642/1812/2712 2569/1683/2593
f 2559/1684/2594 2644/1813/2713 2643/1811/2711 2558/1682/2592
f 2560/1685/2595 2645/1814/2714 2644/1813/2713 2559/1684/2594
f 2561/1686/2596 2646/1815/2715 2645/1816/2714 2560/1687/2595
f 2562/1688/2597 2647/1817/2716 2646/1815/2715 2561/1686/2596
f 2563/1689/2598 2648/1818/2717 2647/1817/2716 2562/1688/2597
f 2564/1690/2599 2649/1819/2718 2648/1818/2717 2563/1689/2598
f 2565/1691/2600 2650/1820/2719 2649/1819/2718 2564/1690/2599
f 2566/1692/2601 2651/1821/2720 2650/1820/2719 2565/1691/2600
f 2567/1693/2602 2652/1822/2721 2651/1821/2720 2566/1692/2601
f 2568/1694/2603 2653/1823/2722 2652/1822/2721 2567/1693/2602
f 2569/1683/2593 2642/1812/2712 2653/1823/2722 2568/1694/2603
f 2666/1824/2723 2655/1825/2724 2654/1826/2725 2677/1827/2726
f 2667/1828/2727 2656/1829/2728 2655/1825/2724 2666/1824/2723
f 2668/1830/2729 2657/1831/2730 2656/1829/2728 2667/1828/2727
f 2669/1832/2731 2658/1833/2732 2657/1834/2730 2668/1835/2729
f 2670/1836/2733 2659/1837/2734 2658/1833/2732 2669/1832/2731
f 2671/1838/2735 2660/1839/2736 2659/1837/2734 2670/1836/2733
f 2672/1840/2737 2661/1841/2738 2660/1839/2736 2671/1838/2735
f 2673/1842/2739 2662/1843/2740 2661/1841/2738 2672/1840/2737
f 2674/1844/2741 2663/1845/2742 2662/1843/2740 2673/1842/2739
f 2675/1846/2743 2664/1847/2744 2663/1845/2742 2674/1844/2741
f 2676/1848/2745 2665/1849/2746 2664/1847/2744 2675/1846/2743
f 2677/1827/2726 2654/1826/2725 2665/1849/2746 2676/1848/2745
f 2642/1812/2712 2677/1827/2726 2676/1848/2745 2653/1823/2722
f 2653/1823/2722 2676/1848/2745 2675/1846/2743 2652/1822/2721
f 2652/1822/2721 2675/1846/2743 2674/1844/2741 2651/1821/2720
f 2651/1821/2720 2674/1844/2741 2673/1842/2739 2650/1820/2719
f 2650/1820/2719 2673/1842/2739 2672/1840/2737 2649/1819/2718
f 2649/1819/2718 2672/1840/2737 2671/1838/2735 2648/1818/2717
f 2648/1818/2717 2671/1838/2735 2670/1836/2733 2647/1817/2716
f 2647/1817/2716 2670/1836/2733 2669/1832/2731 2646/1815/2715
f 2646/1815/2715 2669/1832/2731 2668/1835/2729 2645/1816/2714
f 2645/1814/2714 2668/1830/2729 2667/1828/2727 2644/1813/2713
f 2644/1813/2713 2667/1828/2727 2666/1824/2723 2643/1811/2711
f 2643/1811/2711 2666/1824/2723 2677/1827/2726 2642/1812/2712
f 2655/1825/2724 2679/1850/2747 2678/1851/2748 2654/1826/2725
f 2656/1829/2728 2680/1852/2749 2679/1850/2747 2655/1825/2724
f 2657/1831/2730 2681/1853/2750 2680/1852/2749 2656/1829/2728
f 2658/1833/2732 2682/1854/2751 2681/1855/2750 2657/1834/2730
f 2659/1837/2734 2683/1856/2752 2682/1854/2751 2658/1833/2732
f 2660/1839/2736 2684/1857/2753 2683/1856/2752 2659/1837/2734
f 2661/1841/2738 2685/1858/2754 2684/1857/2753 2660/1839/2736
f 2662/1843/2740 2686/1859/2755 2685/1858/2754 2661/1841/2738
f 2663/1845/2742 2687/1860/2756 2686/1859/2755 2662/1843/2740
f 2664/1847/2744 2688/1861/2757 2687/1860/2756 2663/1845/2742
f 2665/1849/2746 2689/1862/2758 2688/1861/2757 2664/1847/2744
f 2654/1826/2725 2678/1851/2748 2689/1862/2758 2665/1849/2746
f 2740/1863/2759 2704/1864/2760 2703/1865/2761 2739/1866/2762
f 2714/1554/2474 2701/1553/2473 2690/1557/2477 2725/1867/2763
f 2725/1867/2763 2690/1557/2477 2691/1559/2479 2724/1868/2764
f 2724/1868/2764 2691/1559/2479 2692/1561/2481 2723/1869/2765
f 2723/1869/2765 2692/1561/2481 2693/1563/2483 2722/1870/2766
f 2722/1870/2766 2693/1563/2483 2694/1565/2485 2721/1871/2767
f 2721/1871/2767 2694/1565/2485 2695/1567/2487 2720/1872/2768
f 2720/1872/2768 2695/1567/2487 2696/1569/2489 2719/1873/2769
f 2719/1873/2769 2696/1569/2489 2697/1571/2491 2718/1874/2770
f 2718/1874/2770 2697/1571/2491 2698/1573/2493 2717/1875/2771
f 2717/1876/2771 2698/1574/2493 2699/1577/2495 2716/1877/2772
f 2716/1877/2772 2699/1577/2495 2700/1552/2472 2715/1551/2471
f 2700/1552/2472 2497/1654/2566 2475/1555/2475 2701/1553/2473
f 2741/1878/2773 2705/1879/2774 2704/1864/2760 2740/1863/2759
f 2742/1880/2775 2706/1881/2776 2705/1882/2774 2741/1883/2773
f 2743/1884/2777 2707/1885/2778 2706/1881/2776 2742/1880/2775
f 2744/1886/2779 2708/1887/2780 2707/1885/2778 2743/1884/2777
f 2745/1888/2781 2709/1889/2782 2708/1887/2780 2744/1886/2779
f 2746/1890/2783 2710/1891/2784 2709/1889/2782 2745/1888/2781
f 2747/1892/2785 2711/1893/2786 2710/1891/2784 2746/1890/2783
f 2748/1894/2787 2712/1895/2788 2711/1893/2786 2747/1892/2785
f 2749/1896/2789 2713/1897/2790 2712/1895/2788 2748/1894/2787
f 2738/1898/2791 2702/1899/2792 2713/1897/2790 2749/1896/2789
f 2739/1866/2762 2703/1865/2761 2702/1899/2792 2738/1898/2791
f 2836/1900/2793 2716/1877/2772 2715/1551/2471 2835/1901/2794
f 2837/1902/2795 2717/1876/2771 2716/1877/2772 2836/1900/2793
f 2838/1903/2796 2718/1874/2770 2717/1875/2771 2837/1904/2795
f 2839/1905/2797 2719/1873/2769 2718/1874/2770 2838/1903/2796
f 2840/1906/2798 2720/1872/2768 2719/1873/2769 2839/1905/2797
f 2841/1907/2799 2721/1871/2767 2720/1872/2768 2840/1906/2798
f 2842/1908/2800 2722/1870/2766 2721/1871/2767 2841/1907/2799
f 2843/1909/2801 2723/1869/2765 2722/1870/2766 2842/1908/2800
f 2844/1910/2802 2724/1868/2764 2723/1869/2765 2843/1909/2801
f 2845/1911/2803 2725/1867/2763 2724/1868/2764 2844/1910/2802
f 2834/1912/2804 2714/1554/2474 2725/1867/2763 2845/1911/2803
f 2835/1901/2794 2715/1551/2471 2714/1554/2474 2834/1912/2804
f 2787/1913/2805 2726/1914/2806 2737/1915/2807 2786/1916/2808
f 2786/1916/2808 2737/1915/2807 2736/1917/2809 2797/1918/2810
f 2797/1918/2810 2736/1917/2809 2735/1919/2811 2796/1920/2812
f 2796/1920/2812 2735/1919/2811 2734/1921/2813 2795/1922/2814
f 2795/1922/2814 2734/1921/2813 2733/1923/2815 2794/1924/2816
f 2794/1924/2816 2733/1923/2815 2732/1925/2817 2793/1926/2818
f 2793/1926/2818 2732/1925/2817 2731/1927/2819 2792/1928/2820
f 2792/1928/2820 2731/1927/2819 2730/1929/2821 2791/1930/2822
f 2791/1930/2822 2730/1929/2821 2729/1931/2823 2790/1932/2824
f 2790/1932/2824 2729/1931/2823 2728/1933/2825 2789/1934/2826
f 2789/1935/2826 2728/1936/2825 2727/1937/2827 2788/1938/2828
f 2788/1938/2828 2727/1937/2827 2726/1914/2806 2787/1913/2805
f 2726/1914/2806 2739/1866/2762 2738/1898/2791 2737/1915/2807
f 2737/1915/2807 2738/1898/2791 2749/1896/2789 2736/1917/2809
f 2736/1917/2809 2749/1896/2789 2748/1894/2787 2735/1919/2811
f 2735/1919/2811 2748/1894/2787 2747/1892/2785 2734/1921/2813
f 2734/1921/2813 2747/1892/2785 2746/1890/2783 2733/1923/2815
f 2733/1923/2815 2746/1890/2783 2745/1888/2781 2732/1925/2817
f 2732/1925/2817 2745/1888/2781 2744/1886/2779 2731/1927/2819
f 2731/1927/2819 2744/1886/2779 2743/1884/2777 2730/1929/2821
f 2730/1929/2821 2743/1884/2777 2742/1880/2775 2729/1931/2823
f 2729/1931/2823 2742/1880/2775 2741/1883/2773 2728/1933/2825
f 2728/1936/2825 2741/1878/2773 2740/1863/2759 2727/1937/2827
f 2727/1937/2827 2740/1863/2759 2739/1866/2762 2726/1914/2806
f 2763/1939/2829 2751/1940/2830 2750/1941/2831 2762/1942/2832
f 2764/1943/2833 2752/1944/2834 2751/1940/2830 2763/1939/2829
f 2765/1945/2835 2753/1946/2836 2752/1947/2834 2764/1948/2833
f 2766/1949/2837 2754/1950/2838 2753/1946/2836 2765/1945/2835
f 2767/1951/2839 2755/1952/2840 2754/1950/2838 2766/1949/2837
f 2768/1953/2841 2756/1954/2842 2755/1952/2840 2767/1951/2839
f 2769/1955/2843 2757/1956/2844 2756/1954/2842 2768/1953/2841
f 2770/1957/2845 2758/1958/2846 2757/1956/2844 2769/1955/2843
f 2771/1959/2847 2759/1960/2848 2758/1958/2846 2770/1957/2845
f 2772/1961/2849 2760/1962/2850 2759/1960/2848 2771/1959/2847
f 2773/1963/2851 2761/1964/2852 2760/1962/2850 2772/1961/2849
f 2762/1942/2832 2750/1941/2831 2761/1964/2852 2773/1963/2851
f 2798/1965/2853 2762/1942/2832 2773/1963/2851 2809/1966/2854
f 2809/1966/2854 2773/1963/2851 2772/1961/2849 2808/1967/2855
f 2808/1967/2855 2772/1961/2849 2771/1959/2847 2807/1968/2856
f 2807/1968/2856 2771/1959/2847 2770/1957/2845 2806/1969/2857
f 2806/1969/2857 2770/1957/2845 2769/1955/2843 2805/1970/2858
f 2805/1970/2858 2769/1955/2843 2768/1953/2841 2804/1971/2859
f 2804/1971/2859 2768/1953/2841 2767/1951/2839 2803/1972/2860
f 2803/1972/2860 2767/1951/2839 2766/1949/2837 2802/1973/2861
f 2802/1973/2861 2766/1949/2837 2765/1945/2835 2801/1974/2862
f 2801/1974/2862 2765/1945/2835 2764/1948/2833 2800/1975/2863
f 2800/1976/2863 2764/1943/2833 2763/1939/2829 2799/1977/2864
f 2799/1977/2864 2763/1939/2829 2762/1942/2832 2798/1965/2853
f 2751/1940/2830 2776/1978/2865 2775/1979/2866 2750/1941/2831
f 2752/1944/2834 2777/1980/2867 2776/1978/2865 2751/1940/2830
f 2753/1946/2836 2778/1981/2868 2777/1982/2867 2752/1947/2834
f 2754/1950/2838 2779/1983/2869 2778/1981/2868 2753/1946/2836
f 2755/1952/2840 2780/1984/2870 2779/1983/2869 2754/1950/2838
f 2756/1954/2842 2781/1985/2871 2780/1984/2870 2755/1952/2840
f 2757/1956/2844 2782/1986/2872 2781/1985/2871 2756/1954/2842
f 2758/1958/2846 2783/1987/2873 2782/1986/2872 2757/1956/2844
f 2759/1960/2848 2784/1988/2874 2783/1987/2873 2758/1958/2846
f 2760/1962/2850 2785/1989/2875 2784/1988/2874 2759/1960/2848
f 2761/1964/2852 2774/1990/2876 2785/1989/2875 2760/1962/2850
f 2750/1941/2831 2775/1979/2866 2774/1990/2876 2761/1964/2852
f 2776/1978/2865 2788/1938/2828 2787/1913/2805 2775/1979/2866
f 2777/1980/2867 2789/1935/2826 2788/1938/2828 2776/1978/2865
f 2778/1981/2868 2790/1932/2824 2789/1934/2826 2777/1982/2867
f 2779/1983/2869 2791/1930/2822 2790/1932/2824 2778/1981/2868
f 2780/1984/2870 2792/1928/2820 2791/1930/2822 2779/1983/2869
f 2781/1985/2871 2793/1926/2818 2792/1928/2820 2780/1984/2870
f 2782/1986/2872 2794/1924/2816 2793/1926/2818 2781/1985/2871
f 2783/1987/2873 2795/1922/2814 2794/1924/2816 2782/1986/2872
f 2784/1988/2874 2796/1920/2812 2795/1922/2814 2783/1987/2873
f 2785/1989/2875 2797/1918/2810 2796/1920/2812 2784/1988/2874
f 2774/1990/2876 2786/1916/2808 2797/1918/2810 2785/1989/2875
f 2775/1979/2866 2787/1913/2805 2786/1916/2808 2774/1990/2876
f 2811/1991/2877 2799/1977/2864 2798/1965/2853 2810/1992/2878
f 2812/1993/2879 2800/1976/2863 2799/1977/2864 2811/1991/2877
f 2813/1994/2880 2801/1974/2862 2800/1975/2863 2812/1995/2879
f 2814/1996/2881 2802/1973/2861 2801/1974/2862 2813/1994/2880
f 2815/1997/2882 2803/1972/2860 2802/1973/2861 2814/1996/2881
f 2816/1998/2883 2804/1971/2859 2803/1972/2860 2815/1997/2882
f 2817/1999/2884 2805/1970/2858 2804/1971/2859 2816/1998/2883
f 2818/2000/2885 2806/1969/2857 2805/1970/2858 2817/1999/2884
f 2819/2001/2886 2807/1968/2856 2806/1969/2857 2818/2000/2885
f 2820/2002/2887 2808/1967/2855 2807/1968/2856 2819/2001/2886
f 2821/2003/2888 2809/1966/2854 2808/1967/2855 2820/2002/2887
f 2810/1992/2878 2798/1965/2853 2809/1966/2854 2821/2003/2888
f 2679/1850/2747 2810/1992/2878 2821/2003/2888 2678/1851/2748
f 2678/1851/2748 2821/2003/2888 2820/2002/2887 2689/1862/2758
f 2689/1862/2758 2820/2002/2887 2819/2001/2886 2688/1861/2757
f 2688/1861/2757 2819/2001/2886 2818/2000/2885 2687/1860/2756
f 2687/1860/2756 2818/2000/2885 2817/1999/2884 2686/1859/2755
f 2686/1859/2755 2817/1999/2884 2816/1998/2883 2685/1858/2754
f 2685/1858/2754 2816/1998/2883 2815/1997/2882 2684/1857/2753
f 2684/1857/2753 2815/1997/2882 2814/1996/2881 2683/1856/2752
f 2683/1856/2752 2814/1996/2881 2813/1994/2880 2682/1854/2751
f 2682/1854/2751 2813/1994/2880 2812/1995/2879 2681/1855/2750
f 2681/1853/2750 2812/1993/2879 2811/1991/2877 2680/1852/2749
f 2680/1852/2749 2811/1991/2877 2810/1992/2878 2679/1850/2747
f 2703/1865/2761 2822/2004/2889 2833/2005/2890 2702/1899/2792
f 2702/1899/2792 2833/2005/2890 2832/2006/2891 2713/1897/2790
f 2713/1897/2790 2832/2006/2891 2831/2007/2892 2712/1895/2788
f 2712/1895/2788 2831/2007/2892 2830/2008/2893 2711/1893/2786
f 2711/1893/2786 2830/2008/2893 2829/2009/2894 2710/1891/2784
f 2710/1891/2784 2829/2009/2894 2828/2010/2895 2709/1889/2782
f 2709/1889/2782 2828/2010/2895 2827/2011/2896 2708/1887/2780
f 2708/1887/2780 2827/2011/2896 2826/2012/2897 2707/1885/2778
f 2707/1885/2778 2826/2012/2897 2825/2013/2898 2706/1881/2776
f 2706/1881/2776 2825/2013/2898 2824/2014/2899 2705/1882/2774
f 2705/1879/2774 2824/2015/2899 2823/2016/2900 2704/1864/2760
f 2704/1864/2760 2823/2016/2900 2822/2004/2889 2703/1865/2761
f 2822/2004/2889 2835/1901/2794 2834/1912/2804 2833/2005/2890
f 2833/2005/2890 2834/1912/2804 2845/1911/2803 2832/2006/2891
f 2832/2006/2891 2845/1911/2803 2844/1910/2802 2831/2007/2892
f 2831/2007/2892 2844/1910/2802 2843/1909/2801 2830/2008/2893
f 2830/2008/2893 2843/1909/2801 2842/1908/2800 2829/2009/2894
f 2829/2009/2894 2842/1908/2800 2841/1907/2799 2828/2010/2895
f 2828/2010/2895 2841/1907/2799 2840/1906/2798 2827/2011/2896
f 2827/2011/2896 2840/1906/2798 2839/1905/2797 2826/2012/2897
f 2826/2012/2897 2839/1905/2797 2838/1903/2796 2825/2013/2898
f 2825/2013/2898 2838/1903/2796 2837/1904/2795 2824/2014/2899
f 2824/2015/2899 2837/1902/2795 2836/1900/2793 2823/2016/2900
f 2823/2016/2900 2836/1900/2793 2835/1901/2794 2822/2004/2889
f 2869/1719/2626 2857/1798/2699 2846/1799/2700 2858/1608/2524
f 2640/1800/2701 2641/1772/2675 2857/1798/2699 2856/2017/2901
f 2639/1801/2702 2640/1800/2701 2856/2017/2901 2855/2018/2902
f 2638/1802/2703 2639/1801/2702 2855/2018/2902 2854/2019/2903
f 2637/1804/2704 2638/1803/2703 2854/2020/2903 2853/2021/2904
f 2636/1805/2705 2637/1804/2704 2853/2021/2904 2852/2022/2905
f 2635/1806/2706 2636/1805/2705 2852/2022/2905 2851/2023/2906
f 2634/1807/2707 2635/1806/2706 2851/2023/2906 2850/2024/2907
f 2633/1808/2708 2634/1807/2707 2850/2024/2907 2849/2025/2908
f 2632/1809/2709 2633/1808/2708 2849/2025/2908 2848/2026/2909
f 2631/1810/2710 2632/1809/2709 2848/2026/2909 2847/2027/2910
f 2630/1775/2678 2631/1810/2710 2847/2027/2910 2846/1799/2700
f 2474/1720/2627 2869/1719/2626 2858/1608/2524 2476/1611/2527
f 2856/2017/2901 2857/1798/2699 2869/1719/2626 2868/1630/2544
f 2855/2018/2902 2856/2017/2901 2868/1630/2544 2867/1627/2542
f 2854/2019/2903 2855/2018/2902 2867/1627/2542 2866/1626/2540
f 2853/2021/2904 2854/2020/2903 2866/1624/2540 2865/1622/2538
f 2852/2022/2905 2853/2021/2904 2865/1622/2538 2864/1620/2536
f 2851/2023/2906 2852/2022/2905 2864/1620/2536 2863/1618/2534
f 2850/2024/2907 2851/2023/2906 2863/1618/2534 2862/1616/2532
f 2849/2025/2908 2850/2024/2907 2862/1616/2532 2861/1614/2530
f 2848/2026/2909 2849/2025/2908 2861/1614/2530 2860/1612/2528
f 2847/2027/2910 2848/2026/2909 2860/1612/2528 2859/1609/2525
f 2846/1799/2700 2847/2027/2910 2859/1609/2525 2858/1608/2524
f 2606/1736/2642 2607/1771/2674 2872/1796/2697 2871/1760/2664
f 2607/1771/2674 2608/1770/2673 2873/1794/2695 2872/1796/2697
f 2608/1770/2673 2609/1769/2672 2874/1792/2693 2873/1794/2695
f 2609/1769/2672 2610/1768/2671 2875/1790/2691 2874/1792/2693
f 2610/1768/2671 2611/1767/2670 2876/1788/2689 2875/1790/2691
f 2611/1767/2670 2612/1766/2669 2877/1786/2687 2876/1788/2689
f 2612/1766/2669 2613/1765/2668 2878/1782/2685 2877/1786/2687
f 2613/1765/2668 2614/1764/2667 2879/1783/2683 2878/1782/2685
f 2614/1763/2667 2615/1762/2666 2880/1778/2681 2879/1780/2683
f 2615/1762/2666 2616/1761/2665 2881/1776/2679 2880/1778/2681
f 2616/1761/2665 2617/1733/2639 2870/1759/2663 2881/1776/2679
f 2629/1773/2676 2870/1759/2663 2871/1760/2664 2618/1774/2677
f 2583/1717/2624 2584/1732/2638 2884/1757/2661 2883/1722/2629
f 2584/1732/2638 2585/1731/2637 2885/1755/2659 2884/1757/2661
f 2585/1731/2637 2586/1730/2636 2886/1753/2657 2885/1755/2659
f 2586/1730/2636 2587/1729/2635 2887/1751/2655 2886/1753/2657
f 2587/1729/2635 2588/1728/2634 2888/1749/2653 2887/1751/2655
f 2588/1728/2634 2589/1727/2633 2889/1747/2651 2888/1749/2653
f 2589/1727/2633 2590/1726/2632 2890/1743/2649 2889/1747/2651
f 2590/1726/2632 2591/1725/2631 2891/1744/2647 2890/1743/2649
f 2591/1724/2631 2592/1723/2630 2892/1739/2645 2891/1741/2647
f 2592/1723/2630 2593/1718/2625 2893/1737/2643 2892/1739/2645
f 2593/1718/2625 2582/1716/2623 2882/1721/2628 2893/1737/2643
f 2605/1734/2640 2882/1721/2628 2883/1722/2629 2594/1735/2641
f 2581/1583/2501 2580/1585/2503 2903/1713/2620 2904/1607/2523
f 2580/1585/2503 2579/1587/2505 2902/1711/2618 2903/1713/2620
f 2579/1587/2505 2578/1589/2507 2901/1709/2616 2902/1711/2618
f 2578/1589/2507 2577/1591/2509 2900/1707/2614 2901/1709/2616
f 2577/1591/2509 2576/1593/2511 2899/1705/2612 2900/1707/2614
f 2576/1593/2511 2575/1595/2513 2898/1703/2610 2899/1705/2612
f 2575/1595/2513 2574/1597/2515 2897/1699/2608 2898/1703/2610
f 2574/1597/2515 2573/1599/2517 2896/1700/2606 2897/1699/2608
f 2573/1600/2517 2572/1603/2519 2895/1695/2604 2896/1697/2606
f 2572/1603/2519 2571/1578/2496 2894/1655/2567 2895/1695/2604
f 2571/1578/2496 2570/1581/2499 2905/1606/2522 2894/1655/2567
f 2498/1656/2568 2905/1606/2522 2904/1607/2523 2509/1715/2622
f 2544/1605/2521 2916/1670/2581 2917/1681/2591 2545/1668/2579
f 2545/1668/2579 2917/1681/2591 2915/1680/2590 2543/1667/2578
f 2543/1667/2578 2915/1680/2590 2914/1679/2589 2542/1666/2577
f 2542/1666/2577 2914/1679/2589 2913/1678/2588 2541/1665/2576
f 2541/1665/2576 2913/1678/2588 2912/1677/2587 2540/1664/2575
f 2540/1664/2575 2912/1677/2587 2911/1676/2586 2539/1663/2574
f 2539/1663/2574 2911/1676/2586 2910/1675/2585 2538/1662/2573
f 2538/1662/2573 2910/1675/2585 2909/1674/2584 2537/1661/2572
f 2537/1661/2572 2909/1674/2584 2908/1672/2583 2536/1659/2571
f 2536/1659/2571 2908/1672/2583 2907/1673/2582 2535/1660/2570
f 2535/1658/2570 2907/1671/2582 2906/1669/2580 2534/1604/2520
f 2534/1604/2520 2906/1669/2580 2916/1670/2581 2544/1605/2521
f 3375/2028/2911 3038/2029/2912 3041/2030/2913 3378/2031/2914
f 3008/2032/2915 3345/2033/2916 3342/2034/2917 3005/2035/2918
f 3002/2036/2919 3339/2037/2920 3333/2038/2921 2996/2039/2922
f 3011/2040/2923 3348/2041/2924 3345/2033/2916 3008/2032/2915
f 3014/2042/2925 3351/2043/2926 3348/2041/2924 3011/2040/2923
f 3017/2044/2927 3354/2045/2928 3351/2043/2926 3014/2042/2925
f 3020/2046/2929 3357/2047/2930 3354/2045/2928 3017/2044/2927
f 3023/2048/2931 3360/2049/2932 3357/2047/2930 3020/2046/2929
f 3026/2050/2933 3363/2051/2934 3360/2049/2932 3023/2048/2931
f 3029/2052/2935 3366/2053/2936 3363/2051/2934 3026/2050/2933
f 2992/2054/2937 3329/2055/2938 3366/2053/2936 3029/2052/2935
f 3005/2035/2918 3342/2034/2917 3339/2037/2920 3002/2036/2919
f 3423/2056/2939 3086/2057/2940 3038/2058/2912 3375/2059/2911
f 2962/2060/2941 2959/2061/2942 2936/2062/2943 2937/2063/2944
f 2945/2064/2945 2980/2065/2946 2943/2066/2947 2931/2067/2948
f 2948/2068/2949 2983/2069/2950 3042/2070/2951 2933/2071/2952
f 2956/2072/2953 2953/2073/2954 2934/2074/2955 2935/2075/2956
f 2957/2076/2957 2960/2077/2958 3007/2078/2959 3004/2079/2960
f 2959/2061/2942 2956/2072/2953 2935/2075/2956 2936/2062/2943
f 2965/2080/2961 2962/2060/2941 2937/2063/2944 2938/2081/2962
f 2968/2082/2963 2965/2080/2961 2938/2081/2962 2939/2083/2964
f 2971/2084/2965 2968/2082/2963 2939/2083/2964 2940/2085/2966
f 2974/2086/2967 2971/2084/2965 2940/2085/2966 2941/2087/2968
f 2977/2088/2969 2974/2086/2967 2941/2087/2968 2942/2089/2970
f 2980/2065/2946 2977/2088/2969 2942/2089/2970 2943/2066/2947
f 2950/2090/2971 2948/2068/2949 2933/2071/2952 2932/2091/2972
f 2953/2073/2954 2950/2090/2971 2932/2091/2972 2934/2074/2955
f 2981/2092/2973 2944/2093/2974 2993/2094/2975 3028/2095/2976
f 2960/2077/2958 2963/2096/2977 3010/2097/2978 3007/2078/2959
f 2963/2096/2977 2966/2098/2979 3013/2099/2980 3010/2097/2978
f 2966/2098/2979 2969/2100/2981 3016/2101/2982 3013/2099/2980
f 2984/2102/2983 2947/2103/2984 2999/2104/2985 3032/2105/2986
f 2969/2100/2981 2972/2106/2987 3019/2107/2988 3016/2101/2982
f 2947/2103/2984 2951/2108/2989 2995/2109/2990 2999/2104/2985
f 2972/2106/2987 2975/2110/2991 3022/2111/2992 3019/2107/2988
f 2951/2108/2989 2954/2112/2993 3001/2113/2994 2995/2109/2990
f 2975/2110/2991 2978/2114/2995 3025/2115/2996 3022/2111/2992
f 2954/2112/2993 2957/2076/2957 3004/2079/2960 3001/2113/2994
f 2978/2114/2995 2981/2092/2973 3028/2095/2976 3025/2115/2996
f 2920/2116/2997 2919/2117/2998 2932/2118/2972 2933/2119/2952
f 2919/2117/2998 2921/2120/2999 2934/2121/2955 2932/2118/2972
f 2921/2120/2999 2922/2122/3000 2935/2123/2956 2934/2121/2955
f 2922/2122/3000 2923/2124/3001 2936/2125/2943 2935/2123/2956
f 2923/2124/3001 2924/2126/3002 2937/2127/2944 2936/2125/2943
f 2924/2126/3002 2925/2128/3003 2938/2129/2962 2937/2127/2944
f 2925/2128/3003 2926/2130/3004 2939/2131/2964 2938/2129/2962
f 2926/2130/3004 2927/2132/3005 2940/2133/2966 2939/2131/2964
f 2927/2132/3005 2928/2134/3006 2941/2135/2968 2940/2133/2966
f 2928/2134/3006 2929/2136/3007 2942/2137/2970 2941/2135/2968
f 2929/2136/3007 2930/2138/3008 2943/2139/2947 2942/2137/2970
f 2930/2138/3008 2918/2140/3009 2931/2141/2948 2943/2139/2947
f 3370/2142/3010 3374/2143/3011 3037/2144/3012 3033/2145/3013
f 2929/2146/3007 2928/2147/3006 3075/2148/2931 3078/2149/2933
f 2922/2150/3000 2921/2151/2999 3054/2152/2919 3057/2153/2918
f 2930/2154/3008 2929/2146/3007 3078/2149/2933 3081/2155/2935
f 2923/2156/3001 2922/2150/3000 3057/2153/2918 3060/2157/3014
f 3210/2158/3015 3047/2159/2990 3051/2160/2985 3214/2161/3016
f 2924/2162/3002 2923/2156/3001 3060/2157/3014 3063/2163/2923
f 2918/2164/3009 2930/2154/3008 3081/2155/2935 3044/2165/2937
f 2925/2166/3003 2924/2162/3002 3063/2163/2923 3066/2167/2925
f 2926/2168/3004 2925/2166/3003 3066/2167/2925 3069/2169/2927
f 2927/2170/3005 2926/2168/3004 3069/2169/2927 3072/2171/3017
f 2919/2172/2998 2920/2173/2997 3050/2174/3018 3048/2175/2922
f 3164/2176/3019 3501/2177/3020 3499/2178/3021 3162/2179/3022
f 2928/2147/3006 2927/2180/3005 3072/2181/3017 3075/2148/2931
f 2921/2151/2999 2919/2172/2998 3048/2175/2922 3054/2152/2919
f 2920/2173/2997 3039/2182/3023 3085/2183/3024 3050/2174/3018
f 3039/2184/3023 2920/2116/2997 2933/2119/2952 3042/2185/2951
f 3335/2186/3025 3370/2142/3010 3033/2145/3013 2998/2187/3018
f 3378/2188/2914 3041/2189/2913 2986/2190/3026 3323/2191/3027
f 2983/2069/2950 2987/2192/3028 2988/2193/3029 2991/2194/3030
f 2984/2102/2983 2989/2195/3031 2988/2196/3029 2987/2197/3028
f 2985/2198/3032 2990/2199/3033 2988/2200/3029 2989/2201/3031
f 2986/2190/3026 2991/2194/3030 2988/2193/3029 2990/2202/3033
f 3031/2203/3034 3034/2204/3035 3035/2205/3036 3037/2144/3012
f 3032/2105/2986 3036/2206/3037 3035/2205/3036 3034/2207/3035
f 3033/2145/3013 3037/2144/3012 3035/2205/3036 3036/2206/3037
f 3083/2208/3038 3087/2209/3039 3088/2210/3040 3091/2211/3041
f 3084/2212/3042 3089/2213/3043 3088/2210/3040 3087/2209/3039
f 3085/2183/3024 3090/2214/3044 3088/2215/3040 3089/2216/3043
f 3086/2057/2940 3091/2217/3041 3088/2215/3040 3090/2214/3044
f 2996/2039/2922 2998/2187/3018 3000/2218/3045 2997/2219/3046
f 2997/2219/3046 3000/2218/3045 2999/2104/2985 2995/2109/2990
f 3002/2036/2919 2996/2039/2922 2997/2219/3046 3003/2220/3047
f 3003/2220/3047 2997/2219/3046 2995/2109/2990 3001/2113/2994
f 3005/2035/2918 3002/2036/2919 3003/2220/3047 3006/2221/3048
f 3006/2221/3048 3003/2220/3047 3001/2113/2994 3004/2079/2960
f 3008/2032/2915 3005/2035/2918 3006/2221/3048 3009/2222/3049
f 3009/2222/3049 3006/2221/3048 3004/2079/2960 3007/2078/2959
f 3011/2040/2923 3008/2032/2915 3009/2222/3049 3012/2223/3050
f 3012/2223/3050 3009/2222/3049 3007/2078/2959 3010/2097/2978
f 3014/2042/2925 3011/2040/2923 3012/2223/3050 3015/2224/3051
f 3015/2224/3051 3012/2223/3050 3010/2097/2978 3013/2099/2980
f 3017/2044/2927 3014/2042/2925 3015/2224/3051 3018/2225/3052
f 3018/2225/3052 3015/2224/3051 3013/2099/2980 3016/2101/2982
f 3020/2046/2929 3017/2044/2927 3018/2225/3052 3021/2226/3053
f 3021/2226/3053 3018/2225/3052 3016/2101/2982 3019/2107/2988
f 3023/2048/2931 3020/2046/2929 3021/2226/3053 3024/2227/3054
f 3024/2227/3054 3021/2226/3053 3019/2107/2988 3022/2111/2992
f 3026/2050/2933 3023/2048/2931 3024/2227/3054 3027/2228/3055
f 3027/2228/3055 3024/2227/3054 3022/2111/2992 3025/2115/2996
f 3029/2052/2935 3026/2050/2933 3027/2228/3055 3030/2229/3056
f 3030/2229/3056 3027/2228/3055 3025/2115/2996 3028/2095/2976
f 2992/2054/2937 3029/2052/2935 3030/2229/3056 2994/2230/3057
f 2994/2230/3057 3030/2229/3056 3028/2095/2976 2993/2094/2975
f 3374/2143/3011 3368/2231/3058 3031/2203/3034 3037/2144/3012
f 3322/2232/3059 3327/2233/3060 2990/2199/3033 2985/2198/3032
f 2998/2187/3018 3033/2145/3013 3036/2206/3037 3000/2218/3045
f 3000/2218/3045 3036/2206/3037 3032/2105/2986 2999/2104/2985
f 2951/2108/2989 2947/2103/2984 2949/2234/3061 2952/2235/3062
f 2952/2236/3062 2949/2237/3061 2948/2068/2949 2950/2090/2971
f 2954/2112/2993 2951/2108/2989 2952/2235/3062 2955/2238/3063
f 2955/2239/3063 2952/2236/3062 2950/2090/2971 2953/2073/2954
f 2957/2076/2957 2954/2112/2993 2955/2238/3063 2958/2240/3064
f 2958/2241/3064 2955/2239/3063 2953/2073/2954 2956/2072/2953
f 2960/2077/2958 2957/2076/2957 2958/2240/3064 2961/2242/3065
f 2961/2243/3065 2958/2241/3064 2956/2072/2953 2959/2061/2942
f 2963/2096/2977 2960/2077/2958 2961/2242/3065 2964/2244/3066
f 2964/2245/3066 2961/2243/3065 2959/2061/2942 2962/2060/2941
f 2966/2098/2979 2963/2096/2977 2964/2244/3066 2967/2246/3067
f 2967/2247/3067 2964/2245/3066 2962/2060/2941 2965/2080/2961
f 2969/2100/2981 2966/2098/2979 2967/2246/3067 2970/2248/3068
f 2970/2249/3068 2967/2247/3067 2965/2080/2961 2968/2082/2963
f 2972/2106/2987 2969/2100/2981 2970/2248/3068 2973/2250/3069
f 2973/2251/3069 2970/2249/3068 2968/2082/2963 2971/2084/2965
f 2975/2110/2991 2972/2106/2987 2973/2250/3069 2976/2252/3070
f 2976/2253/3070 2973/2251/3069 2971/2084/2965 2974/2086/2967
f 2978/2114/2995 2975/2110/2991 2976/2252/3070 2979/2254/3071
f 2979/2255/3071 2976/2253/3070 2974/2086/2967 2977/2088/2969
f 2981/2092/2973 2978/2114/2995 2979/2254/3071 2982/2256/3072
f 2982/2257/3072 2979/2255/3071 2977/2088/2969 2980/2065/2946
f 2944/2093/2974 2981/2092/2973 2982/2256/3072 2946/2258/3073
f 2946/2259/3073 2982/2257/3072 2980/2065/2946 2945/2064/2945
f 2947/2103/2984 2984/2102/2983 2987/2197/3028 2949/2234/3061
f 2949/2237/3061 2987/2192/3028 2983/2069/2950 2948/2068/2949
f 2984/2102/2983 3032/2105/2986 3034/2207/3035 2989/2195/3031
f 2989/2201/3031 3034/2204/3035 3031/2203/3034 2985/2198/3032
f 3042/2070/2951 2983/2069/2950 2991/2194/3030 3043/2260/3074
f 3043/2260/3074 2991/2194/3030 2986/2190/3026 3041/2189/2913
f 3039/2184/3023 3042/2185/2951 3043/2261/3074 3040/2262/3075
f 3040/2262/3075 3043/2261/3074 3041/2030/2913 3038/2029/2912
f 3048/2175/2922 3050/2174/3018 3052/2263/3045 3049/2264/3046
f 3049/2265/3046 3052/2266/3045 3051/2160/2985 3047/2159/2990
f 3054/2152/2919 3048/2175/2922 3049/2264/3046 3055/2267/3047
f 3055/2268/3047 3049/2265/3046 3047/2159/2990 3053/2269/2994
f 3057/2153/2918 3054/2152/2919 3055/2267/3047 3058/2270/3048
f 3058/2271/3048 3055/2268/3047 3053/2269/2994 3056/2272/2960
f 3060/2157/3014 3057/2153/2918 3058/2270/3048 3061/2273/3049
f 3061/2274/3049 3058/2271/3048 3056/2272/2960 3059/2275/2959
f 3063/2163/2923 3060/2157/3014 3061/2273/3049 3064/2276/3076
f 3064/2277/3076 3061/2274/3049 3059/2275/2959 3062/2278/2978
f 3066/2167/2925 3063/2163/2923 3064/2276/3076 3067/2279/3051
f 3067/2280/3051 3064/2277/3076 3062/2278/2978 3065/2281/3077
f 3069/2169/2927 3066/2167/2925 3067/2279/3051 3070/2282/3052
f 3070/2283/3052 3067/2280/3051 3065/2281/3077 3068/2284/2982
f 3072/2171/3017 3069/2169/2927 3070/2282/3052 3073/2285/3053
f 3073/2286/3053 3070/2283/3052 3068/2284/2982 3071/2287/2988
f 3075/2148/2931 3072/2181/3017 3073/2288/3053 3076/2289/3054
f 3076/2290/3054 3073/2286/3053 3071/2287/2988 3074/2291/2992
f 3078/2149/2933 3075/2148/2931 3076/2289/3054 3079/2292/3055
f 3079/2293/3055 3076/2290/3054 3074/2291/2992 3077/2294/2996
f 3081/2155/2935 3078/2149/2933 3079/2292/3055 3082/2295/3056
f 3082/2296/3056 3079/2293/3055 3077/2294/2996 3080/2297/2976
f 3044/2165/2937 3081/2155/2935 3082/2295/3056 3046/2298/3078
f 3046/2299/3078 3082/2296/3056 3080/2297/2976 3045/2300/2975
f 3050/2174/3018 3085/2183/3024 3089/2216/3043 3052/2263/3045
f 3052/2266/3045 3089/2213/3043 3084/2212/3042 3051/2160/2985
f 3085/2183/3024 3039/2182/3023 3040/2301/3075 3090/2214/3044
f 3090/2214/3044 3040/2301/3075 3038/2058/2912 3086/2057/2940
f 3327/2302/3060 3323/2191/3027 2986/2190/3026 2990/2202/3033
f 3091/2211/3041 3428/2303/3079 3420/2304/3080 3083/2208/3038
f 3086/2057/2940 3423/2056/2939 3428/2305/3079 3091/2217/3041
f 3322/2232/3059 2985/2198/3032 3031/2203/3034 3368/2231/3058
f 3219/2306/3081 3056/2272/2960 3053/2269/2994 3216/2307/3082
f 3225/2308/3083 3062/2278/2978 3059/2275/2959 3222/2309/3084
f 3228/2310/3085 3065/2281/3077 3062/2278/2978 3225/2308/3083
f 3231/2311/3086 3068/2284/2982 3065/2281/3077 3228/2310/3085
f 3234/2312/3087 3071/2287/2988 3068/2284/2982 3231/2311/3086
f 3237/2313/3088 3074/2291/2992 3071/2287/2988 3234/2312/3087
f 3240/2314/3089 3077/2294/2996 3074/2291/2992 3237/2313/3088
f 3243/2315/3090 3080/2297/2976 3077/2294/2996 3240/2314/3089
f 3080/2297/2976 3243/2315/3090 3045/2300/2975
f 3087/2209/3039 3250/2316/3031 3247/2317/2983 3084/2212/3042
f 3083/2208/3038 3246/2318/3032 3250/2316/3031 3087/2209/3039
f 3214/2161/3016 3051/2160/2985 3084/2212/3042 3247/2317/2983
f 3216/2307/3082 3053/2269/2994 3047/2159/2990 3210/2158/3015
f 3559/2319/3091 3556/2320/3092 3393/2321/3093 3396/2322/3094
f 3541/2323/2914 3544/2324/2911 3207/2325/2912 3204/2326/2913
f 3171/2327/3095 3508/2328/3096 3511/2329/3097 3174/2330/3098
f 3162/2179/3022 3499/2178/3021 3505/2331/3099 3168/2332/3100
f 3174/2330/3098 3511/2329/3097 3514/2333/3101 3177/2334/3102
f 3177/2334/3102 3514/2333/3101 3517/2335/3103 3180/2336/3104
f 3180/2336/3104 3517/2335/3103 3520/2337/3105 3183/2338/3106
f 3183/2338/3106 3520/2337/3105 3523/2339/3107 3186/2340/3108
f 3186/2340/3108 3523/2339/3107 3526/2341/3109 3189/2342/3110
f 3189/2342/3110 3526/2341/3109 3529/2343/3111 3192/2344/3112
f 3192/2344/3112 3529/2343/3111 3532/2345/3113 3195/2346/3114
f 3195/2346/3114 3532/2345/3113 3329/2055/2938 2992/2054/2937
f 3168/2332/3100 3505/2331/3099 3508/2328/3096 3171/2327/3095
f 3586/2347/3027 3541/2348/2914 3204/2349/2913 3249/2350/3026
f 3131/2351/3115 3109/2352/3116 3108/2353/3117 3128/2354/3118
f 2945/2064/2945 2931/2067/2948 3115/2355/3119 3149/2356/3120
f 3117/2357/3121 3105/2358/3122 3208/2359/3023 3152/2360/3024
f 3125/2361/3123 3107/2362/3124 3106/2363/3125 3122/2364/3126
f 3126/2365/3127 3170/2366/3081 3173/2367/3084 3129/2368/3128
f 3128/2354/3118 3108/2353/3117 3107/2362/3124 3125/2361/3123
f 3134/2369/3129 3110/2370/3130 3109/2352/3116 3131/2351/3115
f 3137/2371/3131 3111/2372/3132 3110/2370/3130 3134/2369/3129
f 3140/2373/3133 3112/2374/3134 3111/2372/3132 3137/2371/3131
f 3143/2375/3135 3113/2376/3136 3112/2374/3134 3140/2373/3133
f 3146/2377/3137 3114/2378/3138 3113/2376/3136 3143/2375/3135
f 3149/2356/3120 3115/2355/3119 3114/2378/3138 3146/2377/3137
f 3119/2379/3139 3104/2380/3140 3105/2358/3122 3117/2357/3121
f 3122/2364/3126 3106/2363/3125 3104/2380/3140 3119/2379/3139
f 3150/2381/3141 3194/2382/3090 2993/2094/2975 2944/2093/2974
f 3129/2368/3128 3173/2367/3084 3176/2383/3083 3132/2384/3142
f 3132/2384/3142 3176/2383/3083 3179/2385/3085 3135/2386/3143
f 3135/2386/3143 3179/2385/3085 3182/2387/3086 3138/2388/3144
f 3153/2389/3042 3198/2390/3145 3165/2391/3016 3116/2392/3146
f 3138/2388/3144 3182/2387/3086 3185/2393/3087 3141/2394/3147
f 3116/2392/3146 3165/2391/3016 3161/2395/3015 3120/2396/3148
f 3141/2394/3147 3185/2393/3087 3188/2397/3088 3144/2398/3149
f 3120/2396/3148 3161/2395/3015 3167/2399/3082 3123/2400/3150
f 3144/2398/3149 3188/2397/3088 3191/2401/3089 3147/2402/3151
f 3123/2400/3150 3167/2399/3082 3170/2366/3081 3126/2365/3127
f 3147/2402/3151 3191/2401/3089 3194/2382/3090 3150/2381/3141
f 3093/2403/3152 3105/2404/3122 3104/2405/3140 3092/2406/3153
f 3092/2406/3153 3104/2405/3140 3106/2407/3125 3094/2408/3154
f 3094/2408/3154 3106/2407/3125 3107/2409/3124 3095/2410/3155
f 3095/2410/3155 3107/2409/3124 3108/2411/3117 3096/2412/3156
f 3096/2412/3156 3108/2411/3117 3109/2413/3116 3097/2414/3157
f 3097/2414/3157 3109/2413/3116 3110/2415/3130 3098/2416/3158
f 3098/2416/3158 3110/2415/3130 3111/2417/3132 3099/2418/3159
f 3099/2418/3159 3111/2417/3132 3112/2419/3134 3100/2420/3160
f 3100/2420/3160 3112/2419/3134 3113/2421/3136 3101/2422/3161
f 3101/2422/3161 3113/2421/3136 3114/2423/3138 3102/2424/3162
f 3102/2424/3162 3114/2423/3138 3115/2425/3119 3103/2426/3163
f 3103/2426/3163 3115/2425/3119 2931/2141/2948 2918/2140/3009
f 3536/2427/3164 3199/2428/3165 3203/2429/3166 3540/2430/3167
f 3102/2431/3162 3241/2432/3112 3238/2433/3168 3101/2434/3161
f 3095/2435/3155 3220/2436/3095 3217/2437/3100 3094/2438/3154
f 3103/2439/3163 3244/2440/3114 3241/2432/3112 3102/2431/3162
f 3096/2441/3156 3223/2442/3169 3220/2436/3095 3095/2435/3155
f 3097/2443/3157 3226/2444/3102 3223/2442/3169 3096/2441/3156
f 2918/2164/3009 3044/2165/2937 3244/2440/3114 3103/2439/3163
f 3098/2445/3158 3229/2446/3104 3226/2444/3102 3097/2443/3157
f 3099/2447/3159 3232/2448/3106 3229/2446/3104 3098/2445/3158
f 3100/2449/3160 3235/2450/3108 3232/2448/3106 3099/2447/3159
f 3092/2451/3153 3211/2452/3022 3213/2453/3019 3093/2454/3152
f 3420/2304/3080 3583/2455/3059 3246/2318/3032 3083/2208/3038
f 3101/2434/3161 3238/2433/3168 3235/2450/3108 3100/2449/3160
f 3094/2438/3154 3217/2437/3100 3211/2452/3022 3092/2451/3153
f 3093/2454/3152 3213/2453/3019 3248/2456/3170 3205/2457/2951
f 3205/2458/2951 3208/2459/3023 3105/2404/3122 3093/2403/3152
f 3501/2177/3020 3164/2176/3019 3199/2428/3165 3536/2427/3164
f 3544/2460/2911 3492/2461/2939 3155/2462/2940 3207/2463/2912
f 3152/2360/3024 3160/2464/3044 3157/2465/3040 3156/2466/3043
f 3153/2389/3042 3156/2467/3043 3157/2468/3040 3158/2469/3039
f 3154/2470/3038 3158/2471/3039 3157/2472/3040 3159/2473/3171
f 3155/2462/2940 3159/2474/3171 3157/2465/3040 3160/2464/3044
f 3197/2475/3172 3203/2429/3166 3201/2476/3173 3200/2477/3174
f 3198/2390/3145 3200/2478/3174 3201/2476/3173 3202/2479/3175
f 3199/2428/3165 3202/2479/3175 3201/2476/3173 3203/2429/3166
f 3246/2318/3032 3254/2480/3176 3251/2481/3029 3250/2316/3031
f 3247/2317/2983 3250/2316/3031 3251/2481/3029 3252/2482/3028
f 3248/2456/3170 3252/2483/3028 3251/2484/3029 3253/2485/3030
f 3249/2350/3026 3253/2485/3030 3251/2484/3029 3254/2486/3176
f 3162/2179/3022 3163/2487/3177 3166/2488/3178 3164/2176/3019
f 3163/2487/3177 3161/2395/3015 3165/2391/3016 3166/2488/3178
f 3168/2332/3100 3169/2489/3179 3163/2487/3177 3162/2179/3022
f 3169/2489/3179 3167/2399/3082 3161/2395/3015 3163/2487/3177
f 3171/2327/3095 3172/2490/3180 3169/2489/3179 3168/2332/3100
f 3172/2490/3180 3170/2366/3081 3167/2399/3082 3169/2489/3179
f 3174/2330/3098 3175/2491/3181 3172/2490/3180 3171/2327/3095
f 3175/2491/3181 3173/2367/3084 3170/2366/3081 3172/2490/3180
f 3177/2334/3102 3178/2492/3182 3175/2491/3181 3174/2330/3098
f 3178/2492/3182 3176/2383/3083 3173/2367/3084 3175/2491/3181
f 3180/2336/3104 3181/2493/3183 3178/2492/3182 3177/2334/3102
f 3181/2493/3183 3179/2385/3085 3176/2383/3083 3178/2492/3182
f 3183/2338/3106 3184/2494/3184 3181/2493/3183 3180/2336/3104
f 3184/2494/3184 3182/2387/3086 3179/2385/3085 3181/2493/3183
f 3186/2340/3108 3187/2495/3185 3184/2494/3184 3183/2338/3106
f 3187/2495/3185 3185/2393/3087 3182/2387/3086 3184/2494/3184
f 3189/2342/3110 3190/2496/3186 3187/2495/3185 3186/2340/3108
f 3190/2496/3186 3188/2397/3088 3185/2393/3087 3187/2495/3185
f 3192/2344/3112 3193/2497/3187 3190/2496/3186 3189/2342/3110
f 3193/2497/3187 3191/2401/3089 3188/2397/3088 3190/2496/3186
f 3195/2346/3114 3196/2498/3188 3193/2497/3187 3192/2344/3112
f 3196/2498/3188 3194/2382/3090 3191/2401/3089 3193/2497/3187
f 2992/2054/2937 2994/2230/3057 3196/2498/3188 3195/2346/3114
f 2994/2230/3057 2993/2094/2975 3194/2382/3090 3196/2498/3188
f 3540/2430/3167 3203/2429/3166 3197/2475/3172 3534/2499/3189
f 3491/2500/3080 3154/2470/3038 3159/2473/3171 3496/2501/3190
f 3164/2176/3019 3166/2488/3178 3202/2479/3175 3199/2428/3165
f 3166/2488/3178 3165/2391/3016 3198/2390/3145 3202/2479/3175
f 3120/2396/3148 3121/2502/3191 3118/2503/3192 3116/2392/3146
f 3121/2504/3191 3119/2379/3139 3117/2357/3121 3118/2505/3192
f 3123/2400/3150 3124/2506/3193 3121/2502/3191 3120/2396/3148
f 3124/2507/3193 3122/2364/3126 3119/2379/3139 3121/2504/3191
f 3126/2365/3127 3127/2508/3194 3124/2506/3193 3123/2400/3150
f 3127/2509/3194 3125/2361/3123 3122/2364/3126 3124/2507/3193
f 3129/2368/3128 3130/2510/3195 3127/2508/3194 3126/2365/3127
f 3130/2511/3195 3128/2354/3118 3125/2361/3123 3127/2509/3194
f 3132/2384/3142 3133/2512/3196 3130/2510/3195 3129/2368/3128
f 3133/2513/3196 3131/2351/3115 3128/2354/3118 3130/2511/3195
f 3135/2386/3143 3136/2514/3197 3133/2512/3196 3132/2384/3142
f 3136/2515/3197 3134/2369/3129 3131/2351/3115 3133/2513/3196
f 3138/2388/3144 3139/2516/3198 3136/2514/3197 3135/2386/3143
f 3139/2517/3198 3137/2371/3131 3134/2369/3129 3136/2515/3197
f 3141/2394/3147 3142/2518/3199 3139/2516/3198 3138/2388/3144
f 3142/2519/3199 3140/2373/3133 3137/2371/3131 3139/2517/3198
f 3144/2398/3149 3145/2520/3200 3142/2518/3199 3141/2394/3147
f 3145/2521/3200 3143/2375/3135 3140/2373/3133 3142/2519/3199
f 3147/2402/3151 3148/2522/3201 3145/2520/3200 3144/2398/3149
f 3148/2523/3201 3146/2377/3137 3143/2375/3135 3145/2521/3200
f 3150/2381/3141 3151/2524/3202 3148/2522/3201 3147/2402/3151
f 3151/2525/3202 3149/2356/3120 3146/2377/3137 3148/2523/3201
f 2944/2093/2974 2946/2258/3073 3151/2524/3202 3150/2381/3141
f 2946/2259/3073 2945/2064/2945 3149/2356/3120 3151/2525/3202
f 3116/2392/3146 3118/2503/3192 3156/2467/3043 3153/2389/3042
f 3118/2505/3192 3117/2357/3121 3152/2360/3024 3156/2466/3043
f 3153/2389/3042 3158/2469/3039 3200/2478/3174 3198/2390/3145
f 3158/2471/3039 3154/2470/3038 3197/2475/3172 3200/2477/3174
f 3208/2359/3023 3209/2526/3075 3160/2464/3044 3152/2360/3024
f 3209/2526/3075 3207/2463/2912 3155/2462/2940 3160/2464/3044
f 3205/2458/2951 3206/2527/3074 3209/2528/3075 3208/2459/3023
f 3206/2527/3074 3204/2326/2913 3207/2325/2912 3209/2528/3075
f 3211/2452/3022 3212/2529/3177 3215/2530/3178 3213/2453/3019
f 3212/2531/3177 3210/2158/3015 3214/2161/3016 3215/2532/3178
f 3217/2437/3100 3218/2533/3179 3212/2529/3177 3211/2452/3022
f 3218/2534/3179 3216/2307/3082 3210/2158/3015 3212/2531/3177
f 3220/2436/3095 3221/2535/3180 3218/2533/3179 3217/2437/3100
f 3221/2536/3180 3219/2306/3081 3216/2307/3082 3218/2534/3179
f 3223/2442/3169 3224/2537/3181 3221/2535/3180 3220/2436/3095
f 3224/2538/3181 3222/2309/3084 3219/2306/3081 3221/2536/3180
f 3226/2444/3102 3227/2539/3203 3224/2537/3181 3223/2442/3169
f 3227/2540/3203 3225/2308/3083 3222/2309/3084 3224/2538/3181
f 3229/2446/3104 3230/2541/3183 3227/2539/3203 3226/2444/3102
f 3230/2542/3183 3228/2310/3085 3225/2308/3083 3227/2540/3203
f 3232/2448/3106 3233/2543/3204 3230/2541/3183 3229/2446/3104
f 3233/2544/3204 3231/2311/3086 3228/2310/3085 3230/2542/3183
f 3235/2450/3108 3236/2545/3185 3233/2543/3204 3232/2448/3106
f 3236/2546/3185 3234/2312/3087 3231/2311/3086 3233/2544/3204
f 3238/2433/3168 3239/2547/3186 3236/2545/3185 3235/2450/3108
f 3239/2548/3186 3237/2313/3088 3234/2312/3087 3236/2546/3185
f 3241/2432/3112 3242/2549/3187 3239/2547/3186 3238/2433/3168
f 3242/2550/3187 3240/2314/3089 3237/2313/3088 3239/2548/3186
f 3244/2440/3114 3245/2551/3188 3242/2549/3187 3241/2432/3112
f 3245/2552/3188 3243/2315/3090 3240/2314/3089 3242/2550/3187
f 3044/2165/2937 3046/2298/3078 3245/2551/3188 3244/2440/3114
f 3046/2299/3078 3045/2300/2975 3243/2315/3090 3245/2552/3188
f 3213/2453/3019 3215/2530/3178 3252/2483/3028 3248/2456/3170
f 3215/2532/3178 3214/2161/3016 3247/2317/2983 3252/2482/3028
f 3248/2456/3170 3253/2485/3030 3206/2553/3074 3205/2457/2951
f 3253/2485/3030 3249/2350/3026 3204/2349/2913 3206/2553/3074
f 3496/2554/3190 3159/2474/3171 3155/2462/2940 3492/2461/2939
f 3246/2318/3032 3583/2455/3059 3591/2555/3205 3254/2480/3176
f 3254/2486/3176 3591/2556/3205 3586/2347/3027 3249/2350/3026
f 3491/2500/3080 3534/2499/3189 3197/2475/3172 3154/2470/3038
f 3299/2557/3206 3274/2558/3207 3273/2559/3208 3296/2560/3209
f 3282/2561/3210 3268/2562/3211 3280/2563/3212 3317/2564/3213
f 3285/2565/3214 3270/2566/3215 3379/2567/3216 3320/2568/3217
f 3293/2569/3218 3272/2570/3219 3271/2571/3220 3290/2572/3221
f 3294/2573/3222 3341/2574/3093 3344/2575/3094 3297/2576/3223
f 3296/2560/3209 3273/2559/3208 3272/2570/3219 3293/2569/3218
f 3302/2577/3224 3275/2578/3225 3274/2558/3207 3299/2557/3206
f 3305/2579/3226 3276/2580/3227 3275/2578/3225 3302/2577/3224
f 3308/2581/3228 3277/2582/3229 3276/2580/3227 3305/2579/3226
f 3311/2583/3230 3278/2584/3231 3277/2582/3229 3308/2581/3228
f 3314/2585/3232 3279/2586/3233 3278/2584/3231 3311/2583/3230
f 3317/2564/3213 3280/2563/3212 3279/2586/3233 3314/2585/3232
f 3287/2587/3234 3269/2588/3235 3270/2566/3215 3285/2565/3214
f 3290/2572/3221 3271/2571/3220 3269/2588/3235 3287/2587/3234
f 3318/2589/3236 3365/2590/3237 3330/2591/3238 3281/2592/3239
f 3297/2576/3223 3344/2575/3094 3347/2593/3240 3300/2594/3241
f 3300/2594/3241 3347/2593/3240 3350/2595/3242 3303/2596/3243
f 3303/2596/3243 3350/2595/3242 3353/2597/3244 3306/2598/3245
f 3321/2599/3246 3369/2600/3247 3336/2601/3248 3284/2602/3249
f 3306/2598/3245 3353/2597/3244 3356/2603/3250 3309/2604/3251
f 3284/2602/3249 3336/2601/3248 3332/2605/3252 3288/2606/3253
f 3309/2604/3251 3356/2603/3250 3359/2607/3254 3312/2608/3255
f 3288/2606/3253 3332/2605/3252 3338/2609/3256 3291/2610/3257
f 3312/2608/3255 3359/2607/3254 3362/2611/3258 3315/2612/3259
f 3291/2610/3257 3338/2609/3256 3341/2574/3093 3294/2573/3222
f 3315/2612/3259 3362/2611/3258 3365/2590/3237 3318/2589/3236
f 3257/2613/3260 3270/2614/3215 3269/2615/3235 3256/2616/3261
f 3256/2616/3261 3269/2615/3235 3271/2617/3220 3258/2618/3262
f 3258/2618/3262 3271/2617/3220 3272/2619/3219 3259/2620/3263
f 3259/2620/3263 3272/2619/3219 3273/2621/3208 3260/2622/3264
f 3260/2622/3264 3273/2621/3208 3274/2623/3207 3261/2624/3265
f 3261/2624/3265 3274/2623/3207 3275/2625/3225 3262/2626/3266
f 3262/2626/3266 3275/2625/3225 3276/2627/3227 3263/2628/3267
f 3263/2628/3267 3276/2627/3227 3277/2629/3229 3264/2630/3268
f 3264/2630/3268 3277/2629/3229 3278/2631/3231 3265/2632/3269
f 3265/2632/3269 3278/2631/3231 3279/2633/3233 3266/2634/3270
f 3266/2634/3270 3279/2633/3233 3280/2635/3212 3267/2636/3271
f 3267/2637/3271 3280/2638/3212 3268/2639/3211 3255/2640/3272
f 3266/2641/3270 3415/2642/2934 3412/2643/3273 3265/2644/3269
f 3259/2645/3263 3394/2646/2917 3391/2647/2920 3258/2648/3262
f 3267/2649/3271 3418/2650/2936 3415/2642/2934 3266/2641/3270
f 3260/2651/3264 3397/2652/3274 3394/2646/2917 3259/2645/3263
f 3547/2653/3275 3551/2654/3276 3388/2655/3248 3384/2656/3252
f 3261/2657/3265 3400/2658/2924 3397/2652/3274 3260/2651/3264
f 3255/2659/3272 3381/2660/2938 3418/2650/2936 3267/2649/3271
f 3262/2661/3266 3403/2662/2926 3400/2658/2924 3261/2657/3265
f 3263/2663/3267 3406/2664/2928 3403/2662/2926 3262/2661/3266
f 3264/2665/3268 3409/2666/2930 3406/2664/2928 3263/2663/3267
f 3256/2667/3261 3385/2668/2921 3387/2669/3025 3257/2670/3260
f 3265/2644/3269 3412/2643/3273 3409/2666/2930 3264/2665/3268
f 3258/2648/3262 3391/2647/2920 3385/2668/2921 3256/2667/3261
f 3257/2670/3260 3387/2669/3025 3422/2671/3277 3376/2672/3278
f 3376/2673/3278 3379/2674/3216 3270/2614/3215 3257/2613/3260
f 3320/2568/3217 3328/2675/3279 3325/2676/3280 3324/2677/3281
f 3321/2599/3246 3324/2678/3281 3325/2679/3280 3326/2680/3282
f 3322/2232/3059 3326/2681/3282 3325/2682/3280 3327/2233/3060
f 3323/2191/3027 3327/2302/3060 3325/2676/3280 3328/2675/3279
f 3368/2231/3058 3374/2143/3011 3372/2683/3283 3371/2684/3284
f 3369/2600/3247 3371/2685/3284 3372/2683/3283 3373/2686/3285
f 3370/2142/3010 3373/2686/3285 3372/2683/3283 3374/2143/3011
f 3420/2304/3080 3428/2303/3079 3425/2687/3286 3424/2688/3287
f 3421/2689/3288 3424/2688/3287 3425/2687/3286 3426/2690/3289
f 3422/2671/3277 3426/2691/3289 3425/2692/3286 3427/2693/3290
f 3423/2056/2939 3427/2693/3290 3425/2692/3286 3428/2305/3079
f 3333/2038/2921 3334/2694/3291 3337/2695/3292 3335/2186/3025
f 3334/2694/3291 3332/2605/3252 3336/2601/3248 3337/2695/3292
f 3339/2037/2920 3340/2696/3293 3334/2694/3291 3333/2038/2921
f 3340/2696/3293 3338/2609/3256 3332/2605/3252 3334/2694/3291
f 3342/2034/2917 3343/2697/3294 3340/2696/3293 3339/2037/2920
f 3343/2697/3294 3341/2574/3093 3338/2609/3256 3340/2696/3293
f 3345/2033/2916 3346/2698/3295 3343/2697/3294 3342/2034/2917
f 3346/2698/3295 3344/2575/3094 3341/2574/3093 3343/2697/3294
f 3348/2041/2924 3349/2699/3296 3346/2698/3295 3345/2033/2916
f 3349/2699/3296 3347/2593/3240 3344/2575/3094 3346/2698/3295
f 3351/2043/2926 3352/2700/3297 3349/2699/3296 3348/2041/2924
f 3352/2700/3297 3350/2595/3242 3347/2593/3240 3349/2699/3296
f 3354/2045/2928 3355/2701/3298 3352/2700/3297 3351/2043/2926
f 3355/2701/3298 3353/2597/3244 3350/2595/3242 3352/2700/3297
f 3357/2047/2930 3358/2702/3299 3355/2701/3298 3354/2045/2928
f 3358/2702/3299 3356/2603/3250 3353/2597/3244 3355/2701/3298
f 3360/2049/2932 3361/2703/3300 3358/2702/3299 3357/2047/2930
f 3361/2703/3300 3359/2607/3254 3356/2603/3250 3358/2702/3299
f 3363/2051/2934 3364/2704/3301 3361/2703/3300 3360/2049/2932
f 3364/2704/3301 3362/2611/3258 3359/2607/3254 3361/2703/3300
f 3366/2053/2936 3367/2705/3302 3364/2704/3301 3363/2051/2934
f 3367/2705/3302 3365/2590/3237 3362/2611/3258 3364/2704/3301
f 3329/2055/2938 3331/2706/3303 3367/2705/3302 3366/2053/2936
f 3331/2706/3303 3330/2591/3238 3365/2590/3237 3367/2705/3302
f 3335/2186/3025 3337/2695/3292 3373/2686/3285 3370/2142/3010
f 3337/2695/3292 3336/2601/3248 3369/2600/3247 3373/2686/3285
f 3288/2606/3253 3289/2707/3304 3286/2708/3305 3284/2602/3249
f 3289/2709/3304 3287/2587/3234 3285/2565/3214 3286/2710/3305
f 3291/2610/3257 3292/2711/3306 3289/2707/3304 3288/2606/3253
f 3292/2712/3306 3290/2572/3221 3287/2587/3234 3289/2709/3304
f 3294/2573/3222 3295/2713/3307 3292/2711/3306 3291/2610/3257
f 3295/2714/3307 3293/2569/3218 3290/2572/3221 3292/2712/3306
f 3297/2576/3223 3298/2715/3308 3295/2713/3307 3294/2573/3222
f 3298/2716/3308 3296/2560/3209 3293/2569/3218 3295/2714/3307
f 3300/2594/3241 3301/2717/3309 3298/2715/3308 3297/2576/3223
f 3301/2718/3309 3299/2557/3206 3296/2560/3209 3298/2716/3308
f 3303/2596/3243 3304/2719/3310 3301/2717/3309 3300/2594/3241
f 3304/2720/3310 3302/2577/3224 3299/2557/3206 3301/2718/3309
f 3306/2598/3245 3307/2721/3311 3304/2719/3310 3303/2596/3243
f 3307/2722/3311 3305/2579/3226 3302/2577/3224 3304/2720/3310
f 3309/2604/3251 3310/2723/3312 3307/2721/3311 3306/2598/3245
f 3310/2724/3312 3308/2581/3228 3305/2579/3226 3307/2722/3311
f 3312/2608/3255 3313/2725/3313 3310/2723/3312 3309/2604/3251
f 3313/2726/3313 3311/2583/3230 3308/2581/3228 3310/2724/3312
f 3315/2612/3259 3316/2727/3314 3313/2725/3313 3312/2608/3255
f 3316/2728/3314 3314/2585/3232 3311/2583/3230 3313/2726/3313
f 3318/2589/3236 3319/2729/3315 3316/2727/3314 3315/2612/3259
f 3319/2730/3315 3317/2564/3213 3314/2585/3232 3316/2728/3314
f 3281/2592/3239 3283/2731/3316 3319/2729/3315 3318/2589/3236
f 3283/2732/3316 3282/2561/3210 3317/2564/3213 3319/2730/3315
f 3284/2602/3249 3286/2708/3305 3324/2678/3281 3321/2599/3246
f 3286/2710/3305 3285/2565/3214 3320/2568/3217 3324/2677/3281
f 3321/2599/3246 3326/2680/3282 3371/2685/3284 3369/2600/3247
f 3326/2681/3282 3322/2232/3059 3368/2231/3058 3371/2684/3284
f 3379/2567/3216 3380/2733/3317 3328/2675/3279 3320/2568/3217
f 3380/2733/3317 3378/2188/2914 3323/2191/3027 3328/2675/3279
f 3376/2673/3278 3377/2734/3318 3380/2735/3317 3379/2674/3216
f 3377/2734/3318 3375/2028/2911 3378/2031/2914 3380/2735/3317
f 3385/2668/2921 3386/2736/3291 3389/2737/3292 3387/2669/3025
f 3386/2738/3291 3384/2656/3252 3388/2655/3248 3389/2739/3292
f 3391/2647/2920 3392/2740/3293 3386/2736/3291 3385/2668/2921
f 3392/2741/3293 3390/2742/3256 3384/2656/3252 3386/2738/3291
f 3394/2646/2917 3395/2743/3294 3392/2740/3293 3391/2647/2920
f 3395/2744/3294 3393/2321/3093 3390/2742/3256 3392/2741/3293
f 3397/2652/3274 3398/2745/3295 3395/2743/3294 3394/2646/2917
f 3398/2746/3295 3396/2322/3094 3393/2321/3093 3395/2744/3294
f 3400/2658/2924 3401/2747/3319 3398/2745/3295 3397/2652/3274
f 3401/2748/3319 3399/2749/3240 3396/2322/3094 3398/2746/3295
f 3403/2662/2926 3404/2750/3297 3401/2747/3319 3400/2658/2924
f 3404/2751/3297 3402/2752/3242 3399/2749/3240 3401/2748/3319
f 3406/2664/2928 3407/2753/3320 3404/2750/3297 3403/2662/2926
f 3407/2754/3320 3405/2755/3244 3402/2752/3242 3404/2751/3297
f 3409/2666/2930 3410/2756/3299 3407/2753/3320 3406/2664/2928
f 3410/2757/3299 3408/2758/3250 3405/2755/3244 3407/2754/3320
f 3412/2643/3273 3413/2759/3300 3410/2756/3299 3409/2666/2930
f 3413/2760/3300 3411/2761/3254 3408/2758/3250 3410/2757/3299
f 3415/2642/2934 3416/2762/3301 3413/2759/3300 3412/2643/3273
f 3416/2763/3301 3414/2764/3258 3411/2761/3254 3413/2760/3300
f 3418/2650/2936 3419/2765/3302 3416/2762/3301 3415/2642/2934
f 3419/2766/3302 3417/2767/3237 3414/2764/3258 3416/2763/3301
f 3381/2660/2938 3383/2768/3321 3419/2765/3302 3418/2650/2936
f 3383/2769/3321 3382/2770/3238 3417/2767/3237 3419/2766/3302
f 3387/2669/3025 3389/2737/3292 3426/2691/3289 3422/2671/3277
f 3389/2739/3292 3388/2655/3248 3421/2689/3288 3426/2690/3289
f 3422/2671/3277 3427/2693/3290 3377/2771/3318 3376/2672/3278
f 3427/2693/3290 3423/2056/2939 3375/2059/2911 3377/2771/3318
f 3556/2320/3092 3553/2772/3322 3390/2742/3256 3393/2321/3093
f 3562/2773/3323 3559/2319/3091 3396/2322/3094 3399/2749/3240
f 3565/2774/3324 3562/2773/3323 3399/2749/3240 3402/2752/3242
f 3568/2775/3325 3565/2774/3324 3402/2752/3242 3405/2755/3244
f 3571/2776/3326 3568/2775/3325 3405/2755/3244 3408/2758/3250
f 3574/2777/3327 3571/2776/3326 3408/2758/3250 3411/2761/3254
f 3577/2778/3328 3574/2777/3327 3411/2761/3254 3414/2764/3258
f 3580/2779/3329 3577/2778/3328 3414/2764/3258 3417/2767/3237
f 3382/2770/3238 3580/2779/3329 3417/2767/3237
f 3553/2772/3322 3547/2653/3275 3384/2656/3252 3390/2742/3256
f 3551/2654/3276 3584/2780/3246 3421/2689/3288 3388/2655/3248
f 3421/2689/3288 3584/2780/3246 3587/2781/3282 3424/2688/3287
f 3424/2688/3287 3587/2781/3282 3583/2455/3059 3420/2304/3080
f 3468/2782/3330 3465/2783/3331 3445/2784/3332 3446/2785/3333
f 3282/2561/3210 3486/2786/3334 3452/2787/3335 3268/2562/3211
f 3454/2788/3336 3489/2789/3277 3545/2790/3278 3442/2791/3337
f 3462/2792/3338 3459/2793/3339 3443/2794/3340 3444/2795/3341
f 3463/2796/3342 3466/2797/3343 3510/2798/3091 3507/2799/3092
f 3465/2783/3331 3462/2800/3338 3444/2801/3341 3445/2784/3332
f 3471/2802/3344 3468/2782/3330 3446/2785/3333 3447/2803/3345
f 3474/2804/3346 3471/2802/3344 3447/2803/3345 3448/2805/3347
f 3477/2806/3348 3474/2804/3346 3448/2805/3347 3449/2807/3349
f 3480/2808/3350 3477/2806/3348 3449/2807/3349 3450/2809/3351
f 3483/2810/3352 3480/2808/3350 3450/2809/3351 3451/2811/3353
f 3486/2786/3334 3483/2810/3352 3451/2811/3353 3452/2787/3335
f 3456/2812/3354 3454/2788/3336 3442/2791/3337 3441/2813/3355
f 3459/2793/3339 3456/2812/3354 3441/2813/3355 3443/2794/3340
f 3487/2814/3356 3281/2592/3239 3330/2591/3238 3531/2815/3329
f 3466/2797/3343 3469/2816/3357 3513/2817/3323 3510/2798/3091
f 3469/2816/3357 3472/2818/3358 3516/2819/3359 3513/2817/3323
f 3472/2818/3358 3475/2820/3360 3519/2821/3325 3516/2819/3359
f 3490/2822/3288 3453/2823/3361 3502/2824/3276 3535/2825/3362
f 3475/2820/3360 3478/2826/3363 3522/2827/3326 3519/2821/3325
f 3453/2823/3361 3457/2828/3364 3498/2829/3275 3502/2824/3276
f 3478/2826/3363 3481/2830/3365 3525/2831/3327 3522/2827/3326
f 3457/2828/3364 3460/2832/3366 3504/2833/3322 3498/2829/3275
f 3481/2830/3365 3484/2834/3367 3528/2835/3328 3525/2831/3327
f 3460/2832/3366 3463/2796/3342 3507/2799/3092 3504/2833/3322
f 3484/2834/3367 3487/2814/3356 3531/2815/3329 3528/2835/3328
f 3430/2836/3368 3429/2837/3369 3441/2838/3355 3442/2839/3337
f 3429/2837/3369 3431/2840/3370 3443/2841/3340 3441/2838/3355
f 3431/2840/3370 3432/2842/3371 3444/2843/3341 3443/2841/3340
f 3432/2842/3371 3433/2844/3372 3445/2845/3332 3444/2843/3341
f 3433/2844/3372 3434/2846/3373 3446/2847/3333 3445/2845/3332
f 3434/2846/3373 3435/2848/3374 3447/2849/3345 3446/2847/3333
f 3435/2848/3374 3436/2850/3375 3448/2851/3347 3447/2849/3345
f 3436/2850/3375 3437/2852/3376 3449/2853/3349 3448/2851/3347
f 3437/2852/3376 3438/2854/3377 3450/2855/3351 3449/2853/3349
f 3438/2854/3377 3439/2856/3378 3451/2857/3353 3450/2855/3351
f 3439/2856/3378 3440/2858/3379 3452/2859/3335 3451/2857/3353
f 3440/2858/3379 3255/2640/3272 3268/2639/3211 3452/2859/3335
f 3439/2860/3378 3438/2861/3377 3575/2862/3109 3578/2863/3111
f 3432/2864/3371 3431/2865/3370 3554/2866/3099 3557/2867/3096
f 3440/2868/3379 3439/2860/3378 3578/2863/3111 3581/2869/3113
f 3433/2870/3372 3432/2864/3371 3557/2867/3096 3560/2871/3380
f 3434/2872/3373 3433/2870/3372 3560/2871/3380 3563/2873/3101
f 3255/2659/3272 3440/2868/3379 3581/2869/3113 3381/2660/2938
f 3435/2874/3374 3434/2872/3373 3563/2873/3101 3566/2875/3103
f 3436/2876/3375 3435/2874/3374 3566/2875/3103 3569/2877/3105
f 3437/2878/3376 3436/2876/3375 3569/2877/3105 3572/2879/3381
f 3429/2880/3369 3430/2881/3368 3550/2882/3020 3548/2883/3021
f 3438/2861/3377 3437/2878/3376 3572/2879/3381 3575/2862/3109
f 3431/2865/3370 3429/2880/3369 3548/2883/3021 3554/2866/3099
f 3430/2881/3368 3542/2884/3216 3585/2885/3217 3550/2882/3020
f 3542/2886/3216 3430/2836/3368 3442/2839/3337 3545/2887/3278
f 3489/2789/3277 3493/2888/3289 3494/2889/3286 3497/2890/3290
f 3490/2822/3288 3495/2891/3287 3494/2892/3286 3493/2893/3289
f 3491/2500/3080 3496/2501/3190 3494/2894/3286 3495/2895/3287
f 3492/2461/2939 3497/2890/3290 3494/2889/3286 3496/2554/3190
f 3534/2499/3189 3537/2896/3382 3538/2897/3383 3540/2430/3167
f 3535/2825/3362 3539/2898/3384 3538/2897/3383 3537/2899/3382
f 3536/2427/3164 3540/2430/3167 3538/2897/3383 3539/2898/3384
f 3583/2455/3059 3587/2781/3282 3588/2900/3280 3591/2555/3205
f 3584/2780/3246 3589/2901/3281 3588/2900/3280 3587/2781/3282
f 3585/2885/3217 3590/2902/3279 3588/2903/3280 3589/2904/3281
f 3586/2347/3027 3591/2556/3205 3588/2903/3280 3590/2902/3279
f 3499/2178/3021 3501/2177/3020 3503/2905/3385 3500/2906/3386
f 3500/2906/3386 3503/2905/3385 3502/2824/3276 3498/2829/3275
f 3505/2331/3099 3499/2178/3021 3500/2906/3386 3506/2907/3387
f 3506/2907/3387 3500/2906/3386 3498/2829/3275 3504/2833/3322
f 3508/2328/3096 3505/2331/3099 3506/2907/3387 3509/2908/3388
f 3509/2908/3388 3506/2907/3387 3504/2833/3322 3507/2799/3092
f 3511/2329/3097 3508/2328/3096 3509/2908/3388 3512/2909/3389
f 3512/2909/3389 3509/2908/3388 3507/2799/3092 3510/2798/3091
f 3514/2333/3101 3511/2329/3097 3512/2909/3389 3515/2910/3390
f 3515/2910/3390 3512/2909/3389 3510/2798/3091 3513/2817/3323
f 3517/2335/3103 3514/2333/3101 3515/2910/3390 3518/2911/3391
f 3518/2911/3391 3515/2910/3390 3513/2817/3323 3516/2819/3359
f 3520/2337/3105 3517/2335/3103 3518/2911/3391 3521/2912/3392
f 3521/2912/3392 3518/2911/3391 3516/2819/3359 3519/2821/3325
f 3523/2339/3107 3520/2337/3105 3521/2912/3392 3524/2913/3393
f 3524/2913/3393 3521/2912/3392 3519/2821/3325 3522/2827/3326
f 3526/2341/3109 3523/2339/3107 3524/2913/3393 3527/2914/3394
f 3527/2914/3394 3524/2913/3393 3522/2827/3326 3525/2831/3327
f 3529/2343/3111 3526/2341/3109 3527/2914/3394 3530/2915/3395
f 3530/2915/3395 3527/2914/3394 3525/2831/3327 3528/2835/3328
f 3532/2345/3113 3529/2343/3111 3530/2915/3395 3533/2916/3396
f 3533/2916/3396 3530/2915/3395 3528/2835/3328 3531/2815/3329
f 3329/2055/2938 3532/2345/3113 3533/2916/3396 3331/2706/3303
f 3331/2706/3303 3533/2916/3396 3531/2815/3329 3330/2591/3238
f 3501/2177/3020 3536/2427/3164 3539/2898/3384 3503/2905/3385
f 3503/2905/3385 3539/2898/3384 3535/2825/3362 3502/2824/3276
f 3457/2828/3364 3453/2823/3361 3455/2917/3397 3458/2918/3398
f 3458/2919/3398 3455/2920/3397 3454/2788/3336 3456/2812/3354
f 3460/2832/3366 3457/2828/3364 3458/2918/3398 3461/2921/3399
f 3461/2922/3399 3458/2919/3398 3456/2812/3354 3459/2793/3339
f 3463/2796/3342 3460/2832/3366 3461/2921/3399 3464/2923/3400
f 3464/2924/3400 3461/2922/3399 3459/2793/3339 3462/2792/3338
f 3466/2797/3343 3463/2796/3342 3464/2923/3400 3467/2925/3401
f 3467/2926/3401 3464/2927/3400 3462/2800/3338 3465/2783/3331
f 3469/2816/3357 3466/2797/3343 3467/2925/3401 3470/2928/3402
f 3470/2929/3402 3467/2926/3401 3465/2783/3331 3468/2782/3330
f 3472/2818/3358 3469/2816/3357 3470/2928/3402 3473/2930/3403
f 3473/2931/3403 3470/2929/3402 3468/2782/3330 3471/2802/3344
f 3475/2820/3360 3472/2818/3358 3473/2930/3403 3476/2932/3404
f 3476/2933/3404 3473/2931/3403 3471/2802/3344 3474/2804/3346
f 3478/2826/3363 3475/2820/3360 3476/2932/3404 3479/2934/3405
f 3479/2935/3405 3476/2933/3404 3474/2804/3346 3477/2806/3348
f 3481/2830/3365 3478/2826/3363 3479/2934/3405 3482/2936/3406
f 3482/2937/3406 3479/2935/3405 3477/2806/3348 3480/2808/3350
f 3484/2834/3367 3481/2830/3365 3482/2936/3406 3485/2938/3407
f 3485/2939/3407 3482/2937/3406 3480/2808/3350 3483/2810/3352
f 3487/2814/3356 3484/2834/3367 3485/2938/3407 3488/2940/3408
f 3488/2941/3408 3485/2939/3407 3483/2810/3352 3486/2786/3334
f 3281/2592/3239 3487/2814/3356 3488/2940/3408 3283/2731/3316
f 3283/2732/3316 3488/2941/3408 3486/2786/3334 3282/2561/3210
f 3453/2823/3361 3490/2822/3288 3493/2893/3289 3455/2917/3397
f 3455/2920/3397 3493/2888/3289 3489/2789/3277 3454/2788/3336
f 3490/2822/3288 3535/2825/3362 3537/2899/3382 3495/2891/3287
f 3495/2895/3287 3537/2896/3382 3534/2499/3189 3491/2500/3080
f 3545/2790/3278 3489/2789/3277 3497/2890/3290 3546/2942/3318
f 3546/2942/3318 3497/2890/3290 3492/2461/2939 3544/2460/2911
f 3542/2886/3216 3545/2887/3278 3546/2943/3318 3543/2944/3317
f 3543/2944/3317 3546/2943/3318 3544/2324/2911 3541/2323/2914
f 3548/2883/3021 3550/2882/3020 3552/2945/3385 3549/2946/3386
f 3549/2947/3386 3552/2948/3385 3551/2654/3276 3547/2653/3275
f 3554/2866/3099 3548/2883/3021 3549/2946/3386 3555/2949/3387
f 3555/2950/3387 3549/2947/3386 3547/2653/3275 3553/2772/3322
f 3557/2867/3096 3554/2866/3099 3555/2949/3387 3558/2951/3388
f 3558/2952/3388 3555/2950/3387 3553/2772/3322 3556/2320/3092
f 3560/2871/3380 3557/2867/3096 3558/2951/3388 3561/2953/3389
f 3561/2954/3389 3558/2952/3388 3556/2320/3092 3559/2319/3091
f 3563/2873/3101 3560/2871/3380 3561/2953/3389 3564/2955/3409
f 3564/2956/3409 3561/2954/3389 3559/2319/3091 3562/2773/3323
f 3566/2875/3103 3563/2873/3101 3564/2955/3409 3567/2957/3391
f 3567/2958/3391 3564/2956/3409 3562/2773/3323 3565/2774/3324
f 3569/2877/3105 3566/2875/3103 3567/2957/3391 3570/2959/3392
f 3570/2960/3392 3567/2958/3391 3565/2774/3324 3568/2775/3325
f 3572/2879/3381 3569/2877/3105 3570/2959/3392 3573/2961/3393
f 3573/2962/3393 3570/2960/3392 3568/2775/3325 3571/2776/3326
f 3575/2862/3109 3572/2879/3381 3573/2961/3393 3576/2963/3394
f 3576/2964/3394 3573/2962/3393 3571/2776/3326 3574/2777/3327
f 3578/2863/3111 3575/2862/3109 3576/2963/3394 3579/2965/3395
f 3579/2966/3395 3576/2964/3394 3574/2777/3327 3577/2778/3328
f 3581/2869/3113 3578/2863/3111 3579/2965/3395 3582/2967/3396
f 3582/2968/3396 3579/2966/3395 3577/2778/3328 3580/2779/3329
f 3381/2660/2938 3581/2869/3113 3582/2967/3396 3383/2768/3321
f 3383/2769/3321 3582/2968/3396 3580/2779/3329 3382/2770/3238
f 3550/2882/3020 3585/2885/3217 3589/2904/3281 3552/2945/3385
f 3552/2948/3385 3589/2901/3281 3584/2780/3246 3551/2654/3276
f 3585/2885/3217 3542/2884/3216 3543/2969/3317 3590/2902/3279
f 3590/2902/3279 3543/2969/3317 3541/2348/2914 3586/2347/3027
f 3222/2309/3084 3059/2275/2959 3056/2272/2960 3219/2306/3081
f 2996/2039/2922 3333/2038/2921 3335/2186/3025 2998/2187/3018
f 3598/2970/3410 3607/2971/3411 3661/2972/3412 3635/2973/3413
f 3622/2974/3414 3596/2975/3415 3593/2976/3416 3610/2977/3417
f 3654/2978/3418 3620/2979/3419 3618/2980/3420 3656/2981/3421
f 3639/2982/3422 3627/2983/3423 3631/2984/3424 3633/2985/3425
f 3653/2986/3426 3604/2987/3427 3597/2988/3428 3621/2989/3429
f 3630/2990/3430 3600/2991/3431 3599/2992/3432 3634/2993/3433
f 3647/2994/3434 3602/2995/3435 3601/2996/3436 3629/2997/3437
f 3608/2998/3438 3645/2999/3439 3642/3000/3440 3612/3001/3441
f 3662/3002/3442 3606/3003/3443 3605/3004/3444 3652/3005/3445
f 3625/3006/3446 3613/3007/3447 3641/3008/3448 3651/3009/3449
f 3638/3010/3450 3616/3011/3451 3614/3012/3452 3624/3013/3453
f 3648/3014/3454 3628/3015/3455 3626/3016/3456 3650/3017/3457
f 3615/3018/3458 3619/3019/3459 3623/3020/3460 3609/3021/3461
f 3632/3022/3462 3663/3023/3463 3660/3024/3464 3636/3025/3465
f 3617/3026/3466 3637/3027/3467 3659/3028/3468 3657/3029/3469
f 3644/3030/3470 3594/3031/3471 3603/3032/3472 3646/3033/3473
f 3608/2998/3438 3609/3021/3461 3610/2977/3417 3611/3034/3474
f 3612/3001/3441 3613/3007/3447 3614/3012/3452 3615/3018/3458
f 3616/3011/3451 3617/3026/3466 3618/2980/3420 3619/3019/3459
f 3620/2979/3419 3621/2989/3429 3622/2974/3414 3623/3020/3460
f 3624/3013/3453 3625/3006/3446 3626/3016/3456 3627/2983/3423
f 3628/3015/3455 3629/2997/3437 3630/2990/3430 3631/2984/3424
f 3632/3022/3462 3633/2985/3425 3634/2993/3433 3635/2973/3413
f 3636/3025/3465 3637/3027/3467 3638/3010/3450 3639/2982/3422
f 3640/3035/3475 3641/3036/3448 3642/3037/3440
f 3643/3038/3476 3644/3039/3470 3645/3040/3439
f 3646/3041/3473 3647/3042/3434 3648/3043/3454
f 3649/3044/3477 3650/3045/3457 3651/3046/3449
f 3652/3047/3445 3653/3048/3426 3654/3049/3418
f 3655/3050/3478 3656/3051/3421 3657/3052/3469
f 3658/3053/3479 3659/3054/3468 3660/3055/3464
f 3661/3056/3412 3662/3057/3442 3663/3058/3463
f 3608/2998/3438 3612/3001/3441 3615/3018/3458 3609/3021/3461
f 3614/3012/3452 3616/3011/3451 3619/3019/3459 3615/3018/3458
f 3618/2980/3420 3620/2979/3419 3623/3020/3460 3619/3019/3459
f 3622/2974/3414 3610/2977/3417 3609/3021/3461 3623/3020/3460
f 3632/3022/3462 3636/3025/3465 3639/2982/3422 3633/2985/3425
f 3638/3010/3450 3624/3013/3453 3627/2983/3423 3639/2982/3422
f 3626/3016/3456 3628/3015/3455 3631/2984/3424 3627/2983/3423
f 3630/2990/3430 3634/2993/3433 3633/2985/3425 3631/2984/3424
f 3611/3034/3474 3643/3059/3476 3645/2999/3439 3608/2998/3438
f 3644/3030/3470 3640/3060/3475 3642/3061/3440 3645/3062/3439
f 3641/3008/3448 3613/3007/3447 3612/3001/3441 3642/3000/3440
f 3649/3063/3477 3646/3033/3473 3648/3064/3454 3650/3065/3457
f 3647/2994/3434 3629/2997/3437 3628/3015/3455 3648/3014/3454
f 3625/3006/3446 3651/3009/3449 3650/3017/3457 3626/3016/3456
f 3635/2973/3413 3661/2972/3412 3663/3023/3463 3632/3022/3462
f 3662/3002/3442 3658/3066/3479 3660/3067/3464 3663/3068/3463
f 3659/3028/3468 3637/3027/3467 3636/3025/3465 3660/3024/3464
f 3655/3069/3478 3652/3005/3445 3654/3070/3418 3656/3071/3421
f 3653/2986/3426 3621/2989/3429 3620/2979/3419 3654/2978/3418
f 3617/3026/3466 3657/3029/3469 3656/2981/3421 3618/2980/3420
f 3621/2989/3429 3597/3072/3428 3596/2975/3415 3622/2974/3414
f 3592/3073/3480 3611/3034/3474 3610/2977/3417 3593/3074/3416
f 3637/3027/3467 3617/3026/3466 3616/3011/3451 3638/3010/3450
f 3613/3007/3447 3625/3006/3446 3624/3013/3453 3614/3012/3452
f 3640/3060/3475 3649/3063/3477 3651/3009/3449 3641/3008/3448
f 3594/3031/3471 3644/3030/3470 3643/3075/3476 3595/3076/3481
f 3658/3066/3479 3655/3069/3478 3657/3029/3469 3659/3028/3468
f 3652/3005/3445 3605/3004/3444 3604/3077/3427 3653/3078/3426
f 3629/2997/3437 3601/2996/3436 3600/2991/3431 3630/2990/3430
f 3598/2970/3410 3635/2973/3413 3634/2993/3433 3599/2992/3432
f 3646/3033/3473 3603/3032/3472 3602/3079/3435 3647/3080/3434
f 3606/3003/3443 3662/3002/3442 3661/3081/3412 3607/3082/3411
f 3592/3073/3480 3595/3083/3481 3643/3059/3476 3611/3034/3474
f 3640/3060/3475 3644/3030/3470 3646/3033/3473 3649/3063/3477
f 3658/3066/3479 3662/3002/3442 3652/3005/3445 3655/3069/3478
f 3598/2970/3410 3691/2973/3482 3717/2972/3483 3607/2971/3411
f 3678/2974/3484 3666/2977/3485 3593/2976/3416 3596/2975/3415
f 3710/2978/3486 3712/2981/3487 3674/2980/3488 3676/2979/3489
f 3695/2982/3490 3689/2985/3491 3687/2984/3492 3683/2983/3493
f 3709/2986/3494 3677/2989/3495 3597/2988/3428 3604/2987/3427
f 3686/2990/3496 3690/2993/3497 3599/2992/3432 3600/2991/3431
f 3703/2994/3498 3685/2997/3499 3601/2996/3436 3602/2995/3435
f 3664/2998/3500 3668/3001/3501 3698/3000/3502 3701/2999/3503
f 3718/3002/3504 3708/3005/3505 3605/3004/3444 3606/3003/3443
f 3681/3006/3506 3707/3009/3507 3697/3008/3508 3669/3007/3509
f 3694/3010/3510 3680/3013/3511 3670/3012/3512 3672/3011/3513
f 3704/3014/3514 3706/3017/3515 3682/3016/3516 3684/3015/3517
f 3671/3018/3518 3665/3021/3519 3679/3020/3520 3675/3019/3521
f 3688/3022/3522 3692/3025/3523 3716/3024/3524 3719/3023/3525
f 3673/3026/3526 3713/3029/3527 3715/3028/3528 3693/3027/3529
f 3700/3030/3530 3702/3033/3531 3603/3032/3472 3594/3031/3471
f 3664/2998/3500 3667/3034/3532 3666/2977/3485 3665/3021/3519
f 3668/3001/3501 3671/3018/3518 3670/3012/3512 3669/3007/3509
f 3672/3011/3513 3675/3019/3521 3674/2980/3488 3673/3026/3526
f 3676/2979/3489 3679/3020/3520 3678/2974/3484 3677/2989/3495
f 3680/3013/3511 3683/2983/3493 3682/3016/3516 3681/3006/3506
f 3684/3015/3517 3687/2984/3492 3686/2990/3496 3685/2997/3499
f 3688/3022/3522 3691/2973/3482 3690/2993/3497 3689/2985/3491
f 3692/3025/3523 3695/2982/3490 3694/3010/3510 3693/3027/3529
f 3696/3035/3533 3698/3037/3502 3697/3036/3508
f 3699/3038/3534 3701/3040/3503 3700/3039/3530
f 3702/3041/3531 3704/3043/3514 3703/3042/3498
f 3705/3044/3535 3707/3046/3507 3706/3045/3515
f 3708/3047/3505 3710/3049/3486 3709/3048/3494
f 3711/3050/3536 3713/3052/3527 3712/3051/3487
f 3714/3053/3537 3716/3055/3524 3715/3054/3528
f 3717/3056/3483 3719/3058/3525 3718/3057/3504
f 3664/2998/3500 3665/3021/3519 3671/3018/3518 3668/3001/3501
f 3670/3012/3512 3671/3018/3518 3675/3019/3521 3672/3011/3513
f 3674/2980/3488 3675/3019/3521 3679/3020/3520 3676/2979/3489
f 3678/2974/3484 3679/3020/3520 3665/3021/3519 3666/2977/3485
f 3688/3022/3522 3689/2985/3491 3695/2982/3490 3692/3025/3523
f 3694/3010/3510 3695/2982/3490 3683/2983/3493 3680/3013/3511
f 3682/3016/3516 3683/2983/3493 3687/2984/3492 3684/3015/3517
f 3686/2990/3496 3687/2984/3492 3689/2985/3491 3690/2993/3497
f 3667/3034/3532 3664/2998/3500 3701/2999/3503 3699/3059/3534
f 3700/3030/3530 3701/3062/3503 3698/3061/3502 3696/3060/3533
f 3697/3008/3508 3698/3000/3502 3668/3001/3501 3669/3007/3509
f 3705/3063/3535 3706/3065/3515 3704/3064/3514 3702/3033/3531
f 3703/2994/3498 3704/3014/3514 3684/3015/3517 3685/2997/3499
f 3681/3006/3506 3682/3016/3516 3706/3017/3515 3707/3009/3507
f 3691/2973/3482 3688/3022/3522 3719/3023/3525 3717/2972/3483
f 3718/3002/3504 3719/3068/3525 3716/3067/3524 3714/3066/3537
f 3715/3028/3528 3716/3024/3524 3692/3025/3523 3693/3027/3529
f 3711/3069/3536 3712/3071/3487 3710/3070/3486 3708/3005/3505
f 3709/2986/3494 3710/2978/3486 3676/2979/3489 3677/2989/3495
f 3673/3026/3526 3674/2980/3488 3712/2981/3487 3713/3029/3527
f 3677/2989/3495 3678/2974/3484 3596/2975/3415 3597/3072/3428
f 3592/3073/3480 3593/3074/3416 3666/2977/3485 3667/3034/3532
f 3693/3027/3529 3694/3010/3510 3672/3011/3513 3673/3026/3526
f 3669/3007/3509 3670/3012/3512 3680/3013/3511 3681/3006/3506
f 3696/3060/3533 3697/3008/3508 3707/3009/3507 3705/3063/3535
f 3594/3031/3471 3595/3076/3481 3699/3075/3534 3700/3030/3530
f 3714/3066/3537 3715/3028/3528 3713/3029/3527 3711/3069/3536
f 3708/3005/3505 3709/3078/3494 3604/3077/3427 3605/3004/3444
f 3685/2997/3499 3686/2990/3496 3600/2991/3431 3601/2996/3436
f 3598/2970/3410 3599/2992/3432 3690/2993/3497 3691/2973/3482
f 3702/3033/3531 3703/3080/3498 3602/3079/3435 3603/3032/3472
f 3606/3003/3443 3607/3082/3411 3717/3081/3483 3718/3002/3504
f 3592/3073/3480 3667/3034/3532 3699/3059/3534 3595/3083/3481
f 3696/3060/3533 3705/3063/3535 3702/3033/3531 3700/3030/3530
f 3714/3066/3537 3711/3069/3536 3708/3005/3505 3718/3002/3504
f 3725/3084/3538 3724/3085/3539 3733/3086/3540 3734/3087/3541
f 3724/3088/3539 3723/3089/3542 3732/3090/3543 3733/3091/3540
f 3721/3092/3544 3720/3093/3545 3729/3094/3546 3730/3095/3547
f 3723/3089/3542 3722/3096/3548 3731/3097/3549 3732/3090/3543
f 3722/3096/3548 3721/3092/3544 3730/3095/3547 3731/3097/3549
f 3720/3093/3545 3728/3098/3550 3737/3099/3551 3729/3094/3546
f 3728/3098/3550 3727/3100/3552 3736/3101/3553 3737/3099/3551
f 3727/3100/3552 3726/3102/3554 3735/3103/3555 3736/3101/3553
f 3726/3102/3554 3725/3084/3538 3734/3087/3541 3735/3103/3555
f 3732/3090/3543 3731/3097/3549 3740/3104/3556 3741/3105/3557
f 3736/3101/3553 3735/3103/3555 3744/3106/3558 3745/3107/3559
f 3733/3091/3540 3732/3090/3543 3741/3105/3557 3742/3108/3560
f 3730/3095/3547 3729/3094/3546 3738/3109/3561 3739/3110/3562
f 3737/3099/3551 3736/3101/3553 3745/3107/3559 3746/3111/3563
f 3734/3087/3541 3733/3086/3540 3742/3112/3560 3743/3113/3564
f 3731/3097/3549 3730/3095/3547 3739/3110/3562 3740/3104/3556
f 3729/3094/3546 3737/3099/3551 3746/3111/3563 3738/3109/3561
f 3735/3103/3555 3734/3087/3541 3743/3113/3564 3744/3106/3558
f 3740/3104/3556 3739/3110/3562 3748/3114/3565 3749/3115/3566
f 3738/3109/3561 3746/3111/3563 3755/3116/3567 3747/3117/3568
f 3744/3106/3558 3743/3113/3564 3752/3118/3569 3753/3119/3570
f 3741/3105/3557 3740/3104/3556 3749/3115/3566 3750/3120/3571
f 3745/3107/3559 3744/3106/3558 3753/3119/3570 3754/3121/3572
f 3742/3108/3560 3741/3105/3557 3750/3120/3571 3751/3122/3573
f 3739/3110/3562 3738/3109/3561 3747/3117/3568 3748/3114/3565
f 3746/3111/3563 3745/3107/3559 3754/3121/3572 3755/3116/3567
f 3743/3113/3564 3742/3112/3560 3751/3123/3573 3752/3118/3569
f 3728/3098/3550 3720/3093/3545 3764/3124/3574 3756/3125/3575
f 3721/3092/3544 3722/3096/3548 3762/3126/3576 3763/3127/3577
f 3724/3085/3539 3725/3084/3538 3759/3128/3578 3760/3129/3579
f 3727/3100/3552 3728/3098/3550 3756/3125/3575 3757/3130/3580
f 3720/3093/3545 3721/3092/3544 3763/3127/3577 3764/3124/3574
f 3723/3089/3542 3724/3088/3539 3760/3131/3579 3761/3132/3581
f 3726/3102/3554 3727/3100/3552 3757/3130/3580 3758/3133/3582
f 3722/3096/3548 3723/3089/3542 3761/3132/3581 3762/3126/3576
f 3725/3084/3538 3726/3102/3554 3758/3133/3582 3759/3128/3578
f 3796/3134/3583 3751/3122/3573 3750/3120/3571 3795/3135/3584
f 3800/3136/3585 3755/3116/3567 3754/3121/3572 3799/3137/3586
f 3797/3138/3587 3752/3118/3569 3751/3123/3573 3796/3139/3583
f 3794/3140/3588 3749/3115/3566 3748/3114/3565 3793/3141/3589
f 3792/3142/3590 3747/3117/3568 3755/3116/3567 3800/3136/3585
f 3798/3143/3591 3753/3119/3570 3752/3118/3569 3797/3138/3587
f 3795/3135/3584 3750/3120/3571 3749/3115/3566 3794/3140/3588
f 3799/3137/3586 3754/3121/3572 3753/3119/3570 3798/3143/3591
f 3770/3144/3592 3779/3145/3593 3778/3146/3594 3769/3147/3595
f 3769/3148/3595 3778/3149/3594 3777/3150/3596 3768/3151/3597
f 3766/3152/3598 3775/3153/3599 3774/3154/3600 3765/3155/3601
f 3768/3151/3597 3777/3150/3596 3776/3156/3602 3767/3157/3603
f 3767/3157/3603 3776/3156/3602 3775/3153/3599 3766/3152/3598
f 3765/3155/3601 3774/3154/3600 3782/3158/3604 3773/3159/3605
f 3773/3159/3605 3782/3158/3604 3781/3160/3606 3772/3161/3607
f 3772/3161/3607 3781/3160/3606 3780/3162/3608 3771/3163/3609
f 3771/3163/3609 3780/3162/3608 3779/3145/3593 3770/3144/3592
f 3777/3150/3596 3786/3164/3610 3785/3165/3611 3776/3156/3602
f 3781/3160/3606 3790/3166/3612 3789/3167/3613 3780/3162/3608
f 3778/3149/3594 3787/3168/3614 3786/3164/3610 3777/3150/3596
f 3775/3153/3599 3784/3169/3615 3783/3170/3616 3774/3154/3600
f 3782/3158/3604 3791/3171/3617 3790/3166/3612 3781/3160/3606
f 3779/3145/3593 3788/3172/3618 3787/3173/3614 3778/3146/3594
f 3776/3156/3602 3785/3165/3611 3784/3169/3615 3775/3153/3599
f 3774/3154/3600 3783/3170/3616 3791/3171/3617 3782/3158/3604
f 3780/3162/3608 3789/3167/3613 3788/3172/3618 3779/3145/3593
f 3785/3165/3611 3794/3140/3588 3793/3141/3589 3784/3169/3615
f 3783/3170/3616 3792/3142/3590 3800/3136/3585 3791/3171/3617
f 3789/3167/3613 3798/3143/3591 3797/3138/3587 3788/3172/3618
f 3786/3164/3610 3795/3135/3584 3794/3140/3588 3785/3165/3611
f 3790/3166/3612 3799/3137/3586 3798/3143/3591 3789/3167/3613
f 3787/3168/3614 3796/3134/3583 3795/3135/3584 3786/3164/3610
f 3784/3169/3615 3793/3141/3589 3792/3142/3590 3783/3170/3616
f 3791/3171/3617 3800/3136/3585 3799/3137/3586 3790/3166/3612
f 3788/3172/3618 3797/3138/3587 3796/3139/3583 3787/3173/3614
f 3773/3159/3605 3801/3174/3619 3809/3175/3620 3765/3155/3601
f 3766/3152/3598 3808/3176/3621 3807/3177/3622 3767/3157/3603
f 3769/3147/3595 3805/3178/3623 3804/3179/3624 3770/3144/3592
f 3772/3161/3607 3802/3180/3625 3801/3174/3619 3773/3159/3605
f 3765/3155/3601 3809/3175/3620 3808/3176/3621 3766/3152/3598
f 3768/3151/3597 3806/3181/3626 3805/3182/3623 3769/3148/3595
f 3771/3163/3609 3803/3183/3627 3802/3180/3625 3772/3161/3607
f 3767/3157/3603 3807/3177/3622 3806/3181/3626 3768/3151/3597
f 3770/3144/3592 3804/3179/3624 3803/3183/3627 3771/3163/3609
f 3793/3141/3589 3748/3114/3565 3747/3117/3568 3792/3142/3590
f 3815/3084/3628 3824/3087/3629 3823/3086/3630 3814/3085/3631
f 3814/3088/3631 3823/3091/3630 3822/3090/3632 3813/3089/3633
f 3811/3092/3634 3820/3095/3635 3819/3094/3636 3810/3093/3637
f 3813/3089/3633 3822/3090/3632 3821/3097/3638 3812/3096/3639
f 3812/3096/3639 3821/3097/3638 3820/3095/3635 3811/3092/3634
f 3810/3093/3637 3819/3094/3636 3827/3099/3640 3818/3098/3641
f 3818/3098/3641 3827/3099/3640 3826/3101/3642 3817/3100/3643
f 3817/3100/3643 3826/3101/3642 3825/3103/3644 3816/3102/3645
f 3816/3102/3645 3825/3103/3644 3824/3087/3629 3815/3084/3628
f 3822/3090/3632 3831/3105/3646 3830/3104/3647 3821/3097/3638
f 3826/3101/3642 3835/3107/3648 3834/3106/3649 3825/3103/3644
f 3823/3091/3630 3832/3108/3650 3831/3105/3646 3822/3090/3632
f 3820/3095/3635 3829/3110/3651 3828/3109/3652 3819/3094/3636
f 3827/3099/3640 3836/3111/3653 3835/3107/3648 3826/3101/3642
f 3824/3087/3629 3833/3113/3654 3832/3112/3650 3823/3086/3630
f 3821/3097/3638 3830/3104/3647 3829/3110/3651 3820/3095/3635
f 3819/3094/3636 3828/3109/3652 3836/3111/3653 3827/3099/3640
f 3825/3103/3644 3834/3106/3649 3833/3113/3654 3824/3087/3629
f 3830/3104/3647 3839/3115/3655 3838/3114/3656 3829/3110/3651
f 3828/3109/3652 3837/3117/3657 3845/3116/3658 3836/3111/3653
f 3834/3106/3649 3843/3119/3659 3842/3118/3660 3833/3113/3654
f 3831/3105/3646 3840/3120/3661 3839/3115/3655 3830/3104/3647
f 3835/3107/3648 3844/3121/3662 3843/3119/3659 3834/3106/3649
f 3832/3108/3650 3841/3122/3663 3840/3120/3661 3831/3105/3646
f 3829/3110/3651 3838/3114/3656 3837/3117/3657 3828/3109/3652
f 3836/3111/3653 3845/3116/3658 3844/3121/3662 3835/3107/3648
f 3833/3113/3654 3842/3118/3660 3841/3123/3663 3832/3112/3650
f 3818/3098/3641 3756/3125/3575 3764/3124/3574 3810/3093/3637
f 3811/3092/3634 3763/3127/3577 3762/3126/3576 3812/3096/3639
f 3814/3085/3631 3760/3129/3579 3759/3128/3578 3815/3084/3628
f 3817/3100/3643 3757/3130/3580 3756/3125/3575 3818/3098/3641
f 3810/3093/3637 3764/3124/3574 3763/3127/3577 3811/3092/3634
f 3813/3089/3633 3761/3132/3581 3760/3131/3579 3814/3088/3631
f 3816/3102/3645 3758/3133/3582 3757/3130/3580 3817/3100/3643
f 3812/3096/3639 3762/3126/3576 3761/3132/3581 3813/3089/3633
f 3815/3084/3628 3759/3128/3578 3758/3133/3582 3816/3102/3645
f 3877/3134/3664 3876/3135/3665 3840/3120/3661 3841/3122/3663
f 3881/3136/3666 3880/3137/3667 3844/3121/3662 3845/3116/3658
f 3878/3138/3668 3877/3139/3664 3841/3123/3663 3842/3118/3660
f 3875/3140/3669 3874/3141/3670 3838/3114/3656 3839/3115/3655
f 3873/3142/3671 3881/3136/3666 3845/3116/3658 3837/3117/3657
f 3879/3143/3672 3878/3138/3668 3842/3118/3660 3843/3119/3659
f 3876/3135/3665 3875/3140/3669 3839/3115/3655 3840/3120/3661
f 3880/3137/3667 3879/3143/3672 3843/3119/3659 3844/3121/3662
f 3851/3144/3673 3850/3147/3674 3859/3146/3675 3860/3145/3676
f 3850/3148/3674 3849/3151/3677 3858/3150/3678 3859/3149/3675
f 3847/3152/3679 3846/3155/3680 3855/3154/3681 3856/3153/3682
f 3849/3151/3677 3848/3157/3683 3857/3156/3684 3858/3150/3678
f 3848/3157/3683 3847/3152/3679 3856/3153/3682 3857/3156/3684
f 3846/3155/3680 3854/3159/3685 3863/3158/3686 3855/3154/3681
f 3854/3159/3685 3853/3161/3687 3862/3160/3688 3863/3158/3686
f 3853/3161/3687 3852/3163/3689 3861/3162/3690 3862/3160/3688
f 3852/3163/3689 3851/3144/3673 3860/3145/3676 3861/3162/3690
f 3858/3150/3678 3857/3156/3684 3866/3165/3691 3867/3164/3692
f 3862/3160/3688 3861/3162/3690 3870/3167/3693 3871/3166/3694
f 3859/3149/3675 3858/3150/3678 3867/3164/3692 3868/3168/3695
f 3856/3153/3682 3855/3154/3681 3864/3170/3696 3865/3169/3697
f 3863/3158/3686 3862/3160/3688 3871/3166/3694 3872/3171/3698
f 3860/3145/3676 3859/3146/3675 3868/3173/3695 3869/3172/3699
f 3857/3156/3684 3856/3153/3682 3865/3169/3697 3866/3165/3691
f 3855/3154/3681 3863/3158/3686 3872/3171/3698 3864/3170/3696
f 3861/3162/3690 3860/3145/3676 3869/3172/3699 3870/3167/3693
f 3866/3165/3691 3865/3169/3697 3874/3141/3670 3875/3140/3669
f 3864/3170/3696 3872/3171/3698 3881/3136/3666 3873/3142/3671
f 3870/3167/3693 3869/3172/3699 3878/3138/3668 3879/3143/3672
f 3867/3164/3692 3866/3165/3691 3875/3140/3669 3876/3135/3665
f 3871/3166/3694 3870/3167/3693 3879/3143/3672 3880/3137/3667
f 3868/3168/3695 3867/3164/3692 3876/3135/3665 3877/3134/3664
f 3865/3169/3697 3864/3170/3696 3873/3142/3671 3874/3141/3670
f 3872/3171/3698 3871/3166/3694 3880/3137/3667 3881/3136/3666
f 3869/3172/3699 3868/3173/3695 3877/3139/3664 3878/3138/3668
f 3854/3159/3685 3846/3155/3680 3809/3175/3620 3801/3174/3619
f 3847/3152/3679 3848/3157/3683 3807/3177/3622 3808/3176/3621
f 3850/3147/3674 3851/3144/3673 3804/3179/3624 3805/3178/3623
f 3853/3161/3687 3854/3159/3685 3801/3174/3619 3802/3180/3625
f 3846/3155/3680 3847/3152/3679 3808/3176/3621 3809/3175/3620
f 3849/3151/3677 3850/3148/3674 3805/3182/3623 3806/3181/3626
f 3852/3163/3689 3853/3161/3687 3802/3180/3625 3803/3183/3627
f 3848/3157/3683 3849/3151/3677 3806/3181/3626 3807/3177/3622
f 3851/3144/3673 3852/3163/3689 3803/3183/3627 3804/3179/3624
f 3874/3141/3670 3873/3142/3671 3837/3117/3657 3838/3114/3656
