# Blender v3.0.0 OBJ File: 'house.blend'
# www.blender.org
mtllib house.mtl
o House_20_Cube.004
v -1.277226 1.612638 1.333776
v -1.175701 1.752695 1.485658
v -1.245544 1.667421 1.434450
v -1.201119 1.737537 -1.470788
v -1.290088 1.601438 -1.333003
v -1.263305 1.653360 -1.427311
v 1.193376 1.740969 1.469510
v 1.291646 1.610811 1.322964
v 1.262925 1.659909 1.420672
v 1.286115 1.598398 -1.334742
v 1.194814 1.728331 -1.473435
v 1.258206 1.646940 -1.429477
v -1.121333 0.188264 1.360575
v -1.229619 0.189676 1.318041
v -1.273904 0.189715 1.215495
v -1.119259 0.186342 -1.372740
v -1.225643 0.186329 -1.333006
v -1.269703 0.186247 -1.237161
v 1.270110 0.186232 -1.237165
v 1.226052 0.186315 -1.333010
v 1.119671 0.186335 -1.372742
v 1.121667 0.188295 1.360410
v 1.229464 0.189831 1.317840
v 1.273653 0.189822 1.215338
v -1.182118 0.006898 1.281891
v -1.137879 0.006628 1.299418
v -1.200354 0.006939 1.239595
v -1.136817 0.005787 -1.312642
v -1.180716 0.005787 -1.296056
v -1.198899 0.005787 -1.256044
v 1.199316 0.005787 -1.256044
v 1.181133 0.005787 -1.296057
v 1.137234 0.005787 -1.312641
v 1.138091 0.006690 1.299381
v 1.182264 0.006979 1.281843
v 1.200489 0.007023 1.239546
v -1.122911 1.545222 1.489271
v -1.241949 1.448852 -1.436989
v -1.283751 1.412954 -1.333599
v 1.238495 1.443866 -1.438512
v 1.133062 1.507875 -1.482376
v 1.259663 1.463615 1.422647
v 1.298001 1.427634 1.316058
v -1.234191 1.472575 1.437186
v -1.278905 1.430408 1.327004
v -1.137221 1.514640 -1.480569
v 1.280962 1.410086 -1.334867
v 1.155861 1.529027 1.470918
v 0.160699 2.884039 -1.557396
v -0.166238 2.879810 -1.558453
v -0.002899 2.949344 -1.560712
v -0.160558 2.940330 1.499553
v 0.162221 2.939708 1.498739
v 0.001341 3.014426 1.497935
v 0.577406 0.186565 1.360201
v -0.576616 0.186731 1.360328
v 0.000294 0.186494 1.360252
v -0.576584 0.186319 -1.372745
v 0.576948 0.186319 -1.372746
v 0.000182 0.186319 -1.372745
v 0.628500 0.005787 -1.312642
v -0.628135 0.005787 -1.312641
v 0.000182 0.005787 -1.312642
v 0.628500 0.005787 1.299276
v -0.628135 0.005787 1.299276
v 0.000182 0.005787 1.299276
v 0.087269 2.602613 1.503837
v -0.088551 2.603991 1.505755
v -0.000313 2.640869 1.504669
v -0.096508 2.574117 -1.536923
v 0.092206 2.572142 -1.537323
v -0.001990 2.607542 -1.541021
v -1.236858 1.267490 1.416687
v -1.281078 1.246754 1.308810
v -1.129574 1.305798 -1.471131
v 1.277703 1.224283 -1.323853
v 1.163195 1.327532 1.454000
v -1.125750 1.345185 1.470777
v -1.236003 1.240369 -1.424569
v -1.279434 1.226642 -1.323004
v 1.234061 1.237145 -1.425497
v 1.127444 1.301998 -1.472137
v 1.263704 1.260757 1.403882
v 1.300887 1.245215 1.299111
v 0.575764 1.301016 -1.471283
v -0.000471 1.298153 -1.473405
v -0.577847 1.305427 -1.470324
v 1.274728 1.515029 -0.882812
v 1.271530 1.456743 -0.443708
v 1.275401 1.464495 0.426410
v 1.270083 0.185824 -0.815369
v 1.270073 0.185484 -0.411224
v 1.199316 0.005787 -0.837852
v 1.199316 0.005787 -0.420855
v 1.199361 0.005834 0.397115
v 1.273499 1.337927 -0.879741
v 1.271087 1.284040 -0.442869
v 1.276455 1.292786 0.419295
v 1.272717 1.217627 -0.876177
v 1.270827 1.168552 -0.441762
v 1.276708 1.177128 0.413659
v -1.269864 1.423805 0.433065
v -1.270343 1.423403 -0.443251
v -1.275157 1.499845 -0.882298
v -1.269808 0.185632 0.382641
v -1.269657 0.185508 -0.411212
v -1.269669 0.185829 -0.815367
v -1.198954 0.005830 0.397117
v -1.198899 0.005787 -0.420855
v -1.198899 0.005787 -0.837852
v -1.269983 1.264882 0.427135
v -1.270167 1.264252 -0.442321
v -1.273752 1.329277 -0.879365
v -1.270044 1.157193 0.421902
v -1.270054 1.156466 -0.441146
v -1.272850 1.212599 -0.875886
v -1.237607 0.936257 1.374989
v -1.281935 0.955413 1.273175
v -1.122267 0.950757 -1.436772
v 1.273905 0.935791 -1.297298
v 1.154448 0.970777 1.414631
v 0.571254 0.948459 -1.437182
v -1.126843 0.982374 1.425234
v -1.229933 0.914012 -1.391763
v -1.274499 0.937224 -1.296899
v 1.229440 0.912632 -1.392123
v 1.122012 0.949721 -1.437038
v 1.255898 0.933042 1.366806
v 1.296183 0.954746 1.266608
v 0.000099 0.948080 -1.437454
v -0.571205 0.949028 -1.437058
v 1.271816 1.049278 -0.868797
v 1.270512 1.009677 -0.439100
v -1.270091 1.005567 0.413039
v -1.269923 1.004820 -0.438587
v -1.271794 1.047527 -0.868606
v -1.235848 0.672516 1.343467
v -1.231814 0.350315 1.321604
v -1.280739 0.721615 1.245142
v -1.276163 0.347490 1.218806
v -1.120090 0.646305 -1.401518
v -1.119382 0.349799 -1.378834
v 1.271886 0.707025 -1.273289
v 1.270295 0.341633 -1.244164
v 1.136597 0.657156 1.381053
v 1.124600 0.353809 1.363396
v -0.575589 0.352581 1.364134
v 0.572839 0.645456 -1.401713
v 0.575751 0.349654 -1.378867
v 1.271105 0.872074 -0.858624
v 1.270136 0.339222 -0.823513
v 1.270290 0.844540 -0.435053
v 1.270097 0.337333 -0.416794
v -1.270094 0.844081 0.402871
v -1.269889 0.337558 0.383431
v -1.269816 0.843424 -0.434733
v -1.269665 0.337351 -0.416686
v -1.270940 0.871922 -0.858512
v -1.269736 0.339248 -0.823507
v -1.122599 0.354433 1.364374
v -1.125088 0.661659 1.385665
v -1.225868 0.344408 -1.339226
v -1.227335 0.657952 -1.363202
v -1.269935 0.341723 -1.244141
v -1.271933 0.707755 -1.273106
v 1.226231 0.344321 -1.339247
v 1.227399 0.657394 -1.363342
v 1.119769 0.349752 -1.378846
v 1.120334 0.646031 -1.401586
v 1.232629 0.350487 1.320561
v 1.243844 0.670620 1.339172
v 1.276559 0.347795 1.217979
v 1.287888 0.720452 1.241306
v 0.000889 0.351083 1.363653
v 0.578656 0.351460 1.363333
v 0.000183 0.349654 -1.378868
v 0.000183 0.645455 -1.401714
v -0.575387 0.349654 -1.378868
v -0.572474 0.645456 -1.401713
v 1.277651 1.503864 0.738339
v 1.281231 1.546879 0.989091
v 1.199531 0.006013 0.679779
v 1.199865 0.006365 0.939426
v 1.279867 1.330378 0.728212
v 1.285190 1.370099 0.977124
v 1.286543 1.248467 0.967129
v 1.280564 1.212061 0.719746
v -1.272152 1.532439 0.998540
v -1.270707 1.476333 0.745728
v -1.270413 0.186340 0.661997
v -1.271495 0.187444 0.898922
v -1.199579 0.006325 0.939451
v -1.199166 0.005998 0.679789
v -1.273579 1.360092 0.987524
v -1.271307 1.310884 0.736625
v -1.271612 1.197705 0.728422
v -1.274308 1.241197 0.977586
v 1.285704 1.074311 0.951610
v -1.271844 1.037232 0.714485
v -1.274869 1.069492 0.960100
v -1.271855 0.865838 0.697935
v -1.274903 0.882817 0.939787
v -1.272466 0.342407 0.900674
v -1.270820 0.339652 0.664712
v 1.272763 1.441184 -0.149916
v 1.273992 1.443515 0.132694
v 1.270072 0.185304 -0.139064
v 1.199316 0.005786 -0.145728
v 1.199318 0.005788 0.127127
v 1.272891 1.269475 -0.151715
v 1.274493 1.272089 0.128730
v 1.274541 1.157631 0.125755
v 1.272822 1.155144 -0.152664
v -1.269662 1.396992 0.137050
v -1.269678 1.396978 -0.145341
v -1.269655 0.185390 -0.139039
v -1.269660 0.185395 0.116490
v -1.198901 0.005788 0.127125
v -1.198899 0.005786 -0.145726
v -1.269666 1.241401 0.134009
v -1.269672 1.241380 -0.146139
v -1.269668 1.136513 -0.146671
v -1.269668 1.136537 0.131402
v 1.273684 1.000193 0.122385
v 1.272224 0.998334 -0.152328
v -1.269664 0.989460 -0.147291
v -1.269670 0.989485 0.127105
v 1.271362 0.836175 -0.150648
v 1.270436 0.337067 -0.142869
v -1.269660 0.833088 -0.147515
v -1.269670 0.833110 0.122375
v -1.269663 0.336667 0.115704
v -1.269655 0.336660 -0.141946
v 1.478338 1.188833 1.205916
v 1.253399 1.542137 1.597711
v 1.420936 1.273724 1.468154
v 1.230989 1.529574 -1.652904
v 1.459679 1.159595 -1.282981
v 1.395133 1.258325 -1.533091
v 1.761053 1.443706 -1.298493
v 1.514453 1.780523 -1.665338
v 1.701973 1.576783 -1.552416
v 1.504314 1.776810 1.611159
v 0.171933 2.725606 -1.734398
v 0.163398 2.757657 1.630038
v 0.000343 2.832748 1.631172
v 0.163454 3.038467 -1.762131
v 0.168812 3.108748 1.630305
v -1.097823 0.104792 1.250540
v -1.158145 0.105111 1.193100
v -1.140543 0.105075 1.233713
v -1.159109 1.577436 1.317412
v -1.096717 1.668641 1.383975
v -1.140942 1.610879 1.362258
v -1.156659 0.103898 -1.214211
v -1.096763 0.103907 -1.268455
v -1.139116 0.103905 -1.252564
v -1.117159 1.649793 -1.373438
v -1.172402 1.559889 -1.315225
v -1.156929 1.591903 -1.356464
v 1.158314 0.105181 1.193038
v 1.098085 0.104833 1.250489
v 1.140728 0.105140 1.233651
v 1.117850 1.657180 1.368125
v 1.179206 1.570825 1.303748
v 1.162303 1.601578 1.347590
v 1.097180 0.103906 -1.268455
v 1.157075 0.103897 -1.214212
v 1.139533 0.103904 -1.252565
v 1.168917 1.556744 -1.316790
v 1.112312 1.643534 -1.375539
v 1.152856 1.587208 -1.358257
v -0.004575 3.160594 1.630514
v 0.165447 2.624219 1.267843
v 0.169445 2.615235 -1.346262
v -1.098193 0.187606 1.251114
v -1.141033 0.187952 1.234293
v -1.158655 0.187955 1.193671
v -1.096776 0.186246 -1.270882
v -1.139133 0.186237 -1.255075
v -1.156677 0.186204 -1.216917
v 1.157090 0.186196 -1.216919
v 1.139546 0.186230 -1.255077
v 1.097190 0.186241 -1.270883
v 1.098594 0.187579 1.250986
v 1.141312 0.187966 1.234157
v 1.158891 0.187985 1.193539
v -1.093464 0.104633 1.179889
v -1.052597 0.104445 1.195952
v -1.110335 0.104657 1.141155
v -1.051959 0.103897 -1.217015
v -1.092582 0.103895 -1.201780
v -1.109409 0.103888 -1.165003
v 1.109826 0.103887 -1.165003
v 1.092999 0.103894 -1.201781
v 1.052376 0.103896 -1.217015
v 1.052939 0.104463 1.195916
v 1.093754 0.104666 1.179846
v 1.110611 0.104695 1.141112
v -1.099167 1.518283 1.374253
v -1.151680 1.431963 -1.352842
v -1.167784 1.402738 -1.311238
v 1.148988 1.428583 -1.354081
v 1.108096 1.487721 -1.372556
v 1.170003 1.447308 1.336789
v 1.185749 1.418805 1.292657
v -1.143298 1.456749 1.351159
v -1.161235 1.425154 1.306050
v -1.111415 1.492229 -1.371066
v 1.165499 1.400363 -1.312320
v 1.127095 1.505796 1.358498
v -0.565127 0.103904 -1.268456
v 0.565544 0.103904 -1.268455
v 0.000209 0.103904 -1.268456
v 0.087201 2.768543 -1.434927
v -0.091146 2.767376 -1.435234
v -0.002045 2.804792 -1.437324
v -0.565132 0.103968 1.250403
v 0.565612 0.103940 1.250383
v 0.000226 0.103931 1.250391
v -0.086760 2.808931 1.391415
v 0.088080 2.808548 1.390759
v 0.000845 2.848416 1.390994
v 0.560734 0.186419 1.250844
v -0.559991 0.186562 1.250946
v 0.000300 0.186373 1.250885
v -0.559966 0.186230 -1.270885
v 0.560383 0.186230 -1.270886
v 0.000209 0.186230 -1.270886
v 0.564907 0.103895 -1.217015
v -0.564490 0.103895 -1.217015
v 0.000209 0.103895 -1.217015
v 0.564968 0.103927 1.195852
v -0.564495 0.103952 1.195870
v 0.000224 0.103919 1.195859
v 0.087849 2.561419 1.390773
v -0.088805 2.562484 1.392340
v -0.000217 2.599328 1.391468
v -0.095343 2.538179 -1.417802
v 0.091777 2.536660 -1.418106
v -0.001666 2.572280 -1.421129
v -1.145248 1.257205 1.331288
v -1.162904 1.232590 1.286544
v -1.105234 1.298580 -1.363398
v 1.162073 1.206839 -1.301386
v 1.133108 1.317692 1.342845
v -1.101378 1.332396 1.357426
v -1.146265 1.229924 -1.342350
v -1.163180 1.208393 -1.300778
v 1.144979 1.227923 -1.343029
v 1.103547 1.295959 -1.364237
v 1.173589 1.249599 1.318769
v 1.188365 1.228273 1.274887
v 0.558393 1.294737 -1.363619
v -0.000349 1.292310 -1.365379
v -0.560039 1.298372 -1.362812
v -0.353569 2.414438 -0.460769
v -0.379652 2.417649 -0.486950
v -0.371976 2.415365 -0.468432
v -0.387182 2.568029 -1.211890
v -0.361287 2.575284 -1.239406
v -0.379818 2.573344 -1.231252
v 0.378523 2.420161 -0.486565
v 0.352537 2.416671 -0.460414
v 0.370902 2.417791 -0.468059
v 0.357028 2.574750 -1.239460
v 0.382946 2.567737 -1.211900
v 0.375503 2.572879 -1.231294
v -0.317254 2.966547 -0.551282
v -0.291332 2.964993 -0.524781
v -0.309652 2.965411 -0.532555
v -0.292054 3.040301 -1.188753
v -0.317878 3.035362 -1.160620
v -0.310327 3.038764 -1.180530
v 0.306499 3.054664 -1.155963
v 0.280946 3.058423 -1.184380
v 0.298964 3.057828 -1.175930
v 0.285151 2.975270 -0.522308
v 0.310599 2.978037 -0.548519
v 0.303235 2.976379 -0.529916
v -0.353469 3.289647 -0.461446
v -0.372526 3.310844 -0.442076
v -0.359052 3.304532 -0.455761
v -0.398545 3.311886 -0.468532
v -0.379468 3.290662 -0.487925
v -0.385057 3.305568 -0.482233
v -0.390869 3.311436 -0.449886
v -0.371845 3.290184 -0.469216
v -0.377419 3.305102 -0.463543
v -0.379830 3.338286 -1.227069
v -0.398873 3.360393 -1.247621
v -0.385412 3.352687 -1.232950
v -0.372961 3.363434 -1.276008
v -0.353946 3.341444 -1.255401
v -0.359521 3.355747 -1.261291
v -0.372249 3.340673 -1.247133
v -0.391236 3.362743 -1.267668
v -0.377816 3.355030 -1.253003
v 0.368803 3.310312 -0.483187
v 0.387712 3.332127 -0.463652
v 0.374258 3.325551 -0.477415
v 0.362476 3.329258 -0.437636
v 0.343575 3.307466 -0.457150
v 0.349034 3.322671 -0.451388
v 0.361576 3.308989 -0.464682
v 0.380442 3.330816 -0.445214
v 0.367022 3.324229 -0.458931
v 0.334107 3.377162 -1.246790
v 0.352055 3.401730 -1.266775
v 0.339215 3.392501 -1.252429
v 0.377460 3.400390 -1.237978
v 0.359501 3.375734 -1.218040
v 0.364608 3.391178 -1.223670
v 0.351968 3.377804 -1.238180
v 0.369876 3.402431 -1.258100
v 0.357060 3.393202 -1.243800
v -0.497480 3.313790 -0.315758
v -0.516590 3.335891 -0.296509
v -0.510992 3.320510 -0.302148
v -0.542735 3.336894 -0.322839
v -0.523611 3.314755 -0.342101
v -0.537133 3.321478 -0.328482
v -0.535076 3.336579 -0.304223
v -0.516004 3.314431 -0.323428
v -0.529489 3.321163 -0.309849
v -0.523715 3.382010 -1.385187
v -0.542817 3.404665 -1.405797
v -0.537221 3.390121 -1.399974
v -0.516716 3.407861 -1.434637
v -0.497635 3.385332 -1.414000
v -0.511125 3.393426 -1.428818
v -0.535171 3.407279 -1.426198
v -0.516124 3.384678 -1.405624
v -0.529590 3.392787 -1.420394
v 0.472288 3.434819 -1.402069
v 0.490302 3.459672 -1.422145
v 0.485203 3.444207 -1.416574
v 0.515966 3.457596 -1.393035
v 0.497914 3.432693 -1.372967
v 0.510860 3.442037 -1.387456
v 0.490365 3.435197 -1.393444
v 0.508359 3.460064 -1.413471
v 0.503269 3.444553 -1.407912
v 0.513359 3.334898 -0.337244
v 0.532456 3.357160 -0.317952
v 0.526931 3.341574 -0.323637
v 0.507030 3.354648 -0.291987
v 0.487951 3.332401 -0.311271
v 0.501505 3.339100 -0.297666
v 0.506153 3.333755 -0.318768
v 0.525200 3.356027 -0.299534
v 0.519686 3.340446 -0.305200
v -0.310651 3.618992 -0.504491
v -0.291659 3.598303 -0.523862
v -0.297220 3.612369 -0.518167
v -0.317602 3.600286 -0.550375
v -0.336619 3.621140 -0.530975
v -0.323172 3.614439 -0.544670
v -0.309990 3.599622 -0.531656
v -0.328953 3.620446 -0.512322
v -0.315543 3.613755 -0.525971
v -0.337154 3.645422 -1.173074
v -0.318181 3.623505 -1.153093
v -0.323739 3.637746 -1.158750
v -0.292409 3.624212 -1.180742
v -0.311348 3.645947 -1.200763
v -0.297956 3.638340 -1.186399
v -0.329550 3.646502 -1.192648
v -0.310636 3.624629 -1.172695
v -0.316177 3.638831 -1.178335
v 0.289720 3.682970 -1.191837
v 0.271641 3.658759 -1.172413
v 0.276903 3.673672 -1.177880
v 0.296894 3.660285 -1.144225
v 0.314982 3.684629 -1.163620
v 0.302158 3.675301 -1.149695
v 0.307425 3.685281 -1.183298
v 0.289386 3.660967 -1.163933
v 0.294636 3.675950 -1.169386
v 0.324005 3.643451 -0.525596
v 0.305052 3.621975 -0.545146
v 0.310581 3.636354 -0.539386
v 0.280003 3.617697 -0.519186
v 0.298942 3.639040 -0.499657
v 0.285528 3.631995 -0.513435
v 0.316796 3.641758 -0.507184
v 0.297888 3.620321 -0.526665
v 0.303404 3.634678 -0.520927
v -0.516599 3.617765 -0.296405
v -0.497493 3.636184 -0.315614
v -0.511003 3.631621 -0.302027
v -0.523622 3.638618 -0.341925
v -0.542741 3.620068 -0.322707
v -0.537141 3.634012 -0.328331
v -0.516015 3.637966 -0.323276
v -0.535083 3.619454 -0.304112
v -0.529498 3.633372 -0.309720
v -0.542835 3.665099 -1.396447
v -0.523743 3.680610 -1.374949
v -0.537243 3.677721 -1.389821
v -0.497672 3.681158 -1.403200
v -0.516742 3.665862 -1.424784
v -0.511156 3.678350 -1.418116
v -0.535191 3.666606 -1.416495
v -0.516154 3.682018 -1.394991
v -0.529615 3.679170 -1.409855
v 0.486758 3.724676 -1.410604
v 0.468289 3.738524 -1.389369
v 0.481294 3.736849 -1.404011
v 0.493835 3.739361 -1.360784
v 0.512355 3.725184 -1.381960
v 0.506875 3.737527 -1.375401
v 0.486294 3.740580 -1.380872
v 0.504755 3.726527 -1.402048
v 0.499292 3.738804 -1.395477
v 0.531073 3.643074 -0.317161
v 0.511738 3.661968 -0.336295
v 0.525388 3.657162 -0.322749
v 0.486446 3.657757 -0.310413
v 0.505747 3.639058 -0.291272
v 0.500074 3.653037 -0.296864
v 0.523872 3.641531 -0.298790
v 0.504596 3.660367 -0.317875
v 0.518205 3.655586 -0.304365
v -0.353377 2.632512 -0.461289
v -0.371768 2.633210 -0.468996
v 0.350879 2.637177 -0.460246
v -0.379411 2.634992 -0.487606
v -0.382831 2.760458 -1.221622
v -0.375336 2.765179 -1.241414
v -0.356904 2.767073 -1.249668
v 0.350924 2.774197 -1.247917
v 0.369175 2.638163 -0.467896
v 0.376712 2.640156 -0.486458
v 0.376760 2.768045 -1.219766
v 0.369239 2.772624 -1.239588
v 1.462139 1.140758 0.784973
v 1.455575 1.094839 0.371880
v 1.452076 1.075473 -0.038176
v 1.448750 1.088002 -0.451552
v 1.451647 1.131925 -0.870978
v 1.726331 1.295855 -0.454112
v 1.728707 1.279261 -0.035787
v 0.246373 2.835940 -1.140597
v 0.167609 2.502845 -0.894568
v 0.167194 2.430740 -0.455889
v 0.167426 2.403625 -0.024052
v 0.167541 2.425235 0.406582
v 0.167023 2.498178 0.837239
v -0.000042 2.504427 0.406611
v -0.000526 2.509202 -0.456146
v 1.157073 0.103824 -0.811817
v 1.157072 0.103764 -0.408702
v 1.157119 0.103812 0.382638
v 1.160981 1.471894 -0.881921
v 1.158254 1.412529 -0.443137
v 1.162585 1.419676 0.425417
v 1.157077 0.185819 -0.815370
v 1.157073 0.185506 -0.411213
v 1.109824 0.103818 -0.778856
v 1.109824 0.103762 -0.392292
v 1.109853 0.103792 0.366620
v 1.159900 1.336236 -0.879559
v 1.157944 1.281294 -0.442462
v 1.163441 1.289682 0.419472
v 1.159067 1.216362 -0.876114
v 1.157704 1.166890 -0.441352
v 1.163726 1.175588 0.413847
v 0.671008 2.261456 -1.663374
v 0.605396 2.252437 1.621944
v 0.822579 2.449773 1.625987
v 0.871155 2.334111 -1.346176
v 0.616157 2.128576 1.261963
v 0.651198 2.140748 -1.308062
v 0.635092 2.013893 -0.883084
v 0.628973 1.928536 -0.454704
v 0.628063 1.895475 -0.024840
v 0.627621 1.922150 0.404763
v 0.624514 2.003063 0.833697
v 0.884575 2.137159 -0.024310
v 0.850070 2.121577 0.414774
v 0.845887 2.199257 0.853515
v 1.241979 2.068057 -1.666417
v 1.208200 1.964269 1.274896
v 0.974723 1.751811 1.251460
v 1.364707 1.802190 -1.011980
v 1.593691 1.528547 0.258371
v 1.220483 1.875517 0.840038
v 0.996541 1.849299 -1.653242
v 0.982851 1.852733 1.612403
v 1.206629 2.064586 1.621106
v 1.267767 1.928122 -1.267966
v 0.982166 1.755342 -1.302344
v 0.970616 1.655496 -0.881071
v 0.966405 1.587208 -0.454652
v 0.966277 1.561163 -0.027337
v 0.967212 1.584219 0.397913
v 0.969201 1.650242 0.823604
v 0.432013 2.491158 -1.696777
v 0.387825 2.497437 1.626771
v 0.579934 2.699411 1.628381
v 0.609171 2.569864 -1.373805
v 0.420096 2.372060 -1.326082
v 0.410431 2.247471 -0.888562
v 0.406799 2.164192 -0.455277
v 0.406316 2.132038 -0.024297
v 0.406030 2.158010 0.406117
v 0.403547 2.238809 0.836201
v 0.396699 2.367716 1.265752
v 0.600623 2.446042 -0.915239
v 0.621387 2.477554 -0.913377
v 0.312686 2.757772 0.734847
v 0.594958 2.439629 0.859823
v 1.237349 0.205846 0.115763
v 1.226964 0.207931 0.898181
v 1.236587 0.185372 0.161993
v 1.237651 1.050933 0.465054
v 1.227260 0.186940 0.855215
v 1.237208 1.047192 0.595422
v 1.238424 0.543934 0.114171
v 1.230844 0.529362 0.904792
v -1.156711 0.103810 0.382641
v -1.156655 0.103764 -0.408702
v -1.156656 0.103825 -0.811817
v -1.156747 1.387116 0.431946
v -1.157247 1.386456 -0.443060
v -1.161392 1.460355 -0.881450
v -1.156730 0.185573 0.382631
v -1.156656 0.185507 -0.411213
v -1.156662 0.185821 -0.815369
v -1.109441 0.103791 0.366621
v -1.109406 0.103762 -0.392292
v -1.109407 0.103819 -0.778857
v -1.156822 1.265042 0.427215
v -1.157085 1.264196 -0.442303
v -1.160094 1.328832 -0.879224
v -1.156871 1.157320 0.421973
v -1.156960 1.156388 -0.441145
v -1.159091 1.211971 -0.875882
v -0.291423 3.096909 -0.524750
v -0.309738 3.097265 -0.532538
v 0.283612 3.109904 -0.521618
v -0.317338 3.098104 -0.551284
v -0.317796 3.153627 -1.160853
v -0.310245 3.156551 -1.180785
v -0.291998 3.157858 -1.189001
v 0.278059 3.180968 -1.183428
v 0.295985 3.180857 -1.174924
v 0.303512 3.178227 -1.154921
v 0.308929 3.112633 -0.547782
v 0.301629 3.111135 -0.529195
v 1.284793 1.582528 -1.684341
v 1.460672 1.738689 -1.692232
v 1.493353 1.288693 -1.561021
v 1.684788 1.471442 -1.572770
v 1.744602 1.341261 -1.314955
v 1.559524 1.182208 -1.305649
v 1.301257 1.594122 1.630646
v 1.695305 1.484955 1.510604
v 1.517240 1.305627 1.497522
v 1.578588 1.205330 1.228855
v 1.757277 1.356401 1.241028
v 0.164044 2.806956 1.659801
v 0.168500 3.083058 1.660008
v 0.164347 3.013587 -1.793510
v 0.171197 2.768772 -1.770723
v 0.267679 2.775799 0.923323
v 0.381386 2.663584 0.920277
v 0.417114 2.669354 1.072277
v 1.720961 1.258774 -0.890222
v 1.546985 1.126293 -0.885392
v 1.712340 1.202411 -0.460778
v 1.542472 1.080275 -0.458967
v 1.714953 1.186265 -0.037014
v 1.545660 1.067125 -0.038492
v 1.719015 1.208792 0.384332
v 1.549515 1.087196 0.378505
v 1.557835 1.136023 0.798689
v 1.729612 1.266849 0.808668
v 0.294612 2.791601 1.082889
v 0.235881 2.770483 0.742676
v 0.168336 2.914907 1.089218
v 0.855824 2.428937 -1.709931
v 0.704906 2.299497 -1.694560
v 0.634638 2.291491 1.651959
v 1.040504 1.895683 -1.683487
v 1.200140 2.038401 -1.692349
v 1.020592 1.897812 1.643707
v 0.410692 2.533680 1.656503
v 0.630885 2.646626 1.627921
v 0.457194 2.524697 -1.729873
v 0.593651 2.659867 -1.746980
v 0.380437 2.506047 -0.966486
v 0.379062 2.456628 -0.725029
v 0.307612 3.021826 -0.949079
v 0.309027 2.996564 -0.746937
v 0.380186 3.368087 -0.972779
v 0.383783 3.346129 -0.715371
v 0.370574 3.339213 -0.720203
v 0.367200 3.360362 -0.968323
v 0.365258 3.324042 -0.722321
v 0.362010 3.345153 -0.966665
v 0.519881 3.406985 -1.021350
v 0.525936 3.375057 -0.664620
v 0.520582 3.359568 -0.666705
v 0.514692 3.391538 -1.019716
v 0.507270 3.352644 -0.671466
v 0.501637 3.383795 -1.015210
v 0.498150 3.701483 -1.009121
v 0.504680 3.676903 -0.668897
v 0.518074 3.672499 -0.664247
v 0.511289 3.698005 -1.013766
v 0.523672 3.658601 -0.662400
v 0.516798 3.684646 -1.015917
v 0.299198 3.642938 -0.941012
v 0.302004 3.630547 -0.741606
v 0.307427 3.645045 -0.739507
v 0.304527 3.657635 -0.942642
v 0.320612 3.652541 -0.734669
v 0.317496 3.665828 -0.947001
v 0.376162 2.713397 -0.970048
v 0.376221 2.670820 -0.726085
v 0.305032 3.149541 -0.948068
v 0.306896 3.128031 -0.746037
v 0.117298 2.415040 -0.460670
v -0.118062 2.414495 -0.460797
v 0.093636 2.969971 -0.523447
v -0.098444 2.966391 -0.524311
v 0.118808 3.314029 -0.439756
v -0.125948 3.307405 -0.441353
v -0.121513 3.301673 -0.455029
v 0.114293 3.308163 -0.453464
v -0.119655 3.287292 -0.460717
v 0.112481 3.293653 -0.459184
v 0.167368 3.333726 -0.294236
v -0.173353 3.326507 -0.295976
v -0.171496 3.312018 -0.301613
v 0.165533 3.319153 -0.299893
v -0.167040 3.306046 -0.315205
v 0.160990 3.313138 -0.313495
v 0.160224 3.618425 -0.312990
v -0.167237 3.610203 -0.314973
v -0.171676 3.604834 -0.301411
v 0.164807 3.613052 -0.299429
v -0.173512 3.591465 -0.295800
v 0.166719 3.599660 -0.293825
v -0.105962 3.609169 -0.503595
v 0.097054 3.616215 -0.501897
v 0.092526 3.610599 -0.515611
v -0.101561 3.603734 -0.517266
v 0.090666 3.597235 -0.521329
v -0.099733 3.590463 -0.522961
v 0.116444 2.634711 -0.460779
v -0.118261 2.633158 -0.461151
v 0.092750 3.102534 -0.523054
v -0.098825 3.097999 -0.524148
v -0.380903 2.454354 -0.725436
v -0.383293 2.504639 -0.966780
v -0.317429 2.982126 -0.750414
v -0.317637 3.004698 -0.953207
v -0.398671 3.318318 -0.722076
v -0.398786 3.333344 -0.981156
v -0.385317 3.326843 -0.976404
v -0.385193 3.312165 -0.726725
v -0.379732 3.312507 -0.974536
v -0.379606 3.297610 -0.728694
v -0.542768 3.341877 -0.672620
v -0.542798 3.361809 -1.032242
v -0.537200 3.347209 -1.030403
v -0.537168 3.326902 -0.674581
v -0.523690 3.340473 -1.025656
v -0.523652 3.320462 -0.679226
v -0.523670 3.639598 -0.677891
v -0.523714 3.651265 -1.021229
v -0.537219 3.646939 -1.026078
v -0.537182 3.634868 -0.673320
v -0.542813 3.633362 -1.028281
v -0.542779 3.620936 -0.671481
v -0.337005 3.631327 -0.955319
v -0.336820 3.623877 -0.741581
v -0.323384 3.617274 -0.746203
v -0.323580 3.624479 -0.950636
v -0.317819 3.603220 -0.748195
v -0.318017 3.610421 -0.948852
v -0.379995 2.664363 -0.727579
v -0.381083 2.706043 -0.971800
v -0.317497 3.109732 -0.750448
v -0.317653 3.127778 -0.953315
v -0.121418 2.571672 -1.241046
v 0.118319 2.571423 -1.241065
v -0.099755 3.043096 -1.187973
v 0.091105 3.049429 -1.186444
v -0.128023 3.363260 -1.274498
v 0.113118 3.377083 -1.271166
v 0.108882 3.369218 -1.256621
v -0.123559 3.356030 -1.259801
v 0.107243 3.354929 -1.250854
v -0.121666 3.342144 -1.253937
v -0.175495 3.402493 -1.433136
v 0.158661 3.422783 -1.428245
v 0.157046 3.408700 -1.422552
v -0.173615 3.388889 -1.427329
v 0.152827 3.400625 -1.407893
v -0.169156 3.381493 -1.412506
v -0.169690 3.659703 -1.401467
v 0.150762 3.681881 -1.396119
v 0.155030 3.678939 -1.410898
v -0.174118 3.656117 -1.416401
v 0.156834 3.667151 -1.417527
v -0.175944 3.644118 -1.423080
v 0.091765 3.652313 -1.195965
v -0.108244 3.639283 -1.199106
v -0.103804 3.632705 -1.184775
v 0.087515 3.645081 -1.181791
v -0.101953 3.619298 -1.179137
v 0.085781 3.631376 -1.176225
v -0.120166 2.766719 -1.250094
v 0.115817 2.769243 -1.249467
v -0.100343 3.160876 -1.187941
v 0.089489 3.168955 -1.185992
v -1.145681 0.934126 1.290796
v -1.163259 0.930201 1.248925
v -1.099204 0.964373 -1.334884
v 1.158970 0.910690 -1.274481
v 1.126645 0.981664 1.306228
v 0.554858 0.962628 -1.335185
v -1.102352 0.992020 1.315745
v -1.141496 0.913314 -1.313286
v -1.159070 0.911391 -1.274276
v 1.141397 0.912586 -1.313491
v 1.099068 0.963603 -1.335104
v 1.165690 0.929981 1.282910
v 1.181457 0.928334 1.241329
v 0.000125 0.962265 -1.335449
v -0.554750 0.963172 -1.335065
v 1.158209 1.048479 -0.868831
v 1.157419 1.009034 -0.438765
v -1.156905 1.005635 0.413091
v -1.156830 1.004734 -0.438599
v -1.158054 1.046842 -0.868704
v -1.144460 0.675222 1.259829
v -1.142131 0.347411 1.237652
v -1.162226 0.693091 1.220661
v -1.159767 0.344925 1.196879
v -1.097426 0.673503 -1.303625
v -1.096860 0.349191 -1.278014
v 1.157845 0.680913 -1.250740
v 1.157176 0.341425 -1.224097
v 1.112144 0.682943 1.273828
v 1.100854 0.352143 1.253851
v -0.558963 0.351447 1.254525
v 0.556395 0.672844 -1.303776
v 0.559220 0.349092 -1.278036
v 1.157644 0.871621 -0.858687
v 1.157104 0.339195 -0.823520
v 1.157229 0.844400 -0.434849
v 1.157093 0.337371 -0.416714
v -1.156903 0.844080 0.402900
v -1.156772 0.337476 0.383419
v -1.156744 0.843355 -0.434747
v -1.156660 0.337346 -0.416687
v -1.157366 0.871363 -0.858627
v -1.156695 0.339207 -0.823516
v -1.099079 0.352709 1.254691
v -1.101100 0.687400 1.278226
v -1.139240 0.343852 -1.262053
v -1.139969 0.663084 -1.286811
v -1.156786 0.341467 -1.224087
v -1.157626 0.681225 -1.250662
v 1.139632 0.343811 -1.262063
v 1.140213 0.662808 -1.286880
v 1.097257 0.349159 -1.278021
v 1.097708 0.673289 -1.303678
v 1.143587 0.347333 1.236798
v 1.153967 0.672792 1.255742
v 1.161091 0.345036 1.195980
v 1.171548 0.691430 1.216394
v 0.000785 0.350251 1.254140
v 0.561436 0.350545 1.253881
v 0.000209 0.349092 -1.278036
v 0.000208 0.672842 -1.303777
v -0.558803 0.349092 -1.278036
v -0.555980 0.672847 -1.303775
v 1.157303 0.104043 0.660567
v 1.157637 0.104430 0.899432
v 1.165322 1.460320 0.736268
v 1.169639 1.504217 0.986126
v 1.109966 0.103944 0.627736
v 1.110186 0.104210 0.866396
v 1.167114 1.328186 0.727923
v 1.172870 1.368775 0.976395
v 1.174295 1.247688 0.966430
v 1.167856 1.210994 0.719504
v 1.236672 0.888275 0.863053
v 1.237189 0.980626 0.772186
v 1.238880 0.904534 0.192872
v 1.237207 1.047025 0.603279
v 1.238643 0.982718 0.276516
v 1.237706 1.051256 0.456326
v -1.157333 0.104398 0.899463
v -1.156932 0.104030 0.660580
v -1.157758 1.494984 0.997348
v -1.157120 1.439045 0.744345
v -1.157029 0.186044 0.661949
v -1.157562 0.186726 0.898805
v -1.109833 0.104193 0.866418
v -1.109574 0.103937 0.627745
v -1.158654 1.362004 0.988486
v -1.157496 1.311688 0.737030
v -1.157743 1.198347 0.728781
v -1.159241 1.242723 0.978439
v 1.173168 1.070777 0.950688
v -1.157912 1.037575 0.714749
v -1.159653 1.066425 0.960298
v -1.157898 0.865834 0.698079
v -1.159608 0.876368 0.939402
v -1.158063 0.341419 0.900532
v -1.157238 0.339242 0.664653
v 1.157072 0.103742 -0.137619
v 1.157074 0.103743 0.117055
v 1.159654 1.395852 -0.149420
v 1.160973 1.397983 0.132601
v 1.157072 0.185391 -0.139041
v 1.109823 0.103741 -0.136915
v 1.109825 0.103742 0.116360
v 1.159802 1.266057 -0.151040
v 1.161408 1.268525 0.129241
v 1.161490 1.155737 0.126287
v 1.159767 1.153210 -0.151966
v 1.238959 0.749179 0.117100
v 1.237854 0.337500 0.114410
v 1.234229 0.721903 0.918033
v 1.226778 0.187146 0.898253
v 1.228369 0.342815 0.898783
v 1.237271 0.185354 0.116004
v -1.156657 0.103743 0.117054
v -1.156655 0.103741 -0.137617
v -1.156658 1.360806 0.136426
v -1.156675 1.360783 -0.145523
v -1.156655 0.185391 -0.139039
v -1.156658 0.185393 0.116489
v -1.109408 0.103743 0.116359
v -1.109406 0.103741 -0.136913
v -1.156661 1.241406 0.134012
v -1.156669 1.241378 -0.146139
v -1.156665 1.136510 -0.146671
v -1.156662 1.136541 0.131404
v 1.160666 0.999845 0.122842
v 1.159201 0.997793 -0.151741
v -1.156661 0.989458 -0.147291
v -1.156663 0.989488 0.127107
v 1.158356 0.836204 -0.150281
v 1.157436 0.337207 -0.142727
v -1.156658 0.833086 -0.147515
v -1.156663 0.833110 0.122376
v -1.156659 0.336664 0.115704
v -1.156655 0.336660 -0.141946
v 1.274503 1.029362 0.248468
v 1.276408 1.148942 0.399686
v 1.280273 1.146221 0.715153
v 1.281765 1.057691 0.813213
v 1.283387 0.916957 0.936618
v 1.283833 0.805637 1.028064
v 1.271910 0.835613 0.015277
v 1.273052 0.927371 0.121037
v 1.163429 1.147948 0.400042
v 1.161492 1.028918 0.248773
v 1.169076 1.057386 0.812951
v 1.167552 1.145762 0.714931
v 1.169863 0.789640 1.025599
v 1.170282 0.910175 0.935405
v 1.160042 0.927303 0.121438
v 1.158906 0.835736 0.015608
v 1.270194 0.171355 0.382621
v 1.253055 0.185627 0.382632
v 1.265177 0.181457 0.382629
v 1.254358 0.187312 0.898833
v 1.266673 0.183202 0.902739
v 1.270678 0.172019 0.661796
v 1.253523 0.186313 0.661954
v 1.265667 0.182156 0.661909
v 1.256101 0.343027 0.899404
v 1.268376 0.343198 0.903291
v 1.252941 0.185327 0.116481
v 1.265049 0.181148 0.112536
v 1.253569 0.337430 0.114841
v 1.265681 0.337397 0.110821
v 1.174283 0.185582 0.382627
v 1.157136 0.171293 0.382614
v 1.162160 0.181399 0.382622
v 1.175121 0.186823 0.898757
v 1.157847 0.172374 0.912019
v 1.162926 0.182561 0.902631
v 1.174584 0.186089 0.661927
v 1.157390 0.171711 0.661659
v 1.162434 0.181866 0.661846
v 1.159473 0.342382 0.912260
v 1.176673 0.342380 0.899190
v 1.164487 0.342336 0.902998
v 1.157045 0.171137 0.103013
v 1.174210 0.185381 0.116489
v 1.162084 0.181220 0.112542
v 1.174838 0.337570 0.114926
v 1.157687 0.337561 0.101259
v 1.162716 0.337580 0.110931
v 1.258963 1.051278 0.456657
v 1.271088 1.055325 0.454291
v 1.257132 0.982702 0.276848
v 1.269269 0.986651 0.274423
v 1.263104 0.980665 0.772693
v 1.275322 0.985528 0.775277
v 1.260654 1.047032 0.603778
v 1.272858 1.050985 0.608302
v 1.262344 0.722592 0.918669
v 1.274731 0.727276 0.922914
v 1.263912 0.888398 0.863600
v 1.276216 0.890823 0.868697
v 1.256022 0.904471 0.193208
v 1.268130 0.906011 0.188238
v 1.254852 0.749063 0.117454
v 1.266964 0.752443 0.113395
v 1.161330 0.995916 0.268936
v 1.178401 0.982562 0.277069
v 1.166303 0.986454 0.274710
v 1.180269 1.051021 0.456864
v 1.163182 1.064614 0.448932
v 1.168172 1.054974 0.454563
v 1.165244 1.060226 0.618978
v 1.182014 1.046856 0.603626
v 1.170016 1.050746 0.608105
v 1.184485 0.980478 0.772477
v 1.167763 0.996929 0.781161
v 1.172510 0.985280 0.774999
v 1.168567 0.895511 0.880434
v 1.185143 0.888015 0.863289
v 1.173202 0.890310 0.868292
v 1.183115 0.720576 0.918194
v 1.166433 0.732995 0.932100
v 1.171107 0.724256 0.922239
v 1.158971 0.760978 0.103940
v 1.176121 0.749281 0.117659
v 1.164000 0.752723 0.113664
v 1.177289 0.904498 0.193433
v 1.160121 0.909782 0.176622
v 1.165162 0.906042 0.188533
v -1.109364 0.010582 1.346760
v -1.121464 0.027931 1.365009
v -1.117930 0.015794 1.359880
v -1.277440 0.028914 1.215667
v -1.260250 0.011384 1.201705
v -1.272563 0.016696 1.211609
v -1.233916 0.029960 1.322988
v -1.218465 0.012413 1.306106
v -1.229581 0.017747 1.318281
v -1.258294 0.009829 -1.220115
v -1.275042 0.027014 -1.233665
v -1.270368 0.014955 -1.229592
v -1.120308 0.027015 -1.374634
v -1.108423 0.009833 -1.357304
v -1.116873 0.014956 -1.369682
v -1.216576 0.010913 -1.318929
v -1.231605 0.028129 -1.335027
v -1.227463 0.016068 -1.330444
v 1.260287 0.011497 1.201639
v 1.277392 0.029046 1.215589
v 1.272554 0.016821 1.211535
v 1.121661 0.027993 1.364967
v 1.109599 0.010635 1.346725
v 1.118144 0.015854 1.359841
v 1.218515 0.012523 1.306043
v 1.233886 0.030089 1.322909
v 1.229588 0.017869 1.318209
v 1.108840 0.009833 -1.357304
v 1.120725 0.027015 -1.374634
v 1.117290 0.014957 -1.369682
v 1.275458 0.027015 -1.233665
v 1.258711 0.009829 -1.220115
v 1.270785 0.014956 -1.229592
v 1.216994 0.010913 -1.318929
v 1.232022 0.028130 -1.335027
v 1.227881 0.016069 -1.330443
v -0.576920 0.005787 -1.351869
v -0.581409 0.022807 -1.369663
v -0.580296 0.010783 -1.364362
v 0.581773 0.022808 -1.369664
v 0.577284 0.005787 -1.351869
v 0.580661 0.010783 -1.364362
v 0.000182 0.005787 -1.351865
v 0.000182 0.022807 -1.369663
v 0.000182 0.010783 -1.364362
v -0.581409 0.022808 1.359616
v -0.576918 0.005787 1.340912
v -0.580296 0.010783 1.354133
v 0.577283 0.005787 1.340912
v 0.581778 0.022805 1.359615
v 0.580662 0.010782 1.354133
v 0.000182 0.005787 1.340908
v 0.000183 0.022806 1.359615
v 0.000183 0.010782 1.354131
v 1.270072 0.022807 -0.808924
v 1.252424 0.005787 -0.799919
v 1.264903 0.010783 -0.806065
v 1.270072 0.022805 -0.406615
v 1.252159 0.005787 -0.401958
v 1.264825 0.010783 -0.405089
v 1.252059 0.005843 0.378592
v 1.270138 0.022878 0.382776
v 1.264841 0.010847 0.381563
v -1.269737 0.022867 0.382779
v -1.251655 0.005839 0.378594
v -1.264438 0.010841 0.381566
v -1.251742 0.005787 -0.401958
v -1.269655 0.022803 -0.406613
v -1.264408 0.010782 -0.405089
v -1.252007 0.005787 -0.799919
v -1.269655 0.022805 -0.808924
v -1.264486 0.010782 -0.806065
v 1.252421 0.006066 0.653083
v 1.270399 0.023155 0.660633
v 1.265122 0.011098 0.658380
v 1.270912 0.023660 0.900609
v 1.253070 0.006471 0.889697
v 1.265643 0.011554 0.896896
v -1.252809 0.006425 0.889727
v -1.270646 0.023589 0.899309
v -1.265389 0.011498 0.896538
v -1.270060 0.023125 0.660648
v -1.252067 0.006047 0.653096
v -1.264777 0.011074 0.658394
v 1.252007 0.005787 -0.134991
v 1.270072 0.022806 -0.136409
v 1.264781 0.010783 -0.135898
v 1.270071 0.022809 0.116238
v 1.251959 0.005789 0.116515
v 1.264768 0.010785 0.116923
v -1.251543 0.005789 0.116514
v -1.269658 0.022805 0.117591
v -1.264352 0.010784 0.117319
v -1.269655 0.022803 -0.136404
v -1.251590 0.005787 -0.134989
v -1.264364 0.010782 -0.135896
v 1.292640 0.193296 0.895194
v 1.273793 0.177501 0.893832
v 1.292600 0.177803 0.911018
v 1.279366 0.188597 0.894777
v 1.281833 0.186668 0.904507
v 1.279337 0.177637 0.905965
v 1.292672 0.188820 0.906928
v 1.290512 0.190919 0.119342
v 1.290505 0.175551 0.104281
v 1.271959 0.175512 0.120805
v 1.290506 0.186433 0.108095
v 1.279794 0.184424 0.110442
v 1.277387 0.175532 0.109135
v 1.277392 0.186406 0.119784
v 1.291414 0.023705 0.883521
v 1.291569 0.040021 0.901811
v 1.272872 0.039916 0.884669
v 1.291479 0.028506 0.895962
v 1.280721 0.030576 0.893878
v 1.278366 0.039958 0.896775
v 1.278262 0.028436 0.883847
v 1.290529 0.022805 0.132619
v 1.271970 0.039034 0.131278
v 1.290524 0.038978 0.114835
v 1.277407 0.027581 0.132238
v 1.279813 0.029666 0.122583
v 1.277403 0.039007 0.119663
v 1.290527 0.027541 0.120615
v 1.455175 0.195249 0.895382
v 1.455141 0.179760 0.911207
v 1.473763 0.179786 0.894051
v 1.455252 0.190820 0.907122
v 1.466069 0.188906 0.904724
v 1.468397 0.179880 0.906181
v 1.468421 0.190838 0.894993
v 1.451179 0.190887 0.119304
v 1.469738 0.175471 0.120759
v 1.451169 0.175517 0.104243
v 1.464301 0.186368 0.119740
v 1.461886 0.184385 0.110399
v 1.464294 0.175492 0.109091
v 1.451171 0.186399 0.108057
v 1.453046 0.024688 0.883600
v 1.471935 0.041227 0.884778
v 1.453334 0.041145 0.901907
v 1.466322 0.029609 0.883943
v 1.463983 0.031768 0.893978
v 1.466536 0.041246 0.896885
v 1.453172 0.029553 0.896049
v 1.451193 0.022769 0.132581
v 1.451188 0.038940 0.114797
v 1.469748 0.038990 0.131232
v 1.451190 0.027504 0.120577
v 1.461904 0.029624 0.122540
v 1.464310 0.038963 0.119619
v 1.464314 0.027539 0.132194
v 1.203387 0.544030 0.113717
v 1.262070 0.187393 0.898821
v 1.273461 0.543838 0.114625
v 1.263762 0.343145 0.899421
v 1.272308 0.185327 0.116525
v 1.272891 0.337430 0.114893
v 1.195483 0.529023 0.904120
v 1.191520 0.186935 0.897690
v 1.266278 0.529778 0.905471
v 1.193030 0.342540 0.898152
v 1.202235 0.185381 0.115482
v 1.202817 0.337570 0.113927
v 1.272735 1.051342 0.456747
v 1.273682 0.982749 0.276931
v 1.272218 0.980735 0.772815
v 1.272221 1.047093 0.603877
v 1.269560 0.722874 0.918790
v 1.271787 0.888498 0.863729
v 1.273920 0.904499 0.193285
v 1.284495 0.749072 0.117680
v 1.203606 0.982671 0.276101
v 1.202686 1.051157 0.455904
v 1.202215 1.046965 0.602679
v 1.202211 0.980563 0.771556
v 1.201630 0.888126 0.862376
v 1.198984 0.721023 0.917280
v 1.203921 0.749290 0.116677
v 1.203841 0.904560 0.192459
v 1.262518 0.187152 0.855777
v 1.192032 0.186761 0.854656
v 1.272223 1.047260 0.596011
v 1.202215 1.047130 0.594832
v 1.195631 0.529471 0.860954
v 1.272005 0.980262 0.746248
v 1.201994 0.980114 0.745014
v 1.201265 0.888297 0.826368
v 1.269265 0.723850 0.875383
v 1.198779 0.723279 0.874021
v 1.264061 0.342580 0.856345
v 1.193417 0.342074 0.855102
v 1.201550 0.185398 0.161470
v 1.272679 1.051017 0.465485
v 1.272781 0.542416 0.161507
v 1.202704 0.542603 0.160580
v 1.203242 0.746555 0.164441
v 1.272211 0.337517 0.161144
v 1.202134 0.337654 0.160166
v 1.271624 0.185346 0.162515
v 1.202632 1.050837 0.464622
v 1.273345 0.981803 0.306453
v 1.203270 0.981733 0.305599
v 1.203315 0.902357 0.232431
v 1.272858 0.208286 0.898928
v 1.272385 0.205813 0.116279
v 1.191694 0.207711 0.897609
v 1.202313 0.205879 0.115247
v 1.192192 0.207512 0.854577
v 1.201627 0.205901 0.161261
v -0.588220 1.536084 -1.478435
v 0.583304 1.527306 -1.480531
v -0.001241 1.521806 -1.485171
v 0.564115 1.502106 -1.371345
v -0.000947 1.497780 -1.375003
v -0.567938 1.509064 -1.369668
v -0.587033 1.357522 1.474686
v -0.574639 1.356323 1.469714
v 0.601640 1.533360 1.360718
v 0.586994 1.522089 1.364788
v 0.587386 1.517552 1.366445
v 0.591824 1.517145 1.364377
v 0.637015 1.332033 1.454643
v 0.623822 1.331285 1.450060
v -0.589114 0.988344 1.427320
v -0.576727 0.988392 1.422594
v -0.567438 1.554145 1.379278
v -0.552276 1.538416 1.384840
v -0.556742 1.537995 1.382780
v -0.552247 1.542857 1.383154
v 0.626531 0.971844 1.415252
v 0.613596 0.972156 1.410751
v -0.590169 0.646000 1.384472
v -0.577774 0.664222 1.381697
v -0.572490 0.663746 1.379393
v -0.572462 0.658150 1.381195
v 0.004061 0.637633 1.381802
v 0.004235 0.649603 1.378452
v 0.605117 0.639776 1.380010
v 0.588151 0.657216 1.374723
v 0.587837 0.651741 1.376612
v 0.593579 0.657631 1.376983
v -0.570157 1.340965 1.360106
v -0.559191 1.341211 1.364805
v 0.610356 1.320382 1.343794
v 0.599455 1.320640 1.348547
v -0.572178 0.996457 1.317252
v -0.561221 0.995841 1.321808
v 0.603151 0.982560 1.307049
v 0.592207 0.981980 1.311659
v -0.573560 0.672174 1.276953
v -0.558056 0.686228 1.284721
v -0.558153 0.682089 1.282467
v -0.562559 0.686075 1.283052
v 0.003819 0.664545 1.274505
v 0.003992 0.674261 1.279941
v 0.586984 0.666455 1.272854
v 0.572233 0.680204 1.280411
v 0.576726 0.680047 1.278739
v 0.572074 0.676177 1.278239
v 0.012198 1.548988 1.481807
v 0.012279 1.535764 1.476119
v -0.583647 1.585814 1.495804
v -0.566344 1.565807 1.487058
v -0.566118 1.571447 1.489692
v -0.571634 1.566709 1.489435
v 0.626226 1.559621 1.472766
v 0.614523 1.540942 1.466984
v 0.608919 1.540248 1.464794
v 0.608564 1.545798 1.467300
v 0.009991 1.524865 1.368032
v 0.010231 1.513941 1.372047
v -0.572923 1.355832 1.466645
v 0.574726 1.521889 1.387162
v 0.584717 1.521665 1.366538
v 0.591637 1.515227 1.365745
v 0.592860 1.505208 1.385695
v 0.587929 1.518136 1.364754
v 0.587031 1.517080 1.386228
v 0.621800 1.330954 1.447120
v -0.574957 0.988595 1.419558
v -0.549878 1.542471 1.384913
v -0.538546 1.543392 1.406029
v -0.555446 1.527046 1.404727
v -0.556356 1.536143 1.384174
v -0.550330 1.538799 1.405266
v -0.552967 1.538933 1.383106
v 0.611615 0.972448 1.407778
v -0.575881 0.669422 1.379002
v -0.566973 0.660345 1.378047
v -0.572142 0.664128 1.378872
v 0.004252 0.651791 1.375358
v 0.591893 0.662743 1.374219
v 0.582341 0.653941 1.373468
v 0.587804 0.657600 1.374194
v -0.557726 1.344334 1.387660
v -0.558823 1.341387 1.366170
v 0.599182 1.320771 1.349886
v 0.599745 1.322901 1.370760
v -0.559771 0.994176 1.343751
v -0.560884 0.995744 1.323016
v 0.591930 0.981862 1.312845
v 0.591931 0.979858 1.333273
v -0.562228 0.687578 1.284373
v -0.560991 0.698157 1.306321
v -0.544340 0.681499 1.303911
v -0.556798 0.682257 1.283433
v -0.555914 0.686743 1.303397
v -0.559165 0.685344 1.282302
v 0.004000 0.674418 1.280862
v 0.004122 0.673558 1.301329
v 0.570739 0.676339 1.279202
v 0.558658 0.675458 1.299594
v 0.576407 0.691620 1.301637
v 0.576503 0.681499 1.280021
v 0.570606 0.680528 1.298937
v 0.573247 0.679355 1.278015
v 0.012240 1.533966 1.473223
v -0.570012 1.561243 1.485945
v -0.561776 1.569214 1.486591
v -0.566494 1.566006 1.487319
v 0.612879 1.535641 1.463685
v 0.603963 1.543788 1.464409
v 0.609085 1.540433 1.465044
v 0.010274 1.513560 1.373780
v 0.010736 1.513801 1.394646
v 0.599788 1.530352 1.444041
v 0.587356 1.535075 1.444453
v 0.605725 1.518262 1.443176
v -0.558675 1.554823 1.465337
v -0.546853 1.559288 1.465557
v -0.563843 1.542845 1.464451
v 0.011887 1.525944 1.452800
v 0.580201 0.666731 1.355625
v 0.568266 0.661430 1.355164
v 0.585939 0.677954 1.356656
v 0.004261 0.659396 1.356984
v -0.564589 0.673264 1.360295
v -0.553093 0.667759 1.359686
v -0.569582 0.684817 1.361559
v 0.603963 0.974295 1.388861
v -0.568500 0.989948 1.400276
v 0.613427 1.328848 1.427669
v -0.566413 1.352781 1.446465
v -0.570958 0.372933 1.372859
v -0.575832 0.376974 1.373037
v -0.571155 0.376677 1.368471
v -0.574321 0.374121 1.372913
v -0.573738 0.374479 1.370302
v -0.574460 0.376770 1.369811
v -0.571014 0.373913 1.369685
v 0.001024 0.371159 1.372289
v 0.001043 0.374864 1.367889
v 0.001026 0.372135 1.369115
v 0.574504 0.371602 1.371908
v 0.574771 0.375317 1.367499
v 0.579489 0.375595 1.372052
v 0.574568 0.372578 1.368731
v 0.577315 0.373134 1.369341
v 0.578093 0.375402 1.368833
v 0.577903 0.372774 1.371950
v -0.556784 0.668063 1.427779
v -0.552092 0.667541 1.423134
v -0.554846 0.671624 1.418741
v -0.561480 0.672369 1.425311
v -0.555405 0.667708 1.424500
v -0.556628 0.670837 1.423472
v -0.553476 0.670635 1.421944
v -0.559531 0.671879 1.420674
v -0.558167 0.671162 1.426603
v 0.004690 0.662348 1.415745
v 0.004650 0.658386 1.420174
v 0.004694 0.661370 1.418950
v 0.568745 0.660607 1.418166
v 0.573625 0.661040 1.422749
v 0.578580 0.665227 1.420194
v 0.571677 0.664608 1.413715
v 0.572137 0.660736 1.419505
v 0.573539 0.663784 1.418419
v 0.575185 0.664060 1.421515
v 0.576474 0.664808 1.415608
v 0.570303 0.663622 1.416921
v 0.001601 0.391173 1.649915
v 0.001549 0.386915 1.644259
v 0.001568 0.388272 1.647833
v 0.576537 0.387634 1.643641
v 0.581596 0.391763 1.644534
v 0.576932 0.391920 1.649273
v 0.579963 0.388869 1.643879
v 0.579419 0.389515 1.646712
v 0.580243 0.391900 1.647861
v 0.576664 0.388979 1.647229
v -0.571105 0.389791 1.645183
v -0.571308 0.394160 1.650874
v -0.575987 0.393999 1.646130
v -0.571164 0.391166 1.648792
v -0.573891 0.391715 1.648284
v -0.574616 0.394143 1.649463
v -0.574472 0.391053 1.645439
v 0.006949 0.681457 1.696776
v 0.007115 0.686421 1.703159
v 0.007049 0.684782 1.699351
v 0.577526 0.684821 1.693742
v 0.580959 0.689897 1.700044
v 0.587494 0.689395 1.693443
v 0.582118 0.684215 1.688755
v 0.579307 0.688211 1.696269
v 0.582461 0.688042 1.694641
v 0.585671 0.689779 1.698104
v 0.583908 0.687751 1.691147
v 0.580812 0.684309 1.692149
v -0.552718 0.695324 1.701261
v -0.557393 0.694691 1.696254
v -0.562123 0.700163 1.701153
v -0.555510 0.700687 1.707768
v -0.556026 0.694809 1.699665
v -0.557268 0.698723 1.702288
v -0.558794 0.698401 1.698771
v -0.560193 0.700591 1.705844
v -0.554118 0.698884 1.703910
v 0.004381 0.655234 1.386899
v 0.004494 0.660068 1.391933
v 0.004445 0.658469 1.388554
v 0.595409 0.662383 1.389957
v 0.602300 0.663012 1.396427
v 0.606314 0.657965 1.389546
v 0.601443 0.657526 1.384967
v 0.600197 0.662584 1.391848
v 0.603461 0.660969 1.388304
v 0.605388 0.661399 1.393022
v 0.604829 0.657669 1.386306
v 0.598458 0.660777 1.386595
v -0.579001 0.669241 1.394872
v -0.585384 0.664237 1.389777
v -0.590077 0.664758 1.394415
v -0.585633 0.669989 1.401428
v -0.582195 0.667574 1.391467
v -0.587097 0.667816 1.393211
v -0.588698 0.664415 1.391141
v -0.588869 0.668314 1.397979
v -0.583684 0.669492 1.396799
v 0.007330 0.688703 1.727370
v 0.007243 0.684524 1.730707
v 0.007322 0.687661 1.730287
v 0.606482 0.692542 1.724103
v 0.612677 0.688379 1.727467
v 0.617265 0.687875 1.722634
v 0.612999 0.692019 1.717498
v 0.609718 0.691527 1.727016
v 0.614640 0.691373 1.725198
v 0.615951 0.687954 1.725966
v 0.616262 0.690943 1.720109
v 0.611184 0.692417 1.722163
v -0.579815 0.703909 1.732242
v -0.586425 0.703356 1.725616
v -0.590889 0.699131 1.730694
v -0.586219 0.699665 1.735548
v -0.584496 0.703800 1.730314
v -0.587925 0.702773 1.733362
v -0.589676 0.702289 1.728234
v -0.589514 0.699236 1.734045
v -0.583027 0.702911 1.735167
v 0.003105 0.510054 1.628349
v 0.003195 0.514482 1.634497
v 0.003140 0.511484 1.632071
v 0.002286 0.499411 1.416874
v 0.002256 0.495619 1.421453
v 0.002258 0.496597 1.418213
v 0.559718 0.500457 1.415921
v 0.559603 0.496650 1.420514
v 0.564489 0.500803 1.420492
v 0.559608 0.497628 1.417274
v 0.562355 0.498216 1.417863
v 0.562981 0.497871 1.420505
v 0.563063 0.500564 1.417258
v -0.556127 0.504110 1.422868
v -0.551439 0.499868 1.422826
v -0.551447 0.503722 1.418267
v -0.554748 0.501122 1.422841
v -0.554140 0.501458 1.420192
v -0.551439 0.500849 1.419588
v -0.554754 0.503848 1.419618
v 0.563188 0.515979 1.633140
v 0.567837 0.515875 1.628328
v 0.562843 0.511506 1.627031
v 0.566505 0.516001 1.631692
v 0.565724 0.513504 1.630289
v 0.566260 0.512837 1.627373
v 0.562972 0.512910 1.630774
v -0.551694 0.520654 1.636492
v -0.551669 0.516041 1.630284
v -0.556366 0.520544 1.631677
v -0.551678 0.517497 1.634065
v -0.554381 0.518114 1.633596
v -0.554982 0.517420 1.630660
v -0.555000 0.520684 1.635051
v -0.521699 0.376545 1.368438
v -0.521570 0.373783 1.369653
v -0.521519 0.372803 1.372827
v -0.528847 0.668586 1.394713
v -0.531768 0.666931 1.391312
v -0.534684 0.663609 1.389626
v -0.521650 0.389581 1.645131
v -0.521703 0.390956 1.648739
v -0.521835 0.393942 1.650821
v -0.535433 0.698608 1.735293
v -0.532513 0.701834 1.734907
v -0.529575 0.702824 1.731979
v -0.504244 0.666832 1.422960
v -0.505508 0.669920 1.421770
v -0.506761 0.670911 1.418567
v -0.507342 0.699590 1.707500
v -0.506071 0.697796 1.703643
v -0.504791 0.694250 1.700998
v -0.503673 0.499539 1.422746
v -0.503673 0.500519 1.419508
v -0.503680 0.503388 1.418185
v -0.503896 0.520176 1.636375
v -0.503882 0.517031 1.633947
v -0.503874 0.515577 1.630171
v 0.541371 0.375273 1.367509
v 0.541178 0.372535 1.368741
v 0.541117 0.371559 1.371918
v 0.561216 0.662165 1.390005
v 0.564087 0.660562 1.386643
v 0.566897 0.657316 1.385013
v 0.543092 0.387564 1.643657
v 0.543214 0.388910 1.647244
v 0.543470 0.391847 1.649289
v 0.577823 0.688026 1.727543
v 0.575035 0.691168 1.727095
v 0.571977 0.692181 1.724182
v 0.536072 0.660373 1.418221
v 0.537546 0.663387 1.416975
v 0.538841 0.664373 1.413770
v 0.547842 0.689536 1.700127
v 0.546276 0.687853 1.696352
v 0.544584 0.684467 1.693825
v 0.527208 0.496541 1.420540
v 0.527214 0.497520 1.417300
v 0.527320 0.500347 1.415948
v 0.530684 0.515822 1.633176
v 0.530475 0.512758 1.630808
v 0.530350 0.511354 1.627067
v 1.269940 0.176980 0.908525
v 1.272002 0.173315 0.916478
v 1.271950 0.168883 0.911806
v 1.271956 0.173055 0.907554
v 1.271517 0.343300 0.908982
v 1.273554 0.343419 0.916938
v 1.270047 0.171286 0.099086
v 1.268151 0.174886 0.106626
v 1.270047 0.171056 0.107432
v 1.270047 0.166916 0.103395
v 1.270684 0.337352 0.097202
v 1.268789 0.337375 0.104813
v 1.276145 1.068966 0.446348
v 1.274224 1.061363 0.450775
v 1.272415 0.992565 0.270822
v 1.274353 1.000038 0.266278
v 1.280668 1.001859 0.783917
v 1.278589 0.992783 0.779119
v 1.276115 1.056894 0.615066
v 1.278191 1.064332 0.623554
v 1.280331 0.740779 0.937621
v 1.278045 0.733504 0.929051
v 1.279576 0.894364 0.876298
v 1.281774 0.898402 0.886094
v 1.273119 0.911290 0.171455
v 1.271234 0.908338 0.180825
v 1.270072 0.757554 0.107345
v 1.271968 0.764036 0.099683
v -0.568981 1.354014 1.454543
v -0.565149 1.351599 1.438079
v -0.566795 1.352816 1.446457
v 0.616737 1.329705 1.435461
v 0.611441 1.328028 1.419564
v 0.613821 1.328876 1.427659
v -0.571046 0.989439 1.408014
v -0.567237 0.990610 1.392279
v -0.568876 0.990008 1.400294
v 0.602239 0.975144 1.381022
v 0.606990 0.973588 1.396464
v 0.604352 0.974350 1.388891
v -0.568346 0.686772 1.353817
v -0.572070 0.678751 1.368600
v -0.569949 0.683622 1.361462
v -0.558561 0.664873 1.367418
v -0.551865 0.669749 1.352547
v -0.554335 0.667518 1.360202
v -0.567520 0.669695 1.366990
v -0.563355 0.675158 1.351480
v -0.565085 0.672756 1.359327
v 0.004249 0.661430 1.349868
v 0.004262 0.656428 1.364715
v 0.004261 0.659138 1.357507
v 0.588299 0.671957 1.363748
v 0.584582 0.679948 1.348956
v 0.586238 0.676789 1.356589
v 0.566944 0.663449 1.348048
v 0.573827 0.658507 1.362868
v 0.569518 0.661182 1.355676
v 0.578826 0.668674 1.346845
v 0.583141 0.663168 1.362319
v 0.580651 0.666242 1.354669
v 0.011715 1.524152 1.444189
v 0.012027 1.529116 1.460869
v 0.011877 1.526345 1.452625
v -0.566284 1.550135 1.473051
v -0.562618 1.540577 1.455879
v -0.564200 1.544333 1.464530
v -0.545629 1.556933 1.456749
v -0.552774 1.563216 1.473879
v -0.548229 1.559744 1.465399
v -0.557451 1.552379 1.456197
v -0.561702 1.559080 1.473611
v -0.559204 1.555309 1.464927
v 0.603849 1.516395 1.434937
v 0.608570 1.525146 1.451388
v 0.606015 1.519747 1.443239
v 0.593944 1.538523 1.452349
v 0.585483 1.533127 1.435982
v 0.588735 1.535510 1.444271
v 0.603373 1.534194 1.451945
v 0.597886 1.528331 1.435249
v 0.600270 1.530848 1.443630
v -0.496176 1.006564 1.352768
v -0.502885 1.005342 1.344303
v -0.497679 1.006331 1.346853
v -0.510604 1.002956 1.401820
v -0.501685 1.005007 1.393706
v -0.504761 1.004269 1.399526
v -0.508814 1.318785 1.442219
v -0.499927 1.312925 1.433014
v -0.502991 1.315157 1.439278
v -0.494456 1.306776 1.390720
v -0.501123 1.310208 1.382713
v -0.495948 1.307264 1.384816
v -0.506908 1.485200 1.459050
v -0.498195 1.475247 1.449525
v -0.501198 1.479069 1.455941
v -0.492870 1.464532 1.406639
v -0.499407 1.470102 1.398660
v -0.494336 1.465264 1.400685
v 0.543997 1.472563 1.440433
v 0.534723 1.463039 1.431468
v 0.538165 1.466585 1.437599
v 0.532018 1.459949 1.382140
v 0.526230 1.454084 1.390079
v 0.527214 1.455046 1.384253
v 0.515270 1.458070 1.390492
v 0.520922 1.464031 1.382545
v 0.516218 1.459057 1.384660
v 0.532820 1.476683 1.440848
v 0.523696 1.467043 1.431871
v 0.527089 1.470625 1.438009
v 0.011347 1.457734 1.389470
v 0.011598 1.451839 1.397449
v 0.011451 1.452857 1.391558
v 0.012481 1.460194 1.439405
v 0.012584 1.469499 1.448601
v 0.012587 1.463625 1.445658
v 0.537147 1.449561 1.381309
v 0.531229 1.443835 1.389236
v 0.532246 1.444764 1.383419
v 0.539797 1.452708 1.430642
v 0.549216 1.462042 1.439591
v 0.543287 1.456189 1.436762
v 0.553646 1.296661 1.425036
v 0.543722 1.291415 1.416326
v 0.547381 1.293326 1.422337
v 0.541154 1.290440 1.367319
v 0.534862 1.286925 1.375289
v 0.535965 1.287574 1.369500
v 0.535701 0.990152 1.382862
v 0.545246 0.987812 1.390766
v 0.539162 0.989247 1.388558
v 0.534157 0.991580 1.334239
v 0.527792 0.992695 1.342624
v 0.528994 0.992576 1.336793
v -0.504166 0.745724 1.310967
v -0.497508 0.750772 1.319801
v -0.499002 0.749904 1.313865
v -0.502952 0.743376 1.359845
v -0.511760 0.735124 1.367173
v -0.505988 0.740332 1.365347
v -0.484202 1.484230 1.399703
v -0.477911 1.478422 1.407698
v -0.479308 1.479214 1.401730
v -0.483175 1.489214 1.450548
v -0.491642 1.499468 1.460102
v -0.486102 1.493133 1.456982
v -0.488359 1.474700 1.407488
v -0.494785 1.480405 1.399496
v -0.489794 1.475463 1.401524
v -0.493650 1.485492 1.450359
v -0.502252 1.495631 1.459900
v -0.496619 1.489377 1.456786
v 0.530371 0.727356 1.361620
v 0.521659 0.735571 1.354266
v 0.524745 0.732508 1.359754
v 0.515263 0.743331 1.314475
v 0.521481 0.738446 1.305762
v 0.516547 0.742541 1.308597
v -0.493025 0.740867 1.318598
v -0.499570 0.735703 1.309784
v -0.494483 0.739977 1.312679
v -0.507224 0.724874 1.365965
v -0.498526 0.733288 1.358670
v -0.501532 0.730184 1.364151
v 0.004919 0.722208 1.306322
v 0.005072 0.727345 1.315059
v 0.005011 0.726511 1.309186
v 0.005256 0.719170 1.355019
v 0.005165 0.710594 1.362293
v 0.005244 0.715972 1.360472
v -0.496901 0.719902 1.365365
v -0.488330 0.728431 1.358097
v -0.491302 0.725284 1.363561
v -0.482775 0.736151 1.318003
v -0.489183 0.730908 1.309204
v -0.484190 0.735248 1.312098
v 0.505467 0.724109 1.304344
v 0.499493 0.729193 1.313028
v 0.500706 0.728364 1.307177
v 0.505924 0.721144 1.352889
v 0.514372 0.712662 1.360190
v 0.508931 0.717984 1.358344
v 0.516561 0.725786 1.353307
v 0.525144 0.717417 1.360633
v 0.519607 0.722667 1.358777
v 0.510156 0.733707 1.313475
v 0.516263 0.728706 1.304779
v 0.511409 0.732894 1.307612
v 0.010811 1.505975 1.393082
v 0.010883 1.515365 1.402187
v 0.010793 1.511868 1.395972
v 0.572006 0.678620 1.307850
v 0.563280 0.687063 1.300556
v 0.568883 0.681903 1.302430
v 0.577761 0.689650 1.308917
v 0.568922 0.697936 1.301590
v 0.574604 0.692878 1.303474
v 0.551428 0.682035 1.300103
v 0.560028 0.673475 1.307369
v 0.556941 0.676801 1.301966
v 0.004227 0.680191 1.301883
v 0.004143 0.671556 1.309116
v 0.004159 0.674911 1.303721
v -0.557153 0.684893 1.312337
v -0.548282 0.693402 1.305088
v -0.554043 0.688177 1.306916
v -0.545585 0.679558 1.311716
v -0.536836 0.688186 1.304497
v -0.542507 0.682886 1.306315
v -0.553251 0.704575 1.306336
v -0.562220 0.696229 1.313622
v -0.559083 0.699454 1.308176
v 0.583983 0.981403 1.332783
v 0.593620 0.979007 1.340630
v 0.590080 0.980028 1.334987
v -0.561022 0.993499 1.351220
v -0.551962 0.995641 1.343187
v -0.557849 0.994364 1.345463
v 0.591703 1.318322 1.369627
v 0.601650 1.323633 1.378291
v 0.597923 1.321709 1.372315
v -0.558975 1.345393 1.395436
v -0.549974 1.339519 1.386306
v -0.555821 1.343155 1.389209
v -0.551537 1.540990 1.413514
v -0.542866 1.530861 1.404091
v -0.548499 1.537058 1.407130
v -0.556659 1.529124 1.412625
v -0.547866 1.519174 1.403219
v -0.553582 1.525254 1.406254
v -0.531223 1.535194 1.404310
v -0.539751 1.545440 1.413749
v -0.536756 1.541471 1.407356
v 0.579677 1.509301 1.385284
v 0.588838 1.518900 1.394177
v 0.585396 1.515285 1.388082
v 0.585341 1.497512 1.384426
v 0.594660 1.506927 1.393303
v 0.591165 1.503376 1.387220
v 0.576488 1.523588 1.394594
v 0.567483 1.513876 1.385688
v 0.573096 1.519936 1.388490
v -0.516581 1.323391 1.442806
v -0.518407 1.001230 1.401620
v -0.519552 0.728320 1.366394
v -0.514592 1.493012 1.459814
v -0.509867 1.503652 1.460671
v 0.551600 1.480360 1.440938
v 0.540253 1.484560 1.441354
v 0.556915 1.469627 1.440092
v 0.012501 1.477106 1.449194
v -0.499094 1.507571 1.460875
v 0.561742 1.301002 1.425393
v 0.553182 0.986001 1.390504
v 0.537873 0.720664 1.360922
v -0.514954 0.717889 1.365175
v 0.532575 0.710547 1.359927
v -0.504472 0.712842 1.364573
v 0.005039 0.703643 1.361547
v 0.521645 0.705716 1.359480
v -0.557758 1.347700 1.445844
v -0.555294 1.534231 1.463680
v -0.550203 1.545976 1.464562
v 0.591492 1.521677 1.443519
v 0.597320 1.509823 1.442656
v 0.604485 1.324014 1.427274
v 0.595162 0.976340 1.389143
v 0.577596 0.685341 1.357369
v 0.571932 0.674306 1.356343
v -0.559796 0.991935 1.400516
v -0.560887 0.692350 1.362377
v 0.579247 1.526307 1.443932
v 0.012004 1.517459 1.452198
v -0.538564 1.550343 1.464779
v -0.555963 0.680987 1.361118
v -0.544643 0.675559 1.360508
v 0.004392 0.667035 1.357746
v 0.560171 0.669084 1.355883
v 0.006956 0.681416 1.698953
v 0.004102 0.627040 1.419154
v 0.582279 0.629082 1.417364
v -0.567542 0.668088 1.425228
v 0.590108 0.651333 1.692866
v -0.568187 0.695619 1.703521
v -0.518231 0.634654 1.421650
v -0.518941 0.694568 1.703265
v 0.550890 0.660793 1.420216
v 0.559506 0.684595 1.695953
v -0.567664 0.647950 1.560158
v 0.586119 0.640208 1.554608
v 0.005788 0.670073 1.560074
v -0.518478 0.647187 1.559973
v 0.555122 0.672705 1.557588
v -0.460536 0.633819 1.421441
v -0.402775 0.632890 1.421201
v -0.344963 0.664253 1.424242
v -0.286984 0.663111 1.423915
v -0.228900 0.661996 1.423575
v -0.170704 0.660952 1.423226
v -0.112384 0.660023 1.422877
v -0.054355 0.627534 1.419441
v -0.052202 0.682269 1.699449
v -0.111594 0.650006 1.696458
v -0.169887 0.684834 1.700495
v -0.228444 0.686413 1.701021
v -0.286829 0.688098 1.701537
v -0.345023 0.655613 1.698267
v -0.403036 0.657103 1.698670
v -0.461099 0.693125 1.702905
v -0.460732 0.646142 1.559711
v -0.402992 0.678438 1.563001
v -0.345009 0.677033 1.562621
v -0.286908 0.675605 1.562213
v -0.228676 0.674209 1.561786
v -0.170550 0.640129 1.557964
v -0.112151 0.639111 1.557581
v -0.053606 0.638268 1.557206
v 0.498569 0.683898 1.696128
v 0.437370 0.683158 1.696345
v 0.373535 0.649128 1.693506
v 0.312273 0.648548 1.693767
v 0.252835 0.681231 1.697237
v 0.189617 0.647761 1.694391
v 0.129661 0.680745 1.698023
v 0.068218 0.680908 1.698471
v 0.065267 0.658354 1.421887
v 0.125094 0.626652 1.418614
v 0.185710 0.626725 1.418375
v 0.246357 0.626933 1.418158
v 0.306999 0.627244 1.417962
v 0.369244 0.659361 1.420648
v 0.429938 0.659843 1.420476
v 0.490500 0.660332 1.420332
v 0.065822 0.637281 1.556496
v 0.127793 0.669518 1.559304
v 0.187626 0.637255 1.555872
v 0.248609 0.637516 1.555600
v 0.309586 0.637906 1.555355
v 0.370511 0.638385 1.555138
v 0.433588 0.671515 1.557913
v 0.492019 0.639450 1.554793
v -0.344978 0.668499 1.470234
v -0.286977 0.638623 1.512565
v -0.286959 0.667264 1.469881
v -0.228752 0.670130 1.515587
v -0.228947 0.633702 1.466215
v -0.170439 0.668913 1.515180
v -0.170573 0.664927 1.469136
v -0.111982 0.667830 1.514773
v -0.112185 0.663922 1.468758
v -0.053370 0.666934 1.514374
v -0.053654 0.663090 1.468387
v 0.551247 0.636256 1.508788
v 0.552274 0.664756 1.465879
v -0.518556 0.676421 1.517318
v -0.518462 0.671896 1.471119
v 0.005406 0.666276 1.513991
v 0.005030 0.662479 1.468032
v 0.584815 0.636492 1.508734
v 0.585873 0.665006 1.465823
v -0.567476 0.639472 1.467781
v -0.567752 0.677233 1.517515
v -0.344967 0.639788 1.512898
v -0.402817 0.636904 1.467134
v -0.402943 0.674071 1.516719
v -0.460600 0.637909 1.467395
v -0.460665 0.642019 1.513489
v 0.491796 0.664257 1.466005
v 0.493119 0.668191 1.511809
v 0.431131 0.663727 1.466161
v 0.432350 0.667620 1.511976
v 0.368551 0.631206 1.463441
v 0.371427 0.667058 1.512176
v 0.307844 0.630792 1.463629
v 0.310401 0.666548 1.512406
v 0.248465 0.662347 1.466801
v 0.247845 0.633984 1.509658
v 0.187503 0.662090 1.467070
v 0.188229 0.665856 1.512956
v 0.126580 0.661999 1.467365
v 0.126143 0.633656 1.510190
v 0.064963 0.630253 1.464615
v 0.066225 0.665884 1.513619
v 0.587439 0.643924 1.600595
v 0.591811 0.680974 1.649663
v 0.005435 0.641188 1.602987
v 0.005779 0.644719 1.649232
v -0.518563 0.651388 1.606331
v -0.518844 0.690042 1.656629
v 0.556574 0.676679 1.603613
v 0.558038 0.680645 1.649738
v -0.567857 0.656455 1.653006
v -0.567760 0.652203 1.606529
v -0.052790 0.674621 1.606709
v -0.053089 0.645424 1.649642
v -0.111566 0.675649 1.607166
v -0.111780 0.646384 1.650069
v -0.170165 0.676891 1.607633
v -0.170306 0.647544 1.650505
v -0.228747 0.645063 1.604591
v -0.228678 0.648848 1.650941
v -0.286932 0.646370 1.604990
v -0.286909 0.650241 1.651366
v -0.345025 0.681305 1.608992
v -0.345041 0.685572 1.655465
v -0.402947 0.649025 1.605729
v -0.403092 0.687172 1.655898
v -0.460945 0.684227 1.609766
v -0.460867 0.654394 1.652496
v 0.493220 0.643113 1.600793
v 0.494430 0.646771 1.646895
v 0.432442 0.642539 1.600962
v 0.436103 0.679291 1.650108
v 0.371511 0.641975 1.601162
v 0.372521 0.645557 1.647288
v 0.312405 0.674179 1.604452
v 0.313421 0.677982 1.650631
v 0.251063 0.673703 1.604750
v 0.251948 0.677475 1.650949
v 0.188285 0.640766 1.601946
v 0.190466 0.677136 1.651302
v 0.128412 0.673273 1.605446
v 0.129036 0.677017 1.651689
v 0.067214 0.673417 1.605842
v 0.067715 0.677171 1.652111
v -0.501617 1.002259 1.374256
v -0.499884 1.308524 1.413219
v -0.498208 1.470087 1.429608
v 0.533376 1.458633 1.412186
v 0.522372 1.462629 1.412586
v 0.012067 1.455999 1.419866
v 0.538427 1.448341 1.411363
v 0.542223 1.287750 1.397093
v 0.534515 0.987907 1.363776
v -0.502910 0.741985 1.340716
v -0.483198 1.484021 1.430632
v -0.493669 1.480297 1.430439
v 0.521010 0.734443 1.335325
v -0.498486 0.731946 1.339553
v 0.005086 0.718169 1.336012
v -0.488292 0.727117 1.338987
v 0.505316 0.720076 1.333954
v 0.515936 0.724697 1.334372
v -0.409835 0.672087 1.569097
v -0.410465 0.911837 1.599194
v -0.409821 0.671418 1.555486
v -0.410440 0.910450 1.585431
v -0.396047 0.671434 1.562206
v -0.396573 0.910493 1.592138
v -0.403470 0.884364 1.588658
v -0.385640 0.899382 1.603265
v -0.410353 0.901309 1.611529
v -0.425560 0.899963 1.590886
v -0.410280 0.897231 1.569898
v -0.385607 0.896900 1.577546
v -0.396736 0.924510 1.614594
v -0.421423 0.924900 1.606950
v -0.421370 0.922215 1.581186
v -0.396671 0.920231 1.572924
v -0.381423 0.921634 1.593550
v -0.403552 0.937448 1.595847
v -0.364401 0.901494 1.589427
v -0.335072 0.924758 1.600442
v -0.375613 0.927322 1.606080
v -0.400592 0.927193 1.593141
v -0.375583 0.924601 1.579545
v -0.335069 0.923120 1.584054
v -0.353202 0.965233 1.611082
v -0.393733 0.966876 1.606608
v -0.393708 0.965021 1.590174
v -0.353186 0.962307 1.584510
v -0.328086 0.962410 1.597408
v -0.364396 0.988620 1.601277
v -0.425378 0.915007 1.600748
v -0.396205 0.938597 1.611872
v -0.436609 0.941165 1.617486
v -0.461489 0.940911 1.604497
v -0.436547 0.938287 1.590902
v -0.396179 0.936861 1.595454
v -0.414342 0.979525 1.622619
v -0.454716 0.981074 1.618093
v -0.454671 0.979118 1.601627
v -0.414290 0.976432 1.595995
v -0.389306 0.976623 1.608939
v -0.425512 1.003073 1.612841
v -0.449357 0.849169 1.593367
v -0.420310 0.872528 1.604416
v -0.460588 0.874682 1.609917
v -0.485397 0.874417 1.596907
v -0.460523 0.872200 1.583410
v -0.420279 0.871029 1.588043
v -0.438447 0.912722 1.614950
v -0.478699 0.913998 1.610337
v -0.478652 0.912294 1.593920
v -0.438387 0.910026 1.588401
v -0.413489 0.910227 1.601370
v -0.449616 0.936100 1.605113
v -0.376057 0.825940 1.578711
v -0.346856 0.848848 1.589607
v -0.387260 0.850976 1.595123
v -0.412162 0.850859 1.582169
v -0.387227 0.848709 1.568681
v -0.346849 0.847483 1.573274
v -0.364967 0.888386 1.599964
v -0.405369 0.889760 1.595402
v -0.405342 0.888197 1.579026
v -0.364944 0.885919 1.573483
v -0.339937 0.886007 1.586401
v -0.376151 0.911521 1.590070
v 1.213667 0.185602 0.382629
v 1.213575 0.185354 0.116485
v 1.214044 0.186192 0.661940
v 1.216354 0.342669 0.899293
v 1.214718 0.187045 0.898792
v 1.222678 0.721529 0.918430
v 1.214203 0.337500 0.114883
v 1.215486 0.749173 0.117556
v 1.219610 1.051157 0.456761
v 1.217765 0.982642 0.276959
v 1.221320 1.046940 0.603703
v 1.216655 0.904490 0.193321
v 1.223765 0.980543 0.772587
v 1.224484 0.888161 0.863445
v -0.563503 0.992425 1.368004
v -0.561436 1.347974 1.412858
v -0.559032 1.533804 1.430290
v 0.598339 1.510803 1.410310
v 0.605575 1.325478 1.395154
v 0.597087 0.977531 1.357134
v -0.564669 0.692494 1.330050
v 0.580507 0.685808 1.325274
v -0.559635 0.680979 1.327418
v 0.004189 0.667516 1.325575
v -0.548103 0.675653 1.328208
v 0.562813 0.669477 1.323797
v 0.574728 0.674625 1.322868
v 0.580089 1.527508 1.411567
v 0.011222 1.518984 1.419410
v -0.542087 1.550154 1.431376
v -0.553890 1.545581 1.430719
v 0.592442 1.522706 1.410733
v 0.414852 0.664942 1.564127
v 0.432192 0.897278 1.588968
v 0.414543 0.664400 1.550603
v 0.431575 0.896150 1.575387
v 0.428754 0.664809 1.557319
v 0.446315 0.896996 1.582084
v 0.437185 0.871222 1.579176
v 0.457373 0.886755 1.593390
v 0.432067 0.886887 1.601405
v 0.415292 0.884937 1.580951
v 0.430246 0.883571 1.560308
v 0.456204 0.884689 1.567996
v 0.448030 0.910272 1.603983
v 0.421915 0.909081 1.596301
v 0.420754 0.906919 1.570889
v 0.446076 0.906746 1.562873
v 0.462923 0.908836 1.583319
v 0.440992 0.922656 1.585130
v 0.479026 0.890392 1.579772
v 0.511544 0.915032 1.590373
v 0.469900 0.914610 1.595620
v 0.443292 0.912941 1.582693
v 0.468604 0.912322 1.569441
v 0.510699 0.913600 1.574200
v 0.496054 0.953211 1.599895
v 0.453649 0.951796 1.595172
v 0.452810 0.950261 1.578979
v 0.494617 0.950695 1.573704
v 0.521266 0.952521 1.586641
v 0.485439 0.975340 1.589629
v 0.416868 0.899347 1.590374
v 0.449433 0.924038 1.600982
v 0.407465 0.923593 1.606293
v 0.380740 0.921934 1.593387
v 0.406265 0.921307 1.580085
v 0.448642 0.922606 1.584792
v 0.433542 0.962243 1.610594
v 0.390853 0.960828 1.605929
v 0.390082 0.959296 1.589717
v 0.432205 0.959731 1.584374
v 0.459013 0.961579 1.597287
v 0.422740 0.984392 1.600365
v 0.387088 0.834437 1.584456
v 0.419388 0.858491 1.594967
v 0.377625 0.858121 1.600246
v 0.351168 0.856735 1.587334
v 0.376628 0.856195 1.574064
v 0.418726 0.857285 1.578791
v 0.403568 0.896047 1.604423
v 0.361165 0.894856 1.599735
v 0.360517 0.893552 1.583539
v 0.402438 0.893910 1.578227
v 0.429009 0.895484 1.591143
v 0.392966 0.918061 1.594135
v 0.461021 0.816104 1.570697
v 0.493267 0.840023 1.581169
v 0.451863 0.839664 1.586375
v 0.425553 0.838288 1.573442
v 0.450786 0.837782 1.560231
v 0.492563 0.838845 1.565015
v 0.477917 0.877433 1.590477
v 0.435841 0.876245 1.585725
v 0.435133 0.874968 1.569553
v 0.476702 0.875339 1.564319
v 0.503082 0.876868 1.577259
v 0.467561 0.899386 1.580125
v -0.142313 0.665919 1.567227
v -0.139806 0.899246 1.595341
v -0.142356 0.665360 1.553648
v -0.139894 0.898083 1.581647
v -0.128411 0.665374 1.560335
v -0.125686 0.898123 1.588285
v -0.133069 0.872673 1.585055
v -0.114576 0.887244 1.599431
v -0.139732 0.888833 1.607715
v -0.155402 0.887732 1.587215
v -0.139990 0.885414 1.566285
v -0.114765 0.885161 1.573838
v -0.125514 0.911464 1.610528
v -0.150792 0.911805 1.602993
v -0.150948 0.909553 1.577359
v -0.125813 0.907875 1.569073
v -0.110056 0.909089 1.589557
v -0.132471 0.924277 1.591773
v -0.092953 0.889704 1.585585
v -0.062522 0.912674 1.596302
v -0.103942 0.914520 1.601970
v -0.129585 0.914347 1.589156
v -0.104162 0.912235 1.575575
v -0.062693 0.911291 1.580003
v -0.080450 0.951700 1.606571
v -0.122006 0.952866 1.602208
v -0.122137 0.951308 1.585866
v -0.080720 0.949235 1.580152
v -0.054856 0.949589 1.592946
v -0.091737 0.974487 1.596637
v -0.154984 0.902247 1.596913
v -0.124822 0.925223 1.607696
v -0.166058 0.927444 1.613407
v -0.191548 0.927393 1.600582
v -0.166205 0.925027 1.586960
v -0.124944 0.923766 1.591365
v -0.142843 0.964789 1.618107
v -0.184171 0.966281 1.613764
v -0.184256 0.964634 1.597389
v -0.143031 0.962192 1.591634
v -0.117342 0.962370 1.604432
v -0.154125 0.987829 1.608224
v -0.180189 0.838223 1.590178
v -0.150281 0.860870 1.600901
v -0.191257 0.862863 1.606508
v -0.216573 0.862855 1.593651
v -0.191360 0.860777 1.580115
v -0.150370 0.859614 1.584602
v -0.168254 0.899799 1.611124
v -0.209314 0.901175 1.606693
v -0.209373 0.899739 1.590352
v -0.168390 0.897537 1.584703
v -0.142897 0.897633 1.597532
v -0.179473 0.922684 1.601182
v -0.105966 0.816077 1.575566
v -0.075794 0.838600 1.586184
v -0.116928 0.840191 1.591735
v -0.142380 0.840077 1.578889
v -0.117099 0.838291 1.565408
v -0.075929 0.837452 1.569924
v -0.093629 0.876789 1.596192
v -0.134894 0.877830 1.591734
v -0.134998 0.876519 1.575435
v -0.093845 0.874717 1.569839
v -0.068193 0.874973 1.582664
v -0.104824 0.899336 1.586165
v 0.131830 0.663161 1.565402
v 0.140793 0.893624 1.591587
v 0.131671 0.662651 1.551856
v 0.140475 0.892561 1.577960
v 0.145842 0.662914 1.558549
v 0.155134 0.893111 1.584611
v 0.146876 0.867692 1.581582
v 0.166397 0.882721 1.595836
v 0.140784 0.883267 1.603998
v 0.124403 0.881720 1.583548
v 0.139844 0.880141 1.562764
v 0.165768 0.880787 1.570361
v 0.155987 0.906175 1.606650
v 0.129939 0.905534 1.599068
v 0.129351 0.903489 1.573565
v 0.154955 0.902865 1.565400
v 0.171447 0.904575 1.585838
v 0.148878 0.918671 1.587848
v 0.188375 0.886061 1.582096
v 0.220277 0.910020 1.592700
v 0.178049 0.910137 1.598176
v 0.151556 0.908991 1.585333
v 0.177341 0.908001 1.571910
v 0.219785 0.908693 1.576477
v 0.203165 0.947983 1.602544
v 0.160478 0.947316 1.598034
v 0.160033 0.945875 1.581780
v 0.202350 0.945644 1.576263
v 0.229050 0.947052 1.589104
v 0.191974 0.970130 1.592430
v 0.125318 0.895984 1.593084
v 0.157001 0.919823 1.603717
v 0.114774 0.920256 1.609260
v 0.088379 0.919304 1.596434
v 0.114183 0.918081 1.582953
v 0.156583 0.918479 1.587469
v 0.139590 0.958052 1.613686
v 0.096984 0.957737 1.609232
v 0.096616 0.956269 1.592951
v 0.138904 0.955681 1.587362
v 0.165533 0.956913 1.600185
v 0.128308 0.980356 1.603621
v 0.097848 0.832058 1.586863
v 0.129163 0.855318 1.597420
v 0.087294 0.855812 1.602897
v 0.061195 0.855089 1.590049
v 0.086825 0.853964 1.576625
v 0.128828 0.854179 1.581193
v 0.111835 0.892954 1.607222
v 0.069633 0.892831 1.602713
v 0.069338 0.891570 1.586455
v 0.111280 0.890921 1.580932
v 0.137615 0.891897 1.593773
v 0.100699 0.915133 1.597098
v 0.172910 0.812678 1.572658
v 0.204451 0.835974 1.583153
v 0.162606 0.836115 1.588549
v 0.136428 0.835201 1.575683
v 0.162029 0.834354 1.562330
v 0.204049 0.834882 1.566957
v 0.187492 0.873185 1.592764
v 0.145233 0.872681 1.588187
v 0.144865 0.871479 1.571963
v 0.186816 0.871236 1.566527
v 0.213201 0.872382 1.579387
v 0.176498 0.895142 1.582557
v -0.372207 0.669349 1.577868
v -0.335964 0.737847 1.585550
v -0.396858 0.682316 1.570304
v -0.360696 0.751256 1.578200
v -0.376312 0.670048 1.546129
v -0.340093 0.738246 1.553771
v -0.129284 0.669146 1.570155
v -0.091680 0.736431 1.577371
v -0.154068 0.681820 1.562570
v -0.116609 0.749421 1.569983
v -0.133536 0.669983 1.538485
v -0.096021 0.736995 1.545678
v 0.151645 0.655508 1.567196
v 0.191647 0.722712 1.573827
v 0.126822 0.667508 1.559462
v 0.166661 0.734914 1.566273
v 0.147128 0.656390 1.535584
v 0.186944 0.723301 1.542207
v 0.448548 0.670347 1.567142
v 0.490898 0.738903 1.573695
v 0.424107 0.682234 1.559333
v 0.466396 0.751002 1.566040
v 0.443721 0.671072 1.535562
v 0.485809 0.739289 1.542112
v -0.270069 1.540977 1.459793
v -0.235311 1.463212 1.402845
v -0.236062 1.464142 1.396917
v -0.238567 1.469112 1.394875
v -0.237711 1.472658 1.445288
v -0.239161 1.476323 1.451646
v -0.241967 1.482441 1.454700
v -0.262469 1.518973 1.399175
v -0.265264 1.525096 1.402171
v -0.266750 1.528836 1.408496
v -0.245763 1.490331 1.455414
v -0.265854 1.532180 1.459058
v 0.300147 1.526608 1.447442
v 0.263431 1.451661 1.393180
v 0.263839 1.452688 1.387321
v 0.266167 1.457597 1.385204
v 0.268124 1.460055 1.434767
v 0.269895 1.463508 1.440941
v 0.272797 1.469425 1.443802
v 0.289488 1.506419 1.388385
v 0.292327 1.512364 1.391202
v 0.294096 1.515893 1.397336
v 0.276525 1.477124 1.444319
v 0.296081 1.518003 1.446922
v -0.079666 2.977129 1.498685
v -0.044448 2.622329 1.505178
v -0.042976 2.828615 1.391185
v -0.044524 2.580824 1.391877
v -0.273240 1.527032 1.378158
v -0.280959 1.538306 1.374285
v -0.279713 1.552136 1.483659
v -0.288582 1.566173 1.489684
v -0.266181 1.527042 1.400852
v -0.272032 1.526621 1.379894
v -0.277527 1.550072 1.480631
v -0.269496 1.538915 1.451069
v -0.270768 1.541421 1.459634
v -0.273028 1.544571 1.468030
v -0.267839 1.532976 1.425949
v 0.081940 2.976840 1.498350
v 0.043552 2.621672 1.504261
v 0.044512 2.828438 1.390882
v 0.043877 2.580317 1.391128
v 0.299099 1.514585 1.367372
v 0.306415 1.525686 1.363272
v 0.311178 1.536714 1.470383
v 0.320162 1.550205 1.475855
v 0.293124 1.514310 1.389869
v 0.297963 1.514176 1.369119
v 0.308806 1.534830 1.467518
v 0.299103 1.524792 1.438924
v 0.300845 1.527024 1.447257
v 0.303579 1.529859 1.455381
v 0.296102 1.519556 1.414391
v 0.555633 2.607737 1.302357
v 0.168562 3.009923 1.374108
v 0.550872 2.603888 1.277376
v 0.421502 2.741889 1.307099
v 0.426503 2.751211 1.346832
v 0.264720 3.016716 1.630113
v 0.185432 2.993272 1.372359
v 0.559029 2.474881 0.860642
v 0.549697 2.536684 1.062239
v 0.747819 2.430894 1.342774
v 0.634001 2.324773 0.417574
v 0.596518 2.399223 0.672688
v 0.747724 2.430994 1.342790
v 0.628299 2.364018 0.649140
v 0.376607 2.687186 0.476873
v 0.736905 2.426157 1.295507
v 0.333252 2.629184 0.420801
v 0.534310 2.436808 0.524330
v 0.429460 2.537249 0.483923
v 0.374241 2.682907 0.420858
v 0.335043 2.632995 0.476819
v 0.283822 2.721317 0.734820
v 0.572424 2.615339 1.372100
v 0.838449 2.291742 1.180762
v 0.881398 2.283510 1.289717
v 0.895202 2.374227 1.623317
v 0.892077 2.333291 1.480177
v 0.894948 2.289476 1.351077
v 0.862986 2.269771 1.185326
v 0.266526 2.775895 0.918902
v 0.470639 2.732169 1.072448
v 0.426919 2.717464 0.920370
v 0.473273 2.795425 1.270814
v 0.167549 3.107483 1.630305
v 0.321630 2.823130 1.082928
v 0.168509 2.988500 1.315348
v 0.476682 2.806522 1.307362
v 0.482951 2.817400 1.347126
v 0.189048 2.997453 1.372359
v 0.287465 2.800543 0.918921
v 0.611247 2.731501 1.628775
v 0.576004 2.643258 1.302829
v 0.584079 2.636332 1.302567
v 0.665477 2.683383 1.628458
v 0.548145 2.615258 1.302630
v 0.439461 2.759869 1.307165
v 0.444896 2.769654 1.346907
v 0.576198 2.629959 1.302516
v 0.270723 3.022786 1.630120
v 1.056407 2.112713 1.282139
v 0.416652 2.668856 1.072276
v 1.057868 2.127513 1.338215
v 0.620086 2.467118 0.859931
v 0.914378 2.306378 1.465195
v 0.993393 2.090597 0.972337
v 1.153213 2.084969 1.510155
v 1.180371 2.090751 1.621474
v 1.159018 1.911365 0.841997
v 0.677758 2.391931 0.989672
v 1.021638 2.095448 1.099782
v 0.843642 2.230245 0.975261
v 1.150105 1.966647 1.066481
v 0.570632 2.625226 1.277519
v 0.418816 2.731680 1.270572
v 0.578952 2.496665 0.860715
v 0.568658 2.557182 1.062334
v 0.797350 2.484796 1.343569
v 0.797240 2.484880 1.343585
v 0.784533 2.477896 1.296204
v 0.684030 2.421528 0.858692
v 0.595802 2.640671 1.372316
v 0.753345 2.454414 1.156207
v 0.405787 2.691821 0.920322
v 0.448826 2.705746 1.072369
v 0.231623 2.765501 0.742674
v 0.257591 2.773057 0.867049
v 0.618550 2.544224 0.860878
v 0.608061 2.603864 1.062563
v 0.615439 2.507966 0.674415
v 0.615436 2.507942 0.674273
v 0.588384 2.501780 0.524439
v 0.463020 2.577829 0.483969
v 0.350166 2.651315 0.476836
v 0.288952 2.727342 0.734824
v 0.338440 2.694388 0.728223
v 0.547549 2.553273 0.687695
v 0.268287 2.777922 0.918903
v 0.714658 2.432590 0.987999
v 0.677455 2.391976 0.988746
v 0.168213 2.861000 0.868880
v 0.338357 2.854696 1.082970
v 0.259160 2.804939 0.742694
v 0.288369 2.818071 0.867080
v 0.300408 2.825237 0.918941
v 1.199347 2.067487 1.606211
v 1.311527 1.949780 1.580650
v 1.209614 1.897107 1.006992
v 1.152711 1.950509 1.006476
v 1.295244 1.840237 1.108280
v 1.269966 1.840241 1.002953
v 1.312747 1.893517 1.384783
v 1.312750 1.893393 1.384346
v 1.554973 1.725066 1.580866
v 1.524660 1.688846 1.358219
v 1.672335 1.530038 1.237030
v 1.660051 1.584793 1.390745
v 1.691629 1.545545 1.342730
v 1.631789 1.499602 0.988565
v 1.631757 1.499581 0.988346
v 1.437532 1.683073 1.012283
v 1.366570 1.772300 1.107584
v 1.697851 1.550927 1.377369
v 1.761783 1.436912 1.167256
v 1.662272 1.522084 1.179717
v 1.752127 1.342849 1.180934
v 1.176978 1.869702 0.695144
v 1.210847 1.838322 0.693700
v 1.435745 1.675459 0.965648
v 1.418541 1.633039 0.607485
v 1.411735 1.623103 0.464008
v 1.318014 1.711986 0.465997
v 1.317813 1.712174 0.466001
v 1.301892 1.753237 0.682021
v 0.868119 2.501974 1.627189
v 1.155035 1.890172 0.697936
v 0.878101 2.117113 0.570574
v 1.048407 1.965328 0.559196
v 1.059135 1.938703 0.410294
v 1.076209 1.912459 0.277867
v 1.055050 1.948263 0.467599
v 1.132233 1.881872 0.480790
v 0.880093 2.379896 1.292500
v 0.642731 2.660051 1.628110
v 0.778564 2.465356 1.343276
v 0.778452 2.465436 1.343292
v 0.765454 2.458097 1.295932
v 0.733568 2.433722 1.155994
v 0.883504 2.342305 1.181500
v 0.934177 2.343116 1.290800
v 0.951801 2.442837 1.626762
v 0.947786 2.397006 1.481610
v 0.950293 2.352256 1.352326
v 0.912101 2.325018 1.186180
v 0.888388 2.327792 1.480059
v 0.915209 2.306365 1.465199
v 1.199926 2.144193 1.511897
v 1.231740 2.157526 1.623541
v 0.710396 2.407866 1.155735
v 0.863849 2.321225 1.181192
v 0.915739 2.323665 1.290445
v 0.932256 2.333312 1.351946
v 0.893110 2.304848 1.185869
v 1.122705 2.191982 1.283975
v 1.124564 2.207649 1.340157
v 1.047240 2.153924 0.973305
v 0.670568 2.383616 0.989614
v 1.081206 2.165627 1.101088
v 0.868972 2.259725 0.975589
v 1.254845 2.020922 1.276508
v 1.077800 2.138163 1.282747
v 1.079694 2.153594 1.338865
v 0.912155 2.303749 1.465134
v 1.190696 2.131558 1.511539
v 1.221903 2.143572 1.623128
v 1.036470 2.112820 1.100118
v 1.187060 2.010624 1.067493
v 1.243811 2.124076 1.607997
v 1.252324 2.116563 1.602192
v 1.373515 2.029457 1.583354
v 1.371215 1.944769 1.271019
v 1.256807 1.953460 1.008352
v 1.356635 1.914542 1.110474
v 1.327382 1.909211 1.004785
v 1.376104 1.972389 1.387406
v 1.376110 1.972264 1.386968
v 1.536229 1.815645 1.612753
v 1.206720 2.058504 1.600354
v 1.322499 1.963000 1.581128
v 1.324155 1.906938 1.385259
v 1.324159 1.906815 1.384822
v 1.592463 1.770712 1.582826
v 1.559952 1.730291 1.360060
v 1.583799 1.733693 1.430038
v 0.597796 2.337078 0.031161
v 0.850704 2.102408 -0.188011
v 1.107506 2.140818 -1.002690
v 0.632595 2.318922 0.348575
v 0.807302 2.155854 0.372791
v 0.698220 2.254494 0.339247
v 1.077380 1.903945 0.129052
v 0.868084 2.082136 -0.024444
v 0.850621 2.102535 0.190200
v 1.055858 1.920280 0.024038
v 0.629337 2.310887 0.198008
v 0.648251 2.317419 -0.466325
v 0.997431 1.997226 -0.462239
v 0.868734 2.081608 0.029213
v 0.979262 2.370041 -1.677181
v 0.830461 2.120657 0.190741
v 1.208728 1.964817 0.843000
v 1.043231 2.059477 -1.000124
v 1.027470 2.126570 0.972906
v 0.949398 2.016015 -0.195436
v 0.650817 2.385156 0.858513
v 1.014604 2.002054 -0.605911
v 0.976999 2.038851 -0.625264
v 0.865391 2.219764 0.853709
v 0.877158 2.079087 0.191253
v 0.647878 2.313800 -0.434443
v 0.261270 2.704699 -0.428811
v 0.793935 2.173827 -0.419250
v 0.296038 2.678515 -0.530918
v 0.793127 2.154830 -0.193403
v 0.664717 2.327809 -0.637950
v 0.750437 2.189080 -0.024208
v 0.165649 2.803873 -0.439145
v 0.732312 2.206196 0.035685
v 0.778269 2.164761 -0.106183
v 0.499147 2.437291 -0.023878
v 0.508832 2.427355 0.037584
v 0.508665 2.427527 0.037596
v 0.485708 2.458160 0.243607
v 0.273912 2.695237 -0.470384
v 0.327987 2.622432 0.251821
v 0.327862 2.622564 0.251827
v 0.197402 2.759776 0.258935
v 0.197159 2.760030 0.258948
v 0.597620 2.354481 -0.354978
v 0.428053 2.526659 -0.361119
v 0.427895 2.526822 -0.361125
v 0.408452 2.535816 -0.187687
v 0.496669 2.444244 -0.184701
v 0.379023 2.593744 -0.528411
v 0.634214 2.318334 -0.354023
v 0.428319 2.541050 -0.505599
v 0.371555 2.570428 -0.023750
v 0.193911 2.758543 0.040933
v 0.362730 2.579628 0.018356
v 0.427335 2.537865 -0.468782
v 0.680676 2.394958 0.989692
v 1.058614 2.134511 1.100537
v 0.863164 2.250638 0.975492
v 1.198914 2.018992 1.067688
v 0.680341 2.394971 0.988766
v 1.204440 1.943566 0.698770
v 0.900429 2.141142 0.570727
v 1.087433 2.007639 0.559615
v 1.094703 1.991534 0.467972
v 1.179462 1.933503 0.481342
v 0.924743 2.219032 0.415166
v 0.920764 2.294146 0.854346
v 0.605204 2.452563 0.859872
v 0.559958 2.476053 0.860646
v 0.653496 2.350327 0.417625
v 0.606735 2.412324 0.672724
v 0.646639 2.387581 0.649210
v 0.556775 2.438509 0.674252
v 0.556772 2.438484 0.674110
v 0.675534 2.416383 0.858663
v 0.960109 2.222996 0.571191
v 0.871010 2.239364 0.373064
v 0.734054 2.301684 0.339351
v 0.651756 2.344051 0.348676
v 1.739617 1.349312 0.737797
v 1.433129 1.639738 0.748281
v 1.726617 1.254000 0.734297
v 1.698478 1.334753 0.382900
v 1.693480 1.391935 0.739870
v 1.715877 1.335105 0.525310
v 1.740126 1.615667 1.241657
v 1.669059 1.363405 0.384606
v 1.649402 1.363291 0.144807
v 1.729900 1.283705 0.139840
v 1.715923 1.189225 0.105980
v 1.542374 1.470349 0.134404
v 1.463980 1.566104 0.395411
v 1.564124 1.739624 1.360480
v 1.547693 1.472423 0.257326
v 1.547852 1.472265 0.257330
v 1.461061 1.572599 0.435684
v 1.465981 1.546135 0.114724
v 1.313705 1.894208 1.384376
v 1.317164 1.688959 0.077843
v 1.265275 1.744636 0.270756
v 1.313288 1.710557 0.402244
v 1.211398 1.793076 0.274195
v 1.310362 1.704330 0.287178
v 1.323463 1.680837 -0.028028
v 1.528856 1.479009 -0.031774
v 1.526686 1.480433 -0.091561
v 1.292696 1.837469 1.108192
v 1.333019 1.670880 -0.102539
v 1.308172 1.867350 1.268533
v 1.724322 1.667614 1.394990
v 1.762180 1.635742 1.347595
v 1.693532 1.575748 0.992392
v 1.693494 1.575719 0.992173
v 1.462164 1.714087 1.013457
v 1.377369 1.786317 1.108080
v 1.589309 1.745045 1.430556
v 1.769314 1.642614 1.382292
v 1.728636 1.605348 1.184188
v 1.488270 1.756831 1.258611
v 0.645080 2.416980 0.418095
v 0.688025 2.388896 0.417704
v 0.644084 2.454433 0.672840
v 0.681568 2.425976 0.649325
v 0.643961 2.454505 0.672803
v 0.570485 2.479414 0.524400
v 0.446754 2.557744 0.483945
v 0.446639 2.557818 0.483907
v 0.335363 2.633375 0.476819
v 0.645205 2.394701 0.031254
v 0.678010 2.373029 0.035121
v 0.682430 2.374898 0.198110
v 0.682285 2.374992 0.198099
v 0.540306 2.465804 0.037650
v 0.540108 2.465939 0.037662
v 0.513052 2.491230 0.243651
v 0.327066 2.621313 0.251819
v 0.326918 2.621417 0.251826
v 0.597154 2.485356 0.674218
v 0.252779 2.791744 0.742687
v 0.386002 2.709015 0.476894
v 0.315880 2.764944 0.734852
v 0.372640 2.746990 0.728276
v 0.168139 2.835787 0.730433
v 0.164509 2.835893 -0.755382
v 0.212801 2.814978 -0.929609
v 0.240586 2.829003 -1.140546
v 0.223746 2.857977 -1.205368
v 0.223700 2.858057 -1.205544
v 0.196896 2.805616 -0.765175
v 0.206977 2.806925 -0.843493
v 0.207004 2.806931 -0.843700
v 0.164423 2.835950 -0.755557
v 0.327065 2.664899 -0.675569
v 0.340295 2.673440 -0.815390
v 0.314852 2.702745 -0.842824
v 0.997858 2.086222 -0.939226
v 0.478992 2.564994 -0.938735
v 0.505218 2.583410 -1.114599
v 0.464534 2.624103 -1.130576
v 0.392756 2.602863 -0.697361
v 0.434256 2.580357 -0.804206
v 0.568140 2.680824 -1.750726
v 0.586148 2.701350 -1.723442
v 0.492624 2.678218 -1.410951
v 0.166151 2.947491 -1.789088
v 0.379967 2.834671 -1.775388
v 0.467515 2.703007 -1.756184
v 0.171571 3.014372 -1.793469
v 0.163328 2.962180 -1.436203
v 0.638930 2.748347 -1.759887
v 0.647004 2.804497 -1.736898
v 0.542864 2.770887 -1.416643
v 0.188086 2.949758 -1.789008
v 0.422424 2.871590 -1.778792
v 0.536754 2.755497 -1.762420
v 0.551185 2.543072 -1.117825
v 0.522124 2.684893 -1.512490
v 0.612298 2.607132 -1.495781
v 0.642889 2.579285 -1.486343
v 0.599300 2.417681 -0.781870
v 0.529348 2.486583 -0.792602
v 0.678569 2.340541 -0.770876
v 0.424405 2.586622 -0.786120
v 0.163332 2.956769 -1.412555
v 0.666240 2.630770 -1.378296
v 0.163445 2.915369 -1.223833
v 0.250892 2.840252 -1.140620
v 0.231802 2.866685 -1.205441
v 0.231751 2.866757 -1.205617
v 0.550371 2.632619 -1.116005
v 0.504325 2.667518 -1.131713
v 0.535051 2.723454 -1.413741
v 0.602326 2.598631 -1.119661
v 0.567734 2.733228 -1.516426
v 0.668883 2.667227 -1.501468
v 0.703217 2.643394 -1.492619
v 0.175955 2.904047 -0.931101
v 0.176596 2.879876 -0.755267
v 0.235503 2.871659 -0.929608
v 0.269148 2.891562 -1.141017
v 0.248608 2.915330 -1.205920
v 0.248552 2.915395 -1.206097
v 0.216165 2.858943 -0.765027
v 0.228445 2.862611 -0.843397
v 0.228477 2.862623 -0.843605
v 0.176504 2.879908 -0.755442
v 0.175238 2.956177 -1.224163
v 0.174373 2.833687 -0.471485
v 0.284034 2.748860 -0.428623
v 0.323800 2.728287 -0.530717
v 0.174508 2.831279 -0.439044
v 0.298496 2.741449 -0.470186
v 0.173233 2.862267 -0.755311
v 0.210275 2.837441 -0.765088
v 0.221786 2.840122 -0.843441
v 0.221817 2.840130 -0.843648
v 0.173143 2.862309 -0.755487
v 0.359195 2.719139 -0.675437
v 0.359224 2.719135 -0.675556
v 0.374163 2.728918 -0.815428
v 0.345056 2.753864 -0.842855
v 0.205752 2.805380 -0.843704
v 0.350853 2.694992 -0.675487
v 0.350884 2.694991 -0.675607
v 0.366766 2.706477 -0.815405
v 0.336031 2.729114 -0.842831
v 0.526441 2.632591 -0.921313
v 0.533867 2.632068 -0.939586
v 0.564662 2.654845 -1.116612
v 0.515734 2.685694 -1.132167
v 0.430264 2.650063 -0.697331
v 0.468385 2.641387 -0.786278
v 1.512367 1.579839 0.256063
v 1.587751 1.525318 0.135153
v 1.161044 1.848171 -0.426585
v 1.122653 1.864384 0.120647
v 1.139712 1.847497 -0.025706
v 1.210829 1.788098 -0.208664
v 1.149139 1.843438 -0.205769
v 1.295471 1.709891 -0.212141
v 1.729534 1.434409 -0.678896
v 0.714505 2.346006 -0.935611
v 0.798710 2.401581 -1.353269
v 0.853191 2.161529 -0.685913
v 0.889510 2.161962 -0.841565
v 0.898715 2.168559 -0.902716
v 0.745605 2.362943 -1.096360
v 0.831647 2.170859 -0.630643
v 0.861346 2.254051 -1.084194
v 0.871011 2.154335 -0.731027
v 0.925511 2.189948 -1.068674
v 0.972930 2.362453 -1.676071
v 0.949060 2.333244 -1.700347
v 0.872790 2.346344 -1.383613
v 0.918566 2.335165 -1.466805
v 0.918640 2.335146 -1.466940
v 0.964033 2.351629 -1.685138
v 0.685284 2.583420 -1.733317
v 0.873327 2.438746 -1.695600
v 0.072539 2.937851 -1.743799
v 0.948816 2.522809 -1.685008
v 0.935658 2.412836 -1.341151
v 0.617132 2.579468 -1.362013
v 0.626005 2.684794 -1.708076
v 0.610385 2.663938 -1.735098
v 0.579517 2.678678 -1.737898
v 0.587278 2.702626 -1.711213
v 0.612987 2.817189 -1.726017
v 0.511031 2.671371 -1.498687
v 0.620126 2.616475 -1.484214
v 0.657133 2.596431 -1.475625
v 0.847235 2.460646 -1.346333
v 1.053769 2.463378 -1.680087
v 0.937010 2.424754 -1.379167
v 0.991427 2.424574 -1.465039
v 0.991516 2.424573 -1.465178
v 0.913613 2.425007 -1.342801
v 1.049420 2.450879 -1.689035
v 0.721025 2.609905 -1.725207
v 0.618586 2.674907 -1.720962
v 0.939414 2.512290 -1.695907
v 0.167204 2.786736 0.025825
v 0.167072 2.786993 -0.023658
v 0.279691 2.727857 -0.428698
v 0.321141 2.709876 -0.530774
v 0.294769 2.721398 -0.470256
v 0.478494 2.590196 -0.360908
v 0.455379 2.594999 -0.187497
v 0.420052 2.644842 -0.528236
v 0.478861 2.603827 -0.505427
v 0.411350 2.620667 -0.023625
v 0.199111 2.765073 0.040947
v 0.400813 2.627652 0.018466
v 0.477727 2.600612 -0.468592
v 0.554089 2.504750 -0.023741
v 0.565341 2.496962 0.037721
v 0.538289 2.521926 0.243696
v 0.352107 2.651821 0.251861
v 0.351960 2.651926 0.251867
v 0.197954 2.760446 0.258936
v 0.197668 2.760647 0.258949
v 0.447019 2.583516 -0.187537
v 0.551103 2.511079 -0.184527
v 0.403519 2.610010 -0.023653
v 0.393109 2.617208 0.018441
v 0.180311 3.156294 1.631908
v 0.001584 3.188978 1.629581
v 0.001634 3.178652 1.662544
v 0.186060 3.135883 1.665557
v 0.176864 3.032099 1.377162
v 0.289862 3.082495 1.639608
v 0.196042 3.018322 1.376786
v 0.179247 3.154948 1.632078
v 0.294929 3.088966 1.638816
v 0.657277 2.442274 -0.466897
v 0.718964 2.406745 -0.466370
v 0.718572 2.403292 -0.434442
v 0.289180 2.669650 -0.530953
v 0.738582 2.419823 -0.638442
v 0.657256 2.430645 -0.354870
v 0.450136 2.555285 -0.361031
v 0.449943 2.555403 -0.361037
v 0.390322 2.608303 -0.528369
v 0.701995 2.404642 -0.353930
v 0.450426 2.569465 -0.505534
v 0.449238 2.566089 -0.468709
v 0.327091 2.664890 -0.675688
v 0.407020 2.620975 -0.697360
v 0.457417 2.609391 -0.804340
v 0.658257 2.490683 -0.782595
v 0.573084 2.541028 -0.793033
v 0.754874 2.434499 -0.771996
v 0.445460 2.613080 -0.786215
v 0.167895 2.800140 0.422476
v 0.367382 2.675215 0.251900
v 0.204741 2.769496 0.258946
v 0.204438 2.769673 0.258960
v 0.630726 2.378019 -0.023928
v 0.630779 2.377962 0.031226
v 0.664033 2.356991 0.035094
v 0.690443 2.365716 -0.434450
v 0.865040 2.260004 -0.419355
v 0.864311 2.242177 -0.193304
v 0.813292 2.266602 -0.024087
v 0.791620 2.279349 0.035804
v 0.846568 2.248838 -0.106063
v 0.512875 2.454429 -0.023847
v 0.524443 2.446802 0.037616
v 0.524243 2.446934 0.037628
v 0.630480 2.394900 -0.354927
v 0.625931 2.579155 -1.371349
v 0.700768 2.354275 -0.918586
v 0.404586 2.530959 -0.187700
v 0.509936 2.460803 -0.184662
v 0.674199 2.367389 -0.353977
v 0.468339 2.568891 -0.921750
v 0.475598 2.567571 -0.939725
v 0.559996 2.552983 -1.116868
v 0.615629 2.484281 -0.932248
v 0.621226 2.480950 -0.931850
v 0.621431 2.480847 -0.931944
v 0.757470 2.402023 -0.931388
v 0.620659 2.481317 -0.932061
v 0.850599 2.450683 -1.349634
v 0.792128 2.416231 -1.092117
v 0.741261 2.408205 -0.914595
v 0.907121 2.262229 -0.905739
v 0.617267 2.464250 -0.915581
v 0.690354 2.356411 -0.638110
v 0.472781 2.566862 -0.920572
v 0.429281 2.574789 -0.804177
v 0.616022 2.436185 -0.782061
v 0.536848 2.494920 -0.792672
v 0.705794 2.370553 -0.771240
v 0.745965 2.380176 -0.936478
v 0.904010 2.217694 -0.686505
v 0.944619 2.222082 -0.842816
v 0.954747 2.229416 -0.904301
v 0.780349 2.400249 -1.098019
v 0.879714 2.224253 -0.631059
v 0.911222 2.307629 -1.086684
v 0.924085 2.212755 -0.731794
v 0.984036 2.252948 -1.071466
v 0.730492 2.386615 -0.919340
v 0.890279 2.174831 -0.464024
v 0.889706 2.150999 -0.187958
v 0.645026 2.313435 -0.466321
v 1.066853 2.082009 -0.462453
v 0.891355 2.198588 -0.630110
v 0.917075 2.136578 -0.185667
v 1.009029 2.090014 -0.195352
v 1.087265 2.089923 -0.606504
v 1.041714 2.117046 -0.625866
v 0.644591 2.309731 -0.434441
v 0.820942 2.207112 -0.419292
v 0.820110 2.188499 -0.193366
v 0.931141 2.341717 -1.515344
v 0.866071 2.212576 -0.630965
v 0.884578 2.141859 -0.187968
v 0.625611 2.309437 0.035020
v 0.884579 2.137192 0.029777
v 0.884186 2.137436 0.029739
v 0.904586 2.124805 -0.024367
v 0.884509 2.141970 0.190308
v 0.629893 2.311534 0.198009
v 0.905333 2.124387 0.029300
v 0.861309 2.156559 0.190834
v 0.910633 2.125549 -0.185680
v 0.915034 2.123165 0.191383
v 0.818322 2.184190 -0.193371
v 0.769215 2.211045 -0.024174
v 0.748360 2.224958 0.035716
v 0.801236 2.191600 -0.106145
v 0.883870 2.160259 0.414941
v 0.634867 2.325565 0.417575
v 0.916271 2.160357 0.570844
v 1.112184 2.038062 0.559893
v 1.124471 2.013917 0.410865
v 1.144214 1.991221 0.278348
v 1.119787 2.022525 0.468218
v 0.633224 2.319445 0.348576
v 0.834558 2.187099 0.372899
v 0.708840 2.266555 0.339274
v 1.145611 1.983365 0.129401
v 0.884419 2.141740 0.190307
v 1.120848 1.996031 0.024279
v 0.629447 2.310811 0.198008
v 0.905272 2.124196 0.029300
v 0.861187 2.156284 0.190834
v 0.914986 2.122994 0.191382
v 1.138981 2.065066 -1.328143
v 1.124650 1.964912 0.129328
v 0.866850 2.080559 -0.024447
v 1.098182 1.974912 0.024217
v 1.026122 2.033488 -0.462325
v 0.867648 2.080226 0.029210
v 0.873343 2.082133 -0.185728
v 0.967096 2.038724 -0.195409
v 1.227991 1.933048 -0.426660
v 1.180464 1.938926 0.121015
v 1.201583 1.927283 -0.025425
v 1.213305 1.925753 -0.205614
v 1.132947 2.059119 -1.291575
v 1.161502 2.081876 -1.446861
v 0.888368 2.355790 -1.348067
v 1.151541 2.107218 -1.488731
v 0.905809 2.173748 -0.947621
v 1.051055 2.153589 -0.941057
v 0.734863 2.349422 -1.095771
v 0.878964 2.276230 -1.085190
v 0.959202 2.232408 -1.070484
v 0.889936 2.367961 -1.385652
v 0.945486 2.369308 -1.470567
v 0.945576 2.369309 -1.470704
v 0.960348 2.378886 -1.519789
v 1.224261 2.174206 -1.335134
v 1.217136 2.166618 -1.298003
v 1.251130 2.197637 -1.455824
v 1.237715 2.218773 -1.498271
v 0.935630 2.211473 -0.948727
v 1.240433 1.840199 0.406844
v 1.198614 1.896902 0.695601
v 1.239672 1.874515 0.694351
v 1.369097 1.777107 0.467056
v 1.349608 1.813396 0.683295
v 1.172015 1.911540 0.698281
v 1.055372 1.934136 0.410256
v 1.050459 1.942672 0.467548
v 1.144212 1.897131 0.480961
v 1.305743 1.796192 0.271282
v 1.363660 1.774491 0.403170
v 1.240523 1.830087 0.274534
v 1.360313 1.767817 0.287914
v 1.219713 1.909303 1.007299
v 1.151912 1.949311 1.006449
v 1.321196 1.872554 1.109273
v 1.291329 1.866649 1.003684
v 1.490920 1.748917 1.014689
v 1.405918 1.821388 1.109262
v 1.495673 1.711931 0.827461
v 1.180375 1.873871 0.695216
v 1.220935 1.850709 0.693928
v 1.488854 1.740906 0.967973
v 1.468954 1.695054 0.609033
v 1.461018 1.683858 0.465233
v 1.348972 1.750611 0.466641
v 1.348732 1.750750 0.466644
v 1.329558 1.787590 0.682769
v 1.154098 1.889021 0.697917
v 1.486041 1.704829 0.750228
v 1.485881 1.704942 0.750328
v 1.446758 1.669651 0.464960
v 1.330516 1.728972 0.466287
v 1.330267 1.729095 0.466290
v 1.511645 1.628701 0.396675
v 1.531976 1.607205 0.256482
v 1.507982 1.634250 0.437009
v 1.514933 1.609740 0.115420
v 1.329960 1.705951 0.077971
v 1.324665 1.726073 0.402481
v 1.321218 1.718995 0.287357
v 1.230155 1.808089 -0.026041
v 1.066160 1.899877 0.277780
v 1.067624 1.891574 0.128991
v 1.358414 1.741599 0.078227
v 1.295410 1.783254 0.271155
v 1.230268 1.817212 0.274419
v 1.361269 1.739051 0.034336
v 1.366439 1.735222 -0.027734
v 1.378482 1.727798 -0.102297
v 1.230257 1.809795 0.108649
v 1.153590 1.848863 0.115949
v 1.143466 1.852186 -0.025688
v 1.230048 1.812208 -0.208609
v 1.155025 1.850705 -0.205754
v 1.332913 1.756794 -0.212023
v 1.381838 1.729435 -0.210098
v 1.593882 1.528425 0.258376
v 1.495769 1.583121 0.115138
v 1.316576 1.688354 0.077839
v 1.319409 1.685776 0.033991
v 1.324543 1.681936 -0.028022
v 1.572149 1.530928 -0.031376
v 1.569891 1.531871 -0.091257
v 1.336505 1.674540 -0.102523
v 1.410992 1.622262 0.463991
v 1.434718 1.641526 0.748338
v 1.731569 1.369364 0.384043
v 1.725361 1.426258 0.741600
v 1.750851 1.371852 0.526862
v 1.698682 1.394653 0.385586
v 1.469410 1.572171 0.395540
v 1.466134 1.578268 0.435813
v 1.805845 1.500888 1.229766
v 1.729224 1.614756 1.492470
v 1.744230 1.521387 1.512396
v 1.821077 1.408205 1.244457
v 1.695034 1.559208 1.238683
v 1.679451 1.609900 1.392093
v 1.716849 1.577953 1.344560
v 1.546293 1.689253 1.428049
v 1.723899 1.584367 1.379246
v 1.800866 1.485820 1.170372
v 1.683657 1.549552 1.181265
v 1.815127 1.393617 1.184374
v 1.718807 1.421780 1.417295
v 1.755669 1.575658 1.402190
v 1.773964 1.469979 1.427967
v 1.549869 1.234144 1.357216
v 1.548034 1.707812 1.589058
v 1.369255 1.500250 1.590132
v 1.778141 1.399649 0.802663
v 1.810116 1.408217 1.244647
v 1.779894 1.305355 0.811224
v 1.654454 1.524614 0.989867
v 1.654419 1.524588 0.989648
v 1.437193 1.682209 1.012249
v 1.799190 1.478686 1.169881
v 1.687861 1.550722 1.181297
v 1.804718 1.385507 1.183850
v 1.441416 1.645056 0.825289
v 1.435176 1.674454 0.965609
v 1.775793 1.388154 0.739910
v 1.432225 1.638715 0.748248
v 1.776691 1.291879 0.736705
v 1.724063 1.425046 0.741540
v 1.705796 1.334316 0.444081
v 1.719890 1.216177 0.458665
v 1.733165 1.308218 0.443827
v 1.725387 1.441510 0.386946
v 1.701434 1.433812 0.146008
v 1.561902 1.497220 0.134777
v 1.458802 1.558922 0.395256
v 1.480120 1.539573 0.255408
v 1.568091 1.501368 0.257876
v 1.568297 1.501276 0.257882
v 1.753345 1.351892 0.382589
v 1.784061 1.260366 0.386489
v 1.708148 1.368936 0.384015
v 1.669078 1.383678 0.385237
v 1.644768 1.374802 0.145006
v 1.752158 1.332958 0.140809
v 1.782474 1.239476 0.107053
v 1.717658 1.371714 0.445452
v 1.785018 1.268149 0.461111
v 1.753975 1.358305 0.445742
v 0.949530 2.082423 -0.727800
v 1.092904 1.950852 -0.721918
v 1.152685 1.929452 -0.895265
v 1.188629 1.923130 -1.017606
v 1.226215 1.961581 -1.289398
v 1.220834 1.920307 -1.129750
v 1.260496 1.919349 -1.267655
v 1.210941 1.802852 -0.429935
v 1.079854 2.094674 -0.990514
v 1.022769 2.113029 -0.932623
v 0.886709 2.164280 -0.842398
v 1.243484 1.775473 -0.459851
v 0.862560 2.160018 -0.733500
v 1.192998 2.094182 -1.276755
v 0.907915 2.172075 -0.946987
v 0.960713 2.112631 -0.724793
v 1.140300 2.026940 -0.708753
v 1.216646 2.009089 -0.877983
v 1.262566 2.002932 -0.998088
v 1.310978 2.027657 -1.268531
v 1.303693 1.999949 -1.108421
v 1.354501 1.999170 -1.244316
v 1.221018 1.793653 -0.430590
v 1.263589 1.776035 -0.625288
v 1.129903 1.937164 -0.829576
v 1.214093 1.855259 -0.820536
v 1.228704 1.840672 -0.817706
v 1.709300 1.415207 -0.455495
v 1.279657 1.789713 -0.808131
v 1.412827 1.611671 -0.458337
v 1.380247 1.629621 -0.229328
v 1.573395 1.449353 -0.456478
v 1.409129 1.605254 -0.302250
v 1.420470 1.620472 -0.604123
v 1.274124 1.880148 -0.460210
v 1.022963 2.027302 -0.462311
v 0.852586 2.151630 -0.629743
v 1.042920 2.035068 -0.606125
v 0.998687 2.064092 -0.625452
v 1.215352 1.912443 -0.426640
v 1.702093 1.409022 -0.332207
v 0.828014 2.166632 -0.630611
v 0.873996 2.157779 -0.731070
v 0.966164 2.101628 -0.728038
v 1.134697 1.999284 -0.722411
v 1.274045 1.877455 -0.429988
v 1.312317 1.856580 -0.459943
v 1.285888 1.870320 -0.430643
v 1.335849 1.860330 -0.625672
v 1.177891 1.992522 -0.830385
v 1.277143 1.928215 -0.821395
v 1.294384 1.916684 -0.818568
v 1.354508 1.876316 -0.809006
v 1.690133 1.410140 -0.243396
v 1.567654 1.436465 -0.098571
v 1.572151 1.434837 -0.174999
v 1.163089 1.850504 -0.426587
v 1.221279 1.800606 -0.208635
v 1.642381 1.436579 -0.247267
v 1.320207 1.739339 -0.212067
v 1.367290 1.709266 -0.210151
v 1.221459 1.815192 -0.429942
v 1.259522 1.794266 -0.459871
v 1.233237 1.808007 -0.430598
v 1.282912 1.798444 -0.625386
v 1.457668 1.663223 -0.458425
v 1.419190 1.675412 -0.229220
v 1.452929 1.656323 -0.302194
v 1.592325 1.463822 -0.251706
v 1.466581 1.673207 -0.604366
v 1.559652 1.518557 -0.091335
v 1.332588 1.670291 -0.102542
v 1.335850 1.671931 -0.210249
v 1.426697 1.627448 -0.458367
v 1.388035 1.638865 -0.229306
v 1.576051 1.507059 -0.116837
v 1.615633 1.496230 -0.456661
v 1.421953 1.620370 -0.302235
v 1.608220 1.482189 -0.098296
v 1.613377 1.481377 -0.174828
v 1.572337 1.437150 -0.251742
v 1.611700 1.396691 -0.247319
v 1.649134 1.357987 -0.243460
v 1.658351 1.353823 -0.332106
v 1.663624 1.358161 -0.455162
v 1.679689 1.371925 -0.678085
v 1.495899 1.528117 -0.457444
v 1.519454 1.534718 -0.698004
v 1.594496 1.476336 -0.456588
v 1.445732 1.640996 -0.888881
v 1.531283 1.550262 -0.857398
v 1.525356 1.542293 -0.698070
v 1.290507 2.047063 -1.328811
v 1.295628 1.744800 -0.620995
v 1.339504 1.771984 -1.011473
v 1.440403 1.650632 -0.458402
v 1.450234 1.662280 -0.604310
v 1.549263 1.602090 -0.457623
v 1.579968 1.618063 -0.698663
v 1.482686 1.692383 -0.889481
v 1.595329 1.638378 -0.858465
v 1.327742 1.758272 -0.891678
v 1.286644 1.732097 -0.620945
v 1.229572 1.882907 -1.018586
v 1.217840 1.894343 -1.017839
v 1.504757 1.710440 -1.188048
v 1.440485 1.675261 -1.027061
v 1.465983 1.667131 -1.099300
v 1.729750 1.323235 -0.680564
v 1.639082 1.563101 -1.323755
v 1.612126 1.475811 -0.883460
v 1.607166 1.477057 -0.865519
v 1.315186 2.020894 -1.293653
v 1.642071 1.470271 -0.990411
v 1.670855 1.528389 -1.305360
v 1.477627 1.678090 -1.187301
v 1.592638 1.606061 -1.323534
v 1.568923 1.593976 -1.201771
v 1.304898 2.145810 -1.672935
v 1.475545 1.716926 -1.321340
v 1.474067 1.729076 -1.358737
v 1.432263 1.774334 -1.372597
v 1.487143 1.778831 -1.570704
v 1.502026 1.765283 -1.573490
v 1.631471 1.636754 -1.543847
v 1.501908 1.765361 -1.573373
v 1.686893 1.573580 -1.499432
v 1.627376 1.633609 -1.521450
v 1.717272 1.543004 -1.488079
v 1.696604 1.446246 -1.522956
v 1.746731 1.398660 -1.100375
v 1.652952 1.492934 -1.122261
v 1.732028 1.302146 -1.126817
v 1.234333 1.895202 -0.894311
v 1.399054 1.896230 -1.666933
v 1.198754 1.937123 -1.017895
v 1.298365 1.824647 -0.625487
v 1.123347 1.928086 -0.829464
v 1.233148 1.881709 -0.820808
v 1.252227 1.873327 -0.818032
v 1.318754 1.844007 -0.808626
v 1.381333 1.832361 -0.892544
v 1.340152 1.806973 -0.621243
v 1.396189 1.850302 -1.012759
v 1.252216 1.914230 -1.019191
v 1.236892 1.920693 -1.018357
v 1.310268 1.884175 -1.322833
v 1.390199 1.869413 -1.548075
v 1.298251 1.887522 -1.292171
v 1.329639 1.878134 -1.369774
v 1.182645 1.915964 -1.017454
v 1.182732 2.117346 -1.331311
v 1.175797 2.110213 -1.294470
v 1.208789 2.138893 -1.451017
v 1.196200 2.161166 -1.493087
v 1.289160 2.037161 -1.292785
v 1.331150 2.004245 -1.271000
v 1.500483 2.022340 -1.674051
v 1.391737 1.982543 -1.326743
v 1.489718 1.991856 -1.554101
v 1.377171 1.982605 -1.295809
v 1.415311 1.981951 -1.374116
v 1.446004 1.990516 -1.464774
v 1.298028 2.099890 -1.514204
v 1.358577 2.064197 -1.526663
v 1.231979 1.885793 -1.018644
v 1.458531 1.822252 -1.320951
v 1.486879 1.730588 -1.027981
v 1.517657 1.728822 -1.100494
v 1.531615 1.742818 -1.188785
v 1.528684 1.781245 -1.323205
v 1.526745 1.793025 -1.360709
v 1.475579 1.827033 -1.374338
v 1.327573 1.905152 -1.323595
v 1.313243 1.905656 -1.292804
v 1.350715 1.903772 -1.370759
v 1.643373 1.666864 -1.325320
v 1.615031 1.648741 -1.203109
v 1.501487 1.748158 -1.322246
v 1.499463 1.759741 -1.359681
v 1.448843 1.794400 -1.373253
v 1.513846 1.811653 -1.572030
v 1.531920 1.802017 -1.574956
v 1.689913 1.708073 -1.546557
v 1.531777 1.802065 -1.574837
v 1.684988 1.703787 -1.524057
v 1.396688 1.877385 -1.548432
v 1.325287 1.872868 -1.369578
v 1.354817 1.879206 -1.459606
v 1.463494 1.660775 -0.889126
v 1.562068 1.584157 -0.857834
v 1.340909 1.773561 -1.011500
v 1.457104 1.693835 -1.027377
v 1.486280 1.689847 -1.099749
v 1.568679 1.584976 -0.886636
v 1.686071 1.616212 -1.325395
v 1.655222 1.522811 -0.884214
v 1.649505 1.523215 -0.866228
v 1.689743 1.522500 -0.991471
v 1.723001 1.587149 -1.307218
v 1.499420 1.702593 -1.187873
v 1.632151 1.650792 -1.324852
v 1.604946 1.634350 -1.202764
v 1.702298 1.547588 -1.123619
v 1.544412 1.105005 -0.712516
v 1.715516 1.228876 -0.691229
v 1.713378 1.188529 -0.217481
v 1.544261 1.068270 -0.193686
v 1.727078 1.282261 -0.233282
v 1.775078 1.398799 -0.879052
v 1.781309 1.302096 -0.891449
v 1.709139 1.404579 -0.678525
v 1.532992 1.552154 -0.857423
v 1.768423 1.365670 -0.681231
v 1.628631 1.494471 -0.883771
v 1.622816 1.494748 -0.865801
v 1.622750 1.494668 -0.865170
v 1.663670 1.494809 -0.990927
v 1.787552 1.445120 -1.101790
v 1.675868 1.519236 -1.122937
v 1.794560 1.348989 -1.128537
v 1.774688 1.270133 -0.692092
v -1.770604 1.455760 -1.294875
v -1.525558 1.797317 -1.661227
v -1.715315 1.596439 -1.547436
v -1.498869 1.778494 1.619861
v -0.171538 3.030752 -1.764017
v -0.004080 3.090691 -1.765907
v -0.166087 3.108889 1.630917
v 0.000907 3.053577 1.315451
v -0.003768 3.012805 -1.415133
v 0.007691 3.160589 1.630497
v -1.726203 1.277284 -0.453960
v -1.728027 1.254708 -0.035787
v 0.000258 2.928471 0.868900
v -0.000123 2.871316 0.422435
v -0.000698 2.859506 -0.023830
v -0.252470 2.827857 -1.142560
v -0.001752 2.875362 -0.472083
v -0.837101 2.457399 1.644000
v -0.879262 2.345340 -1.343149
v -0.883905 2.109467 -0.024354
v -0.849790 2.100123 0.415083
v -0.847953 2.188868 0.856380
v -1.253422 2.087031 -1.661992
v -1.206933 1.960472 1.283715
v -1.366755 1.784979 -1.010989
v -1.592332 1.479458 0.258400
v -1.219492 1.846618 0.842491
v -1.204659 2.073032 1.637522
v -1.272926 1.927671 -1.265887
v -0.589091 2.703072 1.638510
v -0.615904 2.574588 -1.372773
v -0.603552 2.443675 -0.915349
v -0.624517 2.474258 -0.913692
v -0.312682 2.757386 0.734939
v -0.596544 2.437456 0.861403
v -1.291813 1.594003 -1.681637
v -1.470938 1.754648 -1.688393
v -1.697345 1.490393 -1.568025
v -1.753579 1.353513 -1.311522
v -1.564205 1.188515 -1.303832
v -1.274736 1.609211 1.646974
v -1.699096 1.480450 1.516097
v -1.509348 1.307806 1.504628
v -1.577852 1.203536 1.232441
v -1.763039 1.350171 1.244163
v 0.001594 3.150815 1.660261
v 0.000587 2.879076 1.660820
v -0.164582 2.808707 1.662653
v -0.165858 3.083321 1.660809
v -0.002571 2.831891 -1.779374
v -0.003830 3.068696 -1.797932
v -0.171918 3.007040 -1.795122
v -0.267422 2.775692 0.923611
v -0.381687 2.663278 0.920933
v -0.417892 2.669248 1.073627
v -1.723572 1.256440 -0.889158
v -1.548344 1.124533 -0.884824
v -1.712356 1.189890 -0.460634
v -1.714482 1.169275 -0.037014
v -1.545371 1.056706 -0.038492
v -1.718798 1.194191 0.384430
v -1.731066 1.257806 0.809555
v -0.294314 2.791569 1.083494
v -0.235749 2.770320 0.742767
v 0.000549 2.986250 1.108316
v 0.000116 2.901691 0.711964
v -0.167451 2.914910 1.089411
v -0.871200 2.456342 -1.704018
v -0.721850 2.330632 -1.687895
v -1.052840 1.917652 -1.678635
v -1.212269 2.059163 -1.687634
v -0.642149 2.651189 1.640017
v -0.468451 2.542860 -1.726037
v -0.604505 2.673527 -1.744155
v -0.560095 2.608788 1.307335
v -0.166800 3.009989 1.374501
v -0.554983 2.604758 1.281980
v -0.422891 2.742371 1.309675
v -0.428116 2.751826 1.349730
v -0.263089 3.017104 1.631668
v -0.183766 2.993351 1.372829
v -0.560393 2.473229 0.862012
v -0.552081 2.536248 1.064814
v -0.756579 2.433089 1.352482
v -0.634202 2.318445 0.417706
v -0.597303 2.395764 0.673402
v -0.756483 2.433188 1.352496
v -0.629062 2.359519 0.649859
v -0.376923 2.686207 0.476777
v -0.744719 2.427598 1.304066
v -0.333519 2.628376 0.420727
v -0.534678 2.434042 0.524530
v -0.429734 2.535918 0.483953
v -0.374612 2.681827 0.420721
v -0.335265 2.632277 0.476786
v -0.283789 2.721065 0.734955
v -0.578062 2.616976 1.378308
v -0.844533 2.290102 1.188397
v -0.888915 2.284082 1.300047
v -0.908317 2.382691 1.642431
v -0.902744 2.338521 1.495342
v -0.903307 2.291543 1.362973
v -0.868995 2.267852 1.193251
v -0.266270 2.775787 0.919183
v -0.471386 2.731344 1.073434
v -0.427247 2.716741 0.920848
v -0.474361 2.794808 1.272570
v -0.164826 3.107628 1.630918
v -0.321329 2.822909 1.083448
v -0.166950 2.988550 1.315695
v -0.477887 2.805933 1.309307
v -0.484338 2.816830 1.349311
v -0.187378 2.997519 1.372824
v -0.287217 2.800337 0.919165
v -0.620196 2.733766 1.637986
v -0.580207 2.643555 1.307233
v -0.588462 2.636630 1.307102
v -0.676531 2.686110 1.639320
v -0.552426 2.616276 1.307457
v -0.440808 2.760060 1.309583
v -0.446456 2.769948 1.349625
v -0.580582 2.630450 1.307151
v -0.269079 3.023118 1.631650
v -1.059848 2.111057 1.292537
v -0.417431 2.668756 1.073629
v -1.061715 2.127941 1.349925
v -0.621684 2.464530 0.861353
v -0.924281 2.311305 1.480150
v -0.995423 2.077536 0.976983
v -1.153899 2.090602 1.525005
v -1.179716 2.099470 1.638487
v -1.158404 1.884677 0.844739
v -0.680871 2.389600 0.992906
v -1.024340 2.087007 1.106490
v -0.846931 2.223230 0.979551
v -1.150105 1.953387 1.072102
v -0.574675 2.625586 1.281815
v -0.420057 2.732055 1.272900
v -0.580325 2.494722 0.861972
v -0.571023 2.556396 1.064730
v -0.806103 2.484566 1.351766
v -0.805993 2.484652 1.351780
v -0.792331 2.477210 1.303472
v -0.685938 2.417612 0.860366
v -0.601333 2.641561 1.378050
v -0.758683 2.452412 1.161117
v -0.406095 2.691307 0.920890
v -0.449575 2.705242 1.073517
v -0.231488 2.765350 0.742768
v -0.257365 2.772933 0.867261
v -0.619951 2.541655 0.861861
v -0.610376 2.602243 1.064508
v -0.616222 2.504664 0.674800
v -0.616219 2.504639 0.674657
v -0.588861 2.498454 0.524513
v -0.463363 2.576243 0.483942
v -0.350418 2.650509 0.476783
v -0.288924 2.727068 0.734953
v -0.338521 2.693957 0.728387
v -0.548178 2.551157 0.688023
v -0.268031 2.777807 0.919181
v -0.717759 2.429313 0.990794
v -0.680557 2.389640 0.991968
v -0.167787 2.860958 0.868969
v -0.338036 2.854301 1.083390
v -0.259044 2.804690 0.742755
v -0.288154 2.817803 0.867232
v -0.300160 2.824948 0.919142
v -1.197765 2.075600 1.622449
v -1.305930 1.955538 1.593589
v -1.208561 1.879363 1.011372
v -1.152530 1.933841 1.011188
v -1.292902 1.827469 1.113293
v -1.268198 1.821581 1.006856
v -1.308580 1.893041 1.393997
v -1.308586 1.892901 1.393552
v -1.551467 1.724789 1.588273
v -1.521676 1.684940 1.363508
v -1.674116 1.522889 1.240129
v -1.661606 1.579668 1.395135
v -1.694454 1.539496 1.346575
v -1.631975 1.486726 0.990220
v -1.631941 1.486697 0.990000
v -1.435266 1.666033 1.015009
v -1.363749 1.759423 1.111858
v -1.701057 1.545099 1.381471
v -1.766226 1.429180 1.169746
v -1.663584 1.514030 1.182439
v -1.757116 1.336564 1.183656
v -1.175951 1.833277 0.696655
v -1.209625 1.800747 0.695133
v -1.433648 1.655937 0.968021
v -1.417017 1.592347 0.608101
v -1.410203 1.574281 0.464288
v -1.316404 1.659802 0.466353
v -1.316203 1.659987 0.466357
v -1.300325 1.713926 0.683174
v -0.882967 2.505888 1.642654
v -1.154152 1.854797 0.699507
v -0.878245 2.096760 0.571444
v -1.047750 1.929340 0.560071
v -1.058056 1.895290 0.410639
v -1.074861 1.862616 0.277973
v -1.054113 1.907601 0.468110
v -1.131023 1.835582 0.481317
v -0.888264 2.378520 1.300998
v -0.653916 2.663980 1.639768
v -0.787335 2.466052 1.352040
v -0.787222 2.466133 1.352055
v -0.773270 2.458272 1.303714
v -0.738914 2.432404 1.161272
v -0.889762 2.338647 1.188031
v -0.942090 2.340805 1.299397
v -0.965912 2.446265 1.642447
v -0.959132 2.398210 1.494110
v -0.959186 2.350984 1.362134
v -0.918355 2.320819 1.192857
v -0.898965 2.333323 1.495427
v -0.925109 2.311265 1.480141
v -1.203245 2.146039 1.524361
v -1.234712 2.161549 1.637486
v -0.715744 2.407329 1.161444
v -0.870052 2.318441 1.188200
v -0.923559 2.322342 1.299634
v -0.941035 2.333103 1.362416
v -0.899297 2.301518 1.193020
v -1.127660 2.186318 1.292101
v -1.130152 2.203744 1.349288
v -1.049656 2.138466 0.977131
v -0.673678 2.381460 0.992929
v -1.084634 2.154263 1.106491
v -0.872335 2.251781 0.979518
v -1.255363 2.014255 1.283912
v -1.081826 2.135193 1.292425
v -1.084223 2.152590 1.349746
v -0.922011 2.308834 1.480193
v -1.193527 2.134177 1.524492
v -1.224224 2.148530 1.637681
v -1.039389 2.103620 1.106509
v -1.187794 1.995290 1.072423
v -1.245413 2.128285 1.621701
v -1.253669 2.120476 1.615570
v -1.372397 2.030543 1.593351
v -1.370377 1.936111 1.276647
v -1.256603 1.932977 1.012029
v -1.355872 1.898381 1.114392
v -1.326674 1.887220 1.007903
v -1.375153 1.968022 1.394506
v -1.375159 1.967883 1.394062
v -1.533072 1.815616 1.620499
v -1.204801 2.066373 1.616290
v -1.317772 1.967930 1.593548
v -1.320628 1.905750 1.394093
v -1.320634 1.905611 1.393649
v -1.591327 1.768718 1.589359
v -1.558524 1.724944 1.364737
v -1.582817 1.729496 1.435141
v -0.598000 2.330760 0.030989
v -0.850109 2.077330 -0.188039
v -1.110024 2.128776 -1.001545
v -0.632718 2.312252 0.348611
v -0.807065 2.137689 0.372985
v -0.698212 2.244308 0.339317
v -1.075899 1.850425 0.129063
v -0.867354 2.053963 -0.024468
v -0.850005 2.077510 0.190208
v -1.054414 1.868196 0.024038
v -0.629399 2.303659 0.197921
v -0.648987 2.310125 -0.466555
v -0.996792 1.962400 -0.462110
v -0.867999 2.053372 0.029192
v -0.993475 2.395173 -1.671646
v -0.829919 2.097859 0.190744
v -1.208496 1.935184 0.845306
v -1.046145 2.049588 -0.998809
v -1.029730 2.111946 0.977069
v -0.948418 1.979155 -0.195434
v -0.652703 2.381904 0.860425
v -1.014490 1.971985 -0.605618
v -0.977094 2.012942 -0.624941
v -0.867493 2.208670 0.856400
v -0.876444 2.051017 0.191269
v -0.648534 2.306296 -0.434676
v -0.263923 2.700473 -0.429806
v -0.793919 2.157654 -0.419255
v -0.298945 2.673671 -0.532049
v -0.792771 2.135803 -0.193462
v -0.665954 2.321650 -0.638067
v -0.750164 2.173274 -0.024283
v -0.168804 2.800157 -0.440038
v -0.732088 2.191949 0.035607
v -0.777918 2.146608 -0.106250
v -0.499689 2.433666 -0.024166
v -0.509271 2.423695 0.037341
v -0.509104 2.423871 0.037353
v -0.486017 2.455492 0.243467
v -0.276681 2.690742 -0.471438
v -0.328446 2.621274 0.251629
v -0.328321 2.621407 0.251636
v -0.197936 2.759001 0.258761
v -0.197694 2.759257 0.258774
v -0.598332 2.348267 -0.355304
v -0.429611 2.522777 -0.361808
v -0.429453 2.522940 -0.361814
v -0.409612 2.532683 -0.188220
v -0.001668 2.873295 -0.440279
v -0.497486 2.440268 -0.185108
v -0.381425 2.589179 -0.529395
v -0.634755 2.310894 -0.354279
v -0.430346 2.536705 -0.506434
v -0.372437 2.568158 -0.024148
v -0.194979 2.757092 0.040592
v -0.363543 2.577565 0.017992
v -0.429241 2.533628 -0.469583
v -0.683791 2.392558 0.992898
v -1.061753 2.124255 1.106486
v -0.866506 2.242903 0.979527
v -1.199757 2.003119 1.072430
v -0.683444 2.392565 0.991960
v -1.203724 1.904902 0.700094
v -0.900580 2.119829 0.571532
v -1.086785 1.969233 0.560384
v -1.093739 1.948202 0.468419
v -1.178226 1.883553 0.481791
v -0.924520 2.195341 0.415338
v -0.922980 2.281395 0.856397
v -0.606789 2.450223 0.861380
v -0.561322 2.474388 0.862010
v -0.653730 2.343721 0.417722
v -0.607530 2.408729 0.673398
v -0.647422 2.382809 0.649857
v -0.557468 2.435928 0.674856
v -0.557464 2.435903 0.674713
v -0.677428 2.412647 0.860374
v -0.960345 2.200154 0.571754
v -0.870831 2.219438 0.373159
v -0.734100 2.290816 0.339370
v -0.651913 2.337103 0.348684
v -1.740430 1.335272 0.738433
v -1.431526 1.607826 0.749387
v -1.727621 1.244031 0.734963
v -1.697925 1.310287 0.382990
v -1.693808 1.375218 0.740519
v -1.715698 1.315191 0.525541
v -1.743530 1.606639 1.244310
v -1.668385 1.335880 0.384700
v -1.648468 1.329471 0.144813
v -1.729241 1.259600 0.139845
v -1.715460 1.172377 0.105982
v -1.541052 1.422756 0.134409
v -1.462544 1.517745 0.395562
v -1.562900 1.734053 1.365072
v -1.546446 1.427852 0.257360
v -1.546605 1.427712 0.257365
v -1.459635 1.525778 0.435888
v -1.464412 1.489656 0.114728
v -1.309585 1.893663 1.393552
v -1.315328 1.622770 0.077845
v -1.263547 1.683175 0.270834
v -1.311644 1.654959 0.402476
v -1.209726 1.733161 0.274284
v -1.308640 1.643556 0.287263
v -1.321623 1.614449 -0.028028
v -1.527469 1.429006 -0.031774
v -1.525311 1.430753 -0.091560
v -1.290282 1.824846 1.113249
v -1.331212 1.605639 -0.102538
v -1.304858 1.862268 1.275811
v -1.728146 1.660577 1.398728
v -1.767079 1.627812 1.350900
v -1.694496 1.560612 0.993799
v -1.694457 1.560576 0.993579
v -1.460405 1.695673 1.015937
v -1.374877 1.772805 1.112182
v -1.588607 1.740582 1.435543
v -1.774754 1.634883 1.385823
v -1.731347 1.595379 1.186514
v -1.485956 1.749043 1.263054
v -0.645408 2.411417 0.418108
v -0.688325 2.381749 0.417737
v -0.644933 2.450303 0.673371
v -0.682407 2.420644 0.649841
v -0.644811 2.450378 0.673334
v -0.570918 2.476270 0.524522
v -0.447059 2.556283 0.483948
v -0.446944 2.556359 0.483910
v -0.335586 2.632655 0.476786
v -0.645558 2.387633 0.031005
v -0.678277 2.364615 0.034894
v -0.682610 2.366824 0.197954
v -0.682465 2.366925 0.197943
v -0.540869 2.461729 0.037344
v -0.540673 2.461869 0.037356
v -0.513439 2.488285 0.243468
v -0.327522 2.620162 0.251629
v -0.327374 2.620267 0.251636
v -0.597900 2.482281 0.674680
v -0.252659 2.791523 0.742760
v -0.386354 2.707960 0.476772
v -0.315880 2.764537 0.734935
v -0.372770 2.746334 0.728355
v -0.167934 2.835692 0.730471
v -0.169272 2.830429 -0.756700
v -0.218053 2.808111 -0.931268
v -0.246518 2.821318 -1.142412
v -0.230034 2.850155 -1.207270
v -0.229990 2.850234 -1.207446
v -0.201494 2.799696 -0.766601
v -0.211879 2.800509 -0.845040
v -0.211906 2.800514 -0.845247
v -0.169187 2.830487 -0.756874
v -0.330398 2.659403 -0.676849
v -0.344145 2.667480 -0.816793
v -0.319002 2.696447 -0.844323
v -1.000256 2.074983 -0.938116
v -0.482543 2.561084 -0.939546
v -0.509670 2.581071 -1.115108
v -0.469192 2.620691 -1.131383
v -0.395741 2.597785 -0.698483
v -0.437427 2.575551 -0.805237
v -0.578506 2.692685 -1.748300
v -0.596037 2.710692 -1.721569
v -0.003834 3.025506 -1.473600
v -0.499064 2.678011 -1.411122
v -0.003452 3.023595 -1.795646
v -0.172781 2.943268 -1.790158
v -0.387736 2.834119 -1.775710
v -0.476653 2.711908 -1.754400
v -0.179221 3.007533 -1.795154
v -0.170732 2.954568 -1.438054
v -0.649139 2.755642 -1.758491
v -0.656762 2.805781 -1.736854
v -0.550413 2.764924 -1.418158
v -0.194929 2.944943 -1.790225
v -0.430815 2.868370 -1.779742
v -0.546163 2.761505 -1.761302
v -0.555582 2.542049 -1.117969
v -0.529462 2.687282 -1.512105
v -0.620294 2.614201 -1.494305
v -0.651108 2.587778 -1.484524
v -0.601485 2.413938 -0.782125
v -0.531918 2.482736 -0.793181
v -0.680388 2.335907 -0.770812
v -0.427559 2.581705 -0.787186
v -0.170674 2.949183 -1.414399
v -0.673170 2.632300 -1.377980
v -0.170221 2.908097 -1.225596
v -0.257101 2.831889 -1.142649
v -0.238312 2.858310 -1.207475
v -0.238261 2.858383 -1.207651
v -0.555457 2.628045 -1.117028
v -0.509651 2.661994 -1.133011
v -0.542045 2.720551 -1.414537
v -0.607279 2.595226 -1.120342
v -0.575490 2.732568 -1.516743
v -0.676927 2.670752 -1.500788
v -0.711325 2.648199 -1.491622
v -0.002932 2.923799 -0.932339
v -0.182310 2.896379 -0.932952
v -0.182014 2.873248 -0.756864
v -0.003549 2.979142 -1.252998
v -0.241829 2.862565 -0.931801
v -0.002546 2.903022 -0.773352
v -0.276468 2.880741 -1.143635
v -0.256188 2.904603 -1.208518
v -0.256133 2.904668 -1.208695
v -0.221615 2.851354 -0.766855
v -0.234320 2.854226 -0.845418
v -0.234353 2.854235 -0.845626
v -0.181922 2.873282 -0.757039
v -0.182865 2.947257 -1.226321
v -0.177976 2.829274 -0.472546
v -0.287170 2.743635 -0.429857
v -0.327345 2.722093 -0.532171
v -0.177934 2.827076 -0.440054
v -0.301807 2.735824 -0.471512
v -0.178393 2.856070 -0.756805
v -0.215384 2.830494 -0.766761
v -0.227270 2.832502 -0.845277
v -0.227301 2.832509 -0.845485
v -0.178303 2.856114 -0.756980
v -0.363353 2.711842 -0.677148
v -0.363382 2.711836 -0.677268
v -0.378971 2.720780 -0.817351
v -0.350127 2.745489 -0.844851
v -0.210624 2.799032 -0.845235
v -0.354658 2.688432 -0.677020
v -0.354689 2.688429 -0.677139
v -0.371203 2.699154 -0.817131
v -0.340674 2.721676 -0.844602
v -0.530874 2.625916 -0.922767
v -0.538369 2.625480 -0.941019
v -0.570063 2.649192 -1.117890
v -0.521357 2.679241 -1.133685
v -0.433941 2.643379 -0.698829
v -0.472356 2.634482 -0.787809
v -1.510813 1.524252 0.256098
v -1.586302 1.473011 0.135157
v -1.159856 1.797522 -0.426497
v -1.121042 1.806190 0.120655
v -1.138030 1.786824 -0.025706
v -1.209132 1.726025 -0.208654
v -1.147541 1.784902 -0.205759
v -1.293735 1.646476 -0.212132
v -1.730394 1.415854 -0.678365
v -0.717329 2.344018 -0.935093
v -0.806575 2.412213 -1.350585
v -0.853983 2.147614 -0.685560
v -0.891265 2.151643 -0.840817
v -0.900980 2.160359 -0.901774
v -0.749916 2.364899 -1.095200
v -0.832224 2.156698 -0.630405
v -0.865604 2.254654 -1.082621
v -0.872019 2.140820 -0.730566
v -0.929537 2.188277 -1.067057
v -0.987318 2.387960 -1.670457
v -0.964784 2.361578 -1.694174
v -0.881526 2.359100 -1.380344
v -0.928921 2.351662 -1.462819
v -0.928998 2.351649 -1.462953
v -0.978924 2.378212 -1.679312
v -0.697975 2.603192 -1.729135
v -0.888011 2.464627 -1.689993
v -0.078513 2.935846 -1.744305
v -0.960830 2.542114 -1.680777
v -0.942601 2.420311 -1.338853
v -0.623755 2.583310 -1.361171
v -0.636170 2.695176 -1.705968
v -0.621126 2.676978 -1.732407
v -0.589831 2.690319 -1.735518
v -0.597008 2.711380 -1.709469
v -0.622507 2.816852 -1.726338
v -0.518189 2.674126 -1.498212
v -0.627971 2.622567 -1.482950
v -0.665146 2.603521 -1.474110
v -0.854333 2.468187 -1.344272
v -1.065414 2.482724 -1.675755
v -0.944483 2.433598 -1.376670
v -1.000022 2.436415 -1.461984
v -1.000112 2.436419 -1.462122
v -0.920617 2.432598 -1.340546
v -1.061539 2.471350 -1.684475
v -0.733171 2.627573 -1.721478
v -0.629015 2.686561 -1.718574
v -0.951982 2.532976 -1.691392
v -0.168362 2.785338 0.025493
v -0.168396 2.785400 -0.024037
v -0.282618 2.723016 -0.429837
v -0.324475 2.704076 -0.532131
v -0.297868 2.716166 -0.471485
v -0.480620 2.585016 -0.361886
v -0.456941 2.590940 -0.188232
v -0.423092 2.638838 -0.529553
v -0.481583 2.597883 -0.506625
v -0.412485 2.617805 -0.024151
v -0.200206 2.763557 0.040591
v -0.401847 2.625067 0.017990
v -0.480295 2.594859 -0.469736
v -0.554902 2.500349 -0.024164
v -0.566023 2.492563 0.037357
v -0.538762 2.518727 0.243468
v -0.352646 2.650464 0.251628
v -0.352499 2.650569 0.251634
v -0.198490 2.759668 0.258761
v -0.198203 2.759870 0.258774
v -0.448497 2.579639 -0.188230
v -0.552288 2.506135 -0.185118
v -0.404597 2.607274 -0.024150
v -0.394092 2.614736 0.017990
v -0.177432 3.156301 1.632379
v -0.183194 3.135975 1.666199
v 0.001064 3.082260 1.394072
v -0.175050 3.032119 1.377518
v -0.287872 3.082420 1.640767
v -0.194315 3.018337 1.377211
v -0.176368 3.154961 1.632551
v -0.292928 3.088825 1.639934
v -0.658717 2.435039 -0.467502
v -0.720135 2.397810 -0.466856
v -0.719649 2.394190 -0.434917
v -0.291974 2.665055 -0.532025
v -0.740287 2.411684 -0.638899
v -0.658366 2.423180 -0.355407
v -0.451932 2.550852 -0.361841
v -0.451740 2.550971 -0.361847
v -0.392893 2.603355 -0.529441
v -0.702926 2.395775 -0.354398
v -0.452745 2.564440 -0.506523
v -0.451421 2.561211 -0.469654
v -0.330424 2.659394 -0.676969
v -0.410256 2.615312 -0.698620
v -0.460992 2.603571 -0.805607
v -0.661002 2.484978 -0.783260
v -0.576220 2.535543 -0.793976
v -0.757133 2.427567 -0.772353
v -0.448985 2.607247 -0.787494
v -0.168148 2.799751 0.422398
v -0.367987 2.673712 0.251633
v -0.205297 2.768670 0.258760
v -0.204995 2.768847 0.258773
v -0.631084 2.371069 -0.024178
v -0.631084 2.371120 0.031001
v -0.664258 2.348814 0.034889
v -0.691322 2.357215 -0.434815
v -0.865143 2.241671 -0.419472
v -0.864047 2.220895 -0.193437
v -0.813109 2.249029 -0.024225
v -0.791486 2.263556 0.035666
v -0.846305 2.228587 -0.106196
v -0.513479 2.450612 -0.024165
v -0.524942 2.442937 0.037343
v -0.524742 2.443073 0.037355
v -0.631387 2.387985 -0.355358
v -0.632685 2.583335 -1.370431
v -0.703483 2.352029 -0.918170
v -0.405717 2.527896 -0.188219
v -0.510835 2.456595 -0.185110
v -0.674942 2.359070 -0.354346
v -0.471837 2.564805 -0.922609
v -0.479164 2.563625 -0.940550
v -0.564472 2.551541 -1.117105
v -0.618881 2.481188 -0.932559
v -0.624463 2.477869 -0.932139
v -0.624669 2.477767 -0.932233
v -0.760371 2.398401 -0.931171
v -0.623899 2.478237 -0.932353
v -0.857813 2.458704 -1.347458
v -0.796297 2.416210 -1.091322
v -0.744092 2.404429 -0.914469
v -0.909331 2.254228 -0.905024
v -0.620320 2.461325 -0.915804
v -0.691714 2.349565 -0.638321
v -0.476272 2.562782 -0.921424
v -0.432378 2.570172 -0.805166
v -0.618332 2.431942 -0.782410
v -0.539498 2.490828 -0.793302
v -0.707729 2.365134 -0.771296
v -0.748848 2.377183 -0.936125
v -0.904767 2.202006 -0.686252
v -0.946222 2.209887 -0.842211
v -0.956805 2.219330 -0.903525
v -0.784600 2.400955 -1.097085
v -0.880291 2.208428 -0.630910
v -0.915175 2.306499 -1.085364
v -0.925021 2.197385 -0.731443
v -0.987650 2.249286 -1.070096
v -0.733284 2.383433 -0.919081
v -0.890164 2.153210 -0.463993
v -0.889117 2.124288 -0.188010
v -0.645746 2.306220 -0.466542
v -1.066112 2.043795 -0.462357
v -0.891847 2.181588 -0.629918
v -0.916382 2.106948 -0.185709
v -1.007996 2.050060 -0.195368
v -1.086999 2.056615 -0.606266
v -1.041684 2.088457 -0.625607
v -0.645232 2.302306 -0.434666
v -0.820960 2.190027 -0.419335
v -0.819778 2.168505 -0.193449
v -0.942420 2.360339 -1.510983
v -0.866652 2.197255 -0.630794
v -0.883980 2.115237 -0.188015
v -0.625732 2.301922 0.034871
v -0.883904 2.109519 0.029736
v -0.883513 2.109808 0.029697
v -0.903839 2.094839 -0.024405
v -0.883883 2.115420 0.190298
v -0.629956 2.304296 0.197921
v -0.904580 2.094353 0.029265
v -0.860763 2.132451 0.190819
v -0.909931 2.096049 -0.185716
v -0.914299 2.093263 0.191381
v -0.817982 2.164192 -0.193451
v -0.768957 2.194610 -0.024264
v -0.748152 2.210219 0.035625
v -0.800901 2.172593 -0.106230
v -0.883591 2.137430 0.415199
v -0.635069 2.319221 0.417706
v -0.916434 2.138471 0.571594
v -1.111551 1.998475 0.560587
v -1.123332 1.966325 0.411134
v -1.142751 1.936487 0.278430
v -1.118818 1.977913 0.468620
v -0.633347 2.312761 0.348611
v -0.834327 2.167935 0.373059
v -0.708843 2.256118 0.339333
v -1.143991 1.924610 0.129408
v -0.883793 2.115188 0.190298
v -1.119276 1.939083 0.024276
v -0.629508 2.303578 0.197921
v -0.904519 2.094160 0.029264
v -0.860640 2.132176 0.190819
v -0.914252 2.093089 0.191381
v -1.145992 2.071025 -1.325333
v -1.123069 1.907642 0.129336
v -0.866121 2.052449 -0.024470
v -1.096651 1.919559 0.024216
v -1.025432 1.997064 -0.462208
v -0.866914 2.052045 0.029189
v -0.872655 2.054436 -0.185746
v -0.966094 2.000817 -0.195411
v -1.226641 1.877064 -0.426578
v -1.178714 1.875662 0.121022
v -1.199743 1.860888 -0.025426
v -1.211545 1.861438 -0.205605
v -1.139420 2.063236 -1.288964
v -1.170280 2.093411 -1.443396
v -0.896218 2.366200 -1.345199
v -1.161155 2.121106 -1.484945
v -0.908495 2.167207 -0.946519
v -1.053168 2.140531 -0.940086
v -0.739197 2.351777 -1.094538
v -0.883106 2.276200 -1.083713
v -0.962976 2.229568 -1.069021
v -0.898392 2.379863 -1.382552
v -0.955283 2.384363 -1.466870
v -0.955375 2.384370 -1.467007
v -0.970956 2.395861 -1.515763
v -1.230418 2.177651 -1.332682
v -1.222808 2.168242 -1.295726
v -1.258903 2.206570 -1.452789
v -1.246206 2.229952 -1.494964
v -0.938174 2.203927 -0.947729
v -1.238853 1.783061 0.407104
v -1.197688 1.858835 0.697003
v -1.238588 1.834678 0.695642
v -1.367453 1.719753 0.467346
v -1.348254 1.770178 0.684251
v -1.171210 1.874916 0.699763
v -1.054298 1.891016 0.410604
v -1.049524 1.902349 0.468066
v -1.142999 1.849813 0.481467
v -1.303904 1.730072 0.271349
v -1.361936 1.713541 0.403360
v -1.238774 1.766948 0.274614
v -1.358457 1.701304 0.287985
v -1.218864 1.890936 1.011529
v -1.151713 1.932694 1.011175
v -1.319602 1.858256 1.113818
v -1.290006 1.846654 1.007293
v -1.489669 1.729101 1.016893
v -1.404189 1.806342 1.112916
v -1.494476 1.681314 0.828633
v -1.179364 1.837179 0.696710
v -1.219764 1.812316 0.695312
v -1.487620 1.718489 0.969893
v -1.467538 1.650112 0.609536
v -1.459451 1.630209 0.465462
v -1.347341 1.695187 0.466958
v -1.347100 1.695327 0.466961
v -1.328120 1.745932 0.683807
v -1.153210 1.853719 0.699493
v -1.484772 1.669199 0.751125
v -1.484611 1.669313 0.751225
v -1.445197 1.617053 0.465203
v -1.328897 1.675355 0.466627
v -1.328647 1.675480 0.466630
v -1.510128 1.575314 0.396800
v -1.530367 1.549414 0.256514
v -1.506499 1.582617 0.437178
v -1.513202 1.547330 0.115424
v -1.328075 1.637979 0.077973
v -1.323000 1.669099 0.402703
v -1.319463 1.656811 0.287439
v -1.228280 1.740490 -0.026041
v -1.064832 1.850941 0.277890
v -1.066170 1.838995 0.129002
v -1.356432 1.670129 0.078228
v -1.293597 1.718227 0.271225
v -1.228545 1.755151 0.274503
v -1.359275 1.667157 0.034336
v -1.364446 1.663313 -0.027734
v -1.376516 1.656814 -0.102296
v -1.228407 1.743089 0.108655
v -1.151899 1.787834 0.115957
v -1.141772 1.791095 -0.025688
v -1.228288 1.747885 -0.208599
v -1.153408 1.791532 -0.205744
v -1.331051 1.688807 -0.212014
v -1.379967 1.661134 -0.210089
v -1.592524 1.479353 0.258406
v -1.494102 1.523040 0.115141
v -1.314742 1.622236 0.077841
v -1.317565 1.619268 0.033992
v -1.322699 1.615417 -0.028022
v -1.570634 1.476271 -0.031376
v -1.568389 1.477601 -0.091256
v -1.334687 1.608875 -0.102522
v -1.409460 1.573515 0.464271
v -1.433126 1.609499 0.749437
v -1.730989 1.342996 0.384129
v -1.725832 1.408253 0.742214
v -1.750693 1.350261 0.527083
v -1.697981 1.365275 0.385674
v -1.467966 1.523277 0.395688
v -1.464703 1.530961 0.436012
v -1.811830 1.492557 1.232511
v -1.734135 1.608793 1.497247
v -1.750642 1.515348 1.517564
v -1.828681 1.400662 1.247506
v -1.697427 1.551368 1.241631
v -1.681774 1.604151 1.396284
v -1.720512 1.571172 1.348210
v -1.543473 1.686576 1.433838
v -1.728025 1.577784 1.383138
v -1.806015 1.477140 1.172750
v -1.685476 1.540817 1.183858
v -1.821700 1.386098 1.187021
v -1.723937 1.416472 1.421886
v -1.761318 1.568707 1.406173
v -1.781610 1.463168 1.432403
v -1.546588 1.233928 1.362211
v -1.543797 1.708104 1.596781
v -1.779517 1.385649 0.803440
v -1.817351 1.400812 1.247697
v -1.781757 1.295286 0.812089
v -1.654964 1.510939 0.991432
v -1.654928 1.510906 0.991213
v -1.434916 1.665203 1.014979
v -1.804350 1.470111 1.172272
v -1.689786 1.541930 1.183871
v -1.811046 1.378175 1.186507
v -1.439720 1.617872 0.826743
v -1.433066 1.654978 0.967988
v -1.776752 1.372832 0.740519
v -1.430616 1.606869 0.749358
v -1.777992 1.280827 0.737355
v -1.724527 1.407081 0.742156
v -1.705380 1.311810 0.444222
v -1.719827 1.202507 0.458829
v -1.732877 1.288266 0.443967
v -1.724618 1.409130 0.387028
v -1.700357 1.394722 0.146013
v -1.560513 1.447158 0.134782
v -1.457377 1.511204 0.395410
v -1.478656 1.487607 0.255447
v -1.566781 1.454290 0.257909
v -1.566988 1.454211 0.257914
v -1.752845 1.327521 0.382675
v -1.783844 1.243604 0.386583
v -1.707528 1.341930 0.384103
v -1.668354 1.354426 0.385330
v -1.643798 1.339696 0.145012
v -1.751396 1.305143 0.140813
v -1.781945 1.220196 0.107055
v -1.717177 1.346655 0.445588
v -1.785000 1.252445 0.461270
v -1.753612 1.335260 0.445876
v -0.950300 2.063384 -0.727292
v -1.093226 1.921309 -0.721449
v -1.154142 1.908166 -0.894428
v -1.191128 1.908921 -1.016428
v -1.231913 1.963159 -1.287107
v -1.224449 1.912606 -1.128199
v -1.265661 1.919058 -1.265572
v -1.209683 1.749973 -0.429850
v -1.082441 2.082784 -0.989321
v -1.024965 2.100453 -0.931595
v -0.888477 2.154138 -0.841651
v -1.242284 1.723291 -0.459752
v -0.863605 2.147089 -0.733040
v -1.198736 2.095571 -1.274432
v -0.910590 2.165419 -0.945886
v -0.961436 2.093254 -0.724324
v -1.140396 1.994340 -0.708348
v -1.217732 1.983693 -0.877258
v -1.264612 1.984508 -0.997061
v -1.316056 2.025988 -1.266493
v -1.306805 1.988273 -1.107054
v -1.359187 1.995492 -1.242434
v -1.219751 1.740467 -0.430506
v -1.263020 1.733567 -0.625044
v -1.130887 1.912460 -0.828891
v -1.214765 1.826892 -0.819945
v -1.229321 1.811778 -0.817133
v -1.708921 1.387194 -0.455341
v -1.280119 1.759516 -0.807611
v -1.411713 1.563213 -0.458248
v -1.378608 1.569454 -0.229317
v -1.572735 1.415087 -0.456366
v -1.407646 1.549410 -0.302225
v -1.419891 1.580419 -0.603916
v -1.272799 1.823412 -0.460110
v -1.022277 1.990982 -0.462192
v -0.853090 2.135974 -0.629481
v -1.042738 2.003497 -0.605850
v -0.998734 2.037128 -0.625148
v -1.214028 1.857252 -0.426557
v -1.701351 1.376796 -0.332149
v -0.828592 2.152605 -0.630367
v -0.874999 2.144153 -0.730616
v -0.966890 2.081887 -0.727553
v -1.134894 1.967506 -0.721971
v -1.272625 1.818962 -0.429907
v -1.310944 1.798293 -0.459847
v -1.284453 1.811314 -0.430562
v -1.335133 1.812522 -0.625432
v -1.178719 1.965468 -0.829742
v -1.277676 1.896454 -0.820829
v -1.294870 1.884217 -0.818016
v -1.354874 1.841978 -0.808489
v -1.689212 1.374839 -0.243374
v -1.566431 1.392273 -0.098570
v -1.570984 1.392198 -0.174992
v -1.161895 1.799660 -0.426499
v -1.219548 1.737306 -0.208625
v -1.641346 1.397308 -0.247246
v -1.318388 1.672909 -0.212058
v -1.365468 1.642744 -0.210142
v -1.220171 1.761252 -0.429858
v -1.258277 1.740477 -0.459772
v -1.231934 1.753579 -0.430515
v -1.282300 1.754366 -0.625143
v -1.456458 1.610571 -0.458329
v -1.417426 1.610709 -0.229208
v -1.451320 1.595749 -0.302167
v -1.591179 1.420638 -0.251686
v -1.465953 1.629596 -0.604143
v -1.558181 1.465416 -0.091334
v -1.330783 1.605114 -0.102541
v -1.334133 1.609219 -0.210240
v -1.425551 1.577623 -0.458275
v -1.386369 1.577729 -0.229295
v -1.574636 1.455858 -0.116835
v -1.614926 1.458896 -0.456536
v -1.420430 1.563039 -0.302209
v -1.606891 1.434145 -0.098295
v -1.612108 1.434944 -0.174821
v -1.571250 1.396220 -0.251724
v -1.610747 1.360545 -0.247300
v -1.648310 1.326447 -0.243440
v -1.657691 1.325245 -0.332054
v -1.663284 1.333416 -0.455027
v -1.680425 1.355698 -0.677623
v -1.494987 1.486122 -0.457347
v -1.519606 1.506448 -0.697643
v -1.593803 1.440169 -0.456469
v -1.446868 1.619442 -0.888209
v -1.532524 1.531238 -0.856716
v -1.525513 1.513609 -0.697704
v -1.296488 2.049194 -1.326442
v -1.295021 1.701979 -0.620764
v -1.341522 1.755742 -1.010497
v -1.439213 1.598975 -0.458309
v -1.449609 1.619368 -0.604093
v -1.548239 1.554679 -0.457513
v -1.580175 1.585686 -0.698245
v -1.483917 1.668917 -0.888759
v -1.596829 1.616500 -0.857666
v -1.328762 1.733953 -0.891006
v -1.286058 1.690177 -0.620714
v -1.231915 1.867825 -1.017469
v -1.220221 1.879446 -1.016707
v -1.509189 1.706625 -1.186305
v -1.442771 1.661836 -1.026029
v -1.469090 1.658550 -1.098005
v -1.730725 1.310931 -0.680047
v -1.647008 1.571189 -1.320771
v -1.614046 1.463073 -0.882580
v -1.608897 1.463181 -0.864700
v -1.320598 2.020661 -1.291500
v -1.645287 1.464067 -0.989096
v -1.678999 1.537006 -1.302288
v -1.481787 1.674451 -1.185654
v -1.599834 1.612357 -1.320822
v -1.574062 1.594048 -1.199788
v -1.315975 2.163690 -1.668703
v -1.481376 1.719662 -1.319112
v -1.480385 1.733454 -1.356338
v -1.438516 1.778703 -1.370210
v -1.496539 1.791888 -1.567207
v -1.511637 1.778714 -1.569919
v -1.642973 1.653139 -1.539573
v -1.511515 1.778785 -1.569803
v -1.698870 1.590589 -1.494960
v -1.638409 1.649014 -1.517348
v -1.729738 1.560876 -1.483411
v -1.708540 1.464014 -1.518436
v -1.752464 1.402103 -1.098162
v -1.657948 1.493032 -1.120322
v -1.737653 1.307498 -1.124639
v -1.235534 1.870847 -0.893553
v -1.409276 1.912070 -1.663094
v -1.201224 1.922483 -1.016726
v -1.297714 1.779125 -0.625244
v -1.124352 1.903754 -0.828775
v -1.233777 1.852141 -0.820222
v -1.252796 1.842931 -0.817464
v -1.319160 1.811241 -0.808105
v -1.382348 1.805142 -0.891853
v -1.339447 1.760195 -0.621010
v -1.398278 1.831838 -1.011748
v -1.254517 1.898185 -1.018085
v -1.239232 1.904982 -1.017236
v -1.315913 1.886158 -1.320605
v -1.398750 1.880966 -1.544842
v -1.303540 1.888031 -1.290063
v -1.335840 1.882280 -1.367357
v -1.185161 1.902010 -1.016271
v -1.189350 2.122026 -1.328663
v -1.181903 2.113052 -1.292008
v -1.217101 2.149121 -1.447751
v -1.205298 2.173738 -1.489519
v -1.294644 2.037301 -1.290593
v -1.336223 2.002493 -1.268973
v -1.512032 2.039654 -1.669835
v -1.397532 1.983467 -1.324495
v -1.499329 2.004283 -1.550568
v -1.382537 1.981866 -1.293702
v -1.421810 1.985379 -1.371636
v -1.453930 1.998530 -1.461809
v -1.306708 2.111219 -1.510858
v -1.367224 2.075240 -1.523377
v -1.234318 1.870610 -1.017528
v -1.464416 1.823956 -1.318700
v -1.489393 1.715909 -1.026862
v -1.521151 1.719426 -1.099061
v -1.536325 1.738902 -1.186948
v -1.535235 1.784348 -1.320738
v -1.533821 1.797917 -1.358059
v -1.482326 1.831594 -1.371792
v -1.333256 1.906887 -1.321359
v -1.318553 1.905905 -1.290692
v -1.356995 1.907718 -1.368322
v -1.651625 1.674245 -1.322245
v -1.620865 1.649104 -1.200884
v -1.507663 1.751045 -1.319902
v -1.506140 1.764342 -1.357162
v -1.455283 1.798830 -1.370805
v -1.523794 1.825401 -1.568353
v -1.542196 1.816308 -1.571164
v -1.703286 1.727118 -1.541643
v -1.542049 1.816347 -1.571047
v -1.697797 1.721680 -1.519348
v -1.405308 1.888989 -1.545179
v -1.331471 1.877056 -1.367166
v -1.362177 1.887296 -1.456785
v -1.464675 1.638456 -0.888431
v -1.563435 1.564029 -0.857097
v -1.342929 1.757265 -1.010523
v -1.459469 1.679956 -1.026315
v -1.489534 1.680936 -1.098401
v -1.570328 1.566812 -0.885811
v -1.695076 1.625548 -1.322034
v -1.657415 1.509071 -0.883226
v -1.651482 1.508246 -0.865310
v -1.693440 1.515900 -0.989978
v -1.732376 1.597219 -1.303715
v -1.503795 1.698829 -1.186151
v -1.640161 1.657942 -1.321859
v -1.610623 1.634672 -1.200593
v -1.708042 1.548036 -1.121413
v -1.545015 1.100515 -0.712223
v -1.716546 1.221161 -0.690735
v -1.712974 1.172628 -0.217467
v -1.544002 1.058417 -0.193680
v -1.726496 1.259432 -0.233262
v -1.778097 1.392854 -0.877811
v -1.784431 1.299867 -0.890190
v -1.709951 1.387171 -0.678023
v -1.534240 1.533064 -0.856738
v -1.769521 1.352113 -0.680656
v -1.630654 1.481292 -0.882849
v -1.624636 1.480410 -0.864945
v -1.624564 1.480297 -0.864316
v -1.667102 1.488371 -0.989531
v -1.793974 1.449053 -1.099329
v -1.681210 1.519458 -1.120873
v -1.801262 1.355646 -1.125961
v -1.775935 1.261752 -0.691507
v -1.473189 1.189177 1.209985
v -1.222163 1.559416 1.614965
v -1.406032 1.279539 1.476472
v -1.236957 1.539357 -1.650589
v -1.462834 1.163505 -1.281749
v -1.399590 1.265016 -1.531367
v -0.177747 2.728062 -1.733936
v -0.002502 2.792077 -1.743476
v -0.164511 2.759623 1.633153
v 0.000179 2.698553 1.268448
v -0.166030 2.625221 1.269461
v -0.001789 2.684609 -1.351225
v -0.173265 2.615759 -1.346203
v -1.460540 1.135925 0.786140
v -1.455151 1.085328 0.372009
v -1.451769 1.064400 -0.038176
v -1.448655 1.079702 -0.451497
v -1.452557 1.129092 -0.870579
v -0.169555 2.502059 -0.894769
v -0.168051 2.429855 -0.456086
v -0.167739 2.403150 -0.024142
v -0.167635 2.425090 0.406613
v -0.167199 2.498413 0.837705
v 0.000049 2.574162 0.837430
v -0.000203 2.484366 -0.024068
v -0.001049 2.576755 -0.896155
v -0.687249 2.291268 -1.656986
v -0.613155 2.270861 1.646424
v -0.620146 2.136491 1.274695
v -0.659953 2.155452 -1.304604
v -0.637664 2.013737 -0.882018
v -0.629070 1.919396 -0.454560
v -0.627723 1.883171 -0.024840
v -0.627471 1.912210 0.405185
v -0.625527 2.000195 0.837387
v -0.962006 1.760523 1.265519
v -1.008227 1.870094 -1.648638
v -0.958515 1.878201 1.639489
v -0.988386 1.762749 -1.299851
v -0.972186 1.645187 -0.880302
v -0.965939 1.561327 -0.454548
v -0.965359 1.528050 -0.027337
v -0.966032 1.556876 0.398373
v -0.965172 1.638723 0.827652
v -0.442851 2.508748 -1.693055
v -0.396245 2.506392 1.640006
v -0.426100 2.381006 -1.324131
v -0.412420 2.248913 -0.888035
v -0.407142 2.162187 -0.455264
v -0.406313 2.129260 -0.024329
v -0.406138 2.155914 0.406335
v -0.404794 2.238922 0.838190
v -0.401076 2.371999 1.272631
v -1.499787 1.298464 -1.558544
v -0.177046 2.770392 -1.770452
v -1.542452 1.072624 -0.458890
v -1.549248 1.078239 0.378617
v -1.557525 1.131005 0.799706
v -0.644389 2.309764 1.677049
v -1.000186 1.921879 1.670385
v -0.419818 2.542685 1.670202
v -1.347296 1.510969 1.602938
v 1.273901 0.712190 0.116786
v 1.273230 0.712763 0.164470
v 1.235362 0.789250 0.895553
v 1.270337 0.797028 0.853986
v 1.273976 0.775442 0.130385
v 1.200062 0.780064 0.897659
v 1.273323 0.776581 0.178483
v 1.281290 0.798599 0.893616
v 1.273349 0.842609 0.207294
v 1.236258 0.853054 0.874580
v 1.201084 0.845861 0.876131
v 1.273939 0.836817 0.160344
v 1.271104 0.859762 0.835946
v 1.271491 0.860258 0.873027
v 1.271557 0.862234 0.376141
v 1.271559 0.862238 0.375961
v 1.271641 0.921214 0.798950
v 1.273867 0.918379 0.208312
v 1.271964 0.921564 0.831433
v 1.273372 0.918370 0.248236
v 1.266529 0.544502 0.862991
v 1.266510 0.544743 0.906237
v 1.230961 0.536867 0.905169
v 1.267513 0.612025 0.866936
v 1.273637 0.610309 0.115203
v 1.267611 0.612186 0.910265
v 1.272963 0.610349 0.162380
v 1.268079 0.648794 0.869478
v 1.273066 0.649818 0.163087
v 1.268244 0.648791 0.912847
v 1.232856 0.648109 0.912129
v 1.273740 0.649990 0.115729
v 1.265541 0.470504 0.859717
v 1.272639 0.490543 0.161127
v 1.265392 0.469819 0.902846
v 1.273327 0.494209 0.114436
v 1.270678 0.479946 0.299215
v 1.264738 0.404135 0.857636
v 1.229089 0.403859 0.900087
v 1.272406 0.406669 0.160955
v 1.264505 0.404015 0.900734
v 1.273085 0.406890 0.114523
v 1.263268 0.267537 0.855747
v 1.272691 0.285528 0.115386
v 1.262885 0.267574 0.898795
v 1.272003 0.284126 0.161545
v 1.265761 0.267269 0.618196
v 1.269779 0.279347 0.314307
v 1.285293 0.207100 0.116464
v 1.285215 0.188539 0.116697
v 1.275532 0.190501 0.856008
v 1.275100 0.190762 0.899055
v 1.278523 0.475202 0.903307
v 1.279347 0.529591 0.905667
v 1.285640 1.047250 0.456680
v 1.286592 0.983952 0.277177
v 1.285161 0.986344 0.773542
v 1.285124 1.044672 0.603878
v 1.284515 0.865760 0.873783
v 1.297041 0.889430 0.864197
v 1.286884 0.771673 0.130474
v 1.297403 0.747755 0.117840
v 1.286774 0.913763 0.208323
v 1.299062 0.899381 0.193468
v 1.285584 1.047022 0.465421
v 1.285993 0.403396 0.114715
v 1.285799 0.340421 0.115077
v 1.285690 0.539456 0.161660
v 1.286369 0.540719 0.114788
v 1.284943 0.985609 0.746938
v 1.296643 0.889160 0.828116
v 1.296725 0.745354 0.165634
v 1.285119 0.340510 0.161337
v 1.284533 0.188559 0.162692
v 1.285127 1.044748 0.596007
v 1.279375 0.529734 0.862454
v 1.286255 0.983246 0.306714
v 1.298535 0.897502 0.233458
v 1.282667 0.727877 0.919457
v 1.282339 0.728433 0.876001
v 1.276842 0.346401 0.899714
v 1.277119 0.345806 0.856633
v 1.277759 0.401626 0.857759
v 1.279559 0.542786 0.863094
v 1.283295 0.794575 0.853940
v 1.286292 0.209415 0.856102
v 1.285314 0.403206 0.161137
v 1.286231 0.772784 0.178550
v 1.295109 0.207126 0.162641
v 1.285888 0.209716 0.899150
v 1.285598 0.279417 0.115609
v 1.276259 0.263404 0.855892
v 1.284911 0.278145 0.161754
v 1.286808 0.714313 0.117028
v 1.286138 0.714907 0.164724
v 1.283686 0.796162 0.893408
v 1.286258 0.845077 0.207581
v 1.286847 0.839690 0.160631
v 1.284111 0.864936 0.836656
v 1.284469 0.863588 0.376412
v 1.284471 0.863591 0.376232
v 1.284570 0.920245 0.799046
v 1.284899 0.920879 0.831554
v 1.286279 0.913890 0.248232
v 1.279561 0.543157 0.906346
v 1.281108 0.648305 0.869638
v 1.280590 0.614961 0.867354
v 1.286648 0.647046 0.115867
v 1.286544 0.611072 0.115408
v 1.285975 0.646937 0.163212
v 1.285871 0.611155 0.162590
v 1.280718 0.615334 0.910704
v 1.281296 0.648531 0.913027
v 1.278641 0.475675 0.860161
v 1.285547 0.492426 0.161338
v 1.286234 0.495722 0.114638
v 1.283592 0.482947 0.299466
v 1.277544 0.401602 0.900860
v 1.275888 0.263482 0.898941
v 1.278701 0.262977 0.618347
v 1.282690 0.273826 0.314482
v 1.276715 0.271059 0.899072
v 1.277560 0.340174 0.899568
v 1.287309 0.606671 0.115349
v 1.287132 0.545898 0.114849
v 1.285705 0.926418 0.832115
v 1.285897 0.979895 0.772926
v 1.282138 0.653392 0.913437
v 1.283340 0.721141 0.918834
v 1.286453 0.544631 0.161741
v 1.285682 0.979210 0.746341
v 1.285882 0.334486 0.161351
v 1.286562 0.334401 0.115107
v 1.287015 0.977497 0.306434
v 1.283025 0.721779 0.875399
v 1.277843 0.339595 0.856493
v 1.285371 0.925771 0.799593
v 1.287352 0.978234 0.276916
v 1.287044 0.919280 0.248469
v 1.286635 0.606741 0.162510
v 1.286902 0.709062 0.164567
v 1.287572 0.708485 0.116903
v 1.284819 0.858482 0.836016
v 1.284137 0.801310 0.854606
v 1.287610 0.833996 0.160450
v 1.287647 0.777825 0.130649
v 1.287021 0.839392 0.207368
v 1.286994 0.778957 0.178761
v 1.295121 0.803095 0.894265
v 1.285214 0.859236 0.873121
v 1.285230 0.857882 0.376086
v 1.285231 0.857885 0.375906
v 1.287539 0.919150 0.208535
v 1.281303 0.610001 0.867000
v 1.280392 0.548254 0.863431
v 1.280403 0.548650 0.906693
v 1.281422 0.610328 0.910338
v 1.281940 0.653145 0.870038
v 1.286738 0.651517 0.163330
v 1.287411 0.651620 0.115962
v 1.278383 0.408270 0.901105
v 1.279221 0.468454 0.903004
v 1.279348 0.468971 0.859866
v 1.286312 0.486324 0.161292
v 1.286998 0.489661 0.114614
v 1.284355 0.476710 0.299360
v 1.278588 0.408273 0.857997
v 1.286077 0.409634 0.161169
v 1.286756 0.409820 0.114728
v 1.277077 0.270967 0.856019
v 1.286362 0.286938 0.115584
v 1.285675 0.285662 0.161746
v 1.279485 0.270468 0.618443
v 1.283457 0.281331 0.314520
v 1.282613 0.951314 0.802353
v 1.284261 0.950296 0.242674
v 1.296324 0.953324 0.802742
v 1.296048 0.952632 0.773188
v 1.297519 0.948185 0.277526
v 1.297933 0.948452 0.242788
v 1.279508 0.685833 0.915875
v 1.233534 0.684836 0.914960
v 1.284319 0.681044 0.116382
v 1.293358 0.687308 0.916213
v 1.293085 0.687482 0.872793
v 1.297319 0.680250 0.164076
v 1.297989 0.680015 0.116562
v 1.284048 0.577073 0.115023
v 1.277677 0.578495 0.908301
v 1.297719 0.576285 0.115216
v 1.297043 0.575685 0.162236
v 1.291460 0.579175 0.865286
v 1.291543 0.579554 0.908588
v 1.228718 0.373327 0.899362
v 1.272989 0.372265 0.114679
v 1.274745 0.373710 0.900181
v 1.285896 0.371995 0.114873
v 1.288043 0.373841 0.857311
v 1.295715 0.371942 0.161368
v 1.287814 0.374141 0.900404
v 1.296295 0.314266 0.161661
v 1.296978 0.314964 0.115451
v 1.287717 0.303708 0.899404
v 1.288038 0.304298 0.856348
v 1.293766 0.759966 0.907398
v 1.293384 0.759062 0.865955
v 1.238051 1.015979 0.366181
v 1.237047 1.013878 0.687998
v 1.283586 1.016099 0.366756
v 1.282562 1.014019 0.688771
v 1.203019 1.015905 0.365763
v 1.202066 1.013834 0.687385
v 1.201994 1.013679 0.670180
v 1.202847 1.015433 0.384884
v 1.296494 1.014698 0.366870
v 1.295480 1.015579 0.689096
v 1.295411 1.015250 0.671854
v 1.296319 1.014387 0.386020
v 1.298123 0.808140 0.146889
v 1.295084 0.832659 0.844609
v 1.297504 0.809456 0.193352
v 1.295497 0.834241 0.882531
v -0.369977 0.061037 -0.485255
v -0.217992 0.286399 -0.476607
v -0.377652 0.061037 -0.503773
v -0.359287 0.061037 -1.256230
v -0.377819 0.061037 -1.248076
v -0.385182 0.061037 -1.228713
v 0.384946 0.061037 -1.228723
v 0.377503 0.061037 -1.248118
v 0.359028 0.061037 -1.256283
v 0.220720 0.286399 -0.476382
v 0.372902 0.061037 -0.484882
v 0.380523 0.061037 -0.503388
v -0.381293 0.061037 -0.983603
v 0.120318 0.061037 -1.257888
v 0.381062 0.061037 -0.741853
v -0.116135 0.286399 -0.476619
v 0.382436 0.061037 -0.983310
v 0.119226 0.286399 -0.476492
v -0.378903 0.061037 -0.742259
v -0.119418 0.061037 -1.257869
v -0.386039 1.736017 -1.221503
v -0.385611 0.872524 -1.225108
v -0.381721 0.872524 -0.979998
v -0.382150 1.708850 -0.976393
v 0.118441 1.670450 -0.470283
v 0.119021 0.546395 -0.475337
v 0.220583 0.546395 -0.475227
v 0.353679 1.671149 -0.470027
v -0.360144 1.739126 -1.249020
v -0.359716 0.872524 -1.252625
v -0.378247 0.872524 -1.244471
v -0.378676 1.738295 -1.240866
v 0.358171 1.738897 -1.249073
v 0.358599 0.872524 -1.252678
v 0.119890 0.872524 -1.254283
v 0.119461 1.737472 -1.250678
v -0.116920 1.670216 -0.470410
v -0.116340 0.546395 -0.475464
v 0.379666 1.672645 -0.496178
v 0.380094 0.872524 -0.499783
v 0.380633 0.872524 -0.738248
v 0.380205 1.688274 -0.734643
v 0.384089 1.735892 -1.221513
v 0.384517 0.872524 -1.225118
v 0.377074 0.872524 -1.244513
v 0.376646 1.738096 -1.240908
v -0.352427 1.670192 -0.470383
v -0.218129 0.546395 -0.475452
v -0.379760 1.687299 -0.735049
v -0.379332 0.872524 -0.738654
v -0.378081 0.872524 -0.500168
v -0.378509 1.671569 -0.496563
v 0.372473 0.872524 -0.481277
v 0.372045 1.671629 -0.477672
v 0.381579 1.709453 -0.976099
v 0.382008 0.872524 -0.979704
v -0.120275 1.737578 -1.250659
v -0.119846 0.872524 -1.254264
v -0.370834 1.670589 -0.478045
v -0.370405 0.872524 -0.481650
v -0.116063 0.061037 -0.477620
v -0.351570 0.061037 -0.477593
v 0.354536 0.061037 -0.477237
v 0.119298 0.061037 -0.477493
v 0.354108 0.872524 -0.473632
v -0.351998 0.872524 -0.473988
v -0.116491 0.872524 -0.474015
v 0.118870 0.872524 -0.473888
v 0.119124 0.547299 -0.678949
v 0.119328 0.287303 -0.680104
v -0.116237 0.547299 -0.679076
v -0.116033 0.287304 -0.680231
v -0.217889 0.287304 -0.680219
v 0.220823 0.287303 -0.679994
v 0.220685 0.547299 -0.678839
v -0.218026 0.547299 -0.679064
v -0.179426 0.272135 -0.506868
v -0.189327 0.272135 -0.501152
v -0.189327 0.272135 -0.489719
v -0.179426 0.272135 -0.484002
v -0.169525 0.272135 -0.489719
v -0.169525 0.272135 -0.501152
v -0.179426 0.577865 -0.506868
v -0.189327 0.577865 -0.501152
v -0.189327 0.577865 -0.489719
v -0.179426 0.577865 -0.484002
v -0.169525 0.577865 -0.489719
v -0.169525 0.577865 -0.501152
v -0.103199 0.272135 -0.506868
v -0.113101 0.272135 -0.501152
v -0.113101 0.272135 -0.489719
v -0.103199 0.272135 -0.484002
v -0.093298 0.272135 -0.489719
v -0.093298 0.272135 -0.501152
v -0.103199 0.577865 -0.506868
v -0.113101 0.577865 -0.501152
v -0.113101 0.577865 -0.489719
v -0.103199 0.577865 -0.484002
v -0.093298 0.577865 -0.489719
v -0.093298 0.577865 -0.501152
v 0.078498 0.272135 -0.506868
v 0.068597 0.272135 -0.501152
v 0.068597 0.272135 -0.489719
v 0.078498 0.272135 -0.484002
v 0.088399 0.272135 -0.489719
v 0.088399 0.272135 -0.501152
v 0.078498 0.577865 -0.506868
v 0.068597 0.577865 -0.501152
v 0.068597 0.577865 -0.489719
v 0.078498 0.577865 -0.484002
v 0.088399 0.577865 -0.489719
v 0.088399 0.577865 -0.501152
v 0.166347 0.272135 -0.506868
v 0.156446 0.272135 -0.501152
v 0.156446 0.272135 -0.489719
v 0.166347 0.272135 -0.484002
v 0.176248 0.272135 -0.489719
v 0.176248 0.272135 -0.501152
v 0.166347 0.577865 -0.506868
v 0.156446 0.577865 -0.501152
v 0.156446 0.577865 -0.489719
v 0.166347 0.577865 -0.484002
v 0.176248 0.577865 -0.489719
v 0.176248 0.577865 -0.501152
vt 0.542053 0.867278
vt 0.558606 0.863534
vt 0.654822 0.941854
vt 0.627963 0.948245
vt 0.623674 0.397886
vt 0.624994 0.420574
vt 0.589324 0.421586
vt 0.588483 0.399792
vt 0.629374 0.553230
vt 0.655756 0.557650
vt 0.568956 0.634617
vt 0.553626 0.630915
vt 0.185819 0.369968
vt 0.182090 0.368522
vt 0.183333 0.367650
vt 0.184844 0.368275
vt 0.394425 0.434267
vt 0.397314 0.447023
vt 0.332476 0.518180
vt 0.329102 0.496244
vt 0.436811 0.431421
vt 0.436725 0.442475
vt 0.408586 0.441694
vt 0.408492 0.430623
vt 0.180650 0.364783
vt 0.182706 0.366140
vt 0.589495 0.434001
vt 0.585026 0.447399
vt 0.580273 0.442787
vt 0.581940 0.430463
vt 0.574017 0.440928
vt 0.574574 0.429527
vt 0.182090 0.268651
vt 0.185818 0.267204
vt 0.184844 0.268897
vt 0.183333 0.269523
vt 0.180866 0.288316
vt 0.180651 0.272389
vt 0.182706 0.271032
vt 0.182697 0.286878
vt 0.178605 0.249380
vt 0.177166 0.245642
vt 0.179222 0.246999
vt 0.179849 0.248508
vt 0.200658 0.250629
vt 0.182334 0.250827
vt 0.181360 0.249134
vt 0.198893 0.249147
vt 0.178604 0.149509
vt 0.182333 0.148064
vt 0.181358 0.149756
vt 0.179847 0.150382
vt 0.177380 0.164690
vt 0.177164 0.153248
vt 0.179220 0.151891
vt 0.179211 0.162833
vt 0.445316 0.647684
vt 0.457032 0.648003
vt 0.455110 0.679688
vt 0.441553 0.678853
vt 0.454583 0.845398
vt 0.442053 0.842477
vt 0.443578 0.835008
vt 0.456025 0.837567
vt 0.453188 0.853397
vt 0.440086 0.849896
vt 0.469587 0.640354
vt 0.457098 0.640511
vt 0.456842 0.633007
vt 0.469835 0.632551
vt 0.469457 0.648155
vt 0.403224 0.364454
vt 0.403475 0.354059
vt 0.409727 0.354078
vt 0.409719 0.364417
vt 0.396724 0.364588
vt 0.397225 0.353778
vt 0.569801 0.339119
vt 0.570449 0.349058
vt 0.550918 0.349516
vt 0.550873 0.338057
vt 0.204142 0.369768
vt 0.202376 0.368286
vt 0.403710 0.344723
vt 0.409554 0.344288
vt 0.397943 0.343981
vt 0.611051 0.328916
vt 0.614533 0.340091
vt 0.583321 0.347601
vt 0.581493 0.337646
vt 0.532262 0.822002
vt 0.541651 0.822888
vt 0.538483 0.848810
vt 0.524924 0.847466
vt 0.428665 0.846333
vt 0.431134 0.839759
vt 0.200658 0.148263
vt 0.198892 0.149745
vt 0.177381 0.229715
vt 0.179212 0.231153
vt 0.204141 0.267401
vt 0.202376 0.268883
vt 0.432090 0.832820
vt 0.180866 0.353342
vt 0.182697 0.355198
vt 0.445895 0.640684
vt 0.445069 0.633752
vt 0.435641 0.341314
vt 0.436268 0.352687
vt 0.358640 0.098938
vt 0.361663 0.106509
vt 0.360877 0.107615
vt 0.357638 0.099250
vt 0.366693 0.350740
vt 0.368070 0.339603
vt 0.649216 0.511355
vt 0.641768 0.532948
vt 0.401497 0.431307
vt 0.402324 0.443120
vt 0.562331 0.648129
vt 0.548974 0.647800
vt 0.549933 0.639384
vt 0.564165 0.640595
vt 0.538733 0.857770
vt 0.553654 0.857181
vt 0.552200 0.849401
vt 0.581789 0.417890
vt 0.574441 0.418137
vt 0.436864 0.423810
vt 0.408743 0.419785
vt 0.553367 0.430151
vt 0.553269 0.422370
vt 0.538458 0.591357
vt 0.553620 0.590791
vt 0.539729 0.631196
vt 0.536099 0.779298
vt 0.545443 0.780064
vt 0.543477 0.803828
vt 0.534117 0.802977
vt 0.394829 0.422736
vt 0.361119 0.433768
vt 0.361753 0.421228
vt 0.623394 0.374212
vt 0.587169 0.379733
vt 0.644044 0.318339
vt 0.647644 0.329032
vt 0.453592 0.596269
vt 0.440182 0.597780
vt 0.436655 0.556614
vt 0.450288 0.555400
vt 0.224040 0.368288
vt 0.224039 0.369770
vt 0.453625 0.711003
vt 0.440001 0.710486
vt 0.220556 0.249151
vt 0.220556 0.250633
vt 0.224039 0.267398
vt 0.224040 0.268879
vt 0.617884 0.352005
vt 0.651555 0.339982
vt 0.421986 0.929846
vt 0.409462 0.923722
vt 0.427022 0.885810
vt 0.440716 0.891356
vt 0.467304 0.595177
vt 0.464276 0.554257
vt 0.331676 0.359229
vt 0.332754 0.347616
vt 0.365658 0.362131
vt 0.220556 0.149743
vt 0.397217 0.917995
vt 0.414231 0.880168
vt 0.220556 0.148261
vt 0.646477 0.536110
vt 0.651761 0.512953
vt 0.654307 0.514550
vt 0.651186 0.539272
vt 0.658083 0.947881
vt 0.629588 0.951499
vt 0.632045 0.546519
vt 0.661344 0.545530
vt 0.322359 0.522681
vt 0.323506 0.498386
vt 0.326744 0.431992
vt 0.551960 0.549362
vt 0.626616 0.436696
vt 0.546976 0.935570
vt 0.540833 0.912272
vt 0.527032 0.865640
vt 0.521638 0.908387
vt 0.395479 0.402525
vt 0.362877 0.400935
vt 0.525242 0.782134
vt 0.521462 0.768025
vt 0.522051 0.767754
vt 0.525835 0.781885
vt 0.514014 0.592393
vt 0.515404 0.631621
vt 0.436924 0.412934
vt 0.409126 0.402662
vt 0.581051 0.397730
vt 0.573876 0.400036
vt 0.401838 0.419543
vt 0.535915 0.647885
vt 0.535758 0.639573
vt 0.523780 0.856229
vt 0.537509 0.914599
vt 0.521347 0.910858
vt 0.521441 0.909822
vt 0.538915 0.913673
vt 0.515324 0.648018
vt 0.540111 0.681817
vt 0.527015 0.681590
vt 0.539240 0.714224
vt 0.526076 0.713718
vt 0.385642 0.102727
vt 0.387665 0.099873
vt 0.388889 0.100412
vt 0.386452 0.103616
vt 0.549294 0.681960
vt 0.548468 0.714564
vt 0.537536 0.757115
vt 0.546845 0.757758
vt 0.538557 0.735928
vt 0.525251 0.735257
vt 0.518616 0.820803
vt 0.503274 0.844954
vt 0.333887 0.336297
vt 0.177390 0.214579
vt 0.177395 0.204332
vt 0.179211 0.204746
vt 0.179211 0.215301
vt 0.177396 0.194564
vt 0.177394 0.184318
vt 0.179211 0.183594
vt 0.179211 0.194149
vt 0.452913 0.732469
vt 0.439318 0.732162
vt 0.452074 0.753313
vt 0.448636 0.775205
vt 0.447811 0.775099
vt 0.451136 0.752837
vt 0.451487 0.752796
vt 0.180875 0.344360
vt 0.180880 0.333714
vt 0.182696 0.334437
vt 0.182697 0.345384
vt 0.466340 0.750769
vt 0.451178 0.752170
vt 0.466278 0.732516
vt 0.562665 0.682151
vt 0.561888 0.715028
vt 0.561270 0.737175
vt 0.547825 0.736442
vt 0.355708 0.083722
vt 0.356513 0.090598
vt 0.355471 0.090800
vt 0.354519 0.083085
vt 0.535107 0.338186
vt 0.535346 0.349777
vt 0.516368 0.350157
vt 0.516123 0.338550
vt 0.537294 0.411573
vt 0.537525 0.422665
vt 0.518079 0.423038
vt 0.517868 0.411995
vt 0.555144 0.824173
vt 0.558916 0.781193
vt 0.556948 0.805085
vt 0.466844 0.711452
vt 0.560310 0.758681
vt 0.366797 0.106382
vt 0.366765 0.107675
vt 0.482026 0.412617
vt 0.482164 0.423602
vt 0.463825 0.423774
vt 0.463750 0.412828
vt 0.511871 0.713142
vt 0.510893 0.734529
vt 0.537669 0.430391
vt 0.518214 0.430733
vt 0.553038 0.411069
vt 0.482249 0.431268
vt 0.463863 0.431419
vt 0.499653 0.423356
vt 0.499474 0.412343
vt 0.180881 0.323468
vt 0.182696 0.323883
vt 0.575735 0.339036
vt 0.576888 0.348519
vt 0.180875 0.303453
vt 0.182696 0.302731
vt 0.462190 0.340094
vt 0.462632 0.351616
vt 0.180880 0.313700
vt 0.182696 0.313286
vt 0.498111 0.350586
vt 0.497812 0.338983
vt 0.553458 0.441360
vt 0.445129 0.812841
vt 0.460128 0.816483
vt 0.518397 0.441862
vt 0.499930 0.442156
vt 0.499770 0.431036
vt 0.480410 0.339474
vt 0.480769 0.351052
vt 0.537840 0.441542
vt 0.571272 0.359798
vt 0.551223 0.360625
vt 0.482363 0.442377
vt 0.463906 0.442510
vt 0.516623 0.361450
vt 0.498393 0.361877
vt 0.328688 0.398782
vt 0.329999 0.379745
vt 0.364109 0.382212
vt 0.536963 0.399525
vt 0.517609 0.399996
vt 0.481849 0.400692
vt 0.463635 0.400960
vt 0.499257 0.400382
vt 0.436952 0.401176
vt 0.436656 0.363625
vt 0.462990 0.362790
vt 0.512920 0.681314
vt 0.468154 0.680234
vt 0.498358 0.648076
vt 0.467412 0.904714
vt 0.444810 0.942013
vt 0.443981 0.941514
vt 0.466979 0.903283
vt 0.580027 0.381067
vt 0.573159 0.385125
vt 0.578090 0.359332
vt 0.584984 0.358937
vt 0.409385 0.388518
vt 0.552700 0.398599
vt 0.491474 0.593596
vt 0.493222 0.632068
vt 0.396096 0.384064
vt 0.327452 0.419304
vt 0.511930 0.551209
vt 0.536665 0.550023
vt 0.403226 0.169353
vt 0.403548 0.153106
vt 0.434202 0.184722
vt 0.538355 0.915285
vt 0.539524 0.913961
vt 0.402347 0.400652
vt 0.513033 0.639841
vt 0.501059 0.862255
vt 0.499730 0.853232
vt 0.659530 0.359961
vt 0.626595 0.375402
vt 0.625447 0.374915
vt 0.659189 0.359229
vt 0.524112 0.756233
vt 0.517693 0.755820
vt 0.510017 0.747192
vt 0.492444 0.166701
vt 0.491638 0.156127
vt 0.491750 0.155965
vt 0.492671 0.166605
vt 0.179211 0.172647
vt 0.481085 0.362310
vt 0.535654 0.361025
vt 0.380619 0.105537
vt 0.380966 0.106593
vt 0.488991 0.552517
vt 0.468240 0.902656
vt 0.467541 0.902841
vt 0.467493 0.902767
vt 0.467658 0.902156
vt 0.402756 0.385017
vt 0.494263 0.640076
vt 0.477422 0.858473
vt 0.479907 0.850224
vt 0.485457 0.842628
vt 0.495506 0.826652
vt 0.506108 0.819646
vt 0.514369 0.807128
vt 0.522578 0.794162
vt 0.523010 0.794703
vt 0.514941 0.807453
vt 0.445182 0.812186
vt 0.444811 0.812477
vt 0.433335 0.810879
vt 0.434645 0.793831
vt 0.445899 0.794771
vt 0.501620 0.754521
vt 0.466347 0.751941
vt 0.466348 0.751404
vt 0.502166 0.753994
vt 0.357721 0.108546
vt 0.354777 0.100144
vt 0.356954 0.099465
vt 0.360298 0.108407
vt 0.177389 0.173672
vt 0.474423 0.149388
vt 0.479545 0.131922
vt 0.490005 0.134896
vt 0.484650 0.152520
vt 0.490638 0.818425
vt 0.505051 0.814348
vt 0.505236 0.814966
vt 0.491077 0.818970
vt 0.396005 0.058125
vt 0.432298 0.013132
vt 0.442047 0.011937
vt 0.401661 0.057207
vt 0.528627 0.179432
vt 0.529106 0.181001
vt 0.494007 0.177212
vt 0.493142 0.166302
vt 0.407960 0.153273
vt 0.442070 0.185154
vt 0.443027 0.134422
vt 0.451787 0.121907
vt 0.453966 0.123075
vt 0.445430 0.136302
vt 0.516131 0.046980
vt 0.554123 0.020850
vt 0.562287 0.022031
vt 0.520689 0.047718
vt 0.511111 0.063190
vt 0.513398 0.049416
vt 0.518039 0.050217
vt 0.515447 0.064058
vt 0.449948 0.121463
vt 0.450727 0.120232
vt 0.452338 0.121132
vt 0.785871 0.521959
vt 0.786333 0.499783
vt 0.808558 0.499935
vt 0.809298 0.523246
vt 0.881737 0.671272
vt 0.887084 0.670903
vt 0.887084 0.670903
vt 0.881737 0.671272
vt 0.734381 0.321624
vt 0.712158 0.322888
vt 0.711598 0.318548
vt 0.734194 0.317816
vt 0.712175 0.519311
vt 0.734374 0.520574
vt 0.734183 0.524383
vt 0.711558 0.523594
vt 0.691306 0.473376
vt 0.691633 0.499014
vt 0.685907 0.500953
vt 0.685558 0.474388
vt 0.736412 0.627371
vt 0.740220 0.626275
vt 0.740220 0.626275
vt 0.736412 0.627371
vt 0.820038 0.499688
vt 0.820888 0.522034
vt 0.960261 0.618772
vt 0.959022 0.610568
vt 0.940702 0.615269
vt 0.941443 0.621010
vt 0.938247 0.615598
vt 0.940702 0.615269
vt 0.938247 0.615598
vt 0.810908 0.525958
vt 0.785942 0.524768
vt 0.495997 0.136460
vt 0.494566 0.134477
vt 0.499675 0.135542
vt 0.501103 0.137398
vt 0.494278 0.132795
vt 0.499288 0.133871
vt 0.476372 0.040085
vt 0.476209 0.041214
vt 0.474099 0.040889
vt 0.474088 0.039956
vt 0.475971 0.042369
vt 0.473747 0.041715
vt 0.365154 0.149817
vt 0.365177 0.150902
vt 0.363139 0.150901
vt 0.363006 0.150041
vt 0.365126 0.152034
vt 0.362914 0.151736
vt 0.351163 0.071431
vt 0.351688 0.072553
vt 0.349615 0.073515
vt 0.349044 0.072688
vt 0.352149 0.073738
vt 0.349793 0.074461
vt 0.359946 0.165441
vt 0.362646 0.166002
vt 0.959022 0.935223
vt 0.962979 0.907817
vt 0.944415 0.902493
vt 0.941556 0.931050
vt 0.964212 0.665614
vt 0.962094 0.640499
vt 0.943288 0.644251
vt 0.945086 0.666897
vt 0.796629 0.886231
vt 0.792132 0.884174
vt 0.792132 0.884174
vt 0.796629 0.886231
vt 0.820083 0.342486
vt 0.808609 0.342268
vt 0.809300 0.318950
vt 0.820892 0.320142
vt 0.735023 0.343472
vt 0.691859 0.343263
vt 0.696708 0.328918
vt 0.819896 0.368811
vt 0.808573 0.368775
vt 0.735212 0.369260
vt 0.691334 0.369608
vt 0.956419 0.939466
vt 0.938850 0.934985
vt 0.822139 0.524664
vt 0.822139 0.317510
vt 0.810907 0.316235
vt 0.923566 0.590901
vt 0.923566 0.590901
vt 0.692383 0.325430
vt 0.686034 0.341445
vt 0.689029 0.333889
vt 0.720314 0.635684
vt 0.719566 0.641281
vt 0.719566 0.641281
vt 0.720314 0.635684
vt 0.733806 0.912193
vt 0.740805 0.908005
vt 0.738670 0.903000
vt 0.731885 0.908299
vt 0.696692 0.513048
vt 0.692426 0.516587
vt 0.714856 0.832059
vt 0.716595 0.852362
vt 0.716595 0.852362
vt 0.714856 0.832059
vt 0.882384 0.896168
vt 0.856395 0.894394
vt 0.856395 0.894394
vt 0.882384 0.896168
vt 0.705568 0.320707
vt 0.356668 0.070510
vt 0.357069 0.071826
vt 0.356347 0.069141
vt 0.369904 0.150997
vt 0.370041 0.152199
vt 0.369851 0.149798
vt 0.481068 0.042102
vt 0.480765 0.043321
vt 0.481456 0.040897
vt 0.452523 0.120193
vt 0.454832 0.120752
vt 0.454453 0.121902
vt 0.468918 0.052997
vt 0.471764 0.053968
vt 0.473914 0.025250
vt 0.476796 0.025240
vt 0.347130 0.073182
vt 0.338064 0.060938
vt 0.339529 0.059838
vt 0.441607 0.133410
vt 0.392408 0.074618
vt 0.387323 0.063616
vt 0.394062 0.062154
vt 0.396904 0.073804
vt 0.341998 0.057810
vt 0.347956 0.074444
vt 0.361457 0.150627
vt 0.361447 0.149256
vt 0.472317 0.040750
vt 0.472361 0.039319
vt 0.348442 0.075874
vt 0.451177 0.118834
vt 0.361189 0.151966
vt 0.472237 0.025178
vt 0.471975 0.042146
vt 0.353641 0.082638
vt 0.359503 0.080307
vt 0.467211 0.053541
vt 0.528148 0.177863
vt 0.536935 0.179099
vt 0.518916 0.048897
vt 0.514254 0.048114
vt 0.405948 0.150430
vt 0.406521 0.151833
vt 0.402002 0.151690
vt 0.401445 0.150308
vt 0.400055 0.059253
vt 0.394399 0.060282
vt 0.399606 0.061128
vt 0.488245 0.132814
vt 0.488166 0.131206
vt 0.507244 0.062405
vt 0.507663 0.048386
vt 0.493171 0.121675
vt 0.497161 0.122656
vt 0.397380 0.169034
vt 0.398127 0.152948
vt 0.395608 0.094943
vt 0.394063 0.083717
vt 0.398491 0.083030
vt 0.399939 0.094397
vt 0.510538 0.046026
vt 0.513090 0.029346
vt 0.519142 0.030225
vt 0.538996 0.916158
vt 0.539725 0.914703
vt 0.357770 0.181658
vt 0.356136 0.181434
vt 0.358361 0.165188
vt 0.475058 0.008179
vt 0.473337 0.008068
vt 0.434627 0.150450
vt 0.432213 0.148580
vt 0.330268 0.043138
vt 0.327769 0.045173
vt 0.360571 0.182042
vt 0.478007 0.008368
vt 0.450850 0.139886
vt 0.439396 0.154305
vt 0.335202 0.038940
vt 0.347591 0.053940
vt 0.368186 0.166725
vt 0.366264 0.182796
vt 0.483997 0.008776
vt 0.482620 0.025652
vt 0.634694 0.723715
vt 0.653396 0.723715
vt 0.653396 0.803626
vt 0.634692 0.803626
vt 0.616600 0.803629
vt 0.597898 0.803629
vt 0.597897 0.723718
vt 0.616600 0.723718
vt 0.326303 0.046356
vt 0.430796 0.147493
vt 0.537443 0.180673
vt 0.537951 0.182248
vt 0.442641 0.010204
vt 0.432858 0.011402
vt 0.443236 0.187871
vt 0.435263 0.187498
vt 0.564044 0.019483
vt 0.555785 0.018219
vt 0.521572 0.013087
vt 0.402255 0.185852
vt 0.389268 0.059658
vt 0.383761 0.040316
vt 0.392172 0.037255
vt 0.492277 0.155392
vt 0.462773 0.146885
vt 0.470038 0.128977
vt 0.500710 0.044312
vt 0.503109 0.027964
vt 0.394648 0.095524
vt 0.390930 0.094071
vt 0.389192 0.087937
vt 0.391558 0.084120
vt 0.387783 0.168443
vt 0.388612 0.152699
vt 0.501741 0.061267
vt 0.498753 0.046767
vt 0.478272 0.129972
vt 0.478732 0.128546
vt 0.508366 0.047080
vt 0.396292 0.151552
vt 0.395878 0.150198
vt 0.387421 0.061846
vt 0.377734 0.062465
vt 0.372625 0.043645
vt 0.140546 0.900797
vt 0.129508 0.900697
vt 0.129814 0.899620
vt 0.140961 0.899526
vt 0.204326 0.769434
vt 0.148614 0.771033
vt 0.144044 0.750616
vt 0.204053 0.750547
vt 0.205864 0.689109
vt 0.223377 0.689958
vt 0.223300 0.691548
vt 0.205775 0.690717
vt 0.204955 0.861546
vt 0.149975 0.859190
vt 0.150170 0.839223
vt 0.205774 0.842777
vt 0.147360 0.837592
vt 0.136538 0.827929
vt 0.137027 0.826310
vt 0.147876 0.836055
vt 0.136314 0.973747
vt 0.147181 0.964287
vt 0.147682 0.965822
vt 0.136783 0.975357
vt 0.088709 0.861618
vt 0.088167 0.843135
vt 0.104718 0.828158
vt 0.104692 0.855265
vt 0.107212 0.825007
vt 0.134001 0.824827
vt 0.133862 0.826521
vt 0.107378 0.826679
vt 0.204325 0.921494
vt 0.148614 0.923093
vt 0.144043 0.902676
vt 0.204052 0.902607
vt 0.137028 0.674249
vt 0.147877 0.683995
vt 0.147360 0.685532
vt 0.136539 0.675869
vt 0.275420 0.784847
vt 0.274796 0.786353
vt 0.273290 0.786977
vt 0.257393 0.786977
vt 0.241497 0.786977
vt 0.225600 0.786977
vt 0.224094 0.786353
vt 0.223470 0.784847
vt 0.223470 0.768950
vt 0.223470 0.753054
vt 0.223470 0.737157
vt 0.224094 0.735651
vt 0.225600 0.735027
vt 0.241497 0.735027
vt 0.257393 0.735027
vt 0.273290 0.735027
vt 0.274796 0.735651
vt 0.275420 0.737157
vt 0.275420 0.753054
vt 0.275420 0.768950
vt 0.127807 0.900694
vt 0.115546 0.901102
vt 0.115445 0.900259
vt 0.127899 0.899830
vt 0.127907 0.749468
vt 0.115452 0.749916
vt 0.115547 0.749042
vt 0.127807 0.748634
vt 0.107213 0.672947
vt 0.134002 0.672767
vt 0.133863 0.674461
vt 0.107378 0.674619
vt 0.090836 0.921444
vt 0.095709 0.902249
vt 0.113522 0.902200
vt 0.107106 0.920451
vt 0.035000 0.695050
vt 0.084937 0.691168
vt 0.085244 0.692874
vt 0.035118 0.696768
vt 0.088709 0.709558
vt 0.088168 0.691075
vt 0.104718 0.676098
vt 0.104693 0.703205
vt 0.090837 0.769384
vt 0.095710 0.750189
vt 0.113523 0.750140
vt 0.107106 0.768391
vt 0.034999 0.847110
vt 0.084936 0.843228
vt 0.085243 0.844935
vt 0.035117 0.848829
vt 0.037070 0.900684
vt 0.025029 0.900664
vt 0.025029 0.898931
vt 0.037066 0.898914
vt 0.037064 0.750394
vt 0.025029 0.750336
vt 0.025030 0.748604
vt 0.037070 0.748623
vt 0.140943 0.902076
vt 0.129800 0.901781
vt 0.145971 0.878944
vt 0.135850 0.880563
vt 0.147299 0.791332
vt 0.147182 0.812227
vt 0.136315 0.821687
vt 0.137077 0.794984
vt 0.147683 0.813762
vt 0.136784 0.823297
vt 0.127906 0.901528
vt 0.115451 0.901976
vt 0.129815 0.747560
vt 0.140962 0.747466
vt 0.140547 0.748737
vt 0.129509 0.748636
vt 0.140944 0.750016
vt 0.129801 0.749721
vt 0.204955 0.709486
vt 0.149975 0.707130
vt 0.150170 0.687163
vt 0.205863 0.841169
vt 0.223376 0.842018
vt 0.223299 0.843608
vt 0.205709 0.807250
vt 0.223304 0.806467
vt 0.223377 0.808062
vt 0.205793 0.808864
vt 0.204052 0.747282
vt 0.221738 0.747324
vt 0.221740 0.748926
vt 0.204049 0.748914
vt 0.221742 0.750529
vt 0.205709 0.959311
vt 0.223304 0.958527
vt 0.223376 0.960123
vt 0.205792 0.960924
vt 0.145972 0.726884
vt 0.135851 0.728503
vt 0.147298 0.943392
vt 0.137076 0.947044
vt 0.204049 0.900974
vt 0.143908 0.900823
vt 0.144061 0.898974
vt 0.204051 0.899342
vt 0.115445 0.748199
vt 0.127900 0.747770
vt 0.133546 0.728588
vt 0.109430 0.729200
vt 0.096154 0.900876
vt 0.113826 0.901099
vt 0.107289 0.974840
vt 0.133655 0.975136
vt 0.133787 0.976794
vt 0.107117 0.976534
vt 0.134477 0.947571
vt 0.107325 0.946831
vt 0.133546 0.880648
vt 0.109429 0.881260
vt 0.134478 0.795511
vt 0.133656 0.823076
vt 0.107289 0.822780
vt 0.107325 0.794771
vt 0.133788 0.824734
vt 0.107118 0.824474
vt 0.037064 0.902454
vt 0.025028 0.902397
vt 0.036769 0.882108
vt 0.024905 0.882399
vt 0.035981 0.783968
vt 0.035053 0.800569
vt 0.023193 0.799863
vt 0.024161 0.783370
vt 0.085396 0.804373
vt 0.085091 0.806079
vt 0.034937 0.802295
vt 0.036770 0.730048
vt 0.037066 0.746853
vt 0.025030 0.746871
vt 0.024905 0.730338
vt 0.035052 0.952629
vt 0.085396 0.956433
vt 0.085091 0.958139
vt 0.034937 0.954356
vt 0.096154 0.748816
vt 0.113827 0.749039
vt 0.095733 0.747432
vt 0.113540 0.747931
vt 0.088316 0.958227
vt 0.104627 0.973356
vt 0.104096 0.974990
vt 0.087753 0.959810
vt 0.087614 0.689485
vt 0.104199 0.674460
vt 0.035981 0.936028
vt 0.023193 0.951923
vt 0.024161 0.935431
vt 0.095732 0.899492
vt 0.113539 0.899990
vt 0.088316 0.806167
vt 0.104628 0.821296
vt 0.104096 0.822930
vt 0.087754 0.807750
vt 0.087613 0.841545
vt 0.104198 0.826520
vt 0.222720 0.862216
vt 0.221815 0.843608
vt 0.121815 0.843608
vt 0.122720 0.862216
vt 0.142196 0.900811
vt 0.142421 0.902588
vt 0.142441 0.899040
vt 0.148498 0.811134
vt 0.148931 0.812746
vt 0.149992 0.810602
vt 0.150246 0.812211
vt 0.149115 0.837079
vt 0.148675 0.838690
vt 0.150430 0.837616
vt 0.142442 0.746980
vt 0.142197 0.748751
vt 0.144061 0.746914
vt 0.143908 0.748762
vt 0.142422 0.750527
vt 0.148497 0.963194
vt 0.148930 0.964806
vt 0.149991 0.962662
vt 0.150245 0.964271
vt 0.149116 0.685019
vt 0.148676 0.686630
vt 0.150430 0.685556
vt 0.135559 0.825297
vt 0.135271 0.826945
vt 0.135051 0.822658
vt 0.135325 0.824285
vt 0.128796 0.747802
vt 0.128566 0.748630
vt 0.128785 0.749456
vt 0.135050 0.974718
vt 0.135324 0.976345
vt 0.135560 0.673237
vt 0.135272 0.674885
vt 0.128565 0.900690
vt 0.128784 0.901516
vt 0.128795 0.899862
vt 0.114783 0.749046
vt 0.114552 0.749886
vt 0.114565 0.748208
vt 0.105882 0.974383
vt 0.105560 0.976036
vt 0.105665 0.673429
vt 0.105977 0.675075
vt 0.114782 0.901106
vt 0.114551 0.901946
vt 0.114564 0.900268
vt 0.105883 0.822323
vt 0.105561 0.823977
vt 0.105664 0.825489
vt 0.105976 0.827135
vt 0.092262 0.902867
vt 0.092444 0.900845
vt 0.094339 0.900859
vt 0.094059 0.902800
vt 0.092282 0.898817
vt 0.094085 0.898910
vt 0.086966 0.804977
vt 0.086473 0.806666
vt 0.086319 0.842633
vt 0.086814 0.844327
vt 0.092445 0.748785
vt 0.092283 0.746756
vt 0.094086 0.746850
vt 0.094340 0.748799
vt 0.092263 0.750807
vt 0.094060 0.750739
vt 0.086965 0.957037
vt 0.086472 0.958726
vt 0.086320 0.690573
vt 0.086814 0.692267
vt 0.147304 0.858571
vt 0.148536 0.858984
vt 0.145832 0.922959
vt 0.147134 0.923145
vt 0.134523 0.854308
vt 0.135925 0.854466
vt 0.137128 0.854836
vt 0.133503 0.921183
vt 0.134722 0.921127
vt 0.135817 0.921266
vt 0.145833 0.770898
vt 0.147135 0.771085
vt 0.133503 0.769123
vt 0.134723 0.769067
vt 0.135818 0.769206
vt 0.147304 0.706510
vt 0.148537 0.706924
vt 0.134524 0.702248
vt 0.135926 0.702406
vt 0.137129 0.702776
vt 0.105895 0.854848
vt 0.107306 0.854639
vt 0.108178 0.920357
vt 0.109365 0.920452
vt 0.108179 0.768297
vt 0.109366 0.768392
vt 0.105896 0.702788
vt 0.107307 0.702579
vt 0.091024 0.879949
vt 0.089583 0.879791
vt 0.087954 0.879899
vt 0.088956 0.939713
vt 0.087651 0.939224
vt 0.086117 0.938951
vt 0.088956 0.787653
vt 0.087652 0.787164
vt 0.086118 0.786891
vt 0.085874 0.710344
vt 0.087408 0.710058
vt 0.221741 0.902589
vt 0.221739 0.900986
vt 0.221737 0.899384
vt 0.222394 0.710156
vt 0.221843 0.921165
vt 0.222394 0.862216
vt 0.221844 0.769104
vt 0.714121 0.683823
vt 0.724119 0.684864
vt 0.724119 0.684864
vt 0.714121 0.683823
vt 0.726669 0.714730
vt 0.722855 0.714658
vt 0.722855 0.714658
vt 0.726669 0.714730
vt 0.711805 0.764427
vt 0.712250 0.783285
vt 0.722726 0.784531
vt 0.722297 0.764170
vt 0.712847 0.808622
vt 0.724904 0.829859
vt 0.723204 0.807234
vt 0.735065 0.498762
vt 0.735222 0.473140
vt 0.691133 0.447302
vt 0.735260 0.447181
vt 0.691141 0.421646
vt 0.735271 0.421207
vt 0.691189 0.395797
vt 0.735273 0.395247
vt 0.808531 0.473499
vt 0.819827 0.473468
vt 0.808552 0.447310
vt 0.819814 0.447314
vt 0.808570 0.421163
vt 0.819831 0.421170
vt 0.808576 0.395003
vt 0.819851 0.395013
vt 0.963776 0.902301
vt 0.964745 0.886675
vt 0.945714 0.882551
vt 0.944624 0.900408
vt 0.941376 0.845281
vt 0.940284 0.853847
vt 0.940284 0.853847
vt 0.941376 0.845281
vt 0.967959 0.760196
vt 0.966685 0.712801
vt 0.947423 0.713553
vt 0.948516 0.755249
vt 0.948652 0.760453
vt 0.965081 0.682199
vt 0.945810 0.681365
vt 0.685569 0.368632
vt 0.685483 0.395321
vt 0.685445 0.421620
vt 0.685459 0.447762
vt 0.685450 0.431297
vt 0.685518 0.463569
vt 0.869949 0.851569
vt 0.867985 0.853238
vt 0.867985 0.853238
vt 0.869949 0.851569
vt 0.841915 0.849720
vt 0.840924 0.854145
vt 0.838251 0.866088
vt 0.838251 0.866088
vt 0.841915 0.849720
vt 0.929154 0.813306
vt 0.916924 0.812930
vt 0.916924 0.812930
vt 0.929154 0.813306
vt 0.912736 0.777881
vt 0.899660 0.777639
vt 0.899660 0.777639
vt 0.912736 0.777881
vt 0.882540 0.690317
vt 0.878050 0.692898
vt 0.878050 0.692898
vt 0.882540 0.690317
vt 0.387248 0.150039
vt 0.392673 0.137059
vt 0.398065 0.136977
vt 0.392138 0.123766
vt 0.397679 0.123504
vt 0.384885 0.082133
vt 0.386917 0.080788
vt 0.401859 0.136945
vt 0.401567 0.123360
vt 0.396667 0.105068
vt 0.400812 0.104667
vt 0.391589 0.114697
vt 0.397307 0.114283
vt 0.385799 0.075751
vt 0.376919 0.066042
vt 0.359414 0.137753
vt 0.360867 0.138585
vt 0.358250 0.125425
vt 0.359669 0.125826
vt 0.352497 0.091416
vt 0.354764 0.090943
vt 0.357517 0.117190
vt 0.358904 0.117054
vt 0.374179 0.074049
vt 0.372964 0.077494
vt 0.368803 0.068080
vt 0.363591 0.138274
vt 0.362483 0.125574
vt 0.356349 0.108902
vt 0.353618 0.101055
vt 0.351370 0.092764
vt 0.406119 0.136931
vt 0.405928 0.123243
vt 0.401305 0.114029
vt 0.405790 0.113801
vt 0.351139 0.083505
vt 0.765364 0.521414
vt 0.765275 0.524564
vt 0.788367 0.733009
vt 0.795956 0.732675
vt 0.795956 0.732675
vt 0.788367 0.733009
vt 0.778900 0.770410
vt 0.778681 0.781166
vt 0.778681 0.781166
vt 0.778900 0.770410
vt 0.830429 0.822026
vt 0.825063 0.820088
vt 0.825063 0.820088
vt 0.830429 0.822026
vt 0.785214 0.821781
vt 0.781770 0.848512
vt 0.781770 0.848512
vt 0.785214 0.821781
vt 0.786581 0.395011
vt 0.766203 0.395052
vt 0.766109 0.368937
vt 0.786519 0.368809
vt 0.786596 0.421153
vt 0.766229 0.421152
vt 0.786576 0.447283
vt 0.766212 0.447239
vt 0.786507 0.473453
vt 0.766120 0.473326
vt 0.765853 0.499421
vt 0.765833 0.342817
vt 0.786346 0.342452
vt 0.780072 0.901695
vt 0.775315 0.908988
vt 0.775315 0.908988
vt 0.780072 0.901695
vt 0.774364 0.651188
vt 0.765278 0.660059
vt 0.765278 0.660059
vt 0.774364 0.651188
vt 0.817713 0.651639
vt 0.817752 0.651749
vt 0.817752 0.651749
vt 0.817713 0.651639
vt 0.765345 0.320824
vt 0.785862 0.320267
vt 0.765257 0.317675
vt 0.844144 0.929757
vt 0.867863 0.933811
vt 0.867863 0.933811
vt 0.844144 0.929757
vt 0.844066 0.932845
vt 0.785931 0.317456
vt 0.727366 0.720938
vt 0.727366 0.720938
vt 0.750910 0.763558
vt 0.749134 0.746681
vt 0.732164 0.807045
vt 0.732675 0.794525
vt 0.720608 0.874341
vt 0.720608 0.874341
vt 0.732360 0.888205
vt 0.746704 0.889771
vt 0.742904 0.888411
vt 0.741698 0.871430
vt 0.729537 0.869966
vt 0.720314 0.635684
vt 0.719566 0.641281
vt 0.739700 0.643838
vt 0.739368 0.638512
vt 0.739368 0.638512
vt 0.739700 0.643838
vt 0.821666 0.859030
vt 0.809754 0.887140
vt 0.809754 0.887140
vt 0.821666 0.859030
vt 0.758737 0.923084
vt 0.759871 0.916967
vt 0.878352 0.716430
vt 0.878050 0.692898
vt 0.878352 0.716430
vt 0.847504 0.740223
vt 0.841408 0.740184
vt 0.843715 0.740184
vt 0.847504 0.740223
vt 0.856476 0.801493
vt 0.856389 0.778750
vt 0.856389 0.778750
vt 0.856476 0.801493
vt 0.884098 0.851366
vt 0.902532 0.852180
vt 0.884098 0.851366
vt 0.801927 0.654798
vt 0.802061 0.676486
vt 0.802061 0.676486
vt 0.801927 0.654798
vt 0.793147 0.929141
vt 0.830742 0.931876
vt 0.831721 0.928392
vt 0.832305 0.926315
vt 0.793679 0.922965
vt 0.828004 0.853155
vt 0.828004 0.853155
vt 0.840924 0.854145
vt 0.000000 0.000000
vt 0.000000 0.000000
vt 0.000000 0.000000
vt 0.000000 0.000000
vt 0.856901 0.628535
vt 0.854667 0.623870
vt 0.854667 0.623870
vt 0.856901 0.628535
vt 0.457668 0.093652
vt 0.460004 0.084320
vt 0.463011 0.085089
vt 0.460678 0.094390
vt 0.951329 0.024112
vt 0.952506 0.017540
vt 0.962589 0.020523
vt 0.958929 0.025506
vt 0.453625 0.111383
vt 0.456558 0.111951
vt 0.946663 0.202589
vt 0.952378 0.206533
vt 0.934421 0.225196
vt 0.930289 0.218863
vt 0.936996 0.212197
vt 0.943703 0.205530
vt 0.960066 0.028873
vt 0.966560 0.025395
vt 0.972171 0.059158
vt 0.964896 0.059825
vt 0.962973 0.047501
vt 0.966250 0.114002
vt 0.973722 0.114202
vt 0.969617 0.168542
vt 0.962552 0.166657
vt 0.963212 0.157263
vt 0.963771 0.149294
vt 0.964331 0.141326
vt 0.965048 0.131120
vt 0.965649 0.122561
vt 0.789687 0.107621
vt 0.782440 0.107980
vt 0.782303 0.076122
vt 0.789662 0.076219
vt 0.789675 0.092713
vt 0.793363 0.029045
vt 0.786392 0.025532
vt 0.790473 0.020248
vt 0.794244 0.025345
vt 0.489555 0.112208
vt 0.492054 0.102331
vt 0.497675 0.103727
vt 0.495201 0.113637
vt 0.401939 0.072889
vt 0.403490 0.082263
vt 0.404810 0.093847
vt 0.361741 0.116759
vt 0.367226 0.116355
vt 0.367874 0.125135
vt 0.405478 0.104308
vt 0.913341 0.225181
vt 0.915575 0.231747
vt 0.366786 0.108352
vt 0.496519 0.084110
vt 0.498705 0.074836
vt 0.504263 0.076100
vt 0.502105 0.085432
vt 0.386210 0.124113
vt 0.385489 0.115201
vt 0.501600 0.104693
vt 0.499145 0.114621
vt 0.487286 0.120159
vt 0.508155 0.076969
vt 0.506012 0.086346
vt 0.494370 0.092978
vt 0.499975 0.094340
vt 0.455362 0.103335
vt 0.458352 0.104061
vt 0.452387 0.110043
vt 0.462314 0.075471
vt 0.464863 0.066242
vt 0.467808 0.067093
vt 0.465303 0.076272
vt 0.456337 0.092730
vt 0.458545 0.083920
vt 0.463264 0.066374
vt 0.454155 0.101869
vt 0.501615 0.123710
vt 0.460849 0.075104
vt 0.503891 0.095284
vt 0.508262 0.096331
vt 0.505977 0.105763
vt 0.503539 0.115698
vt 0.462153 0.113292
vt 0.459819 0.122483
vt 0.512512 0.077930
vt 0.510379 0.087358
vt 0.468751 0.086555
vt 0.466423 0.095811
vt 0.848795 0.219248
vt 0.866291 0.228136
vt 0.864677 0.234858
vt 0.845893 0.225538
vt 0.793857 0.152270
vt 0.801403 0.168956
vt 0.793882 0.169801
vt 0.786911 0.153925
vt 0.953490 0.187150
vt 0.959806 0.172867
vt 0.867918 0.228366
vt 0.866368 0.235253
vt 0.831299 0.210360
vt 0.827108 0.216217
vt 0.804096 0.193062
vt 0.810361 0.188766
vt 0.817826 0.196465
vt 0.824563 0.203412
vt 0.023089 0.953633
vt 0.087955 0.727838
vt 0.023089 0.801573
vt 0.023208 0.847849
vt 0.023315 0.849550
vt 0.023209 0.695788
vt 0.023315 0.697489
vt 0.933314 0.940550
vt 0.952572 0.943783
vt 0.931989 0.559300
vt 0.913890 0.566180
vt 0.934670 0.586305
vt 0.952590 0.581559
vt 0.714550 0.600432
vt 0.707006 0.614747
vt 0.724940 0.621849
vt 0.729425 0.614419
vt 0.747303 0.582492
vt 0.737025 0.588122
vt 0.746294 0.606939
vt 0.754004 0.605405
vt 0.723826 0.891968
vt 0.703898 0.900760
vt 0.719585 0.926391
vt 0.752442 0.943446
vt 0.714521 0.676132
vt 0.700267 0.627535
vt 0.692119 0.673570
vt 0.791225 0.950162
vt 0.875828 0.588172
vt 0.922524 0.586691
vt 0.873482 0.567357
vt 0.904663 0.627984
vt 0.906546 0.648177
vt 0.906546 0.648177
vt 0.904663 0.627984
vt 0.935714 0.680565
vt 0.935714 0.680565
vt 0.694375 0.855626
vt 0.692753 0.837106
vt 0.689683 0.781641
vt 0.690383 0.810046
vt 0.711944 0.749428
vt 0.712216 0.720094
vt 0.689584 0.719563
vt 0.689271 0.764946
vt 0.712620 0.712387
vt 0.880314 0.934316
vt 0.843551 0.953832
vt 0.878502 0.955073
vt 0.788457 0.595728
vt 0.828653 0.593645
vt 0.838379 0.569546
vt 0.785966 0.574687
vt 0.839464 0.590606
vt 0.892567 0.939663
vt 0.908873 0.934643
vt 0.908873 0.934643
vt 0.892567 0.939663
vt 0.773759 0.919431
vt 0.036056 0.713312
vt 0.204332 0.728428
vt 0.221852 0.728752
vt 0.089584 0.727731
vt 0.091025 0.727889
vt 0.108233 0.729301
vt 0.107150 0.729207
vt 0.134762 0.728640
vt 0.147267 0.726704
vt 0.148738 0.726761
vt 0.024302 0.713896
vt 0.087793 0.921503
vt 0.036714 0.919244
vt 0.204928 0.940487
vt 0.222451 0.939826
vt 0.089410 0.921603
vt 0.105920 0.946625
vt 0.104722 0.946214
vt 0.135876 0.947413
vt 0.148531 0.942979
vt 0.149971 0.942772
vt 0.024860 0.918915
vt 0.085873 0.862404
vt 0.036056 0.865372
vt 0.204332 0.880488
vt 0.221851 0.880812
vt 0.087408 0.862118
vt 0.108232 0.881361
vt 0.107149 0.881267
vt 0.134761 0.880700
vt 0.147266 0.878764
vt 0.148738 0.878821
vt 0.024302 0.865956
vt 0.087794 0.769442
vt 0.036715 0.767184
vt 0.204928 0.788426
vt 0.222451 0.787766
vt 0.089411 0.769543
vt 0.105920 0.794565
vt 0.104723 0.794154
vt 0.135877 0.795353
vt 0.148532 0.790918
vt 0.149971 0.790712
vt 0.024860 0.766854
vt 0.505222 0.010922
vt 0.493882 0.026827
vt 0.495710 0.009832
vt 0.483449 0.110616
vt 0.485960 0.100798
vt 0.490468 0.082649
vt 0.492699 0.073433
vt 0.488293 0.091482
vt 0.473428 0.068664
vt 0.477142 0.055608
vt 0.495827 0.060002
vt 0.386899 0.137203
vt 0.368850 0.137842
vt 0.380380 0.149928
vt 0.344136 0.030734
vt 0.360099 0.046355
vt 0.470132 0.127476
vt 0.459441 0.123793
vt 0.471220 0.126307
vt 0.459155 0.125148
vt 0.491638 0.045443
vt 0.480892 0.118459
vt 0.378942 0.167761
vt 0.380042 0.152440
vt 0.491820 0.042780
vt 0.515418 0.012243
vt 0.396335 0.185481
vt 0.386544 0.184793
vt 0.658554 0.357872
vt 0.498964 0.045406
vt 0.387189 0.151349
vt 0.376436 0.064486
vt 0.447939 0.161764
vt 0.390727 0.105738
vt 0.384865 0.109880
vt 0.387910 0.106084
vt 0.367576 0.065283
vt 0.618531 0.803628
vt 0.617180 0.803096
vt 0.616621 0.801813
vt 0.616635 0.792715
vt 0.616643 0.784811
vt 0.616646 0.776163
vt 0.616647 0.767875
vt 0.616647 0.759486
vt 0.616647 0.751029
vt 0.616647 0.738226
vt 0.616647 0.725438
vt 0.617204 0.724220
vt 0.618550 0.723715
vt 0.471009 0.077785
vt 0.464062 0.105460
vt 0.515209 0.760974
vt 0.515510 0.760373
vt 0.579851 0.801906
vt 0.579851 0.789118
vt 0.579851 0.776315
vt 0.579851 0.767857
vt 0.579850 0.759469
vt 0.579849 0.751181
vt 0.579845 0.742533
vt 0.579836 0.734629
vt 0.579820 0.725530
vt 0.580378 0.724247
vt 0.581732 0.723715
vt 0.581753 0.803629
vt 0.580408 0.803124
vt 0.377435 0.184018
vt 0.466403 0.900746
vt 0.442445 0.940585
vt 0.491272 0.044026
vt 0.379769 0.151175
vt 0.367687 0.066840
vt 0.379715 0.076792
vt 0.349879 0.084852
vt 0.793069 0.143836
vt 0.786067 0.145256
vt 0.785224 0.136587
vt 0.792281 0.135401
vt 0.965922 0.100871
vt 0.965348 0.077898
vt 0.965122 0.068862
vt 0.894608 0.231351
vt 0.894800 0.238358
vt 0.800293 0.017540
vt 0.801564 0.024397
vt 0.379720 0.078805
vt 0.381524 0.107240
vt 0.896394 0.231499
vt 0.896729 0.238298
vt 0.789651 0.060907
vt 0.782236 0.060506
vt 0.791736 0.043012
vt 0.645309 0.443691
vt 0.664001 0.450687
vt 0.460247 0.815873
vt 0.460334 0.815394
vt 0.372621 0.079521
vt 0.360080 0.082144
vt 0.359701 0.080951
vt 0.372630 0.078303
vt 0.519760 0.810110
vt 0.528809 0.802549
vt 0.450794 0.752489
vt 0.438517 0.752698
vt 0.391164 0.101311
vt 0.388758 0.093955
vt 0.390016 0.093871
vt 0.383136 0.083789
vt 0.384113 0.082730
vt 0.388528 0.088670
vt 0.387291 0.089258
vt 0.379483 0.079716
vt 0.378956 0.080958
vt 0.389739 0.100746
vt 0.386938 0.104347
vt 0.533937 0.778148
vt 0.525512 0.766133
vt 0.445516 0.812279
vt 0.446687 0.794833
vt 0.446132 0.811893
vt 0.447026 0.811161
vt 0.460490 0.814562
vt 0.447473 0.794893
vt 0.449462 0.775315
vt 0.466357 0.752781
vt 0.452899 0.754183
vt 0.436437 0.773619
vt 0.354083 0.082843
vt 0.359596 0.080607
vt 0.355118 0.090870
vt 0.357297 0.099358
vt 0.360597 0.108020
vt 0.366774 0.108027
vt 0.524274 0.782299
vt 0.520599 0.768466
vt 0.526558 0.781561
vt 0.522765 0.767423
vt 0.513598 0.806553
vt 0.521776 0.793599
vt 0.515626 0.807833
vt 0.523517 0.795375
vt 0.490283 0.817532
vt 0.504680 0.813460
vt 0.491552 0.819629
vt 0.505419 0.815735
vt 0.514695 0.761781
vt 0.501149 0.755356
vt 0.515867 0.759644
vt 0.502830 0.753408
vt 0.390472 0.093915
vt 0.389295 0.100581
vt 0.384461 0.082422
vt 0.388890 0.088375
vt 0.372732 0.077887
vt 0.379629 0.079284
vt 0.386700 0.103946
vt 0.381175 0.106934
vt 0.575436 0.337409
vt 0.581504 0.335910
vt 0.581408 0.336818
vt 0.575619 0.338286
vt 0.569206 0.337511
vt 0.569638 0.338308
vt 0.397716 0.342291
vt 0.403845 0.343093
vt 0.403750 0.343975
vt 0.397924 0.343164
vt 0.410025 0.342653
vt 0.409655 0.343473
vt 0.443354 0.648233
vt 0.443938 0.640830
vt 0.444997 0.640725
vt 0.444339 0.647798
vt 0.443041 0.633460
vt 0.444088 0.633720
vt 0.426613 0.846100
vt 0.429267 0.839171
vt 0.430270 0.839514
vt 0.427700 0.846115
vt 0.430303 0.831903
vt 0.431168 0.832516
vt 0.435740 0.340438
vt 0.436066 0.339612
vt 0.439136 0.597810
vt 0.435607 0.556704
vt 0.438093 0.597683
vt 0.434563 0.556795
vt 0.333971 0.335427
vt 0.368104 0.338734
vt 0.334056 0.334560
vt 0.368008 0.337866
vt 0.346266 0.578170
vt 0.378972 0.567666
vt 0.379240 0.568501
vt 0.346326 0.579053
vt 0.610860 0.328053
vt 0.643774 0.317501
vt 0.395299 0.917130
vt 0.412192 0.879633
vt 0.413233 0.879824
vt 0.396257 0.917562
vt 0.610800 0.327170
vt 0.440507 0.678966
vt 0.439519 0.679350
vt 0.438946 0.710543
vt 0.437940 0.710743
vt 0.462238 0.339208
vt 0.462406 0.338362
vt 0.432383 0.810540
vt 0.433711 0.793591
vt 0.431527 0.809960
vt 0.432846 0.793136
vt 0.534943 0.337302
vt 0.550707 0.337184
vt 0.534575 0.336467
vt 0.550285 0.336374
vt 0.434553 0.773121
vt 0.435466 0.773432
vt 0.516019 0.337659
vt 0.515795 0.336813
vt 0.437474 0.752676
vt 0.438259 0.732154
vt 0.436487 0.752577
vt 0.437250 0.732188
vt 0.480406 0.338582
vt 0.497765 0.338091
vt 0.480436 0.337731
vt 0.497685 0.337239
vt 0.124575 0.624282
vt 0.032060 0.613319
vt 0.061524 0.561017
vt 0.092860 0.561256
vt 0.279707 0.101423
vt 0.316132 0.099387
vt 0.316223 0.323672
vt 0.279754 0.321348
vt 0.033831 0.300359
vt 0.126636 0.307016
vt 0.098444 0.360343
vt 0.067091 0.362332
vt 0.092162 0.554467
vt 0.062080 0.554283
vt 0.067647 0.369080
vt 0.097761 0.367132
vt 0.021429 0.606817
vt 0.021207 0.307903
vt 0.060464 0.367422
vt 0.054943 0.555901
vt 0.324178 0.097592
vt 0.320000 0.098928
vt 0.319364 0.095995
vt 0.321655 0.093548
vt 0.316415 0.095520
vt 0.317481 0.091375
vt 0.324178 0.325538
vt 0.321710 0.329523
vt 0.319449 0.327089
vt 0.320102 0.324185
vt 0.317562 0.331678
vt 0.316511 0.327538
vt 0.271837 0.100333
vt 0.274167 0.096151
vt 0.276537 0.098399
vt 0.275878 0.101375
vt 0.278256 0.093488
vt 0.279503 0.097625
vt 0.271792 0.322375
vt 0.275931 0.321347
vt 0.276573 0.324357
vt 0.274171 0.326619
vt 0.279551 0.325155
vt 0.278286 0.329302
vt 0.099324 0.556582
vt 0.096399 0.559677
vt 0.094768 0.557501
vt 0.095555 0.554998
vt 0.092232 0.557758
vt 0.104918 0.364991
vt 0.101146 0.366593
vt 0.100361 0.364092
vt 0.101982 0.361909
vt 0.097827 0.363862
vt 0.058714 0.554495
vt 0.059591 0.557063
vt 0.057902 0.559187
vt 0.062186 0.557488
vt 0.063473 0.364155
vt 0.065150 0.366280
vt 0.064249 0.368857
vt 0.067754 0.365836
vt 0.145787 0.022073
vt 0.145787 0.250019
vt 0.141710 0.248666
vt 0.141608 0.023409
vt 0.026673 0.610112
vt 0.136965 0.617463
vt 0.130759 0.620990
vt 0.131876 0.309937
vt 0.136965 0.312925
vt 0.027430 0.304007
vt 0.609697 0.017691
vt 0.611477 0.025119
vt 0.604031 0.026395
vt 0.599274 0.022617
vt 0.610491 0.205865
vt 0.616784 0.201461
vt 0.633083 0.218164
vt 0.629307 0.223997
vt 0.935547 0.204831
vt 0.935547 0.204831
vt 0.943703 0.205530
vt 0.596750 0.027205
vt 0.602806 0.029824
vt 0.598756 0.059658
vt 0.591827 0.059021
vt 0.590147 0.112587
vt 0.597303 0.112474
vt 0.600579 0.165009
vt 0.593601 0.166642
vt 0.782057 0.107640
vt 0.774606 0.107230
vt 0.774985 0.060743
vt 0.782154 0.060367
vt 0.782204 0.068228
vt 0.782122 0.075916
vt 0.778505 0.027335
vt 0.772002 0.029981
vt 0.770972 0.026112
vt 0.775936 0.022305
vt 0.610905 0.163531
vt 0.607744 0.111811
vt 0.648050 0.231113
vt 0.650276 0.224499
vt 0.719677 0.224370
vt 0.700888 0.234279
vt 0.698908 0.227235
vt 0.716474 0.218034
vt 0.777172 0.153481
vt 0.770205 0.168854
vt 0.764601 0.164226
vt 0.770243 0.151423
vt 0.699031 0.234756
vt 0.697241 0.227495
vt 0.738465 0.214461
vt 0.734040 0.208833
vt 0.754312 0.187575
vt 0.759997 0.191378
vt 0.801802 0.135385
vt 0.792281 0.135401
vt 0.801802 0.135385
vt 0.712952 0.218393
vt 0.809760 0.168871
vt 0.809760 0.168871
vt 0.801403 0.168956
vt 0.746950 0.188088
vt 0.728662 0.209292
vt 0.953047 0.047710
vt 0.919075 0.046584
vt 0.919075 0.046584
vt 0.953047 0.047710
vt 0.625071 0.200297
vt 0.955337 0.099840
vt 0.924333 0.097029
vt 0.924333 0.097029
vt 0.955337 0.099840
vt 0.608913 0.060408
vt 0.611694 0.030056
vt 0.810361 0.188766
vt 0.817826 0.196465
vt 0.781862 0.109468
vt 0.779016 0.136182
vt 0.778094 0.144831
vt 0.953897 0.140683
vt 0.953897 0.140683
vt 0.763757 0.030001
vt 0.763939 0.025334
vt 0.764835 0.107209
vt 0.765566 0.061157
vt 0.851981 0.043550
vt 0.851981 0.043550
vt 0.761009 0.151928
vt 0.758333 0.178452
vt 0.803215 0.152510
vt 0.952869 0.156667
vt 0.952869 0.156667
vt 0.803215 0.152510
vt 0.638979 0.217522
vt 0.790017 0.111158
vt 0.799793 0.111063
vt 0.799793 0.111063
vt 0.790017 0.111158
vt 0.654153 0.224103
vt 0.669327 0.230684
vt 0.954389 0.060611
vt 0.964896 0.059825
vt 0.954389 0.060611
vt 0.669020 0.238358
vt 0.800656 0.043332
vt 0.800656 0.043332
vt 0.765812 0.017691
vt 0.666792 0.238228
vt 0.667469 0.230834
vt 0.963212 0.157263
vt 0.799442 0.093036
vt 0.799442 0.093036
vt 0.964331 0.141326
vt 0.791736 0.043012
vt 0.894608 0.231351
vt 0.896394 0.231499
vt 0.962973 0.047501
vt 0.962552 0.166657
vt 0.943661 0.187699
vt 0.953490 0.187150
vt 0.943661 0.187699
vt 0.946663 0.202589
vt 0.624565 0.397927
vt 0.624453 0.375379
vt 0.624817 0.375906
vt 0.624949 0.397985
vt 0.494637 0.904037
vt 0.393277 0.025246
vt 0.383546 0.039776
vt 0.391150 0.036871
vt 0.391326 0.036915
vt 0.383609 0.039918
vt 0.392513 0.024800
vt 0.393548 0.013158
vt 0.393925 0.013194
vt 0.392762 0.024908
vt 0.391414 0.036748
vt 0.391599 0.036621
vt 0.382830 0.038218
vt 0.383221 0.039058
vt 0.372065 0.042372
vt 0.371671 0.041545
vt 0.628809 0.434145
vt 0.629305 0.434901
vt 0.628117 0.435755
vt 0.627930 0.435229
vt 0.491344 0.155732
vt 0.484449 0.153013
vt 0.484508 0.152883
vt 0.491504 0.155694
vt 0.491582 0.155847
vt 0.624766 0.374729
vt 0.658922 0.358663
vt 0.624975 0.375296
vt 0.463097 0.149755
vt 0.462678 0.148864
vt 0.463168 0.148619
vt 0.463421 0.149577
vt 0.468342 0.904215
vt 0.474220 0.149910
vt 0.474301 0.149742
vt 0.466843 0.902449
vt 0.462754 0.147658
vt 0.462777 0.147570
vt 0.462918 0.147550
vt 0.462938 0.147593
vt 0.448396 0.162221
vt 0.448168 0.161994
vt 0.463057 0.147467
vt 0.360483 0.045635
vt 0.360396 0.045733
vt 0.360248 0.045647
vt 0.360268 0.045601
vt 0.646606 0.442668
vt 0.664500 0.449353
vt 0.664277 0.449944
vt 0.646256 0.443052
vt 0.360096 0.045628
vt 0.628712 0.435983
vt 0.628236 0.436161
vt 0.628105 0.435769
vt 0.539326 0.913431
vt 0.539543 0.913948
vt 0.627696 0.435548
vt 0.539996 0.914153
vt 0.625897 0.420528
vt 0.483782 0.154436
vt 0.484146 0.153669
vt 0.490112 0.156157
vt 0.489404 0.156829
vt 0.521474 0.909463
vt 0.494576 0.905109
vt 0.625747 0.376927
vt 0.625792 0.398121
vt 0.491540 0.155895
vt 0.649115 0.439713
vt 0.648218 0.441038
vt 0.631215 0.434653
vt 0.632448 0.433513
vt 0.394382 0.013237
vt 0.626196 0.420531
vt 0.494656 0.906601
vt 0.469338 0.903894
vt 0.494597 0.905575
vt 0.391369 0.036695
vt 0.626099 0.376129
vt 0.625031 0.375342
vt 0.443341 0.941123
vt 0.463139 0.147559
vt 0.372493 0.043262
vt 0.372407 0.043080
vt 0.647375 0.442051
vt 0.664779 0.448600
vt 0.360071 0.045533
vt 0.344376 0.030487
vt 0.344615 0.030242
vt 0.545592 0.937004
vt 0.546095 0.936631
vt 0.391478 0.036441
vt 0.629971 0.435502
vt 0.174650 0.623936
vt 0.168038 0.602828
vt 0.171267 0.600893
vt 0.177660 0.619811
vt 0.345292 0.810351
vt 0.363382 0.805248
vt 0.364683 0.808718
vt 0.346432 0.813834
vt 0.246298 0.552699
vt 0.245926 0.565822
vt 0.242283 0.567724
vt 0.242146 0.555816
vt 0.362235 0.956883
vt 0.349885 0.954572
vt 0.349693 0.953918
vt 0.361837 0.956184
vt 0.306930 0.945330
vt 0.309116 0.942551
vt 0.309848 0.942909
vt 0.307791 0.945753
vt 0.193312 0.544009
vt 0.210499 0.546731
vt 0.210072 0.549654
vt 0.194656 0.547430
vt 0.298469 0.836124
vt 0.294148 0.846267
vt 0.291122 0.845278
vt 0.295781 0.833848
vt 0.306236 0.944639
vt 0.308469 0.942024
vt 0.282373 0.865950
vt 0.285586 0.866714
vt 0.277843 0.884041
vt 0.274337 0.884217
vt 0.274224 0.885169
vt 0.277745 0.884850
vt 0.277837 0.885680
vt 0.274427 0.886128
vt 0.245991 0.613292
vt 0.245117 0.613768
vt 0.240955 0.610862
vt 0.241801 0.610303
vt 0.176203 0.624868
vt 0.175223 0.624690
vt 0.178265 0.620537
vt 0.179244 0.620801
vt 0.286698 0.917362
vt 0.289043 0.916086
vt 0.305252 0.946456
vt 0.303446 0.949290
vt 0.362671 0.951784
vt 0.362329 0.955008
vt 0.361490 0.955050
vt 0.361835 0.951749
vt 0.363075 0.956721
vt 0.362673 0.956041
vt 0.272133 0.885259
vt 0.272353 0.884561
vt 0.273074 0.884434
vt 0.272876 0.885260
vt 0.227789 0.549048
vt 0.245079 0.551366
vt 0.240998 0.554460
vt 0.225535 0.552057
vt 0.280725 0.865692
vt 0.281341 0.865793
vt 0.299038 0.835565
vt 0.296454 0.833102
vt 0.297351 0.832578
vt 0.299684 0.835057
vt 0.245998 0.551796
vt 0.241820 0.554952
vt 0.327501 0.948938
vt 0.328602 0.945826
vt 0.350458 0.949721
vt 0.349629 0.952877
vt 0.294533 0.832257
vt 0.294901 0.831573
vt 0.295459 0.832141
vt 0.294965 0.832900
vt 0.361610 0.818066
vt 0.361428 0.814952
vt 0.362316 0.814857
vt 0.362401 0.817944
vt 0.390261 0.035964
vt 0.390584 0.035415
vt 0.389802 0.036391
vt 0.490814 0.157053
vt 0.490526 0.156550
vt 0.463718 0.148550
vt 0.463753 0.149479
vt 0.449572 0.163382
vt 0.448919 0.162737
vt 0.361121 0.043577
vt 0.361092 0.044573
vt 0.360503 0.044505
vt 0.360764 0.043476
vt 0.359977 0.044249
vt 0.360414 0.043292
vt 0.631912 0.433029
vt 0.630514 0.434038
vt 0.629956 0.433284
vt 0.631475 0.432477
vt 0.535186 0.917600
vt 0.536337 0.915872
vt 0.537175 0.916634
vt 0.535794 0.918192
vt 0.537827 0.917550
vt 0.536310 0.918894
vt 0.473540 0.151325
vt 0.473904 0.150564
vt 0.521012 0.914271
vt 0.521210 0.912236
vt 0.491642 0.167194
vt 0.391636 0.024247
vt 0.392689 0.013079
vt 0.627060 0.420539
vt 0.345164 0.029686
vt 0.345849 0.028991
vt 0.544757 0.937854
vt 0.541741 0.939661
vt 0.543440 0.938744
vt 0.549053 0.959937
vt 0.547172 0.960429
vt 0.295634 0.831259
vt 0.296302 0.831705
vt 0.175093 0.541487
vt 0.176125 0.541287
vt 0.179240 0.545205
vt 0.178361 0.545396
vt 0.282178 0.919819
vt 0.264561 0.886380
vt 0.265128 0.886045
vt 0.282758 0.919504
vt 0.345933 0.822275
vt 0.345471 0.819368
vt 0.290559 0.915262
vt 0.293093 0.913884
vt 0.272367 0.885964
vt 0.273106 0.886101
vt 0.289561 0.915805
vt 0.314970 0.830770
vt 0.313433 0.828182
vt 0.329515 0.823785
vt 0.330256 0.826483
vt 0.289828 0.844141
vt 0.290276 0.844658
vt 0.326821 0.950461
vt 0.306422 0.947230
vt 0.306921 0.946694
vt 0.327071 0.949888
vt 0.160364 0.579586
vt 0.156196 0.567310
vt 0.160801 0.569198
vt 0.164478 0.580265
vt 0.305716 0.947035
vt 0.305538 0.945761
vt 0.306119 0.946411
vt 0.362265 0.812982
vt 0.363136 0.813061
vt 0.362753 0.813765
vt 0.361844 0.813710
vt 0.345662 0.817555
vt 0.345530 0.818203
vt 0.210582 0.618838
vt 0.210142 0.616100
vt 0.246299 0.612396
vt 0.242149 0.609424
vt 0.245961 0.590281
vt 0.242292 0.589457
vt 0.312347 0.826693
vt 0.329059 0.822128
vt 0.329215 0.822696
vt 0.312759 0.827200
vt 0.156236 0.566377
vt 0.160828 0.568366
vt 0.289553 0.826819
vt 0.290241 0.826216
vt 0.291940 0.828652
vt 0.291583 0.829172
vt 0.276727 0.865069
vt 0.268265 0.884641
vt 0.265026 0.884232
vt 0.273186 0.862743
vt 0.286993 0.840833
vt 0.283300 0.838763
vt 0.268190 0.885247
vt 0.265102 0.885132
vt 0.325169 0.954151
vt 0.351153 0.958785
vt 0.350855 0.962937
vt 0.325201 0.958383
vt 0.268309 0.885844
vt 0.303144 0.949928
vt 0.303580 0.950353
vt 0.302003 0.953009
vt 0.301252 0.952491
vt 0.309067 0.820539
vt 0.327202 0.815454
vt 0.328180 0.818950
vt 0.310342 0.823640
vt 0.364663 0.961316
vt 0.364379 0.965073
vt 0.290931 0.825624
vt 0.292504 0.828329
vt 0.304130 0.950618
vt 0.302717 0.953563
vt 0.365326 0.965274
vt 0.365625 0.961341
vt 0.364399 0.804964
vt 0.365625 0.808646
vt 0.378458 0.764692
vt 0.369786 0.778247
vt 0.356885 0.767955
vt 0.364421 0.759989
vt 0.337145 0.708243
vt 0.346313 0.712715
vt 0.344246 0.726205
vt 0.332716 0.728095
vt 0.347588 0.727399
vt 0.346522 0.725972
vt 0.353916 0.723432
vt 0.354332 0.724663
vt 0.363700 0.757579
vt 0.355158 0.766310
vt 0.344114 0.748828
vt 0.355031 0.742281
vt 0.365835 0.758635
vt 0.377459 0.762553
vt 0.378241 0.764101
vt 0.364761 0.759677
vt 0.372685 0.684868
vt 0.360394 0.698507
vt 0.351034 0.691063
vt 0.362686 0.676096
vt 0.373142 0.687217
vt 0.374783 0.685361
vt 0.379605 0.691166
vt 0.378068 0.692416
vt 0.392718 0.711848
vt 0.392521 0.713678
vt 0.380617 0.713171
vt 0.380490 0.711320
vt 0.372924 0.686824
vt 0.361450 0.699479
vt 0.360859 0.698937
vt 0.372817 0.685458
vt 0.337792 0.706782
vt 0.347691 0.711772
vt 0.346461 0.712452
vt 0.337291 0.707889
vt 0.346476 0.725614
vt 0.348341 0.713864
vt 0.355386 0.717509
vt 0.353872 0.723136
vt 0.377454 0.762145
vt 0.366151 0.758316
vt 0.372562 0.753045
vt 0.379590 0.755444
vt 0.364783 0.755667
vt 0.356710 0.741260
vt 0.361763 0.738215
vt 0.370996 0.751320
vt 0.347111 0.727548
vt 0.356217 0.741560
vt 0.355552 0.741964
vt 0.345916 0.727498
vt 0.349899 0.712290
vt 0.361888 0.699884
vt 0.366100 0.703763
vt 0.356117 0.716065
vt 0.333050 0.729868
vt 0.332842 0.728518
vt 0.344351 0.726522
vt 0.345393 0.727485
vt 0.393668 0.677915
vt 0.393603 0.675265
vt 0.403084 0.674722
vt 0.403208 0.677270
vt 0.364423 0.756017
vt 0.365514 0.758329
vt 0.364429 0.759393
vt 0.363944 0.757087
vt 0.349462 0.712074
vt 0.348183 0.713318
vt 0.346843 0.712609
vt 0.348231 0.711903
vt 0.347971 0.713710
vt 0.346054 0.725723
vt 0.344661 0.726073
vt 0.346660 0.713006
vt 0.393850 0.710100
vt 0.394405 0.693986
vt 0.402196 0.694007
vt 0.403211 0.710823
vt 0.392691 0.675710
vt 0.392703 0.675498
vt 0.392874 0.675524
vt 0.392893 0.675699
vt 0.392732 0.675277
vt 0.392946 0.675358
vt 0.393100 0.675661
vt 0.393035 0.675443
vt 0.392710 0.713714
vt 0.392663 0.713861
vt 0.392512 0.713881
vt 0.392903 0.713802
vt 0.392761 0.713996
vt 0.392545 0.714101
vt 0.377610 0.762175
vt 0.377633 0.762344
vt 0.377458 0.762345
vt 0.374699 0.685187
vt 0.374851 0.685103
vt 0.374915 0.685265
vt 0.374601 0.685020
vt 0.374821 0.684888
vt 0.377717 0.762540
vt 0.348514 0.713537
vt 0.348406 0.713690
vt 0.348219 0.713590
vt 0.348334 0.713437
vt 0.348158 0.713771
vt 0.348014 0.713480
vt 0.380596 0.713378
vt 0.380434 0.713351
vt 0.380401 0.713197
vt 0.380505 0.713582
vt 0.380299 0.713466
vt 0.380181 0.713266
vt 0.380500 0.674797
vt 0.380284 0.674758
vt 0.380327 0.674603
vt 0.380495 0.674587
vt 0.380062 0.674677
vt 0.380195 0.674476
vt 0.380419 0.674368
vt 0.346326 0.726047
vt 0.346259 0.725880
vt 0.346479 0.725800
vt 0.346150 0.726140
vt 0.346032 0.725949
vt 0.346265 0.725680
vt 0.365853 0.758085
vt 0.365986 0.758214
vt 0.365801 0.758369
vt 0.365687 0.758222
vt 0.365982 0.758468
vt 0.365620 0.758534
vt 0.346687 0.712764
vt 0.346501 0.712658
vt 0.346656 0.712523
vt 0.346474 0.712866
vt 0.346364 0.712573
vt 0.374294 0.683232
vt 0.374228 0.682987
vt 0.374442 0.682799
vt 0.374522 0.683077
vt 0.374167 0.682741
vt 0.374316 0.682590
vt 0.378344 0.764391
vt 0.378699 0.764458
vt 0.378706 0.764798
vt 0.378555 0.764111
vt 0.344736 0.726489
vt 0.344548 0.726516
vt 0.344427 0.726349
vt 0.344623 0.726307
vt 0.344269 0.726376
vt 0.344453 0.726123
vt 0.364532 0.759590
vt 0.364392 0.759745
vt 0.364308 0.759548
vt 0.364609 0.759842
vt 0.364282 0.759873
vt 0.364199 0.759722
vt 0.393561 0.711899
vt 0.393745 0.711840
vt 0.393775 0.711969
vt 0.393676 0.712073
vt 0.393919 0.711829
vt 0.393904 0.711997
vt 0.393851 0.712170
vt 0.393556 0.674912
vt 0.393586 0.675089
vt 0.393437 0.675110
vt 0.393373 0.674972
vt 0.393420 0.675263
vt 0.393222 0.675237
vt 0.393288 0.675040
vt 0.403505 0.712591
vt 0.403382 0.712766
vt 0.403262 0.712660
vt 0.403296 0.712526
vt 0.403189 0.712850
vt 0.403116 0.712675
vt 0.403103 0.712502
vt 0.403494 0.674640
vt 0.403281 0.674702
vt 0.403249 0.674565
vt 0.403374 0.674459
vt 0.403100 0.674546
vt 0.403178 0.674368
vt 0.393188 0.711865
vt 0.392950 0.711851
vt 0.393188 0.678580
vt 0.392413 0.695116
vt 0.392123 0.695116
vt 0.392949 0.678583
vt 0.391831 0.695116
vt 0.392713 0.678578
vt 0.347962 0.711833
vt 0.360627 0.698723
vt 0.372749 0.685165
vt 0.364062 0.674540
vt 0.364222 0.674368
vt 0.370013 0.778416
vt 0.337219 0.708062
vt 0.380241 0.711322
vt 0.379988 0.711335
vt 0.380249 0.677547
vt 0.381052 0.694447
vt 0.380757 0.694449
vt 0.379999 0.677543
vt 0.380462 0.694451
vt 0.379746 0.677531
vt 0.345655 0.727495
vt 0.355293 0.742122
vt 0.363820 0.757330
vt 0.356767 0.767789
vt 0.356621 0.767639
vt 0.332794 0.728299
vt 0.379723 0.755486
vt 0.379723 0.691068
vt 0.349681 0.712180
vt 0.361669 0.699682
vt 0.373032 0.687022
vt 0.347349 0.727476
vt 0.356463 0.741409
vt 0.364601 0.755841
vt 0.393623 0.710097
vt 0.393392 0.710100
vt 0.394124 0.693989
vt 0.393438 0.677927
vt 0.393843 0.693992
vt 0.393210 0.677933
vt 0.403699 0.710820
vt 0.403455 0.710818
vt 0.403699 0.677275
vt 0.402784 0.694004
vt 0.402490 0.694006
vt 0.403454 0.677275
vt 0.372319 0.752839
vt 0.372430 0.752950
vt 0.353882 0.723288
vt 0.355459 0.717370
vt 0.355529 0.717235
vt 0.627286 0.376983
vt 0.626910 0.377828
vt 0.626334 0.377453
vt 0.626719 0.376578
vt 0.627793 0.376210
vt 0.627271 0.375786
vt 0.470264 0.905396
vt 0.469209 0.905740
vt 0.468798 0.905011
vt 0.469890 0.904661
vt 0.468222 0.906249
vt 0.467784 0.905571
vt 0.629943 0.434452
vt 0.629387 0.433626
vt 0.630689 0.435101
vt 0.536816 0.915230
vt 0.537740 0.915998
vt 0.538428 0.916972
vt 0.628209 0.420540
vt 0.627630 0.420540
vt 0.494744 0.907970
vt 0.494699 0.907278
vt 0.521280 0.911541
vt 0.626917 0.398312
vt 0.626349 0.398214
vt 0.446077 0.942780
vt 0.445445 0.942398
vt 0.660054 0.361079
vt 0.659793 0.360521
vt 0.665221 0.447423
vt 0.665000 0.448011
vt 0.647845 0.441556
vt 0.544106 0.938358
vt 0.240952 0.555760
vt 0.240230 0.555363
vt 0.240489 0.554883
vt 0.241317 0.555384
vt 0.241241 0.556482
vt 0.241705 0.556233
vt 0.179659 0.546317
vt 0.178773 0.546412
vt 0.178669 0.545902
vt 0.179584 0.545771
vt 0.161814 0.568669
vt 0.161857 0.569471
vt 0.161345 0.569420
vt 0.161346 0.568577
vt 0.307392 0.946244
vt 0.306512 0.945850
vt 0.305837 0.945132
vt 0.273561 0.885236
vt 0.273708 0.884284
vt 0.273796 0.886193
vt 0.178367 0.619055
vt 0.178925 0.619584
vt 0.178634 0.620020
vt 0.177975 0.619333
vt 0.179777 0.619732
vt 0.179648 0.620260
vt 0.240116 0.610013
vt 0.240878 0.609605
vt 0.241290 0.609928
vt 0.240403 0.610475
vt 0.241242 0.608928
vt 0.241700 0.609069
vt 0.362418 0.955512
vt 0.361564 0.955614
vt 0.361526 0.814349
vt 0.362464 0.814324
vt 0.295328 0.833439
vt 0.295968 0.832638
vt 0.296916 0.832110
vt 0.349586 0.953401
vt 0.281845 0.865858
vt 0.290655 0.845029
vt 0.194788 0.548507
vt 0.194790 0.547969
vt 0.225073 0.553030
vt 0.209917 0.550696
vt 0.209996 0.550168
vt 0.225242 0.552525
vt 0.327290 0.949431
vt 0.241381 0.568086
vt 0.241854 0.567956
vt 0.286138 0.917667
vt 0.290060 0.915533
vt 0.165442 0.580321
vt 0.164955 0.580348
vt 0.241398 0.589435
vt 0.241862 0.589396
vt 0.172111 0.600591
vt 0.171657 0.600700
vt 0.209976 0.615071
vt 0.210061 0.615597
vt 0.329365 0.823240
vt 0.345446 0.818794
vt 0.313140 0.827675
vt 0.210679 0.619441
vt 0.175845 0.625486
vt 0.245651 0.614243
vt 0.246448 0.590410
vt 0.246796 0.612798
vt 0.264535 0.883914
vt 0.272741 0.862417
vt 0.174306 0.624474
vt 0.167617 0.603103
vt 0.325233 0.958932
vt 0.302719 0.954147
vt 0.159845 0.579550
vt 0.350720 0.963453
vt 0.246412 0.565630
vt 0.282801 0.838581
vt 0.155628 0.567112
vt 0.364184 0.965577
vt 0.246796 0.552344
vt 0.289074 0.826554
vt 0.210588 0.546127
vt 0.228103 0.548517
vt 0.308945 0.819907
vt 0.327026 0.814825
vt 0.175723 0.540679
vt 0.193155 0.543403
vt 0.345011 0.809779
vt 0.362996 0.804732
vt 0.246499 0.613703
vt 0.264412 0.885118
vt 0.174870 0.625240
vt 0.301641 0.953597
vt 0.300663 0.952786
vt 0.155672 0.566168
vt 0.365153 0.965810
vt 0.174658 0.540942
vt 0.364076 0.804435
vt 0.246507 0.551421
vt 0.289879 0.825720
vt 0.245618 0.550907
vt 0.290864 0.824989
vt 0.269009 0.885937
vt 0.268775 0.885233
vt 0.310720 0.824177
vt 0.328351 0.819574
vt 0.350940 0.958059
vt 0.325443 0.953529
vt 0.346325 0.814527
vt 0.364300 0.809480
vt 0.287472 0.841383
vt 0.291987 0.829744
vt 0.304608 0.950107
vt 0.303911 0.949869
vt 0.365257 0.809520
vt 0.277397 0.865177
vt 0.292373 0.829092
vt 0.293088 0.828781
vt 0.268954 0.884519
vt 0.365251 0.960443
vt 0.364280 0.960566
vt 0.387019 0.225509
vt 0.378740 0.218630
vt 0.386393 0.218102
vt 0.480404 0.220379
vt 0.471891 0.211953
vt 0.481068 0.212982
vt 0.395379 0.217182
vt 0.396700 0.225361
vt 0.564812 0.224997
vt 0.559841 0.217630
vt 0.567126 0.216554
vt 0.481434 0.261301
vt 0.491185 0.254324
vt 0.491832 0.263603
vt 0.560446 0.247830
vt 0.565743 0.241134
vt 0.565351 0.248378
vt 0.395953 0.248758
vt 0.386123 0.242080
vt 0.394997 0.241457
vt 0.479351 0.243446
vt 0.469642 0.235499
vt 0.479525 0.235922
vt 0.385943 0.250288
vt 0.378335 0.242309
vt 0.460609 0.243885
vt 0.469830 0.243348
vt 0.451818 0.235968
vt 0.459527 0.235866
vt 0.451771 0.244190
vt 0.443451 0.235455
vt 0.442760 0.243927
vt 0.433827 0.237024
vt 0.434005 0.243811
vt 0.424639 0.237104
vt 0.424638 0.246098
vt 0.415173 0.237633
vt 0.406759 0.246706
vt 0.416630 0.246452
vt 0.470119 0.220428
vt 0.462838 0.210462
vt 0.461475 0.219680
vt 0.452555 0.212118
vt 0.443355 0.219390
vt 0.452431 0.219268
vt 0.433312 0.210845
vt 0.442336 0.210060
vt 0.433921 0.220286
vt 0.424260 0.211206
vt 0.424364 0.220711
vt 0.414314 0.214070
vt 0.413854 0.222496
vt 0.405262 0.213862
vt 0.405318 0.222473
vt 0.405522 0.239024
vt 0.549371 0.247635
vt 0.558667 0.239498
vt 0.539253 0.240682
vt 0.548825 0.238641
vt 0.529303 0.247172
vt 0.539152 0.247803
vt 0.519762 0.247108
vt 0.529063 0.238007
vt 0.509806 0.244665
vt 0.519447 0.237946
vt 0.499951 0.238022
vt 0.509753 0.237787
vt 0.489944 0.245366
vt 0.500182 0.247065
vt 0.559615 0.224945
vt 0.550697 0.217167
vt 0.540848 0.222326
vt 0.549624 0.225681
vt 0.530806 0.215114
vt 0.541633 0.215520
vt 0.530231 0.222744
vt 0.521603 0.214039
vt 0.519335 0.222176
vt 0.511100 0.214425
vt 0.500436 0.221124
vt 0.510478 0.221565
vt 0.490307 0.213592
vt 0.500808 0.211675
vt 0.490146 0.220941
vt 0.425224 0.261065
vt 0.415731 0.254497
vt 0.424451 0.254295
vt 0.416378 0.261756
vt 0.405449 0.255798
vt 0.406014 0.262900
vt 0.396471 0.256356
vt 0.558883 0.256325
vt 0.548736 0.263197
vt 0.558185 0.263820
vt 0.538910 0.255590
vt 0.549004 0.255605
vt 0.539269 0.263207
vt 0.530092 0.264119
vt 0.519785 0.255844
vt 0.528237 0.256152
vt 0.519590 0.262942
vt 0.509759 0.253200
vt 0.510330 0.262389
vt 0.501130 0.263014
vt 0.500549 0.253924
vt 0.480419 0.252603
vt 0.488840 0.236230
vt 0.434014 0.259537
vt 0.432864 0.251625
vt 0.442634 0.251381
vt 0.442999 0.258832
vt 0.451908 0.258593
vt 0.451823 0.251401
vt 0.461001 0.251276
vt 0.462079 0.260475
vt 0.470931 0.259568
vt 0.470012 0.250579
vt 0.388503 0.264558
vt 0.379258 0.260159
vt 0.386816 0.256429
vt 0.378817 0.251155
vt 0.397180 0.263575
vt 0.564122 0.256954
vt 0.565318 0.266202
vt 0.479899 0.227894
vt 0.489691 0.228612
vt 0.500342 0.230784
vt 0.510297 0.228534
vt 0.519027 0.228960
vt 0.529550 0.230542
vt 0.539674 0.231493
vt 0.549212 0.232064
vt 0.559606 0.232444
vt 0.395628 0.232892
vt 0.404355 0.230541
vt 0.414429 0.229942
vt 0.425139 0.228141
vt 0.434466 0.228008
vt 0.444508 0.227623
vt 0.452266 0.227546
vt 0.460575 0.228153
vt 0.469615 0.226716
vt 0.566983 0.233921
vt 0.385771 0.234760
vt 0.378072 0.235044
vt 0.377795 0.227742
vt 0.380430 0.268588
vt 0.261271 0.516303
vt 0.261821 0.515119
vt 0.261822 0.458161
vt 0.261822 0.401172
vt 0.261271 0.399988
vt 0.260096 0.399476
vt 0.230523 0.399696
vt 0.197033 0.399842
vt 0.179195 0.399855
vt 0.178033 0.400366
vt 0.177552 0.401575
vt 0.177533 0.458161
vt 0.177605 0.514729
vt 0.178087 0.515938
vt 0.179250 0.516449
vt 0.197033 0.516459
vt 0.230522 0.516578
vt 0.260095 0.516814
vt 0.122839 0.141109
vt 0.034924 0.140857
vt 0.040409 0.133895
vt 0.117373 0.135902
vt 0.034492 0.128095
vt 0.123421 0.128095
vt 0.121870 0.089340
vt 0.032942 0.089340
vt 0.032942 0.083376
vt 0.121870 0.083376
vt 0.245513 0.165737
vt 0.256941 0.172882
vt 0.242876 0.169345
vt 0.247477 0.162944
vt 0.242519 0.164945
vt 0.244514 0.163240
vt 0.254789 0.151331
vt 0.238830 0.183339
vt 0.228972 0.164792
vt 0.242221 0.161963
vt 0.245000 0.160595
vt 0.256941 0.193795
vt 0.234967 0.144663
vt 0.241700 0.157580
vt 0.211813 0.114337
vt 0.208986 0.129419
vt 0.208097 0.111921
vt 0.216263 0.121176
vt 0.211813 0.109505
vt 0.215079 0.111921
vt 0.235433 0.126750
vt 0.194862 0.111920
vt 0.208986 0.094422
vt 0.216263 0.102666
vt 0.226825 0.111921
vt 0.185657 0.124542
vt 0.185658 0.099298
vt 0.235433 0.097091
vt 0.212112 0.040513
vt 0.213410 0.035660
vt 0.217605 0.042837
vt 0.210433 0.035838
vt 0.211960 0.057357
vt 0.207190 0.042732
vt 0.210709 0.020393
vt 0.223392 0.029984
vt 0.237409 0.048166
vt 0.195290 0.045622
vt 0.200758 0.032078
vt 0.188327 0.052043
vt 0.237409 0.022229
vt 0.185657 0.028850
vt 0.210709 0.094372
vt 0.213410 0.079105
vt 0.223392 0.084781
vt 0.210433 0.078927
vt 0.237409 0.092536
vt 0.185657 0.085915
vt 0.200758 0.082687
vt 0.212113 0.074252
vt 0.217605 0.071928
vt 0.237409 0.066599
vt 0.195290 0.069143
vt 0.207190 0.072033
vt 0.188327 0.062721
vt 0.211960 0.057408
vt 0.263762 0.020393
vt 0.289211 0.029584
vt 0.269407 0.034914
vt 0.240129 0.025707
vt 0.247092 0.032128
vt 0.263915 0.037237
vt 0.258992 0.035018
vt 0.237459 0.048901
vt 0.275194 0.047767
vt 0.265212 0.042091
vt 0.262235 0.041913
vt 0.252560 0.045673
vt 0.289211 0.055522
vt 0.262511 0.057357
vt 0.503364 0.810954
vt 0.511584 0.804719
vt 0.519131 0.792523
vt 0.521278 0.782313
vt 0.512956 0.763986
vt 0.500371 0.758078
vt 0.489937 0.814757
vt 0.518264 0.769751
vt 0.452381 0.775855
vt 0.450224 0.795142
vt 0.449244 0.808956
vt 0.461023 0.811983
vt 0.466409 0.755235
vt 0.455049 0.756658
vt 0.390661 0.023994
vt 0.391708 0.012987
vt 0.469427 0.908039
vt 0.447823 0.943834
vt 0.494880 0.910042
vt 0.471123 0.907386
vt 0.628480 0.378714
vt 0.628616 0.398601
vt 0.389031 0.035647
vt 0.629905 0.420547
vt 0.389359 0.035345
vt 0.389614 0.035002
vt 0.489929 0.157421
vt 0.489700 0.157106
vt 0.470245 0.907666
vt 0.660774 0.362621
vt 0.629167 0.377368
vt 0.628788 0.378012
vt 0.490754 0.167414
vt 0.122839 0.141109
vt 0.034924 0.140857
vt 0.040409 0.133895
vt 0.117373 0.135902
vt 0.034492 0.128095
vt 0.123421 0.128095
vt 0.121870 0.089340
vt 0.032942 0.089340
vt 0.032942 0.083376
vt 0.121870 0.083376
vt 0.245513 0.165737
vt 0.256941 0.172882
vt 0.242876 0.169345
vt 0.247477 0.162944
vt 0.242519 0.164945
vt 0.244514 0.163240
vt 0.254789 0.151331
vt 0.238830 0.183339
vt 0.228972 0.164792
vt 0.242221 0.161963
vt 0.245000 0.160595
vt 0.256941 0.193795
vt 0.234967 0.144663
vt 0.241700 0.157580
vt 0.211813 0.114337
vt 0.208986 0.129419
vt 0.208097 0.111921
vt 0.216263 0.121176
vt 0.211813 0.109505
vt 0.215079 0.111921
vt 0.235433 0.126750
vt 0.194862 0.111920
vt 0.208986 0.094422
vt 0.216263 0.102666
vt 0.226825 0.111921
vt 0.185657 0.124542
vt 0.185658 0.099298
vt 0.235433 0.097091
vt 0.212112 0.040513
vt 0.213410 0.035660
vt 0.217605 0.042837
vt 0.210433 0.035838
vt 0.211960 0.057357
vt 0.207190 0.042732
vt 0.210709 0.020393
vt 0.223392 0.029984
vt 0.237409 0.048166
vt 0.195290 0.045622
vt 0.200758 0.032078
vt 0.188327 0.052043
vt 0.237409 0.022229
vt 0.185657 0.028850
vt 0.210709 0.094372
vt 0.213410 0.079105
vt 0.223392 0.084781
vt 0.210433 0.078927
vt 0.237409 0.092536
vt 0.185657 0.085915
vt 0.200758 0.082687
vt 0.212113 0.074252
vt 0.217605 0.071928
vt 0.237409 0.066599
vt 0.195290 0.069143
vt 0.207190 0.072033
vt 0.188327 0.062721
vt 0.211960 0.057408
vt 0.263762 0.020393
vt 0.289211 0.029584
vt 0.269407 0.034914
vt 0.240129 0.025707
vt 0.247092 0.032128
vt 0.263915 0.037237
vt 0.258992 0.035018
vt 0.237459 0.048901
vt 0.275194 0.047767
vt 0.265212 0.042091
vt 0.262235 0.041913
vt 0.252560 0.045673
vt 0.289211 0.055522
vt 0.262511 0.057357
vt 0.122839 0.141109
vt 0.034924 0.140857
vt 0.040409 0.133895
vt 0.117373 0.135902
vt 0.034492 0.128095
vt 0.123421 0.128095
vt 0.121870 0.089340
vt 0.032942 0.089340
vt 0.032942 0.083376
vt 0.121870 0.083376
vt 0.245513 0.165737
vt 0.256941 0.172882
vt 0.242876 0.169345
vt 0.247477 0.162944
vt 0.242519 0.164945
vt 0.244514 0.163240
vt 0.254789 0.151331
vt 0.238830 0.183339
vt 0.228972 0.164792
vt 0.242221 0.161963
vt 0.245000 0.160595
vt 0.256941 0.193795
vt 0.234967 0.144663
vt 0.241700 0.157580
vt 0.211813 0.114337
vt 0.208986 0.129419
vt 0.208097 0.111921
vt 0.216263 0.121176
vt 0.211813 0.109505
vt 0.215079 0.111921
vt 0.235433 0.126750
vt 0.194862 0.111920
vt 0.208986 0.094422
vt 0.216263 0.102666
vt 0.226825 0.111921
vt 0.185657 0.124542
vt 0.185658 0.099298
vt 0.235433 0.097091
vt 0.212112 0.040513
vt 0.213410 0.035660
vt 0.217605 0.042837
vt 0.210433 0.035838
vt 0.211960 0.057357
vt 0.207190 0.042732
vt 0.210709 0.020393
vt 0.223392 0.029984
vt 0.237409 0.048166
vt 0.195290 0.045622
vt 0.200758 0.032078
vt 0.188327 0.052043
vt 0.237409 0.022229
vt 0.185657 0.028850
vt 0.210709 0.094372
vt 0.213410 0.079105
vt 0.223392 0.084781
vt 0.210433 0.078927
vt 0.237409 0.092536
vt 0.185657 0.085915
vt 0.200758 0.082687
vt 0.212113 0.074252
vt 0.217605 0.071928
vt 0.237409 0.066599
vt 0.195290 0.069143
vt 0.207190 0.072033
vt 0.188327 0.062721
vt 0.211960 0.057408
vt 0.263762 0.020393
vt 0.289211 0.029584
vt 0.269407 0.034914
vt 0.240129 0.025707
vt 0.247092 0.032128
vt 0.263915 0.037237
vt 0.258992 0.035018
vt 0.237459 0.048901
vt 0.275194 0.047767
vt 0.265212 0.042091
vt 0.262235 0.041913
vt 0.252560 0.045673
vt 0.289211 0.055522
vt 0.262511 0.057357
vt 0.122839 0.141109
vt 0.034924 0.140857
vt 0.040409 0.133895
vt 0.117373 0.135902
vt 0.034492 0.128095
vt 0.123421 0.128095
vt 0.121870 0.089340
vt 0.032942 0.089340
vt 0.032942 0.083376
vt 0.121870 0.083376
vt 0.245513 0.165737
vt 0.256941 0.172882
vt 0.242876 0.169345
vt 0.247477 0.162944
vt 0.242519 0.164945
vt 0.244514 0.163240
vt 0.254789 0.151331
vt 0.238830 0.183339
vt 0.228972 0.164792
vt 0.242221 0.161963
vt 0.245000 0.160595
vt 0.256941 0.193795
vt 0.234967 0.144663
vt 0.241700 0.157580
vt 0.211813 0.114337
vt 0.208986 0.129419
vt 0.208097 0.111921
vt 0.216263 0.121176
vt 0.211813 0.109505
vt 0.215079 0.111921
vt 0.235433 0.126750
vt 0.194862 0.111920
vt 0.208986 0.094422
vt 0.216263 0.102666
vt 0.226825 0.111921
vt 0.185657 0.124542
vt 0.185658 0.099298
vt 0.235433 0.097091
vt 0.212112 0.040513
vt 0.213410 0.035660
vt 0.217605 0.042837
vt 0.210433 0.035838
vt 0.211960 0.057357
vt 0.207190 0.042732
vt 0.210709 0.020393
vt 0.223392 0.029984
vt 0.237409 0.048166
vt 0.195290 0.045622
vt 0.200758 0.032078
vt 0.188327 0.052043
vt 0.237409 0.022229
vt 0.185657 0.028850
vt 0.210709 0.094372
vt 0.213410 0.079105
vt 0.223392 0.084781
vt 0.210433 0.078927
vt 0.237409 0.092536
vt 0.185657 0.085915
vt 0.200758 0.082687
vt 0.212113 0.074252
vt 0.217605 0.071928
vt 0.237409 0.066599
vt 0.195290 0.069143
vt 0.207190 0.072033
vt 0.188327 0.062721
vt 0.211960 0.057408
vt 0.263762 0.020393
vt 0.289211 0.029584
vt 0.269407 0.034914
vt 0.240129 0.025707
vt 0.247092 0.032128
vt 0.263915 0.037237
vt 0.258992 0.035018
vt 0.237459 0.048901
vt 0.275194 0.047767
vt 0.265212 0.042091
vt 0.262235 0.041913
vt 0.252560 0.045673
vt 0.289211 0.055522
vt 0.262511 0.057357
vt 0.122839 0.141109
vt 0.034924 0.140857
vt 0.040409 0.133895
vt 0.117373 0.135902
vt 0.034492 0.128095
vt 0.123421 0.128095
vt 0.121870 0.089340
vt 0.032942 0.089340
vt 0.032942 0.083376
vt 0.121870 0.083376
vt 0.122839 0.141109
vt 0.034924 0.140857
vt 0.040409 0.133895
vt 0.117373 0.135902
vt 0.034492 0.128095
vt 0.123421 0.128095
vt 0.121870 0.089340
vt 0.032942 0.089340
vt 0.032942 0.083376
vt 0.121870 0.083376
vt 0.122839 0.141109
vt 0.034924 0.140857
vt 0.040409 0.133895
vt 0.117373 0.135902
vt 0.034492 0.128095
vt 0.123421 0.128095
vt 0.121870 0.089340
vt 0.032942 0.089340
vt 0.032942 0.083376
vt 0.121870 0.083376
vt 0.122839 0.141109
vt 0.034924 0.140857
vt 0.040409 0.133895
vt 0.117373 0.135902
vt 0.034492 0.128095
vt 0.123421 0.128095
vt 0.121870 0.089340
vt 0.032942 0.089340
vt 0.032942 0.083376
vt 0.121870 0.083376
vt 0.492469 0.177336
vt 0.491578 0.177407
vt 0.493249 0.177274
vt 0.665783 0.445914
vt 0.493592 0.177245
vt 0.549785 0.959744
vt 0.550519 0.959550
vt 0.551458 0.959306
vt 0.552194 0.959109
vt 0.553119 0.958868
vt 0.433419 0.009671
vt 0.443236 0.008471
vt 0.631214 0.954753
vt 0.661344 0.953909
vt 0.884686 0.628536
vt 0.903949 0.624284
vt 0.884864 0.625950
vt 0.937469 0.590237
vt 0.955297 0.585897
vt 0.955297 0.585897
vt 0.937469 0.590237
vt 0.883747 0.626054
vt 0.884686 0.628536
vt 0.883747 0.626054
vt 0.876305 0.593162
vt 0.924683 0.646016
vt 0.924683 0.646016
vt 0.934670 0.586305
vt 0.952590 0.581559
vt 0.888437 0.689909
vt 0.892516 0.705032
vt 0.892516 0.705032
vt 0.888437 0.689909
vt 0.886795 0.650354
vt 0.886795 0.650354
vt 0.906546 0.648177
vt 0.879565 0.738773
vt 0.880466 0.755358
vt 0.880466 0.755358
vt 0.879565 0.738773
vt 0.897726 0.754807
vt 0.900669 0.733593
vt 0.900669 0.733593
vt 0.897726 0.754807
vt 0.847055 0.717628
vt 0.853354 0.721693
vt 0.853354 0.721693
vt 0.847055 0.717628
vt 0.931869 0.667809
vt 0.930143 0.662574
vt 0.930143 0.662574
vt 0.913081 0.663383
vt 0.913081 0.663383
vt 0.928639 0.681699
vt 0.935714 0.680565
vt 0.928639 0.681699
vt 0.908280 0.708586
vt 0.922336 0.708803
vt 0.922336 0.708803
vt 0.908280 0.708586
vt 0.888437 0.689909
vt 0.892516 0.705032
vt 0.928639 0.681699
vt 0.928639 0.681699
vt 0.922542 0.682700
vt 0.922542 0.682700
vt 0.884686 0.628536
vt 0.862253 0.642390
vt 0.868640 0.658926
vt 0.868680 0.659027
vt 0.862253 0.642390
vt 0.818335 0.651034
vt 0.818226 0.653000
vt 0.818226 0.653000
vt 0.818335 0.651034
vt 0.854681 0.623868
vt 0.854681 0.623868
vt 0.818268 0.651347
vt 0.818298 0.651412
vt 0.818298 0.651412
vt 0.818268 0.651347
vt 0.913081 0.663383
vt 0.930143 0.662574
vt 0.903949 0.624284
vt 0.888436 0.689895
vt 0.888436 0.689895
vt 0.887084 0.670903
vt 0.938247 0.615598
vt 0.902754 0.620357
vt 0.902754 0.620357
vt 0.884864 0.625950
vt 0.903949 0.624284
vt 0.902754 0.620357
vt 0.876305 0.593162
vt 0.868430 0.593799
vt 0.818737 0.651001
vt 0.818650 0.651008
vt 0.818650 0.651008
vt 0.818737 0.651001
vt 0.818819 0.651363
vt 0.818819 0.651363
vt 0.922524 0.586691
vt 0.923566 0.590901
vt 0.812905 0.633099
vt 0.819033 0.650573
vt 0.819033 0.650573
vt 0.812905 0.633099
vt 0.832228 0.611658
vt 0.829389 0.613442
vt 0.833643 0.624583
vt 0.818108 0.651632
vt 0.818040 0.651440
vt 0.818040 0.651440
vt 0.818108 0.651632
vt 0.868588 0.658835
vt 0.868588 0.658835
vt 0.868640 0.658926
vt 0.817674 0.651356
vt 0.817674 0.651357
vt 0.817674 0.651357
vt 0.817674 0.651356
vt 0.823920 0.662800
vt 0.819033 0.650573
vt 0.823920 0.662800
vt 0.843403 0.640942
vt 0.839964 0.640708
vt 0.839964 0.640708
vt 0.843403 0.640942
vt 0.811964 0.627623
vt 0.811964 0.627623
vt 0.817920 0.651678
vt 0.817920 0.651678
vt 0.818108 0.651632
vt 0.844667 0.661501
vt 0.844667 0.661501
vt 0.886795 0.650354
vt 0.906546 0.648177
vt 0.854681 0.623868
vt 0.856901 0.628535
vt 0.883747 0.626054
vt 0.880438 0.619152
vt 0.873616 0.671807
vt 0.854667 0.623870
vt 0.868430 0.593799
vt 0.873616 0.671807
vt 0.880438 0.619152
vt 0.896825 0.688219
vt 0.922872 0.714582
vt 0.922872 0.714582
vt 0.922336 0.708803
vt 0.924683 0.646016
vt 0.930143 0.662574
vt 0.931869 0.667809
vt 0.789386 0.603912
vt 0.790249 0.603264
vt 0.789154 0.601914
vt 0.766491 0.627837
vt 0.765654 0.632351
vt 0.764201 0.630413
vt 0.792434 0.601555
vt 0.802976 0.604302
vt 0.801201 0.602552
vt 0.801201 0.602552
vt 0.817782 0.651119
vt 0.817653 0.651161
vt 0.817653 0.651161
vt 0.817782 0.651119
vt 0.794231 0.660920
vt 0.801943 0.660595
vt 0.818030 0.651380
vt 0.818030 0.651380
vt 0.000000 0.000000
vt 0.000000 0.000000
vt 0.000000 0.000000
vt 0.000000 0.000000
vt 0.740812 0.661629
vt 0.740814 0.661649
vt 0.740814 0.661649
vt 0.740812 0.661629
vt 0.736412 0.627371
vt 0.740220 0.626275
vt 0.736896 0.630039
vt 0.739368 0.638512
vt 0.736896 0.630039
vt 0.817694 0.651472
vt 0.817713 0.651639
vt 0.766044 0.627747
vt 0.766281 0.628354
vt 0.766281 0.628354
vt 0.766044 0.627747
vt 0.765689 0.628307
vt 0.765689 0.628307
vt 0.766044 0.627747
vt 0.725537 0.620456
vt 0.729425 0.614419
vt 0.730261 0.684928
vt 0.765163 0.685294
vt 0.765163 0.685294
vt 0.730261 0.684928
vt 0.740814 0.661649
vt 0.765278 0.660059
vt 0.817835 0.651746
vt 0.817752 0.651749
vt 0.817835 0.651746
vt 0.817713 0.651639
vt 0.764196 0.677635
vt 0.765163 0.685294
vt 0.764196 0.677635
vt 0.780864 0.713497
vt 0.782875 0.692238
vt 0.782875 0.692238
vt 0.780864 0.713497
vt 0.799953 0.690980
vt 0.803014 0.690627
vt 0.803014 0.690627
vt 0.799953 0.690980
vt 0.781997 0.731346
vt 0.781997 0.731346
vt 0.780836 0.713497
vt 0.780836 0.713497
vt 0.842717 0.629845
vt 0.868430 0.593799
vt 0.839751 0.596121
vt 0.881737 0.671272
vt 0.887084 0.670903
vt 0.879565 0.738773
vt 0.879565 0.738773
vt 0.869240 0.724650
vt 0.853354 0.721693
vt 0.869240 0.724650
vt 0.817405 0.718708
vt 0.817793 0.713016
vt 0.817793 0.713016
vt 0.817405 0.718708
vt 0.806806 0.711912
vt 0.806806 0.711912
vt 0.803014 0.690627
vt 0.781514 0.719796
vt 0.781514 0.719796
vt 0.829778 0.599229
vt 0.832228 0.611658
vt 0.833643 0.624583
vt 0.836351 0.630540
vt 0.843403 0.640942
vt 0.862253 0.642390
vt 0.839964 0.640708
vt 0.818650 0.651008
vt 0.818338 0.651524
vt 0.818338 0.651524
vt 0.818253 0.651205
vt 0.818253 0.651205
vt 0.000000 0.000000
vt 0.000000 0.000000
vt 0.000000 0.000000
vt 0.792534 0.601527
vt 0.792434 0.601555
vt 0.797310 0.611968
vt 0.829389 0.613442
vt 0.832228 0.611658
vt 0.829689 0.599230
vt 0.829778 0.599229
vt 0.797310 0.611968
vt 0.828658 0.623968
vt 0.836351 0.630540
vt 0.823920 0.662800
vt 0.844673 0.661495
vt 0.868588 0.658835
vt 0.818268 0.651347
vt 0.818298 0.651412
vt 0.828658 0.623968
vt 0.836351 0.630540
vt 0.793028 0.635268
vt 0.812905 0.633099
vt 0.811964 0.627623
vt 0.829389 0.613442
vt 0.797310 0.611968
vt 0.790249 0.603264
vt 0.789386 0.603912
vt 0.792434 0.601555
vt 0.801927 0.654798
vt 0.819033 0.650573
vt 0.794231 0.660920
vt 0.786614 0.661249
vt 0.781365 0.635973
vt 0.783144 0.651176
vt 0.777626 0.607720
vt 0.779584 0.625481
vt 0.779588 0.625521
vt 0.817835 0.651746
vt 0.817694 0.651472
vt 0.817920 0.651678
vt 0.783144 0.651176
vt 0.783144 0.651176
vt 0.774364 0.651188
vt 0.739700 0.643838
vt 0.817674 0.651356
vt 0.817674 0.651357
vt 0.753827 0.611344
vt 0.777626 0.607720
vt 0.749492 0.608392
vt 0.752541 0.623346
vt 0.755778 0.628093
vt 0.765645 0.628045
vt 0.765645 0.628045
vt 0.817653 0.651161
vt 0.765689 0.628307
vt 0.779588 0.625521
vt 0.779584 0.625481
vt 0.818414 0.703917
vt 0.817793 0.713016
vt 0.818414 0.703917
vt 0.878733 0.723452
vt 0.878733 0.723452
vt 0.873616 0.671807
vt 0.850421 0.740092
vt 0.850421 0.740092
vt 0.808777 0.747769
vt 0.806545 0.762430
vt 0.806545 0.762430
vt 0.808777 0.747769
vt 0.843906 0.761843
vt 0.844806 0.778048
vt 0.844806 0.778048
vt 0.845444 0.761843
vt 0.842394 0.702146
vt 0.842394 0.702146
vt 0.847055 0.717628
vt 0.848046 0.778253
vt 0.844806 0.778048
vt 0.848046 0.778253
vt 0.805383 0.780352
vt 0.805383 0.780352
vt 0.848046 0.778253
vt 0.817405 0.718708
vt 0.919449 0.756471
vt 0.918231 0.760860
vt 0.918231 0.760860
vt 0.919449 0.756471
vt 0.827394 0.805850
vt 0.825063 0.820088
vt 0.827394 0.805850
vt 0.878352 0.716430
vt 0.858485 0.769942
vt 0.862476 0.761609
vt 0.862476 0.761609
vt 0.858485 0.769942
vt 0.856389 0.778750
vt 0.929154 0.813306
vt 0.916924 0.812930
vt 0.884510 0.755684
vt 0.897701 0.754808
vt 0.897701 0.754808
vt 0.884510 0.755684
vt 0.848066 0.822531
vt 0.851080 0.822647
vt 0.851080 0.822647
vt 0.848066 0.822531
vt 0.858485 0.769942
vt 0.862476 0.761609
vt 0.899276 0.761114
vt 0.899276 0.761114
vt 0.943491 0.730850
vt 0.944505 0.753731
vt 0.897726 0.754807
vt 0.924219 0.827948
vt 0.851080 0.822647
vt 0.918231 0.760860
vt 0.912736 0.777881
vt 0.919449 0.756471
vt 0.845425 0.673665
vt 0.833932 0.779111
vt 0.833932 0.779111
vt 0.899660 0.777639
vt 0.947912 0.836505
vt 0.967135 0.838846
vt 0.947912 0.836505
vt 0.941381 0.845260
vt 0.943096 0.837388
vt 0.943096 0.837388
vt 0.941381 0.845260
vt 0.948653 0.804009
vt 0.967959 0.804290
vt 0.818414 0.703917
vt 0.842394 0.702146
vt 0.817793 0.713016
vt 0.845425 0.673665
vt 0.882540 0.690317
vt 0.845425 0.673665
vt 0.842394 0.702146
vt 0.869240 0.724650
vt 0.878725 0.723446
vt 0.728234 0.644607
vt 0.728234 0.644607
vt 0.725742 0.706477
vt 0.765278 0.660059
vt 0.763618 0.637046
vt 0.730261 0.684928
vt 0.765163 0.685294
vt 0.711944 0.749428
vt 0.712216 0.720094
vt 0.722417 0.746030
vt 0.733896 0.745575
vt 0.749134 0.746681
vt 0.733896 0.745575
vt 0.748502 0.734138
vt 0.748479 0.734137
vt 0.748479 0.734137
vt 0.748502 0.734138
vt 0.767744 0.713532
vt 0.767744 0.713532
vt 0.780836 0.713497
vt 0.758064 0.734410
vt 0.759999 0.748687
vt 0.759999 0.748687
vt 0.758064 0.734410
vt 0.815192 0.732000
vt 0.751236 0.769619
vt 0.778900 0.770410
vt 0.751236 0.769619
vt 0.799953 0.690980
vt 0.803014 0.690627
vt 0.781189 0.752317
vt 0.780896 0.756684
vt 0.780896 0.756684
vt 0.781189 0.752317
vt 0.780864 0.713497
vt 0.782875 0.692238
vt 0.806806 0.711912
vt 0.758064 0.734410
vt 0.759999 0.748687
vt 0.815245 0.746848
vt 0.815192 0.732000
vt 0.815245 0.746848
vt 0.788367 0.733009
vt 0.755778 0.628093
vt 0.752541 0.623346
vt 0.778900 0.770410
vt 0.806545 0.762430
vt 0.781365 0.635973
vt 0.779588 0.625521
vt 0.780278 0.762928
vt 0.780278 0.762928
vt 0.817674 0.651357
vt 0.766281 0.628354
vt 0.752541 0.623346
vt 0.883633 0.716228
vt 0.908296 0.708589
vt 0.908280 0.708586
vt 0.882556 0.690320
vt 0.878352 0.716430
vt 0.922336 0.708803
vt 0.879583 0.738774
vt 0.924071 0.732118
vt 0.924088 0.732118
vt 0.924071 0.732118
vt 0.924088 0.732118
vt 0.935714 0.680565
vt 0.922336 0.708803
vt 0.947912 0.836505
vt 0.941381 0.845260
vt 0.943096 0.837388
vt 0.947903 0.836487
vt 0.947903 0.836487
vt 0.947903 0.836487
vt 0.901568 0.853958
vt 0.901568 0.853958
vt 0.902532 0.852180
vt 0.909763 0.838823
vt 0.909763 0.838823
vt 0.863531 0.869053
vt 0.867985 0.853238
vt 0.863531 0.869053
vt 0.909940 0.806783
vt 0.909852 0.795740
vt 0.909852 0.795740
vt 0.909940 0.806783
vt 0.898300 0.899583
vt 0.898300 0.899583
vt 0.883700 0.934355
vt 0.883700 0.934355
vt 0.918657 0.955284
vt 0.936629 0.961674
vt 0.938850 0.934985
vt 0.933314 0.940550
vt 0.884874 0.929459
vt 0.893974 0.909210
vt 0.884874 0.929459
vt 0.898300 0.899583
vt 0.893974 0.909210
vt 0.883700 0.934355
vt 0.880314 0.934316
vt 0.881779 0.907907
vt 0.881779 0.907907
vt 0.893974 0.909210
vt 0.879487 0.794940
vt 0.877573 0.803088
vt 0.877573 0.803088
vt 0.879487 0.794940
vt 0.884312 0.838076
vt 0.894515 0.839170
vt 0.894515 0.839170
vt 0.884312 0.838076
vt 0.908075 0.840654
vt 0.908075 0.840654
vt 0.908645 0.840737
vt 0.843041 0.843688
vt 0.843041 0.843688
vt 0.882384 0.896168
vt 0.856395 0.894394
vt 0.882384 0.896168
vt 0.881779 0.907907
vt 0.897275 0.871114
vt 0.890748 0.871369
vt 0.937089 0.880584
vt 0.937083 0.880567
vt 0.935016 0.874286
vt 0.903003 0.872732
vt 0.877650 0.907082
vt 0.937089 0.880584
vt 0.937083 0.880567
vt 0.935016 0.874286
vt 0.903003 0.872732
vt 0.897275 0.871114
vt 0.877650 0.907082
vt 0.890748 0.871369
vt 0.966709 0.854993
vt 0.947448 0.854164
vt 0.935016 0.874286
vt 0.937083 0.880567
vt 0.937089 0.880584
vt 0.945714 0.882551
vt 0.967959 0.807628
vt 0.948653 0.804009
vt 0.948653 0.807382
vt 0.932591 0.807133
vt 0.929154 0.813306
vt 0.924219 0.827948
vt 0.924216 0.827961
vt 0.921948 0.842015
vt 0.925592 0.844849
vt 0.941376 0.845281
vt 0.934477 0.802854
vt 0.924216 0.827961
vt 0.934477 0.802854
vt 0.921948 0.842015
vt 0.932591 0.807133
vt 0.925592 0.844849
vt 0.941376 0.845281
vt 0.925592 0.844849
vt 0.921948 0.842015
vt 0.924216 0.827961
vt 0.924219 0.827948
vt 0.914553 0.829974
vt 0.897275 0.871114
vt 0.903003 0.872732
vt 0.935016 0.874286
vt 0.914553 0.829974
vt 0.784411 0.781233
vt 0.796543 0.780712
vt 0.796543 0.780712
vt 0.784411 0.781233
vt 0.795956 0.732675
vt 0.780278 0.762928
vt 0.789743 0.822067
vt 0.788017 0.840065
vt 0.788017 0.840065
vt 0.789743 0.822067
vt 0.884874 0.929459
vt 0.880673 0.929341
vt 0.880503 0.931704
vt 0.805383 0.780352
vt 0.803957 0.802331
vt 0.827394 0.805850
vt 0.803957 0.802331
vt 0.833932 0.779111
vt 0.768013 0.806287
vt 0.767577 0.820667
vt 0.767577 0.820667
vt 0.768013 0.806287
vt 0.863531 0.869053
vt 0.894515 0.839170
vt 0.908075 0.840654
vt 0.884098 0.851366
vt 0.902532 0.852180
vt 0.890748 0.871369
vt 0.901568 0.853958
vt 0.847167 0.867763
vt 0.847167 0.867763
vt 0.797192 0.840987
vt 0.809145 0.842058
vt 0.809145 0.842058
vt 0.797192 0.840987
vt 0.908645 0.840737
vt 0.827394 0.805850
vt 0.845522 0.832642
vt 0.845522 0.832642
vt 0.875044 0.823564
vt 0.851080 0.822647
vt 0.875044 0.823564
vt 0.884874 0.929459
vt 0.941556 0.931050
vt 0.831721 0.928392
vt 0.839761 0.905624
vt 0.838041 0.910398
vt 0.832305 0.926315
vt 0.839761 0.905624
vt 0.846263 0.893703
vt 0.846263 0.893703
vt 0.846035 0.897429
vt 0.839771 0.905611
vt 0.839771 0.905611
vt 0.846035 0.897429
vt 0.848796 0.893916
vt 0.844204 0.927347
vt 0.877650 0.907082
vt 0.909852 0.795740
vt 0.909940 0.806783
vt 0.932591 0.807133
vt 0.934477 0.802854
vt 0.912736 0.777881
vt 0.909714 0.810538
vt 0.944505 0.753731
vt 0.909714 0.810538
vt 0.924071 0.732118
vt 0.900669 0.733593
vt 0.897726 0.754807
vt 0.899276 0.761114
vt 0.943491 0.730850
vt 0.943454 0.730852
vt 0.924088 0.732118
vt 0.943454 0.730852
vt 0.923566 0.590901
vt 0.937469 0.590237
vt 0.937469 0.590237
vt 0.000000 0.000000
vt 0.000000 0.000000
vt 0.000000 0.000000
vt 0.000000 0.000000
vt 0.000000 0.000000
vt 0.000000 0.000000
vt 0.000000 0.000000
vt 0.884822 0.806394
vt 0.909829 0.795740
vt 0.884775 0.795031
vt 0.877547 0.806309
vt 0.908645 0.840737
vt 0.909763 0.838823
vt 0.914553 0.829974
vt 0.875044 0.823564
vt 0.873039 0.836866
vt 0.908168 0.840460
vt 0.909714 0.810538
vt 0.909829 0.795740
vt 0.884775 0.795031
vt 0.873039 0.836866
vt 0.877547 0.806309
vt 0.924088 0.732118
vt 0.943454 0.730852
vt 0.943491 0.730850
vt 0.884635 0.761310
vt 0.897701 0.754808
vt 0.884510 0.755684
vt 0.880466 0.755358
vt 0.864982 0.755513
vt 0.856389 0.778750
vt 0.856476 0.801493
vt 0.877573 0.803088
vt 0.879487 0.794940
vt 0.884775 0.795031
vt 0.884120 0.853215
vt 0.884028 0.853203
vt 0.864982 0.755513
vt 0.884720 0.853237
vt 0.884053 0.853194
vt 0.884312 0.838076
vt 0.847789 0.849920
vt 0.873039 0.836866
vt 0.848009 0.828138
vt 0.869949 0.851569
vt 0.848009 0.828138
vt 0.848234 0.805967
vt 0.830429 0.822026
vt 0.877547 0.806309
vt 0.877573 0.803088
vt 0.847934 0.761805
vt 0.847875 0.756370
vt 0.847826 0.756367
vt 0.843862 0.756911
vt 0.864982 0.755513
vt 0.842631 0.756450
vt 0.815192 0.732000
vt 0.815245 0.746848
vt 0.818486 0.757314
vt 0.878733 0.723452
vt 0.850421 0.740092
vt 0.842631 0.756450
vt 0.841408 0.740184
vt 0.847504 0.740223
vt 0.818486 0.757314
vt 0.843906 0.761843
vt 0.815245 0.746848
vt 0.842631 0.756450
vt 0.818486 0.757314
vt 0.846263 0.893703
vt 0.809032 0.890691
vt 0.805619 0.902229
vt 0.806968 0.906449
vt 0.838041 0.910398
vt 0.839761 0.905624
vt 0.839771 0.905611
vt 0.846035 0.897429
vt 0.789743 0.822067
vt 0.806968 0.906449
vt 0.806968 0.906449
vt 0.809032 0.890691
vt 0.806112 0.848498
vt 0.801140 0.860286
vt 0.801140 0.860286
vt 0.806112 0.848498
vt 0.863531 0.869053
vt 0.847167 0.867763
vt 0.838251 0.866088
vt 0.805619 0.902229
vt 0.795798 0.719495
vt 0.795257 0.691288
vt 0.795257 0.691288
vt 0.794982 0.676947
vt 0.801943 0.660595
vt 0.794231 0.660920
vt 0.786614 0.661249
vt 0.783144 0.651176
vt 0.765416 0.664468
vt 0.765181 0.685284
vt 0.795257 0.691288
vt 0.766930 0.699296
vt 0.767744 0.713532
vt 0.765416 0.664468
vt 0.766930 0.699296
vt 0.760822 0.716243
vt 0.760340 0.720242
vt 0.781514 0.719796
vt 0.780864 0.713497
vt 0.781189 0.752317
vt 0.781997 0.731346
vt 0.760340 0.720242
vt 0.760822 0.716243
vt 0.796317 0.762585
vt 0.805140 0.748288
vt 0.796156 0.749182
vt 0.749134 0.746681
vt 0.781189 0.752317
vt 0.750910 0.763558
vt 0.725742 0.706477
vt 0.727366 0.720938
vt 0.731501 0.720850
vt 0.760340 0.720242
vt 0.760822 0.716243
vt 0.767744 0.713532
vt 0.731501 0.720850
vt 0.728234 0.644607
vt 0.728853 0.639148
vt 0.736437 0.618630
vt 0.733838 0.625660
vt 0.736896 0.630039
vt 0.749492 0.608392
vt 0.809032 0.890691
vt 0.805619 0.902229
vt 0.714521 0.676132
vt 0.724388 0.678524
vt 0.765416 0.664468
vt 0.740812 0.661629
vt 0.739700 0.643838
vt 0.760340 0.720242
vt 0.731501 0.720850
vt 0.748479 0.734137
vt 0.748502 0.734138
vt 0.731501 0.720850
vt 0.733896 0.745575
vt 0.722417 0.746030
vt 0.722584 0.721038
vt 0.712620 0.712387
vt 0.795125 0.840772
vt 0.795125 0.840772
vt 0.840924 0.854145
vt 0.828004 0.853155
vt 0.843041 0.843688
vt 0.834383 0.832322
vt 0.845522 0.832642
vt 0.834383 0.832322
vt 0.809754 0.887140
vt 0.796629 0.886231
vt 0.834383 0.832322
vt 0.845522 0.832642
vt 0.764879 0.868550
vt 0.764246 0.876797
vt 0.764246 0.876797
vt 0.764879 0.868550
vt 0.796885 0.870843
vt 0.796885 0.870843
vt 0.809754 0.887140
vt 0.814110 0.831515
vt 0.821666 0.859030
vt 0.792132 0.884174
vt 0.814110 0.831515
vt 0.780823 0.859855
vt 0.780823 0.859855
vt 0.814110 0.831515
vt 0.784411 0.781233
vt 0.796543 0.780712
vt 0.801140 0.860286
vt 0.796818 0.802681
vt 0.796818 0.802681
vt 0.803957 0.802331
vt 0.772449 0.782959
vt 0.772449 0.782959
vt 0.778681 0.781166
vt 0.744810 0.778242
vt 0.744878 0.786027
vt 0.745058 0.806772
vt 0.745058 0.806772
vt 0.744810 0.778242
vt 0.803957 0.802331
vt 0.796818 0.802681
vt 0.796855 0.805678
vt 0.795374 0.802768
vt 0.792217 0.805776
vt 0.732675 0.794525
vt 0.732164 0.807045
vt 0.745058 0.806772
vt 0.744878 0.786027
vt 0.739231 0.785728
vt 0.792217 0.805776
vt 0.795374 0.802768
vt 0.789743 0.822067
vt 0.745448 0.770408
vt 0.745448 0.770408
vt 0.751236 0.769619
vt 0.749274 0.772252
vt 0.756136 0.806538
vt 0.768013 0.806287
vt 0.795374 0.802768
vt 0.792217 0.805776
vt 0.733790 0.785416
vt 0.772233 0.783189
vt 0.768367 0.790599
vt 0.772233 0.783189
vt 0.768367 0.790599
vt 0.733790 0.785416
vt 0.739231 0.785728
vt 0.772449 0.782959
vt 0.772233 0.783189
vt 0.768367 0.790599
vt 0.731828 0.829308
vt 0.754241 0.830395
vt 0.754241 0.830395
vt 0.731828 0.829308
vt 0.729537 0.869966
vt 0.724904 0.829859
vt 0.768013 0.806287
vt 0.767577 0.820667
vt 0.797192 0.840987
vt 0.809145 0.842058
vt 0.795554 0.860169
vt 0.797064 0.860083
vt 0.797064 0.860083
vt 0.795554 0.860169
vt 0.743065 0.849300
vt 0.740834 0.859258
vt 0.740834 0.859258
vt 0.743065 0.849300
vt 0.753795 0.846218
vt 0.753795 0.846218
vt 0.754241 0.830395
vt 0.785214 0.821781
vt 0.756136 0.806538
vt 0.765625 0.848841
vt 0.765625 0.848841
vt 0.788017 0.840065
vt 0.795125 0.840772
vt 0.801140 0.860286
vt 0.770915 0.893401
vt 0.783572 0.893644
vt 0.783572 0.893644
vt 0.770915 0.893401
vt 0.766019 0.892292
vt 0.766019 0.892292
vt 0.763449 0.909332
vt 0.761729 0.909559
vt 0.761715 0.909568
vt 0.795554 0.860169
vt 0.752125 0.889640
vt 0.753274 0.878268
vt 0.753274 0.878268
vt 0.752125 0.889640
vt 0.786194 0.889444
vt 0.786194 0.889444
vt 0.746704 0.889771
vt 0.742904 0.888411
vt 0.767599 0.861676
vt 0.767599 0.861676
vt 0.764879 0.868550
vt 0.742177 0.903763
vt 0.740834 0.859258
vt 0.741698 0.871430
vt 0.765625 0.848841
vt 0.731828 0.829308
vt 0.741698 0.871430
vt 0.780823 0.859855
vt 0.793679 0.922965
vt 0.773759 0.919431
vt 0.752125 0.889640
vt 0.753274 0.878268
vt 0.764246 0.876797
vt 0.767599 0.861676
vt 0.797261 0.848196
vt 0.763449 0.909332
vt 0.761729 0.909559
vt 0.787511 0.886521
vt 0.792132 0.884174
vt 0.787511 0.886521
vt 0.748015 0.907222
vt 0.761715 0.909568
vt 0.748434 0.905431
vt 0.753795 0.846218
vt 0.783572 0.893644
vt 0.832305 0.926315
vt 0.786194 0.889444
vt 0.787511 0.886521
vt 0.796571 0.889683
vt 0.788727 0.908599
vt 0.795014 0.907610
vt 0.764246 0.876797
vt 0.793871 0.886332
vt 0.772913 0.889138
vt 0.765975 0.889306
vt 0.765975 0.889306
vt 0.765975 0.889306
vt 0.766019 0.892292
vt 0.748434 0.905431
vt 0.748015 0.907222
vt 0.770915 0.893401
vt 0.775315 0.908988
vt 0.783572 0.893644
vt 0.753795 0.846218
vt 0.753220 0.849093
vt 0.780823 0.859855
vt 0.743594 0.847492
vt 0.743594 0.847492
vt 0.726390 0.849640
vt 0.743594 0.847492
vt 0.743596 0.847429
vt 0.743065 0.849300
vt 0.881737 0.671272
vt 0.881737 0.671272
vt 0.887084 0.670903
vt 0.887084 0.670903
vt 0.736412 0.627371
vt 0.736412 0.627371
vt 0.740220 0.626275
vt 0.740220 0.626275
vt 0.941443 0.621010
vt 0.940702 0.615269
vt 0.938247 0.615598
vt 0.938247 0.615598
vt 0.940702 0.615269
vt 0.941556 0.931050
vt 0.944415 0.902493
vt 0.945086 0.666897
vt 0.943288 0.644251
vt 0.796629 0.886231
vt 0.796629 0.886231
vt 0.792132 0.884174
vt 0.792132 0.884174
vt 0.938850 0.934985
vt 0.923566 0.590901
vt 0.923566 0.590901
vt 0.720314 0.635684
vt 0.720314 0.635684
vt 0.719566 0.641281
vt 0.719566 0.641281
vt 0.733806 0.912193
vt 0.731885 0.908299
vt 0.738670 0.903000
vt 0.740805 0.908005
vt 0.714856 0.832059
vt 0.714856 0.832059
vt 0.716595 0.852362
vt 0.716595 0.852362
vt 0.882384 0.896168
vt 0.882384 0.896168
vt 0.856395 0.894394
vt 0.856395 0.894394
vt 0.714121 0.683823
vt 0.714121 0.683823
vt 0.724119 0.684864
vt 0.724119 0.684864
vt 0.726669 0.714730
vt 0.726669 0.714730
vt 0.722855 0.714658
vt 0.722855 0.714658
vt 0.711805 0.764427
vt 0.722297 0.764170
vt 0.722726 0.784531
vt 0.712250 0.783285
vt 0.712847 0.808622
vt 0.723204 0.807234
vt 0.724904 0.829859
vt 0.944624 0.900408
vt 0.945714 0.882551
vt 0.941376 0.845281
vt 0.941376 0.845281
vt 0.940284 0.853847
vt 0.940284 0.853847
vt 0.948652 0.760453
vt 0.948516 0.755249
vt 0.947423 0.713553
vt 0.945810 0.681365
vt 0.869949 0.851569
vt 0.869949 0.851569
vt 0.867985 0.853238
vt 0.867985 0.853238
vt 0.841915 0.849720
vt 0.841915 0.849720
vt 0.838251 0.866088
vt 0.838251 0.866088
vt 0.840924 0.854145
vt 0.929154 0.813306
vt 0.929154 0.813306
vt 0.916924 0.812930
vt 0.916924 0.812930
vt 0.912736 0.777881
vt 0.912736 0.777881
vt 0.899660 0.777639
vt 0.899660 0.777639
vt 0.882540 0.690317
vt 0.882540 0.690317
vt 0.878050 0.692898
vt 0.878050 0.692898
vt 0.788367 0.733009
vt 0.788367 0.733009
vt 0.795956 0.732675
vt 0.795956 0.732675
vt 0.778900 0.770410
vt 0.778900 0.770410
vt 0.778681 0.781166
vt 0.778681 0.781166
vt 0.830429 0.822026
vt 0.830429 0.822026
vt 0.825063 0.820088
vt 0.825063 0.820088
vt 0.785214 0.821781
vt 0.785214 0.821781
vt 0.781770 0.848512
vt 0.781770 0.848512
vt 0.780072 0.901695
vt 0.780072 0.901695
vt 0.775315 0.908988
vt 0.775315 0.908988
vt 0.774364 0.651188
vt 0.774364 0.651188
vt 0.765278 0.660059
vt 0.765278 0.660059
vt 0.817713 0.651639
vt 0.817713 0.651639
vt 0.817752 0.651749
vt 0.817752 0.651749
vt 0.844144 0.929757
vt 0.844144 0.929757
vt 0.867863 0.933811
vt 0.867863 0.933811
vt 0.844066 0.932845
vt 0.727366 0.720938
vt 0.727366 0.720938
vt 0.749134 0.746681
vt 0.750910 0.763558
vt 0.732675 0.794525
vt 0.732164 0.807045
vt 0.720608 0.874341
vt 0.720608 0.874341
vt 0.732360 0.888205
vt 0.729537 0.869966
vt 0.741698 0.871430
vt 0.742904 0.888411
vt 0.746704 0.889771
vt 0.719566 0.641281
vt 0.720314 0.635684
vt 0.739700 0.643838
vt 0.739700 0.643838
vt 0.739368 0.638512
vt 0.739368 0.638512
vt 0.821666 0.859030
vt 0.821666 0.859030
vt 0.809754 0.887140
vt 0.809754 0.887140
vt 0.758737 0.923084
vt 0.759871 0.916967
vt 0.878352 0.716430
vt 0.878352 0.716430
vt 0.878050 0.692898
vt 0.847504 0.740223
vt 0.847504 0.740223
vt 0.843715 0.740184
vt 0.841408 0.740184
vt 0.856476 0.801493
vt 0.856476 0.801493
vt 0.856389 0.778750
vt 0.856389 0.778750
vt 0.884098 0.851366
vt 0.884098 0.851366
vt 0.902532 0.852180
vt 0.801927 0.654798
vt 0.801927 0.654798
vt 0.802061 0.676486
vt 0.802061 0.676486
vt 0.793147 0.929141
vt 0.793679 0.922965
vt 0.832305 0.926315
vt 0.831721 0.928392
vt 0.830742 0.931876
vt 0.840924 0.854145
vt 0.828004 0.853155
vt 0.828004 0.853155
vt 0.000000 0.000000
vt 0.000000 0.000000
vt 0.000000 0.000000
vt 0.000000 0.000000
vt 0.856901 0.628535
vt 0.856901 0.628535
vt 0.854667 0.623870
vt 0.854667 0.623870
vt 0.933314 0.940550
vt 0.934670 0.586305
vt 0.913890 0.566180
vt 0.714550 0.600432
vt 0.729425 0.614419
vt 0.724940 0.621849
vt 0.707006 0.614747
vt 0.747303 0.582492
vt 0.754004 0.605405
vt 0.746294 0.606939
vt 0.737025 0.588122
vt 0.719585 0.926391
vt 0.703898 0.900760
vt 0.723826 0.891968
vt 0.752442 0.943446
vt 0.714521 0.676132
vt 0.692119 0.673570
vt 0.700267 0.627535
vt 0.791225 0.950162
vt 0.875828 0.588172
vt 0.873482 0.567357
vt 0.922524 0.586691
vt 0.904663 0.627984
vt 0.904663 0.627984
vt 0.906546 0.648177
vt 0.906546 0.648177
vt 0.935714 0.680565
vt 0.935714 0.680565
vt 0.694375 0.855626
vt 0.692753 0.837106
vt 0.690383 0.810046
vt 0.689683 0.781641
vt 0.689271 0.764946
vt 0.689584 0.719563
vt 0.712216 0.720094
vt 0.711944 0.749428
vt 0.712620 0.712387
vt 0.880314 0.934316
vt 0.878502 0.955073
vt 0.843551 0.953832
vt 0.788457 0.595728
vt 0.785966 0.574687
vt 0.838379 0.569546
vt 0.828653 0.593645
vt 0.839464 0.590606
vt 0.892567 0.939663
vt 0.892567 0.939663
vt 0.908873 0.934643
vt 0.908873 0.934643
vt 0.773759 0.919431
vt 0.884686 0.628536
vt 0.884864 0.625950
vt 0.903949 0.624284
vt 0.937469 0.590237
vt 0.937469 0.590237
vt 0.955297 0.585897
vt 0.883747 0.626054
vt 0.883747 0.626054
vt 0.884686 0.628536
vt 0.876305 0.593162
vt 0.924683 0.646016
vt 0.924683 0.646016
vt 0.934670 0.586305
vt 0.888437 0.689909
vt 0.888437 0.689909
vt 0.892516 0.705032
vt 0.892516 0.705032
vt 0.906546 0.648177
vt 0.886795 0.650354
vt 0.886795 0.650354
vt 0.879565 0.738773
vt 0.879565 0.738773
vt 0.880466 0.755358
vt 0.880466 0.755358
vt 0.897726 0.754807
vt 0.897726 0.754807
vt 0.900669 0.733593
vt 0.900669 0.733593
vt 0.847055 0.717628
vt 0.847055 0.717628
vt 0.853354 0.721693
vt 0.853354 0.721693
vt 0.931869 0.667809
vt 0.930143 0.662574
vt 0.930143 0.662574
vt 0.913081 0.663383
vt 0.913081 0.663383
vt 0.928639 0.681699
vt 0.928639 0.681699
vt 0.935714 0.680565
vt 0.908280 0.708586
vt 0.908280 0.708586
vt 0.922336 0.708803
vt 0.922336 0.708803
vt 0.892516 0.705032
vt 0.888437 0.689909
vt 0.928639 0.681699
vt 0.928639 0.681699
vt 0.922542 0.682700
vt 0.922542 0.682700
vt 0.884686 0.628536
vt 0.862253 0.642390
vt 0.862253 0.642390
vt 0.868680 0.659027
vt 0.868640 0.658926
vt 0.818335 0.651034
vt 0.818335 0.651034
vt 0.818226 0.653000
vt 0.818226 0.653000
vt 0.854681 0.623868
vt 0.854681 0.623868
vt 0.818268 0.651347
vt 0.818268 0.651347
vt 0.818298 0.651412
vt 0.818298 0.651412
vt 0.903949 0.624284
vt 0.930143 0.662574
vt 0.913081 0.663383
vt 0.887084 0.670903
vt 0.888436 0.689895
vt 0.888436 0.689895
vt 0.902754 0.620357
vt 0.938247 0.615598
vt 0.902754 0.620357
vt 0.884864 0.625950
vt 0.876305 0.593162
vt 0.902754 0.620357
vt 0.903949 0.624284
vt 0.868430 0.593799
vt 0.818737 0.651001
vt 0.818737 0.651001
vt 0.818650 0.651008
vt 0.818650 0.651008
vt 0.818819 0.651363
vt 0.818819 0.651363
vt 0.922524 0.586691
vt 0.923566 0.590901
vt 0.812905 0.633099
vt 0.812905 0.633099
vt 0.819033 0.650573
vt 0.819033 0.650573
vt 0.832228 0.611658
vt 0.833643 0.624583
vt 0.829389 0.613442
vt 0.818108 0.651632
vt 0.818108 0.651632
vt 0.818040 0.651440
vt 0.818040 0.651440
vt 0.868640 0.658926
vt 0.868588 0.658835
vt 0.868588 0.658835
vt 0.817674 0.651356
vt 0.817674 0.651356
vt 0.817674 0.651357
vt 0.817674 0.651357
vt 0.823920 0.662800
vt 0.823920 0.662800
vt 0.819033 0.650573
vt 0.843403 0.640942
vt 0.843403 0.640942
vt 0.839964 0.640708
vt 0.839964 0.640708
vt 0.811964 0.627623
vt 0.811964 0.627623
vt 0.818108 0.651632
vt 0.817920 0.651678
vt 0.817920 0.651678
vt 0.844667 0.661501
vt 0.844667 0.661501
vt 0.906546 0.648177
vt 0.886795 0.650354
vt 0.854681 0.623868
vt 0.880438 0.619152
vt 0.883747 0.626054
vt 0.856901 0.628535
vt 0.873616 0.671807
vt 0.854667 0.623870
vt 0.868430 0.593799
vt 0.873616 0.671807
vt 0.880438 0.619152
vt 0.896825 0.688219
vt 0.922336 0.708803
vt 0.922872 0.714582
vt 0.922872 0.714582
vt 0.931869 0.667809
vt 0.930143 0.662574
vt 0.924683 0.646016
vt 0.789386 0.603912
vt 0.789154 0.601914
vt 0.790249 0.603264
vt 0.766491 0.627837
vt 0.764201 0.630413
vt 0.765654 0.632351
vt 0.792434 0.601555
vt 0.802976 0.604302
vt 0.801201 0.602552
vt 0.801201 0.602552
vt 0.817782 0.651119
vt 0.817782 0.651119
vt 0.817653 0.651161
vt 0.817653 0.651161
vt 0.801943 0.660595
vt 0.794231 0.660920
vt 0.818030 0.651380
vt 0.818030 0.651380
vt 0.000000 0.000000
vt 0.000000 0.000000
vt 0.000000 0.000000
vt 0.000000 0.000000
vt 0.740812 0.661629
vt 0.740812 0.661629
vt 0.740814 0.661649
vt 0.740814 0.661649
vt 0.740220 0.626275
vt 0.736412 0.627371
vt 0.736896 0.630039
vt 0.736896 0.630039
vt 0.739368 0.638512
vt 0.817713 0.651639
vt 0.817694 0.651472
vt 0.766044 0.627747
vt 0.766044 0.627747
vt 0.766281 0.628354
vt 0.766281 0.628354
vt 0.766044 0.627747
vt 0.765689 0.628307
vt 0.765689 0.628307
vt 0.729425 0.614419
vt 0.725537 0.620456
vt 0.730261 0.684928
vt 0.730261 0.684928
vt 0.765163 0.685294
vt 0.765163 0.685294
vt 0.765278 0.660059
vt 0.740814 0.661649
vt 0.817835 0.651746
vt 0.817835 0.651746
vt 0.817752 0.651749
vt 0.817713 0.651639
vt 0.764196 0.677635
vt 0.764196 0.677635
vt 0.765163 0.685294
vt 0.780864 0.713497
vt 0.780864 0.713497
vt 0.782875 0.692238
vt 0.782875 0.692238
vt 0.799953 0.690980
vt 0.799953 0.690980
vt 0.803014 0.690627
vt 0.803014 0.690627
vt 0.781997 0.731346
vt 0.781997 0.731346
vt 0.780836 0.713497
vt 0.780836 0.713497
vt 0.842717 0.629845
vt 0.839751 0.596121
vt 0.868430 0.593799
vt 0.887084 0.670903
vt 0.881737 0.671272
vt 0.879565 0.738773
vt 0.879565 0.738773
vt 0.869240 0.724650
vt 0.869240 0.724650
vt 0.853354 0.721693
vt 0.817405 0.718708
vt 0.817405 0.718708
vt 0.817793 0.713016
vt 0.817793 0.713016
vt 0.803014 0.690627
vt 0.806806 0.711912
vt 0.806806 0.711912
vt 0.781514 0.719796
vt 0.781514 0.719796
vt 0.836351 0.630540
vt 0.833643 0.624583
vt 0.832228 0.611658
vt 0.829778 0.599229
vt 0.843403 0.640942
vt 0.862253 0.642390
vt 0.839964 0.640708
vt 0.818650 0.651008
vt 0.818338 0.651524
vt 0.818338 0.651524
vt 0.818253 0.651205
vt 0.818253 0.651205
vt 0.000000 0.000000
vt 0.000000 0.000000
vt 0.000000 0.000000
vt 0.792534 0.601527
vt 0.792434 0.601555
vt 0.829689 0.599230
vt 0.832228 0.611658
vt 0.829389 0.613442
vt 0.797310 0.611968
vt 0.829778 0.599229
vt 0.797310 0.611968
vt 0.828658 0.623968
vt 0.836351 0.630540
vt 0.844673 0.661495
vt 0.823920 0.662800
vt 0.868588 0.658835
vt 0.818298 0.651412
vt 0.818268 0.651347
vt 0.828658 0.623968
vt 0.836351 0.630540
vt 0.793028 0.635268
vt 0.789386 0.603912
vt 0.790249 0.603264
vt 0.797310 0.611968
vt 0.829389 0.613442
vt 0.811964 0.627623
vt 0.812905 0.633099
vt 0.792434 0.601555
vt 0.819033 0.650573
vt 0.801927 0.654798
vt 0.794231 0.660920
vt 0.786614 0.661249
vt 0.783144 0.651176
vt 0.781365 0.635973
vt 0.777626 0.607720
vt 0.779588 0.625521
vt 0.779584 0.625481
vt 0.817835 0.651746
vt 0.817694 0.651472
vt 0.817920 0.651678
vt 0.774364 0.651188
vt 0.783144 0.651176
vt 0.783144 0.651176
vt 0.739700 0.643838
vt 0.817674 0.651357
vt 0.817674 0.651356
vt 0.753827 0.611344
vt 0.777626 0.607720
vt 0.749492 0.608392
vt 0.755778 0.628093
vt 0.752541 0.623346
vt 0.765645 0.628045
vt 0.765645 0.628045
vt 0.817653 0.651161
vt 0.765689 0.628307
vt 0.779584 0.625481
vt 0.779588 0.625521
vt 0.818414 0.703917
vt 0.818414 0.703917
vt 0.817793 0.713016
vt 0.878733 0.723452
vt 0.878733 0.723452
vt 0.873616 0.671807
vt 0.850421 0.740092
vt 0.850421 0.740092
vt 0.808777 0.747769
vt 0.808777 0.747769
vt 0.806545 0.762430
vt 0.806545 0.762430
vt 0.843906 0.761843
vt 0.845444 0.761843
vt 0.844806 0.778048
vt 0.844806 0.778048
vt 0.847055 0.717628
vt 0.842394 0.702146
vt 0.842394 0.702146
vt 0.848046 0.778253
vt 0.848046 0.778253
vt 0.844806 0.778048
vt 0.805383 0.780352
vt 0.805383 0.780352
vt 0.848046 0.778253
vt 0.817405 0.718708
vt 0.919449 0.756471
vt 0.919449 0.756471
vt 0.918231 0.760860
vt 0.918231 0.760860
vt 0.827394 0.805850
vt 0.827394 0.805850
vt 0.825063 0.820088
vt 0.878352 0.716430
vt 0.858485 0.769942
vt 0.858485 0.769942
vt 0.862476 0.761609
vt 0.862476 0.761609
vt 0.856389 0.778750
vt 0.916924 0.812930
vt 0.929154 0.813306
vt 0.884510 0.755684
vt 0.884510 0.755684
vt 0.897701 0.754808
vt 0.897701 0.754808
vt 0.848066 0.822531
vt 0.848066 0.822531
vt 0.851080 0.822647
vt 0.851080 0.822647
vt 0.862476 0.761609
vt 0.858485 0.769942
vt 0.899276 0.761114
vt 0.899276 0.761114
vt 0.944505 0.753731
vt 0.943491 0.730850
vt 0.897726 0.754807
vt 0.924219 0.827948
vt 0.851080 0.822647
vt 0.912736 0.777881
vt 0.918231 0.760860
vt 0.919449 0.756471
vt 0.845425 0.673665
vt 0.833932 0.779111
vt 0.833932 0.779111
vt 0.899660 0.777639
vt 0.947912 0.836505
vt 0.947912 0.836505
vt 0.941381 0.845260
vt 0.941381 0.845260
vt 0.943096 0.837388
vt 0.943096 0.837388
vt 0.948653 0.804009
vt 0.842394 0.702146
vt 0.818414 0.703917
vt 0.817793 0.713016
vt 0.845425 0.673665
vt 0.845425 0.673665
vt 0.882540 0.690317
vt 0.842394 0.702146
vt 0.878725 0.723446
vt 0.869240 0.724650
vt 0.728234 0.644607
vt 0.728234 0.644607
vt 0.725742 0.706477
vt 0.763618 0.637046
vt 0.765278 0.660059
vt 0.765163 0.685294
vt 0.730261 0.684928
vt 0.712216 0.720094
vt 0.711944 0.749428
vt 0.722417 0.746030
vt 0.733896 0.745575
vt 0.733896 0.745575
vt 0.749134 0.746681
vt 0.748502 0.734138
vt 0.748502 0.734138
vt 0.748479 0.734137
vt 0.748479 0.734137
vt 0.780836 0.713497
vt 0.767744 0.713532
vt 0.767744 0.713532
vt 0.758064 0.734410
vt 0.758064 0.734410
vt 0.759999 0.748687
vt 0.759999 0.748687
vt 0.815192 0.732000
vt 0.751236 0.769619
vt 0.751236 0.769619
vt 0.778900 0.770410
vt 0.803014 0.690627
vt 0.799953 0.690980
vt 0.781189 0.752317
vt 0.781189 0.752317
vt 0.780896 0.756684
vt 0.780896 0.756684
vt 0.782875 0.692238
vt 0.780864 0.713497
vt 0.806806 0.711912
vt 0.759999 0.748687
vt 0.758064 0.734410
vt 0.815245 0.746848
vt 0.815245 0.746848
vt 0.815192 0.732000
vt 0.788367 0.733009
vt 0.755778 0.628093
vt 0.752541 0.623346
vt 0.778900 0.770410
vt 0.806545 0.762430
vt 0.779588 0.625521
vt 0.781365 0.635973
vt 0.780278 0.762928
vt 0.780278 0.762928
vt 0.817674 0.651357
vt 0.766281 0.628354
vt 0.752541 0.623346
vt 0.883633 0.716228
vt 0.882556 0.690320
vt 0.908280 0.708586
vt 0.908296 0.708589
vt 0.878352 0.716430
vt 0.922336 0.708803
vt 0.879583 0.738774
vt 0.924088 0.732118
vt 0.924071 0.732118
vt 0.924071 0.732118
vt 0.924088 0.732118
vt 0.935714 0.680565
vt 0.922336 0.708803
vt 0.947912 0.836505
vt 0.943096 0.837388
vt 0.941381 0.845260
vt 0.947903 0.836487
vt 0.947903 0.836487
vt 0.947903 0.836487
vt 0.902532 0.852180
vt 0.901568 0.853958
vt 0.901568 0.853958
vt 0.909763 0.838823
vt 0.909763 0.838823
vt 0.863531 0.869053
vt 0.863531 0.869053
vt 0.867985 0.853238
vt 0.909940 0.806783
vt 0.909940 0.806783
vt 0.909852 0.795740
vt 0.909852 0.795740
vt 0.898300 0.899583
vt 0.898300 0.899583
vt 0.883700 0.934355
vt 0.883700 0.934355
vt 0.918657 0.955284
vt 0.938850 0.934985
vt 0.933314 0.940550
vt 0.884874 0.929459
vt 0.884874 0.929459
vt 0.893974 0.909210
vt 0.893974 0.909210
vt 0.898300 0.899583
vt 0.880314 0.934316
vt 0.883700 0.934355
vt 0.893974 0.909210
vt 0.881779 0.907907
vt 0.881779 0.907907
vt 0.879487 0.794940
vt 0.879487 0.794940
vt 0.877573 0.803088
vt 0.877573 0.803088
vt 0.884312 0.838076
vt 0.884312 0.838076
vt 0.894515 0.839170
vt 0.894515 0.839170
vt 0.908075 0.840654
vt 0.908075 0.840654
vt 0.908645 0.840737
vt 0.843041 0.843688
vt 0.843041 0.843688
vt 0.856395 0.894394
vt 0.882384 0.896168
vt 0.881779 0.907907
vt 0.882384 0.896168
vt 0.897275 0.871114
vt 0.903003 0.872732
vt 0.935016 0.874286
vt 0.937083 0.880567
vt 0.937089 0.880584
vt 0.890748 0.871369
vt 0.877650 0.907082
vt 0.937089 0.880584
vt 0.937083 0.880567
vt 0.935016 0.874286
vt 0.903003 0.872732
vt 0.897275 0.871114
vt 0.877650 0.907082
vt 0.890748 0.871369
vt 0.947448 0.854164
vt 0.945714 0.882551
vt 0.937089 0.880584
vt 0.937083 0.880567
vt 0.935016 0.874286
vt 0.948653 0.807382
vt 0.948653 0.804009
vt 0.932591 0.807133
vt 0.941376 0.845281
vt 0.925592 0.844849
vt 0.921948 0.842015
vt 0.924216 0.827961
vt 0.924219 0.827948
vt 0.929154 0.813306
vt 0.934477 0.802854
vt 0.924216 0.827961
vt 0.934477 0.802854
vt 0.921948 0.842015
vt 0.932591 0.807133
vt 0.925592 0.844849
vt 0.941376 0.845281
vt 0.914553 0.829974
vt 0.924219 0.827948
vt 0.924216 0.827961
vt 0.921948 0.842015
vt 0.925592 0.844849
vt 0.935016 0.874286
vt 0.903003 0.872732
vt 0.897275 0.871114
vt 0.914553 0.829974
vt 0.784411 0.781233
vt 0.784411 0.781233
vt 0.796543 0.780712
vt 0.796543 0.780712
vt 0.795956 0.732675
vt 0.780278 0.762928
vt 0.789743 0.822067
vt 0.789743 0.822067
vt 0.788017 0.840065
vt 0.788017 0.840065
vt 0.880503 0.931704
vt 0.880673 0.929341
vt 0.884874 0.929459
vt 0.805383 0.780352
vt 0.803957 0.802331
vt 0.803957 0.802331
vt 0.827394 0.805850
vt 0.833932 0.779111
vt 0.768013 0.806287
vt 0.768013 0.806287
vt 0.767577 0.820667
vt 0.767577 0.820667
vt 0.863531 0.869053
vt 0.908075 0.840654
vt 0.894515 0.839170
vt 0.902532 0.852180
vt 0.884098 0.851366
vt 0.890748 0.871369
vt 0.901568 0.853958
vt 0.847167 0.867763
vt 0.847167 0.867763
vt 0.797192 0.840987
vt 0.797192 0.840987
vt 0.809145 0.842058
vt 0.809145 0.842058
vt 0.908645 0.840737
vt 0.827394 0.805850
vt 0.845522 0.832642
vt 0.845522 0.832642
vt 0.875044 0.823564
vt 0.875044 0.823564
vt 0.851080 0.822647
vt 0.941556 0.931050
vt 0.884874 0.929459
vt 0.831721 0.928392
vt 0.839761 0.905624
vt 0.839761 0.905624
vt 0.832305 0.926315
vt 0.838041 0.910398
vt 0.846263 0.893703
vt 0.846263 0.893703
vt 0.846035 0.897429
vt 0.846035 0.897429
vt 0.839771 0.905611
vt 0.839771 0.905611
vt 0.877650 0.907082
vt 0.844204 0.927347
vt 0.848796 0.893916
vt 0.909852 0.795740
vt 0.912736 0.777881
vt 0.934477 0.802854
vt 0.932591 0.807133
vt 0.909940 0.806783
vt 0.909714 0.810538
vt 0.944505 0.753731
vt 0.909714 0.810538
vt 0.899276 0.761114
vt 0.897726 0.754807
vt 0.900669 0.733593
vt 0.924071 0.732118
vt 0.924088 0.732118
vt 0.943454 0.730852
vt 0.943491 0.730850
vt 0.943454 0.730852
vt 0.937469 0.590237
vt 0.923566 0.590901
vt 0.937469 0.590237
vt 0.000000 0.000000
vt 0.000000 0.000000
vt 0.000000 0.000000
vt 0.000000 0.000000
vt 0.884822 0.806394
vt 0.884775 0.795031
vt 0.909829 0.795740
vt 0.877547 0.806309
vt 0.914553 0.829974
vt 0.909763 0.838823
vt 0.908645 0.840737
vt 0.875044 0.823564
vt 0.873039 0.836866
vt 0.908168 0.840460
vt 0.909714 0.810538
vt 0.909829 0.795740
vt 0.884775 0.795031
vt 0.873039 0.836866
vt 0.877547 0.806309
vt 0.943491 0.730850
vt 0.943454 0.730852
vt 0.924088 0.732118
vt 0.884635 0.761310
vt 0.884510 0.755684
vt 0.897701 0.754808
vt 0.880466 0.755358
vt 0.864982 0.755513
vt 0.884775 0.795031
vt 0.879487 0.794940
vt 0.877573 0.803088
vt 0.856476 0.801493
vt 0.856389 0.778750
vt 0.884028 0.853203
vt 0.884120 0.853215
vt 0.864982 0.755513
vt 0.884720 0.853237
vt 0.884053 0.853194
vt 0.884312 0.838076
vt 0.847789 0.849920
vt 0.848009 0.828138
vt 0.873039 0.836866
vt 0.869949 0.851569
vt 0.848009 0.828138
vt 0.848234 0.805967
vt 0.830429 0.822026
vt 0.877547 0.806309
vt 0.877573 0.803088
vt 0.847934 0.761805
vt 0.847826 0.756367
vt 0.847875 0.756370
vt 0.843862 0.756911
vt 0.864982 0.755513
vt 0.842631 0.756450
vt 0.818486 0.757314
vt 0.815245 0.746848
vt 0.815192 0.732000
vt 0.878733 0.723452
vt 0.850421 0.740092
vt 0.841408 0.740184
vt 0.842631 0.756450
vt 0.847504 0.740223
vt 0.818486 0.757314
vt 0.843906 0.761843
vt 0.815245 0.746848
vt 0.818486 0.757314
vt 0.842631 0.756450
vt 0.846263 0.893703
vt 0.846035 0.897429
vt 0.839771 0.905611
vt 0.839761 0.905624
vt 0.838041 0.910398
vt 0.806968 0.906449
vt 0.805619 0.902229
vt 0.809032 0.890691
vt 0.789743 0.822067
vt 0.806968 0.906449
vt 0.806968 0.906449
vt 0.809032 0.890691
vt 0.806112 0.848498
vt 0.806112 0.848498
vt 0.801140 0.860286
vt 0.801140 0.860286
vt 0.847167 0.867763
vt 0.863531 0.869053
vt 0.838251 0.866088
vt 0.805619 0.902229
vt 0.795798 0.719495
vt 0.795257 0.691288
vt 0.795257 0.691288
vt 0.794982 0.676947
vt 0.794231 0.660920
vt 0.801943 0.660595
vt 0.783144 0.651176
vt 0.786614 0.661249
vt 0.765416 0.664468
vt 0.765181 0.685284
vt 0.795257 0.691288
vt 0.766930 0.699296
vt 0.767744 0.713532
vt 0.765416 0.664468
vt 0.766930 0.699296
vt 0.780864 0.713497
vt 0.781514 0.719796
vt 0.760340 0.720242
vt 0.760822 0.716243
vt 0.781997 0.731346
vt 0.781189 0.752317
vt 0.760340 0.720242
vt 0.760822 0.716243
vt 0.796317 0.762585
vt 0.796156 0.749182
vt 0.805140 0.748288
vt 0.749134 0.746681
vt 0.781189 0.752317
vt 0.750910 0.763558
vt 0.767744 0.713532
vt 0.760822 0.716243
vt 0.760340 0.720242
vt 0.731501 0.720850
vt 0.727366 0.720938
vt 0.725742 0.706477
vt 0.731501 0.720850
vt 0.728853 0.639148
vt 0.728234 0.644607
vt 0.736437 0.618630
vt 0.733838 0.625660
vt 0.736896 0.630039
vt 0.749492 0.608392
vt 0.805619 0.902229
vt 0.809032 0.890691
vt 0.714521 0.676132
vt 0.724388 0.678524
vt 0.739700 0.643838
vt 0.740812 0.661629
vt 0.765416 0.664468
vt 0.748502 0.734138
vt 0.748479 0.734137
vt 0.731501 0.720850
vt 0.760340 0.720242
vt 0.733896 0.745575
vt 0.731501 0.720850
vt 0.722584 0.721038
vt 0.722417 0.746030
vt 0.712620 0.712387
vt 0.795125 0.840772
vt 0.795125 0.840772
vt 0.828004 0.853155
vt 0.840924 0.854145
vt 0.843041 0.843688
vt 0.834383 0.832322
vt 0.834383 0.832322
vt 0.845522 0.832642
vt 0.796629 0.886231
vt 0.809754 0.887140
vt 0.845522 0.832642
vt 0.834383 0.832322
vt 0.764879 0.868550
vt 0.764879 0.868550
vt 0.764246 0.876797
vt 0.764246 0.876797
vt 0.796885 0.870843
vt 0.796885 0.870843
vt 0.809754 0.887140
vt 0.814110 0.831515
vt 0.821666 0.859030
vt 0.792132 0.884174
vt 0.814110 0.831515
vt 0.780823 0.859855
vt 0.780823 0.859855
vt 0.814110 0.831515
vt 0.796543 0.780712
vt 0.784411 0.781233
vt 0.801140 0.860286
vt 0.803957 0.802331
vt 0.796818 0.802681
vt 0.796818 0.802681
vt 0.778681 0.781166
vt 0.772449 0.782959
vt 0.772449 0.782959
vt 0.744810 0.778242
vt 0.744810 0.778242
vt 0.745058 0.806772
vt 0.745058 0.806772
vt 0.744878 0.786027
vt 0.796818 0.802681
vt 0.803957 0.802331
vt 0.796855 0.805678
vt 0.795374 0.802768
vt 0.792217 0.805776
vt 0.732675 0.794525
vt 0.739231 0.785728
vt 0.744878 0.786027
vt 0.745058 0.806772
vt 0.732164 0.807045
vt 0.792217 0.805776
vt 0.795374 0.802768
vt 0.789743 0.822067
vt 0.751236 0.769619
vt 0.745448 0.770408
vt 0.745448 0.770408
vt 0.749274 0.772252
vt 0.768013 0.806287
vt 0.756136 0.806538
vt 0.795374 0.802768
vt 0.792217 0.805776
vt 0.733790 0.785416
vt 0.772233 0.783189
vt 0.768367 0.790599
vt 0.772233 0.783189
vt 0.768367 0.790599
vt 0.739231 0.785728
vt 0.733790 0.785416
vt 0.772449 0.782959
vt 0.772233 0.783189
vt 0.768367 0.790599
vt 0.731828 0.829308
vt 0.731828 0.829308
vt 0.754241 0.830395
vt 0.754241 0.830395
vt 0.729537 0.869966
vt 0.724904 0.829859
vt 0.767577 0.820667
vt 0.768013 0.806287
vt 0.809145 0.842058
vt 0.797192 0.840987
vt 0.795554 0.860169
vt 0.795554 0.860169
vt 0.797064 0.860083
vt 0.797064 0.860083
vt 0.743065 0.849300
vt 0.743065 0.849300
vt 0.740834 0.859258
vt 0.740834 0.859258
vt 0.754241 0.830395
vt 0.753795 0.846218
vt 0.753795 0.846218
vt 0.756136 0.806538
vt 0.785214 0.821781
vt 0.765625 0.848841
vt 0.765625 0.848841
vt 0.795125 0.840772
vt 0.788017 0.840065
vt 0.801140 0.860286
vt 0.770915 0.893401
vt 0.770915 0.893401
vt 0.783572 0.893644
vt 0.783572 0.893644
vt 0.766019 0.892292
vt 0.766019 0.892292
vt 0.761715 0.909568
vt 0.761729 0.909559
vt 0.763449 0.909332
vt 0.795554 0.860169
vt 0.752125 0.889640
vt 0.752125 0.889640
vt 0.753274 0.878268
vt 0.753274 0.878268
vt 0.786194 0.889444
vt 0.786194 0.889444
vt 0.742904 0.888411
vt 0.746704 0.889771
vt 0.764879 0.868550
vt 0.767599 0.861676
vt 0.767599 0.861676
vt 0.742177 0.903763
vt 0.741698 0.871430
vt 0.740834 0.859258
vt 0.765625 0.848841
vt 0.731828 0.829308
vt 0.741698 0.871430
vt 0.780823 0.859855
vt 0.773759 0.919431
vt 0.793679 0.922965
vt 0.753274 0.878268
vt 0.752125 0.889640
vt 0.764246 0.876797
vt 0.767599 0.861676
vt 0.797261 0.848196
vt 0.761729 0.909559
vt 0.763449 0.909332
vt 0.787511 0.886521
vt 0.787511 0.886521
vt 0.792132 0.884174
vt 0.748015 0.907222
vt 0.761715 0.909568
vt 0.748434 0.905431
vt 0.753795 0.846218
vt 0.783572 0.893644
vt 0.832305 0.926315
vt 0.786194 0.889444
vt 0.787511 0.886521
vt 0.796571 0.889683
vt 0.795014 0.907610
vt 0.788727 0.908599
vt 0.764246 0.876797
vt 0.793871 0.886332
vt 0.772913 0.889138
vt 0.765975 0.889306
vt 0.765975 0.889306
vt 0.765975 0.889306
vt 0.766019 0.892292
vt 0.748015 0.907222
vt 0.748434 0.905431
vt 0.770915 0.893401
vt 0.783572 0.893644
vt 0.775315 0.908988
vt 0.753795 0.846218
vt 0.753220 0.849093
vt 0.780823 0.859855
vt 0.743594 0.847492
vt 0.743594 0.847492
vt 0.726390 0.849640
vt 0.743596 0.847429
vt 0.743594 0.847492
vt 0.743065 0.849300
vt 0.785871 0.521959
vt 0.809298 0.523246
vt 0.808558 0.499935
vt 0.786333 0.499783
vt 0.734381 0.321624
vt 0.734194 0.317816
vt 0.711598 0.318548
vt 0.712158 0.322888
vt 0.712175 0.519311
vt 0.711558 0.523594
vt 0.734183 0.524383
vt 0.734374 0.520574
vt 0.691306 0.473376
vt 0.685558 0.474388
vt 0.685907 0.500953
vt 0.691633 0.499014
vt 0.785942 0.524768
vt 0.810908 0.525958
vt 0.809300 0.318950
vt 0.808609 0.342268
vt 0.735023 0.343472
vt 0.696708 0.328918
vt 0.691859 0.343263
vt 0.808573 0.368775
vt 0.735212 0.369260
vt 0.691334 0.369608
vt 0.810907 0.316235
vt 0.692383 0.325430
vt 0.689029 0.333889
vt 0.686034 0.341445
vt 0.696692 0.513048
vt 0.692426 0.516587
vt 0.705568 0.320707
vt 0.735065 0.498762
vt 0.735222 0.473140
vt 0.735260 0.447181
vt 0.691133 0.447302
vt 0.735271 0.421207
vt 0.691141 0.421646
vt 0.735273 0.395247
vt 0.691189 0.395797
vt 0.808531 0.473499
vt 0.808552 0.447310
vt 0.808570 0.421163
vt 0.808576 0.395003
vt 0.685569 0.368632
vt 0.685483 0.395321
vt 0.685445 0.421620
vt 0.685450 0.431297
vt 0.685459 0.447762
vt 0.685518 0.463569
vt 0.765364 0.521414
vt 0.765275 0.524564
vt 0.786581 0.395011
vt 0.786519 0.368809
vt 0.766109 0.368937
vt 0.766203 0.395052
vt 0.786596 0.421153
vt 0.766229 0.421152
vt 0.786576 0.447283
vt 0.766212 0.447239
vt 0.786507 0.473453
vt 0.766120 0.473326
vt 0.765853 0.499421
vt 0.786346 0.342452
vt 0.765833 0.342817
vt 0.785862 0.320267
vt 0.765345 0.320824
vt 0.765257 0.317675
vt 0.785931 0.317456
vt 0.951111 0.029089
vt 0.960066 0.028873
vt 0.909293 0.190699
vt 0.909293 0.190699
vt 0.791492 0.126947
vt 0.791492 0.126947
vt 0.799288 0.061379
vt 0.799288 0.061379
vt 0.954389 0.060611
vt 0.807554 0.182558
vt 0.800466 0.184797
vt 0.763624 0.183374
vt 0.965922 0.100871
vt 0.949578 0.172291
vt 0.949578 0.172291
vt 0.793363 0.029045
vt 0.815349 0.182840
vt 0.909257 0.190696
vt 0.909257 0.190696
vt 0.815349 0.182840
vt 0.836703 0.210764
vt 0.836703 0.210764
vt 0.831299 0.210360
vt 0.807554 0.182558
vt 0.954545 0.130619
vt 0.965048 0.131120
vt 0.954545 0.130619
vt 0.789675 0.092713
vt 0.782618 0.109813
vt 0.924468 0.218242
vt 0.836703 0.210764
vt 0.924468 0.218242
vt 0.954815 0.078237
vt 0.799362 0.076633
vt 0.799362 0.076633
vt 0.954815 0.078237
vt 0.801099 0.126881
vt 0.801099 0.126881
vt 0.959806 0.172867
vt 0.824571 0.196872
vt 0.935547 0.204831
vt 0.824571 0.196872
vt 0.790754 0.119052
vt 0.789662 0.076219
vt 0.817826 0.196465
vt 0.965348 0.077898
vt 0.953490 0.187150
vt 0.956386 0.180602
vt 0.959806 0.172867
vt 0.943703 0.205530
vt 0.789657 0.068563
vt 0.955661 0.113272
vt 0.966250 0.114002
vt 0.955661 0.113272
vt 0.965048 0.131120
vt 0.965649 0.122561
vt 0.801802 0.135385
vt 0.792281 0.135401
vt 0.953047 0.047710
vt 0.919075 0.046584
vt 0.852311 0.219565
vt 0.848795 0.219248
vt 0.952323 0.165143
vt 0.949578 0.172291
vt 0.954602 0.069424
vt 0.965122 0.068862
vt 0.789657 0.068563
vt 0.799325 0.069006
vt 0.789662 0.076219
vt 0.789687 0.107621
vt 0.799513 0.107660
vt 0.799793 0.111063
vt 0.790017 0.111158
vt 0.793857 0.152270
vt 0.806235 0.160057
vt 0.797387 0.160076
vt 0.909538 0.224796
vt 0.924468 0.218242
vt 0.801734 0.029102
vt 0.913341 0.225181
vt 0.930289 0.218863
vt 0.955661 0.113272
vt 0.801564 0.024397
vt 0.951329 0.024112
vt 0.794244 0.025345
vt 0.958929 0.025506
vt 0.866291 0.228136
vt 0.817912 0.189248
vt 0.938415 0.201360
vt 0.824571 0.196872
vt 0.789675 0.092713
vt 0.799442 0.093036
vt 0.955337 0.099840
vt 0.965922 0.100871
vt 0.966250 0.114002
vt 0.924333 0.097029
vt 0.867918 0.228366
vt 0.801403 0.168956
vt 0.809760 0.168871
vt 0.799288 0.061379
vt 0.789651 0.060907
vt 0.830637 0.203818
vt 0.824563 0.203412
vt 0.955103 0.121946
vt 0.954545 0.130619
vt 0.930008 0.211536
vt 0.936996 0.212197
vt 0.946580 0.180098
vt 0.812814 0.176503
vt 0.804832 0.176487
vt 0.807554 0.182558
vt 0.790754 0.119052
vt 0.800446 0.118972
vt 0.801099 0.126881
vt 0.791492 0.126947
vt 0.953383 0.148675
vt 0.963771 0.149294
vt 0.963212 0.157263
vt 0.952869 0.156667
vt 0.802509 0.143947
vt 0.803215 0.152510
vt 0.793069 0.143836
vt 0.793857 0.152270
vt 0.799362 0.076633
vt 0.954815 0.078237
vt 0.965348 0.077898
vt 0.962973 0.047501
vt 0.964106 0.054763
vt 0.953832 0.055252
vt 0.791736 0.043012
vt 0.800656 0.043332
vt 0.799995 0.052056
vt 0.790756 0.051422
vt 0.851981 0.043550
vt 0.930289 0.218863
vt 0.789651 0.060907
vt 0.831299 0.210360
vt 0.815349 0.182840
vt 0.909257 0.190696
vt 0.909293 0.190699
vt 0.964896 0.059825
vt 0.943661 0.187699
vt 0.964331 0.141326
vt 0.953897 0.140683
vt 0.225600 0.734934
vt 0.224094 0.734310
vt 0.223470 0.732804
vt 0.223470 0.713502
vt 0.223470 0.694200
vt 0.223470 0.674898
vt 0.224094 0.673391
vt 0.225600 0.672767
vt 0.244902 0.672767
vt 0.264204 0.672767
vt 0.283506 0.672767
vt 0.285013 0.673391
vt 0.285637 0.674898
vt 0.285637 0.694200
vt 0.285637 0.713502
vt 0.285637 0.732804
vt 0.285013 0.734310
vt 0.283506 0.734934
vt 0.264204 0.734934
vt 0.244902 0.734934
vt 0.265288 0.752494
vt 0.265288 0.772684
vt 0.254958 0.765579
vt 0.256219 0.758682
vt 0.221737 0.808062
vt 0.221810 0.806467
vt 0.121810 0.806467
vt 0.121737 0.808062
vt 0.223270 0.769104
vt 0.223372 0.750529
vt 0.123372 0.750529
vt 0.123270 0.769104
vt 0.236700 0.779050
vt 0.229294 0.771489
vt 0.239844 0.764281
vt 0.243738 0.765823
vt 0.221738 0.842018
vt 0.121738 0.842018
vt 0.222720 0.710156
vt 0.221814 0.691548
vt 0.121814 0.691548
vt 0.122720 0.710156
vt 0.223375 0.748926
vt 0.223376 0.747324
vt 0.123376 0.747324
vt 0.123375 0.748926
vt 0.257527 0.778918
vt 0.251778 0.766532
vt 0.223377 0.899384
vt 0.223263 0.880812
vt 0.123263 0.880812
vt 0.123377 0.899384
vt 0.221738 0.960123
vt 0.221810 0.958527
vt 0.121810 0.958527
vt 0.121738 0.960123
vt 0.223262 0.728752
vt 0.123262 0.728752
vt 0.221737 0.689958
vt 0.121737 0.689958
vt 0.222663 0.787766
vt 0.122663 0.787766
vt 0.223373 0.902589
vt 0.223375 0.900986
vt 0.123375 0.900986
vt 0.123373 0.902589
vt 0.121844 0.769104
vt 0.122451 0.787766
vt 0.121739 0.900986
vt 0.121741 0.902589
vt 0.121737 0.899384
vt 0.221737 0.899384
vt 0.221739 0.900986
vt 0.122394 0.710156
vt 0.121852 0.728752
vt 0.221844 0.769104
vt 0.222451 0.787766
vt 0.123304 0.806467
vt 0.221741 0.902589
vt 0.123377 0.689958
vt 0.123300 0.691548
vt 0.222394 0.710156
vt 0.221852 0.728752
vt 0.121738 0.747324
vt 0.223304 0.806466
vt 0.123304 0.958527
vt 0.123376 0.960123
vt 0.223377 0.689958
vt 0.223300 0.691548
vt 0.122394 0.862216
vt 0.121851 0.880812
vt 0.221738 0.747324
vt 0.121739 0.748926
vt 0.121742 0.750529
vt 0.223304 0.958527
vt 0.223376 0.960123
vt 0.222394 0.862216
vt 0.221851 0.880812
vt 0.121843 0.921165
vt 0.221740 0.748926
vt 0.221742 0.750529
vt 0.221843 0.921165
vt 0.123376 0.842018
vt 0.123299 0.843608
vt 0.122451 0.939826
vt 0.223376 0.842018
vt 0.223299 0.843608
vt 0.123377 0.808062
vt 0.222451 0.939826
vt 0.223377 0.808062
vt 0.151042 0.921169
vt 0.151086 0.913134
vt 0.123271 0.921165
vt 0.150067 0.947899
vt 0.150435 0.939830
vt 0.122663 0.939826
vt 0.182106 0.947899
vt 0.183126 0.913134
vt 0.183082 0.921163
vt 0.223271 0.921165
vt 0.182474 0.939825
vt 0.222663 0.939826
vt 0.252150 0.757330
vt 0.245318 0.756739
vt 0.241573 0.757304
vt 0.259052 0.746174
vt 0.252171 0.757226
vt 0.230257 0.748382
vt 0.239632 0.741720
vt 0.245318 0.756643
vt 0.165510 0.711341
vt 0.165510 0.710563
vt 0.186324 0.710563
vt 0.186324 0.711341
vt 0.165510 0.712898
vt 0.165510 0.712120
vt 0.186324 0.712119
vt 0.186324 0.712898
vt 0.165510 0.714455
vt 0.165510 0.713676
vt 0.186324 0.713676
vt 0.186324 0.714454
vt 0.165510 0.709785
vt 0.186324 0.709785
vt 0.165510 0.711341
vt 0.165510 0.710563
vt 0.186324 0.710563
vt 0.186324 0.711341
vt 0.165510 0.712898
vt 0.165510 0.712120
vt 0.186324 0.712119
vt 0.186324 0.712898
vt 0.165510 0.714455
vt 0.165510 0.713676
vt 0.186324 0.713676
vt 0.186324 0.714454
vt 0.165510 0.709785
vt 0.186324 0.709785
vt 0.165510 0.711341
vt 0.165510 0.710563
vt 0.186324 0.710563
vt 0.186324 0.711341
vt 0.165510 0.712898
vt 0.165510 0.712120
vt 0.186324 0.712119
vt 0.186324 0.712898
vt 0.165510 0.714455
vt 0.165510 0.713676
vt 0.186324 0.713676
vt 0.186324 0.714454
vt 0.165510 0.709785
vt 0.186324 0.709785
vt 0.165510 0.711341
vt 0.165510 0.710563
vt 0.186324 0.710563
vt 0.186324 0.711341
vt 0.165510 0.712898
vt 0.165510 0.712120
vt 0.186324 0.712119
vt 0.186324 0.712898
vt 0.165510 0.714455
vt 0.165510 0.713676
vt 0.186324 0.713676
vt 0.186324 0.714454
vt 0.165510 0.709785
vt 0.186324 0.709785
vn 0.2156 -0.0484 0.9753
vn 0.1661 -0.0085 0.9861
vn 0.0164 0.0113 0.9998
vn 0.0171 -0.0061 0.9998
vn 0.1823 -0.1239 0.9754
vn 0.1782 -0.1087 0.9780
vn -0.1954 -0.1030 0.9753
vn -0.1894 -0.1218 0.9743
vn 0.0163 -0.0460 -0.9988
vn 0.0146 -0.0499 -0.9986
vn 0.1654 -0.0350 -0.9856
vn 0.1943 -0.0475 -0.9798
vn -0.0377 -0.9751 0.2187
vn -0.1715 -0.9711 0.1657
vn -0.0519 -0.9970 0.0576
vn -0.0251 -0.9980 0.0575
vn -0.1944 -0.0466 -0.9798
vn -0.1646 -0.0362 -0.9857
vn -0.0123 -0.0521 -0.9986
vn -0.0172 -0.0474 -0.9987
vn -0.9998 -0.0116 0.0137
vn -0.9998 -0.0142 0.0169
vn -0.9778 -0.0434 -0.2049
vn -0.9820 -0.0360 -0.1854
vn -0.2286 -0.9728 0.0378
vn -0.0522 -0.9984 0.0224
vn -0.2086 -0.0549 0.9764
vn -0.1666 -0.0108 0.9859
vn -0.6519 -0.0515 0.7565
vn -0.7123 -0.0563 0.6996
vn -0.9768 -0.0136 0.2137
vn -0.9828 -0.0089 0.1843
vn -0.1638 -0.9713 -0.1726
vn -0.0337 -0.9731 -0.2280
vn -0.0220 -0.9980 -0.0594
vn -0.0470 -0.9971 -0.0595
vn -0.1948 -0.9808 -0.0013
vn -0.2232 -0.9741 -0.0372
vn -0.0481 -0.9986 -0.0217
vn -0.0137 -0.9999 -0.0015
vn 0.1638 -0.9713 -0.1726
vn 0.2232 -0.9741 -0.0372
vn 0.0481 -0.9986 -0.0217
vn 0.0470 -0.9971 -0.0595
vn 0.0011 -0.9809 -0.1946
vn 0.0337 -0.9731 -0.2280
vn 0.0220 -0.9980 -0.0593
vn 0.0015 -0.9998 -0.0204
vn 0.1726 -0.9709 0.1660
vn 0.0381 -0.9750 0.2188
vn 0.0254 -0.9980 0.0576
vn 0.0525 -0.9969 0.0578
vn 0.1968 -0.9804 0.0031
vn 0.2295 -0.9725 0.0381
vn 0.0526 -0.9984 0.0225
vn 0.0179 -0.9998 0.0035
vn 0.9583 -0.1955 -0.2084
vn 0.9781 0.0074 -0.2082
vn 1.0000 0.0040 0.0017
vn 0.9811 -0.1933 0.0041
vn 0.6984 -0.0457 0.7142
vn 0.6967 0.0042 0.7173
vn 0.9811 0.0002 0.1934
vn 0.9811 -0.0286 0.1913
vn 0.1864 -0.0429 0.9815
vn 0.1829 0.0010 0.9831
vn 0.6793 -0.0443 -0.7325
vn 0.6816 -0.0013 -0.7317
vn 0.1744 -0.0148 -0.9846
vn 0.1759 -0.0571 -0.9827
vn 0.9769 -0.0148 -0.2130
vn -0.6792 -0.0445 -0.7326
vn -0.6816 -0.0014 -0.7317
vn -0.9781 0.0072 -0.2082
vn -0.9769 -0.0153 -0.2130
vn -0.1760 -0.0570 -0.9827
vn -0.1744 -0.0148 -0.9846
vn -0.9599 -0.2001 0.1961
vn -0.9812 0.0014 0.1927
vn -0.9999 -0.0024 -0.0083
vn -0.9800 -0.1986 -0.0090
vn -0.0016 -0.9826 0.1856
vn -0.0021 -0.9998 0.0192
vn -0.6693 -0.2103 -0.7126
vn -0.9583 -0.1956 -0.2084
vn -0.1762 -0.2063 -0.9625
vn 0.0029 -0.2073 0.9782
vn 0.0015 -0.0094 0.9999
vn -0.1823 -0.0009 0.9832
vn -0.1843 -0.2052 0.9612
vn 0.9995 0.0041 -0.0326
vn 0.9993 0.0193 -0.0318
vn 0.9887 0.0087 0.1494
vn 0.9875 -0.0175 0.1567
vn 0.1849 -0.2046 0.9612
vn 0.6811 -0.2094 0.7016
vn 0.0016 -0.9826 0.1856
vn 0.0021 -0.9998 0.0192
vn 0.1948 -0.9808 -0.0013
vn 0.0137 -0.9999 -0.0015
vn -0.0011 -0.9809 -0.1946
vn -0.0015 -0.9998 -0.0204
vn 0.9602 -0.1985 0.1965
vn -0.1964 -0.9805 0.0029
vn -0.0177 -0.9998 0.0034
vn 0.6693 -0.2103 -0.7126
vn 0.1762 -0.2063 -0.9625
vn -0.9811 -0.1933 0.0041
vn -1.0000 0.0040 0.0017
vn -0.0008 1.0000 -0.0015
vn 0.0005 0.7111 0.7030
vn -0.2440 0.6877 0.6838
vn -0.1658 0.9861 -0.0012
vn 0.0011 -0.0244 -0.9997
vn 0.0027 -0.2086 -0.9780
vn -0.0018 0.0005 1.0000
vn -0.0072 0.0164 0.9998
vn -0.7015 -0.0584 -0.7102
vn -0.6409 -0.0521 -0.7658
vn 0.9779 -0.0380 -0.2053
vn 0.9815 -0.0314 -0.1886
vn 0.7009 -0.0558 -0.7110
vn 0.6446 -0.0500 -0.7629
vn 0.7347 -0.0351 0.6775
vn 0.6670 -0.0266 0.7445
vn 0.9845 0.0146 0.1749
vn -0.7008 -0.0759 0.7093
vn -0.9818 -0.0152 0.1890
vn -0.9999 -0.0092 0.0101
vn -0.9792 -0.0339 -0.1997
vn -0.9998 0.0083 -0.0141
vn -0.9998 0.0064 -0.0157
vn 0.0013 -0.0721 -0.9974
vn 0.0008 -0.0502 -0.9987
vn 0.1795 -0.0737 -0.9810
vn 0.9999 -0.0023 -0.0099
vn 0.9999 0.0052 -0.0090
vn 0.9998 0.0109 -0.0171
vn 0.9998 0.0005 -0.0183
vn -0.1791 -0.0711 -0.9812
vn -0.0020 -0.0490 -0.9988
vn -0.0024 -0.0689 -0.9976
vn 0.0499 -0.0453 0.9977
vn -0.1864 -0.0951 0.9778
vn 0.0000 -0.2142 0.9768
vn 0.0002 -0.0124 0.9999
vn -0.0011 -0.0244 -0.9997
vn -0.0027 -0.2086 -0.9780
vn 0.0000 -0.2153 -0.9765
vn 0.0000 -0.0281 -0.9996
vn 0.0000 -1.0000 0.0000
vn 0.0000 -0.9837 0.1796
vn 1.0000 -0.0004 -0.0001
vn 0.9790 -0.2039 0.0000
vn 0.0000 -0.9820 -0.1890
vn 0.0008 -0.0450 0.9990
vn 0.0012 -0.0421 0.9991
vn -0.0012 -0.0075 1.0000
vn 0.0005 -0.0392 0.9992
vn 0.0000 -0.0572 -0.9984
vn -0.0001 -0.0571 -0.9984
vn -0.0028 -0.2070 0.9783
vn 0.0024 0.0185 0.9998
vn 0.0128 -0.0008 0.9999
vn 0.0107 0.0033 0.9999
vn 0.0048 0.0176 0.9998
vn 0.0074 0.0161 0.9998
vn 0.0110 -0.0033 0.9999
vn 0.0003 -0.0576 -0.9983
vn 0.0020 -0.0622 -0.9980
vn -0.0019 -0.0479 -0.9988
vn 0.0406 -0.0906 0.9951
vn 0.0169 -0.2119 0.9771
vn -0.0360 -0.0979 0.9945
vn 0.2040 -0.0909 0.9747
vn -0.1599 -0.0948 0.9825
vn -0.1770 -0.1055 -0.9785
vn -0.0011 -0.1060 -0.9944
vn 0.6921 -0.7136 0.1082
vn 0.7098 -0.6009 0.3674
vn 0.9525 -0.2627 0.1537
vn 0.9464 -0.3197 0.0444
vn 0.0006 -0.1075 -0.9942
vn 0.1770 -0.1068 -0.9784
vn -0.9999 -0.0068 0.0070
vn -0.9779 -0.0332 -0.2065
vn -0.6982 -0.0887 0.7103
vn -0.9817 -0.0239 0.1887
vn -0.6855 -0.0741 -0.7243
vn 0.9790 -0.0303 -0.2017
vn 0.6855 -0.0725 -0.7244
vn 0.7246 -0.0716 0.6854
vn -0.8460 -0.2650 0.4626
vn -0.9289 -0.0418 0.3679
vn -0.8760 -0.0526 0.4793
vn -0.7327 -0.2806 0.6200
vn 0.9777 -0.0310 -0.2075
vn 0.9999 -0.0075 0.0074
vn 1.0000 -0.0056 0.0052
vn 1.0000 -0.0031 -0.0013
vn 1.0000 -0.0031 -0.0015
vn 0.0021 -0.5945 0.8041
vn 0.0029 -0.8484 0.5293
vn -0.1819 -0.8333 0.5219
vn -0.1917 -0.5886 0.7854
vn 0.9999 -0.0096 0.0101
vn 1.0000 -0.0028 -0.0004
vn 1.0000 -0.0024 -0.0063
vn 1.0000 0.0020 -0.0061
vn 1.0000 -0.0023 -0.0062
vn 1.0000 -0.0044 -0.0054
vn 0.9994 -0.0108 -0.0313
vn 0.9856 -0.0426 0.1638
vn 0.1869 -0.9824 0.0001
vn 0.1855 -0.9826 0.0000
vn 0.0002 -1.0000 0.0001
vn 0.1851 -0.9827 0.0001
vn 0.1859 -0.9825 0.0003
vn 0.0005 -1.0000 0.0003
vn 0.0002 -1.0000 0.0002
vn 1.0000 -0.0011 -0.0003
vn 0.9786 -0.2055 0.0000
vn 0.8392 0.3818 0.3873
vn 0.6599 0.7513 -0.0021
vn 0.9737 0.2278 -0.0013
vn 0.9783 0.2070 0.0017
vn 0.9670 0.2109 0.1426
vn -0.1878 -0.9822 0.0006
vn -0.1857 -0.9826 0.0002
vn -0.0004 -1.0000 0.0003
vn -0.0011 -1.0000 0.0006
vn 0.9927 -0.0027 0.1201
vn 0.9979 0.0447 0.0458
vn 1.0000 -0.0020 -0.0015
vn 0.9998 -0.0117 0.0125
vn 1.0000 -0.0029 0.0006
vn 1.0000 0.0005 -0.0051
vn 1.0000 -0.0001 -0.0057
vn -0.0019 0.7071 -0.7071
vn -0.0031 1.0000 -0.0028
vn -0.1679 0.9858 -0.0022
vn -0.2427 0.6826 -0.6893
vn -0.9785 -0.2061 -0.0019
vn -1.0000 -0.0027 -0.0034
vn -1.0000 -0.0008 -0.0014
vn -0.9785 -0.2062 -0.0008
vn -0.9999 0.0016 -0.0091
vn -0.9999 0.0030 -0.0084
vn -1.0000 0.0009 -0.0033
vn -1.0000 0.0005 -0.0036
vn 0.9991 0.0257 -0.0320
vn 0.9999 0.0076 -0.0084
vn 0.9997 0.0150 -0.0163
vn 1.0000 -0.0009 -0.0005
vn 1.0000 0.0034 -0.0056
vn 0.0012 0.0020 1.0000
vn -0.1581 0.0024 0.9874
vn -1.0000 -0.0002 0.0004
vn -1.0000 -0.0002 0.0006
vn -1.0000 -0.0022 0.0035
vn -1.0000 -0.0017 0.0025
vn 1.0000 -0.0020 -0.0011
vn 1.0000 -0.0034 -0.0035
vn -0.9999 0.0040 -0.0072
vn -1.0000 0.0013 -0.0027
vn -0.9998 0.0028 -0.0165
vn -1.0000 -0.0003 0.0008
vn -1.0000 -0.0025 0.0047
vn -1.0000 0.0001 -0.0006
vn -1.0000 0.0001 -0.0007
vn -0.1851 -0.9827 0.0001
vn -0.0002 -1.0000 0.0001
vn -0.6804 -0.2108 0.7018
vn -0.6962 0.0039 0.7178
vn -0.1868 -0.9824 0.0001
vn -0.9790 -0.2040 0.0000
vn -1.0000 -0.0001 0.0000
vn -0.1855 -0.9826 0.0000
vn -1.0000 -0.0001 -0.0003
vn -0.9785 -0.2062 -0.0002
vn -0.9998 0.0084 -0.0139
vn 0.9975 0.0441 -0.0558
vn 0.9908 -0.0117 -0.1350
vn -1.0000 0.0015 -0.0025
vn -1.0000 0.0002 -0.0005
vn -0.9786 -0.2056 0.0000
vn -1.0000 0.0000 0.0000
vn -0.9999 0.0048 -0.0067
vn -0.9810 -0.0193 0.1930
vn -0.9999 -0.0059 -0.0104
vn -1.0000 -0.0003 0.0010
vn -1.0000 -0.0028 0.0056
vn -1.0000 -0.0007 -0.0023
vn -1.0000 -0.0001 -0.0005
vn -0.0004 -0.1075 -0.9942
vn -0.0000 -0.0968 -0.9953
vn -0.0003 -0.0963 -0.9953
vn -0.9999 -0.0005 -0.0081
vn -1.0000 -0.0002 -0.0033
vn -1.0000 -0.0001 0.0002
vn -1.0000 -0.0011 0.0014
vn -1.0000 -0.0000 -0.0007
vn -1.0000 -0.0041 0.0037
vn -1.0000 -0.0014 0.0009
vn -1.0000 -0.0004 0.0004
vn 1.0000 -0.0034 0.0028
vn 1.0000 -0.0012 0.0007
vn 0.9771 -0.0260 -0.2113
vn -0.1856 0.8711 0.4546
vn 0.0067 0.9267 0.3757
vn 0.0068 0.8702 0.4925
vn -0.1943 0.7629 0.6166
vn -0.6977 -0.0734 0.7126
vn -0.9816 -0.0258 0.1889
vn -0.6964 -0.0411 0.7164
vn -0.1850 -0.0473 0.9816
vn -0.9771 -0.0272 -0.2110
vn -0.9999 -0.0015 -0.0153
vn 0.0002 -0.0967 -0.9953
vn 0.1758 -0.0949 -0.9798
vn -0.1760 -0.0945 -0.9798
vn -0.0011 -0.0720 -0.9974
vn -0.0011 0.0431 0.9991
vn -0.1840 0.0407 0.9821
vn -0.0020 0.0512 0.9987
vn -0.5413 -0.6345 0.5517
vn -0.4216 -0.5282 0.7370
vn -0.6803 -0.0866 -0.7278
vn 0.6805 -0.0857 -0.7277
vn 0.1982 -0.1129 0.9736
vn 0.7154 -0.0995 0.6916
vn 0.2072 0.8646 0.4577
vn 0.2160 0.7494 0.6258
vn 0.9999 -0.0067 -0.0052
vn 0.9999 -0.0071 -0.0046
vn 1.0000 -0.0049 -0.0036
vn -0.0530 -0.9957 -0.0757
vn 0.1590 -0.9482 -0.2750
vn 0.0615 -0.2971 -0.9528
vn -0.0531 -0.7672 -0.6392
vn 0.0012 -1.0000 0.0007
vn -1.0000 -0.0000 0.0001
vn -1.0000 -0.0023 -0.0056
vn 0.0018 -0.2281 0.9736
vn -0.1841 -0.2102 0.9601
vn -0.7846 0.1946 0.5885
vn -0.4900 0.4649 0.7374
vn -0.3458 0.2962 0.8903
vn -0.3728 0.0763 0.9248
vn -0.6787 -0.0733 -0.7307
vn 0.6788 -0.0728 -0.7306
vn 0.1903 -0.0884 0.9777
vn 0.7049 -0.0849 0.7042
vn 0.9832 -0.0459 0.1764
vn 0.9994 -0.0212 -0.0273
vn 0.9994 -0.0175 -0.0292
vn 0.7462 -0.5506 -0.3740
vn 0.7046 -0.6948 -0.1442
vn 0.9521 -0.2970 -0.0722
vn 0.9607 -0.2257 -0.1616
vn 0.9775 0.2105 -0.0072
vn 0.9980 0.0627 -0.0096
vn 0.9801 -0.1981 -0.0085
vn 0.9785 -0.2061 -0.0017
vn 0.9735 0.2286 -0.0035
vn 0.7147 -0.1549 0.6821
vn 0.6510 -0.0005 0.7591
vn 0.9361 -0.0023 0.3518
vn 0.9558 -0.0702 0.2855
vn -0.7071 0.7071 0.0000
vn -0.9734 0.2289 0.0003
vn -0.9961 0.0639 0.0612
vn 0.1881 -0.9821 0.0008
vn 0.1960 0.1197 -0.9732
vn 0.1886 0.1202 -0.9747
vn 0.1962 0.0993 -0.9755
vn 0.2030 0.1027 -0.9738
vn 0.7011 -0.0985 -0.7062
vn 0.7492 -0.3470 -0.5641
vn 0.9598 -0.1470 -0.2391
vn 0.9504 -0.0546 -0.3060
vn -0.2029 0.0514 -0.9778
vn -0.0045 0.0200 -0.9998
vn -0.0044 0.0061 -1.0000
vn -0.0826 0.0276 -0.9962
vn -0.0127 0.0092 -0.9998
vn -0.0099 0.0070 -0.9999
vn -0.0216 -0.1666 -0.9858
vn -0.0278 -0.1702 -0.9850
vn -0.0801 0.0470 0.9957
vn -0.0004 0.0656 0.9978
vn 0.0003 0.7091 -0.7051
vn 0.1404 0.6698 -0.7291
vn 0.1861 0.0150 -0.9824
vn -0.0002 0.0139 -0.9999
vn 0.1838 0.0396 0.9821
vn 0.0039 0.0517 0.9986
vn 0.0005 0.0669 0.9977
vn 0.0807 0.0471 0.9956
vn 0.9998 0.0120 -0.0105
vn 0.9808 0.0313 0.1924
vn 0.9712 0.0318 0.2362
vn 0.9998 0.0138 -0.0131
vn 0.0017 1.0000 -0.0014
vn 0.0042 1.0000 -0.0013
vn 0.5401 0.6310 -0.5568
vn -0.5309 -0.6477 -0.5465
vn -0.6744 -0.7024 -0.2273
vn -0.5243 -0.8201 -0.2289
vn -0.4107 -0.7360 -0.5380
vn 0.7839 0.6208 -0.0002
vn -0.2365 -0.1257 0.9634
vn -0.0698 0.7229 -0.6873
vn 0.3589 0.5189 -0.7758
vn -0.5819 -0.5511 0.5980
vn -0.5033 -0.5871 0.6340
vn -0.0209 -0.2382 0.9710
vn -0.1302 -0.1486 0.9803
vn -0.5408 -0.5431 -0.6423
vn -0.6198 -0.4960 -0.6081
vn -0.1858 -0.1615 -0.9692
vn -0.0669 -0.2461 -0.9669
vn -0.4174 -0.9015 -0.1138
vn -0.3321 -0.9190 -0.2124
vn 0.3880 -0.8780 -0.2803
vn 0.3178 -0.9422 -0.1059
vn -0.3440 0.2019 0.9170
vn 0.2162 0.9664 0.1389
vn 0.1618 0.6446 -0.7472
vn -0.1635 0.8094 -0.5640
vn -0.0024 -0.9666 -0.2561
vn -0.0045 -0.8209 -0.5710
vn -0.0000 0.9449 -0.3271
vn -0.0002 0.9052 -0.4249
vn 0.2712 0.5424 -0.7951
vn 0.4167 0.8615 -0.2900
vn 0.5072 0.8541 -0.1151
vn 0.2387 0.5810 -0.7781
vn 0.6841 0.2095 -0.6987
vn -0.1163 -0.3549 -0.9276
vn -0.1729 -0.3410 -0.9240
vn 0.1988 0.0595 -0.9782
vn 0.7070 0.0526 -0.7053
vn 0.5639 0.0483 -0.8244
vn 0.0757 0.0301 -0.9966
vn 0.9813 0.0081 -0.1924
vn 0.9690 0.0054 -0.2470
vn 0.1776 0.0363 0.9834
vn 0.6810 0.0277 0.7317
vn 0.5269 0.6388 0.5606
vn 0.1310 0.6797 0.7217
vn 0.9770 0.0085 0.2130
vn 0.7306 0.6647 0.1563
vn -0.9770 0.0085 0.2130
vn -0.6810 0.0276 0.7317
vn -0.5269 0.6388 0.5606
vn -0.7306 0.6647 0.1563
vn -0.1776 0.0363 0.9834
vn -0.1310 0.6797 0.7217
vn -0.1865 0.0134 -0.9823
vn -0.6959 0.0155 -0.7180
vn -0.5405 0.6309 -0.5565
vn -0.1409 0.6694 -0.7294
vn -0.9797 0.0115 -0.2002
vn -0.7326 0.6637 -0.1507
vn 0.0000 0.7174 0.6966
vn 0.0000 0.0367 0.9993
vn -0.0185 0.9814 -0.1909
vn -0.0213 0.9752 0.2199
vn 0.3823 0.8941 0.2334
vn 0.3199 0.7774 -0.5415
vn -0.0001 0.9785 -0.2063
vn -0.0001 0.9607 -0.2777
vn 0.3907 0.8940 -0.2192
vn 0.3479 0.9168 -0.1957
vn 0.5847 0.7929 0.1717
vn -0.3836 -0.1222 -0.9154
vn 0.3294 0.4212 0.8450
vn 0.2723 0.6385 0.7198
vn -0.0023 -0.9490 0.3151
vn -0.5761 -0.7777 0.2513
vn -0.4840 -0.6409 0.5957
vn 0.0016 -0.7355 0.6775
vn -0.7221 -0.6702 0.1713
vn -0.3448 -0.9149 0.2099
vn -0.3713 -0.7922 0.4844
vn -0.0008 -0.9744 0.2249
vn -0.5854 -0.7903 0.1808
vn -0.7098 -0.6915 0.1339
vn -0.4014 -0.9066 0.1303
vn -0.0067 0.4980 -0.8671
vn 0.0482 0.3582 -0.9324
vn 0.0002 -0.3348 -0.9423
vn 0.0048 -0.2043 0.9789
vn -0.0920 -0.1974 0.9760
vn 0.8067 0.1758 0.5642
vn -0.4291 0.6144 0.6621
vn 0.2334 -0.6423 0.7300
vn 0.3694 -0.8954 0.2486
vn 0.3442 -0.8510 0.3966
vn 0.6103 -0.7564 0.2351
vn -0.5074 -0.4996 -0.7020
vn 0.7725 -0.3848 -0.5050
vn 0.9264 -0.3365 0.1690
vn 0.6570 -0.2967 -0.6930
vn 0.8593 0.3715 -0.3515
vn 0.9331 0.3582 -0.0308
vn 0.8220 -0.4147 -0.3902
vn -0.3748 -0.7675 -0.5200
vn 0.2472 -0.6393 -0.7281
vn 0.7311 -0.6795 0.0615
vn 0.5953 -0.7964 -0.1068
vn 0.8998 -0.4347 -0.0365
vn 0.7399 -0.4148 0.5295
vn -0.2600 0.3978 0.8798
vn 0.7085 -0.0420 0.7045
vn 0.1962 0.5220 0.8300
vn -0.1892 0.6626 0.7247
vn 0.0626 -0.3599 0.9309
vn -0.6988 0.0426 -0.7140
vn -0.9806 0.0265 -0.1940
vn -0.1879 0.0432 -0.9812
vn -0.6801 0.0453 0.7317
vn -0.1769 0.0613 0.9823
vn -0.9769 0.0139 0.2131
vn 0.6800 0.0454 0.7317
vn 0.9769 0.0141 0.2131
vn 0.1770 0.0612 0.9823
vn 0.7327 0.6636 -0.1507
vn 0.9797 0.0083 -0.2004
vn 0.6955 0.0145 -0.7184
vn 0.7071 0.7071 0.0001
vn 1.0000 0.0002 -0.0000
vn -0.0019 1.0000 -0.0015
vn -0.0003 1.0000 -0.0008
vn -0.0004 0.7088 -0.7054
vn 0.0003 1.0000 -0.0008
vn -0.9994 -0.0029 0.0342
vn -0.9876 0.0225 -0.1555
vn -0.9886 -0.0117 -0.1502
vn -0.9992 -0.0209 0.0340
vn 0.0000 0.0122 -0.9999
vn -0.0045 1.0000 -0.0014
vn 0.0000 1.0000 0.0000
vn -0.0035 1.0000 -0.0013
vn 0.0032 1.0000 -0.0013
vn -0.9958 0.0691 -0.0587
vn -0.9704 0.0215 -0.2407
vn -0.0114 0.0162 -0.9998
vn -0.0078 0.0035 -0.9999
vn 0.5527 0.0345 0.8327
vn 0.6969 0.0480 0.7156
vn -0.9711 0.0260 0.2370
vn -0.5562 0.0330 0.8304
vn -0.6962 0.0452 0.7164
vn -0.9803 0.0262 0.1954
vn -0.5768 0.0254 -0.8165
vn -0.7302 0.0299 -0.6825
vn -0.9792 -0.0265 -0.2009
vn 0.6995 0.0781 -0.7103
vn 0.9808 0.0187 -0.1939
vn 0.9999 0.0092 -0.0073
vn 0.9789 0.0319 0.2020
vn 0.9999 -0.0044 0.0088
vn 0.9999 -0.0071 0.0075
vn -0.0012 0.0641 0.9979
vn -0.1826 0.0627 0.9812
vn -0.9999 0.0022 0.0105
vn -0.9998 -0.0004 0.0196
vn -0.9997 -0.0117 0.0188
vn -0.9999 -0.0057 0.0098
vn 0.1822 0.0606 0.9814
vn 0.0021 0.0614 0.9981
vn 0.0020 0.0421 0.9991
vn -0.1575 -0.8810 0.4461
vn -0.1664 -0.7819 0.6007
vn 0.0000 1.0000 0.0001
vn -0.0002 0.0130 -0.9999
vn 0.0000 0.7092 -0.7050
vn -0.0007 0.0449 -0.9990
vn -0.0011 0.0424 -0.9991
vn -0.0005 0.0399 -0.9992
vn -0.0000 0.0615 0.9981
vn 0.0000 0.0616 0.9981
vn 0.0001 0.0615 0.9981
vn 0.0000 1.0000 -0.0001
vn -0.0060 -0.0026 -1.0000
vn -0.0058 -0.0019 -1.0000
vn -0.0057 -0.0011 -1.0000
vn -0.0089 0.0111 -0.9999
vn -0.0003 0.0717 0.9974
vn 0.0005 0.0603 0.9982
vn 0.0015 0.0415 0.9991
vn -0.2042 0.0876 -0.9750
vn -0.2026 0.0909 -0.9750
vn -0.0580 -0.0058 -0.9983
vn 0.0510 -0.0062 -0.9987
vn 0.0498 0.1443 -0.9883
vn 0.1885 0.0974 -0.9772
vn 0.1769 0.0948 0.9796
vn 0.0009 0.0963 0.9953
vn -0.9999 0.0074 0.0089
vn -0.9822 -0.1809 0.0493
vn -0.9863 -0.1622 -0.0291
vn -0.9998 0.0072 0.0194
vn -0.0005 0.0975 0.9952
vn -0.1771 0.0959 0.9795
vn 1.0000 0.0056 -0.0045
vn 0.9776 0.0291 0.2083
vn 0.6982 0.0880 -0.7104
vn 0.9808 0.0250 -0.1935
vn 0.6862 0.0695 0.7241
vn -0.6861 0.0676 0.7243
vn -0.9786 0.0285 0.2037
vn -0.7241 0.0729 -0.6857
vn -0.1968 0.1118 -0.9740
vn -0.1963 0.1128 -0.9740
vn -0.1118 -0.9911 0.0724
vn -0.1704 -0.9763 0.1333
vn -0.2484 -0.9686 0.0135
vn -0.1798 -0.9834 0.0224
vn 0.0073 -0.0228 -0.9997
vn 0.0267 -0.1901 -0.9814
vn 0.2210 -0.2118 -0.9520
vn 0.2170 -0.0132 -0.9760
vn 0.7114 0.0049 0.7027
vn 0.7086 -0.0015 0.7056
vn 0.9807 0.0040 0.1952
vn 0.9818 0.0104 0.1894
vn -0.9999 0.0078 0.0080
vn -0.9832 -0.1821 -0.0123
vn -0.9599 -0.2139 -0.1811
vn -0.9840 0.0060 -0.1780
vn -0.1651 -0.9749 -0.1489
vn -0.2290 -0.9634 -0.1391
vn -0.1514 -0.9587 -0.2407
vn -0.0945 -0.9756 -0.1979
vn 0.0836 -0.9787 0.1874
vn 0.1030 -0.9881 0.1139
vn 0.1486 -0.9880 0.0404
vn 0.2004 -0.9744 0.1018
vn 0.2745 0.9603 0.0493
vn 0.2152 0.9702 0.1115
vn -0.1170 0.9907 0.0699
vn -0.1137 0.9919 0.0565
vn -0.6963 0.2980 -0.6529
vn -0.6991 -0.2188 -0.6807
vn -0.9533 -0.2133 -0.2138
vn -0.9558 0.2370 -0.1737
vn -0.0018 0.0003 1.0000
vn -0.0021 -0.1843 0.9828
vn -0.1826 -0.2117 0.9601
vn -0.1976 0.0012 0.9803
vn 0.2221 -0.9749 -0.0114
vn 0.2829 -0.9588 -0.0237
vn -0.7422 0.6404 0.1973
vn -0.5864 0.5755 0.5699
vn -0.1786 0.6074 0.7740
vn -0.0241 0.6624 0.7487
vn -0.0217 0.6637 0.7477
vn 0.1374 0.6178 0.7742
vn 0.5555 0.5995 0.5762
vn 0.7173 0.6676 0.1995
vn 0.6980 0.7112 0.0836
vn 0.6978 0.7113 0.0836
vn 0.7286 0.6811 -0.0718
vn 0.5573 0.6641 -0.4984
vn 0.1402 0.7073 -0.6928
vn -0.0163 0.7478 -0.6637
vn -0.0149 0.7483 -0.6631
vn -0.1683 0.7036 -0.6904
vn -0.5811 0.6478 -0.4926
vn -0.7504 0.6577 -0.0653
vn -0.7213 0.6870 0.0876
vn -0.7228 0.6856 0.0862
vn -0.6941 -0.2223 0.6846
vn -0.6783 0.2454 0.6925
vn -0.9531 0.2201 0.2076
vn -0.9592 -0.1992 0.2006
vn 0.2468 -0.1744 -0.9532
vn 0.2004 0.2917 -0.9353
vn 0.6941 0.3103 -0.6495
vn 0.7155 -0.1855 -0.6735
vn 0.6768 0.2444 0.6944
vn 0.7042 -0.2189 0.6754
vn 0.9660 -0.1876 0.1779
vn 0.9539 0.2241 0.1995
vn 0.0121 0.9804 -0.1966
vn 0.1074 0.9846 -0.1381
vn 0.0578 0.9781 0.1995
vn 0.0220 0.9817 0.1892
vn -0.7150 -0.0034 -0.6991
vn -0.7124 0.2699 -0.6477
vn -0.9682 0.2053 -0.1428
vn -0.9834 -0.0096 -0.1812
vn -0.3388 0.9391 0.0574
vn -0.2749 0.9614 0.0074
vn 0.0888 0.9942 0.0610
vn 0.0707 0.9959 0.0559
vn -0.1127 0.9529 0.2813
vn -0.2022 0.9527 0.2268
vn -0.1443 0.9870 -0.0711
vn -0.1191 0.9912 -0.0579
vn 0.7260 -0.0051 0.6876
vn 0.6981 0.2687 0.6636
vn 0.9612 0.2150 0.1727
vn 0.9834 -0.0010 0.1812
vn 0.7130 0.0011 -0.7012
vn 0.9814 0.0007 -0.1919
vn -0.2248 -0.0186 0.9742
vn -0.7342 -0.0242 0.6784
vn -0.0623 -0.9883 0.1392
vn -0.0520 -0.9760 0.2113
vn -0.2378 -0.9705 -0.0400
vn -0.2427 -0.9694 -0.0366
vn 0.0296 -0.9517 -0.3056
vn -0.0455 -0.9668 -0.2514
vn -0.0408 -0.9511 -0.3061
vn 0.0261 -0.9513 -0.3070
vn -0.2120 -0.2045 0.9556
vn -0.1906 0.2141 0.9580
vn 0.2965 -0.9421 -0.1565
vn 0.2430 -0.9556 -0.1665
vn 0.1763 -0.9608 -0.2136
vn 0.2237 -0.9403 -0.2563
vn 0.1389 -0.9551 -0.2615
vn 0.1263 -0.9398 -0.3174
vn 0.9999 0.0154 -0.0008
vn 0.9876 -0.1553 -0.0214
vn 0.9705 -0.1894 0.1491
vn -0.7230 -0.0122 -0.6907
vn -0.7307 -0.0052 -0.6826
vn -0.9856 0.0063 -0.1688
vn -0.2065 -0.0262 -0.9781
vn -0.2109 -0.0182 -0.9773
vn 0.9837 0.0233 -0.1781
vn 0.9850 0.0128 -0.1719
vn 0.7313 0.0028 -0.6821
vn 0.7285 0.0079 -0.6850
vn 0.2135 -0.0122 -0.9768
vn 0.1950 -0.0004 0.9808
vn 0.1957 -0.0057 0.9806
vn 0.2983 -0.9488 -0.1039
vn 0.2948 -0.9492 -0.1098
vn 0.0408 -0.9812 0.1885
vn 0.0395 -0.9805 0.1926
vn -0.7096 0.0013 0.7045
vn -0.6926 -0.2582 0.6735
vn -0.9640 -0.2067 0.1669
vn -0.9808 0.0013 0.1950
vn 0.9531 0.2468 -0.1754
vn 0.9600 -0.1791 -0.2151
vn 0.9863 -0.1613 -0.0328
vn 0.9803 0.1976 0.0035
vn 0.1607 0.9841 -0.0750
vn -0.0422 0.9907 0.1290
vn 0.1785 0.2090 0.9615
vn 0.2140 -0.2051 0.9550
vn 0.0019 -0.1853 0.9827
vn -0.0197 0.1853 0.9825
vn -0.9837 -0.1796 -0.0061
vn -0.9820 0.1889 0.0033
vn 0.0132 -0.1801 -0.9836
vn -0.2165 -0.1967 -0.9563
vn -0.2020 0.2850 -0.9370
vn 0.0102 0.2577 -0.9662
vn 0.2013 0.0013 -0.9795
vn 1.0000 0.0005 -0.0009
vn -0.0081 -0.0099 0.9999
vn 0.2058 -0.0082 0.9785
vn 0.1868 0.2152 0.9585
vn -0.9998 -0.0161 0.0069
vn -0.9831 -0.0206 0.1819
vn -0.1934 0.0026 -0.9811
vn -0.1970 0.2258 -0.9540
vn -0.2452 0.9534 0.1758
vn -0.0306 0.9995 0.0009
vn -0.3043 0.9435 0.1310
vn 0.0499 0.9947 0.0902
vn -0.1597 0.9812 -0.1085
vn -0.0985 0.9675 0.2327
vn 0.0101 0.9859 0.1670
vn -0.2084 0.9773 -0.0382
vn 0.0069 0.0033 -1.0000
vn 0.2226 0.9744 -0.0304
vn -0.1225 0.9922 0.0242
vn 0.0916 0.9716 0.2181
vn 0.0504 0.9955 -0.0803
vn -0.0428 0.9990 -0.0150
vn 0.1482 0.9760 0.1598
vn -0.9999 -0.0005 0.0128
vn -0.9849 0.0002 -0.1729
vn -0.7338 -0.6669 -0.1292
vn -0.7075 -0.7066 0.0091
vn -0.4321 -0.8121 0.3923
vn -0.1438 -0.7514 0.6439
vn -0.6699 -0.7346 0.1070
vn -0.1233 -0.7389 -0.6625
vn -0.3894 -0.8019 -0.4531
vn -0.1796 -0.2320 -0.9560
vn -0.6866 -0.2780 -0.6718
vn -0.6420 -0.7411 -0.1963
vn 0.6955 -0.6887 -0.2046
vn 0.4662 -0.7578 -0.4564
vn 0.9669 -0.1775 -0.1834
vn 0.7128 -0.2385 -0.6595
vn 0.2103 -0.7160 -0.6656
vn 0.1767 -0.7537 0.6329
vn 0.4701 -0.8039 0.3643
vn 0.1868 -0.2112 0.9594
vn 0.7057 -0.2504 0.6628
vn 0.7023 -0.7080 0.0739
vn -0.4857 -0.7059 -0.5155
vn -0.6876 -0.6990 -0.1964
vn -0.1372 -0.6858 -0.7147
vn 0.7282 -0.6532 -0.2077
vn 0.5360 -0.6633 -0.5222
vn 0.2026 -0.6585 -0.7248
vn 0.1703 -0.7033 0.6902
vn 0.5321 -0.7071 0.4656
vn 0.7370 -0.6697 0.0906
vn -0.5099 -0.7101 0.4855
vn -0.1525 -0.6987 0.6989
vn -0.7168 -0.6861 0.1243
vn 0.4112 0.8267 -0.3839
vn 0.0244 0.8019 -0.5970
vn 0.6270 0.7780 -0.0405
vn 0.0441 0.7051 0.7077
vn 0.4211 0.7507 0.5090
vn 0.6484 0.7468 0.1481
vn -0.4350 0.7565 0.4882
vn -0.0706 0.7196 0.6907
vn -0.6574 0.7420 0.1312
vn -0.0722 0.7959 -0.6011
vn -0.4393 0.8100 -0.3884
vn -0.6494 0.7589 -0.0474
vn 0.1920 0.2257 -0.9551
vn 0.6967 0.2736 -0.6631
vn 0.4493 0.8114 -0.3737
vn 0.1722 0.7628 -0.6232
vn 0.9621 0.2170 -0.1653
vn 0.6713 0.7331 -0.1094
vn 0.1534 0.7444 0.6499
vn 0.4278 0.8000 0.4207
vn 0.6620 0.7313 0.1640
vn -0.7242 0.2441 0.6449
vn -0.9651 0.1921 0.1779
vn -0.7104 0.6819 0.1739
vn -0.5087 0.7543 0.4149
vn -0.2373 0.2045 0.9496
vn -0.2565 0.7225 0.6420
vn -0.2173 0.7649 -0.6064
vn -0.4949 0.8006 -0.3376
vn -0.7049 0.7055 -0.0729
vn -0.2316 -0.9696 -0.0785
vn -0.7293 -0.6821 -0.0526
vn 0.0041 -0.9803 0.1975
vn 0.0032 -0.6940 0.7199
vn -0.9821 -0.1874 -0.0168
vn -0.7285 -0.6823 -0.0614
vn -0.2374 -0.9679 -0.0823
vn -0.0041 -0.1855 0.9826
vn -0.0052 -0.6914 0.7224
vn -0.0005 -0.9791 0.2031
vn 0.0813 -0.9476 -0.3088
vn 0.0632 -0.6686 -0.7409
vn 0.0316 -0.1725 -0.9845
vn 0.0698 -0.6716 -0.7376
vn 0.0835 -0.9473 -0.3092
vn 0.2913 -0.9539 -0.0727
vn 0.7670 -0.6391 -0.0574
vn 0.9864 -0.1613 -0.0296
vn 0.7633 -0.6434 -0.0580
vn 0.2877 -0.9550 -0.0727
vn -0.6850 0.7271 0.0454
vn -0.9816 0.1906 0.0118
vn 0.0198 0.7018 0.7121
vn 0.0020 0.1875 0.9822
vn -0.0884 0.7840 -0.6144
vn -0.0138 0.2605 -0.9654
vn 0.6777 0.7348 0.0282
vn 0.9811 0.1934 -0.0082
vn 0.2766 0.9607 0.0217
vn 0.7391 0.6734 0.0165
vn 0.9825 0.1859 0.0038
vn -0.0690 0.9801 -0.1858
vn -0.0418 0.7099 -0.7030
vn -0.0045 0.1975 -0.9803
vn -0.0166 0.9600 0.2794
vn -0.0240 0.6807 0.7321
vn -0.0147 0.1791 0.9837
vn -0.9852 0.1699 0.0222
vn -0.7690 0.6375 0.0459
vn -0.1963 -0.0054 0.9805
vn -0.7074 -0.0039 0.7067
vn -0.9802 -0.0008 0.1979
vn 0.9999 0.0073 0.0039
vn -0.0004 -0.0057 1.0000
vn -0.9999 0.0049 0.0123
vn 0.0038 -0.0157 -0.9998
vn 0.8412 -0.4839 -0.2411
vn 0.4974 0.2342 -0.8353
vn 0.6853 0.3355 -0.6463
vn 0.7095 -0.3749 -0.5967
vn 0.6537 -0.2428 0.7167
vn 0.4255 0.2896 0.8574
vn 0.5519 0.5943 0.5849
vn -0.3110 0.7465 0.5882
vn 0.8493 -0.5279 0.0027
vn 0.8494 -0.5273 -0.0227
vn 0.9487 0.3161 0.0054
vn 0.9503 0.3111 -0.0098
vn 0.8495 -0.5261 -0.0387
vn 0.5799 0.1130 0.8068
vn 0.9501 0.3098 0.0349
vn -0.7574 -0.6306 -0.1694
vn -0.7311 -0.6688 -0.1350
vn -0.4349 -0.8979 -0.0682
vn -0.7151 -0.6948 -0.0766
vn -0.4256 -0.9048 0.0074
vn -0.7078 -0.7064 0.0008
vn -0.4179 -0.9050 0.0789
vn -0.7054 -0.7048 0.0753
vn -0.5633 -0.8077 -0.1740
vn 0.0011 -0.9797 -0.2003
vn -0.5926 -0.8000 -0.0938
vn 0.0020 -0.9939 -0.1104
vn -0.6043 -0.7967 -0.0050
vn 0.0013 -1.0000 -0.0057
vn -0.5989 -0.7959 0.0881
vn 0.0003 -0.9941 0.1079
vn -0.0209 0.9770 0.2123
vn -0.0211 0.9925 0.1205
vn 0.4847 0.6078 -0.6290
vn 0.4195 0.8824 0.2131
vn 0.8657 -0.4845 -0.1252
vn 0.9393 0.3094 0.1482
vn 0.9315 0.3352 0.1409
vn 0.9386 0.3207 0.1270
vn -0.0045 1.0000 0.0033
vn -0.0014 0.9975 -0.0703
vn 0.4444 0.8927 -0.0744
vn 0.5148 0.8571 0.0136
vn 0.4805 0.8769 0.0124
vn -0.0004 0.9900 -0.1408
vn 0.3973 0.9038 -0.1590
vn 0.3059 -0.9446 0.1183
vn 0.2616 -0.9621 0.0766
vn 0.2532 -0.9673 0.0108
vn 0.2543 -0.9646 -0.0701
vn 0.2528 -0.9670 -0.0308
vn 0.2653 -0.9586 -0.1039
vn -0.0192 -0.9993 -0.0310
vn 0.4830 0.8455 -0.2277
vn 0.8954 0.1014 0.4336
vn 0.5459 0.2944 0.7844
vn 0.9719 0.1819 0.1493
vn 0.7512 -0.0217 0.6597
vn -0.4888 -0.6950 -0.5273
vn 0.8845 0.1090 -0.4537
vn 0.9793 0.0952 0.1785
vn 0.8633 -0.4841 0.1422
vn -0.9730 -0.0325 -0.2284
vn 0.2628 0.6647 0.6994
vn 0.6731 0.1195 0.7298
vn 0.7847 -0.6187 0.0380
vn -0.5458 -0.6223 -0.5611
vn -0.1251 0.8184 0.5609
vn 0.7388 0.1238 0.6624
vn -0.9090 -0.3306 0.2538
vn -0.5240 -0.7595 0.3854
vn 0.9012 0.1263 0.4147
vn 0.5466 0.4698 0.6932
vn -0.9775 0.0274 0.2090
vn -1.0000 0.0046 -0.0032
vn -0.9999 0.0073 -0.0052
vn -1.0000 0.0029 0.0022
vn -1.0000 0.0029 0.0020
vn -0.9902 -0.1235 -0.0651
vn -0.9997 0.0091 0.0242
vn -0.9999 0.0095 -0.0074
vn -1.0000 0.0028 0.0011
vn -1.0000 0.0022 0.0064
vn -1.0000 -0.0024 0.0063
vn -1.0000 0.0043 0.0055
vn -1.0000 0.0020 0.0063
vn -0.9994 0.0139 0.0318
vn -0.9853 0.0472 -0.1641
vn -0.7071 0.7071 0.0001
vn -0.9733 0.2293 0.0008
vn -0.9994 0.0244 0.0246
vn -0.9869 -0.0123 -0.1610
vn -0.9828 0.0472 -0.1783
vn -1.0000 0.0002 -0.0000
vn -1.0000 0.0004 0.0002
vn -0.0002 1.0000 -0.0003
vn -0.0007 1.0000 -0.0005
vn -0.9999 0.0107 -0.0093
vn -1.0000 0.0030 0.0001
vn -1.0000 -0.0002 0.0059
vn -1.0000 -0.0009 0.0054
vn -0.7073 0.7069 0.0002
vn -0.5628 -0.5709 -0.5977
vn -0.1686 -0.2483 -0.9539
vn 0.9276 0.0901 -0.3625
vn -0.4678 -0.8838 -0.0131
vn 0.2944 0.6264 -0.7218
vn 0.3832 0.5293 -0.7570
vn 0.8209 -0.5699 -0.0365
vn 0.8642 0.1026 0.4925
vn 0.8224 0.1605 -0.5458
vn 0.9816 0.1671 0.0919
vn 0.9430 0.2631 0.2039
vn 0.4592 0.7533 0.4708
vn -0.0021 0.9143 0.4050
vn 0.2119 0.6199 0.7555
vn 0.8086 -0.5877 -0.0295
vn 0.9701 0.2210 0.1003
vn 0.9556 0.2444 0.1643
vn 0.7292 0.1977 0.6550
vn -0.7347 -0.6737 0.0795
vn -0.7151 -0.6942 0.0815
vn -0.7133 -0.6841 0.1520
vn -0.7271 -0.6691 0.1533
vn -0.7381 -0.6746 -0.0053
vn -0.7169 -0.6971 -0.0048
vn -0.7301 -0.6771 -0.0914
vn -0.7168 -0.6908 -0.0940
vn -0.7076 -0.6856 -0.1708
vn -0.7143 -0.6781 -0.1732
vn -0.7106 -0.6662 -0.2264
vn -0.7138 -0.6722 0.1963
vn -0.7250 -0.6584 0.2020
vn 0.9225 0.1348 0.3617
vn 0.7798 0.1476 -0.6084
vn 0.9633 0.0851 0.2545
vn 0.9003 0.1833 0.3946
vn -0.8407 0.1480 0.5208
vn 0.8317 -0.5474 -0.0933
vn 0.9471 0.1345 0.2914
vn 0.6068 0.4235 0.6726
vn 0.7443 -0.6623 0.0857
vn -0.5858 -0.6952 -0.4165
vn 0.7240 0.1186 -0.6795
vn 0.9770 0.1075 -0.1841
vn -0.5937 -0.5618 0.5760
vn -0.6184 -0.5604 0.5509
vn -0.1573 -0.1631 0.9740
vn 0.2709 0.1509 -0.9507
vn 0.1147 -0.0136 -0.9933
vn 0.2773 0.3307 -0.9021
vn 0.2299 0.2766 -0.9331
vn 0.2422 0.1515 -0.9583
vn -0.1787 -0.1792 0.9674
vn -0.4760 -0.6952 -0.5386
vn 0.0114 0.9532 0.3022
vn 0.9978 0.0369 -0.0548
vn 0.7950 0.0248 -0.6061
vn 0.9962 0.0626 0.0609
vn 0.9937 0.0850 0.0720
vn 0.7317 -0.6493 -0.2074
vn 0.6400 -0.1733 -0.7485
vn 0.9562 0.2917 0.0247
vn 0.6554 0.5038 -0.5626
vn 0.9446 -0.0418 -0.3254
vn 0.8678 0.0625 -0.4929
vn 0.4537 0.2843 -0.8445
vn 0.8962 -0.3740 -0.2384
vn -0.1243 0.7281 0.6741
vn 0.4440 0.6030 -0.6627
vn -0.5105 -0.6952 0.5060
vn -0.2311 0.9650 -0.1237
vn -0.2500 0.7725 -0.5837
vn 0.5813 0.8045 0.1215
vn 0.7203 0.5101 0.4700
vn 0.9476 0.1606 0.2762
vn 0.8567 0.1594 0.4905
vn 0.2489 0.0078 -0.9685
vn 0.7002 0.5193 -0.4899
vn 0.6547 -0.7351 0.1759
vn -0.2012 0.8509 -0.4853
vn -0.2238 0.9648 -0.1379
vn -0.9205 0.3905 -0.0075
vn 0.5381 0.6375 -0.5513
vn 0.8204 0.1252 0.5578
vn 0.3760 0.6143 0.6937
vn -0.5600 -0.6695 -0.4879
vn 0.2251 0.5336 0.8152
vn -0.1793 0.7838 0.5945
vn 0.1732 0.9177 0.3574
vn -0.6915 -0.7224 0.0036
vn 0.5072 -0.3693 0.7786
vn 0.4397 0.6280 -0.6420
vn 0.6814 -0.0033 -0.7319
vn 0.9854 0.1677 -0.0284
vn 0.9975 0.0699 -0.0033
vn 0.8451 0.1275 0.5192
vn 0.1671 0.1332 -0.9769
vn 0.2126 0.1531 -0.9651
vn 0.4028 0.1799 -0.8974
vn 0.6648 -0.3257 -0.6722
vn 0.1589 0.1257 -0.9792
vn 0.5769 0.8018 -0.1556
vn 0.5254 0.2893 0.8001
vn -0.2455 0.7538 0.6095
vn -0.0019 0.3554 0.9347
vn 0.8178 0.1689 0.5502
vn -0.2278 0.9666 0.1176
vn -0.6518 -0.7218 0.2325
vn -0.4528 -0.6713 0.5868
vn -0.0769 0.7779 -0.6236
vn -0.1459 0.9818 -0.1215
vn 0.7070 0.7072 0.0000
vn 0.7071 0.7071 0.0000
vn 1.0000 0.0001 0.0001
vn 1.0000 0.0004 0.0007
vn 0.1230 -0.9924 0.0032
vn 0.0008 -1.0000 0.0013
vn 0.0099 -0.7114 -0.7027
vn 0.0987 -0.7313 -0.6748
vn 0.7072 0.7070 0.0005
vn 1.0000 0.0034 0.0032
vn 0.0692 0.6146 -0.7857
vn 0.0109 0.5943 -0.8042
vn 0.0061 0.8507 -0.5256
vn 0.1501 0.8488 -0.5070
vn 0.0683 0.7423 -0.6665
vn 0.1736 0.7250 -0.6665
vn 0.0145 -0.0116 -0.9998
vn 0.0143 -0.0110 -0.9998
vn 0.0122 -0.0057 -0.9999
vn 0.1306 -0.0063 -0.9914
vn 0.1563 -0.0373 -0.9870
vn 0.1116 0.0011 -0.9937
vn 0.0100 0.0065 -0.9999
vn 0.0109 0.2318 -0.9727
vn 0.0420 0.2552 -0.9659
vn 0.1521 0.0120 -0.9883
vn 0.0111 0.0157 -0.9998
vn 0.1109 0.0100 -0.9938
vn 0.1027 0.0047 -0.9947
vn 0.0111 0.0107 -0.9999
vn -0.0159 -0.0454 0.9988
vn -0.0147 -0.0425 0.9990
vn -0.0120 -0.0313 0.9994
vn 0.1133 -0.0244 0.9932
vn 0.1161 -0.0208 0.9930
vn -0.0158 0.0014 0.9998
vn -0.0157 -0.0003 0.9998
vn -0.0072 -0.7042 0.7099
vn 0.0835 -0.7239 0.6847
vn 1.0000 -0.0010 0.0051
vn 1.0000 -0.0003 0.0020
vn 1.0000 -0.0007 0.0018
vn 1.0000 -0.0021 0.0047
vn -0.9989 -0.0300 0.0344
vn -0.9997 -0.0162 0.0185
vn -0.9999 -0.0082 0.0094
vn -1.0000 0.0011 0.0003
vn -1.0000 0.0020 0.0015
vn -1.0000 0.0008 0.0007
vn -1.0000 -0.0038 0.0060
vn 0.0582 0.9371 -0.3441
vn 0.0023 0.9344 -0.3561
vn -0.9716 0.0035 0.2365
vn 1.0000 0.0002 -0.0003
vn 1.0000 0.0016 -0.0016
vn 1.0000 0.0023 -0.0026
vn 1.0000 0.0002 -0.0005
vn -1.0000 0.0018 0.0015
vn -1.0000 0.0034 0.0036
vn 1.0000 -0.0010 0.0015
vn 1.0000 -0.0031 0.0039
vn 0.9999 -0.0014 0.0092
vn 1.0000 0.0029 -0.0038
vn 1.0000 0.0003 -0.0007
vn 1.0000 -0.0000 0.0004
vn 1.0000 -0.0001 0.0003
vn 0.7071 0.7071 0.0002
vn 1.0000 0.0014 0.0018
vn 0.0015 1.0000 -0.0008
vn 1.0000 0.0000 0.0000
vn 0.0002 1.0000 -0.0002
vn 0.0006 1.0000 -0.0005
vn 0.9999 -0.0088 0.0070
vn 1.0000 -0.0001 0.0002
vn 1.0000 -0.0002 0.0002
vn 1.0000 -0.0012 0.0013
vn 1.0000 -0.0038 0.0035
vn 1.0000 0.0032 0.0053
vn 0.9803 0.0142 -0.1972
vn 1.0000 0.0034 -0.0047
vn 1.0000 0.0003 -0.0008
vn 1.0000 0.0001 0.0002
vn 1.0000 0.0004 0.0012
vn -0.0697 0.9358 0.3456
vn 0.0515 0.9808 0.1881
vn -0.0052 0.9807 0.1957
vn -0.0084 0.9306 0.3658
vn 0.1072 0.1288 0.9858
vn 0.1687 0.2962 0.9401
vn -0.0249 0.3148 0.9488
vn -0.0199 0.1229 0.9922
vn 0.1279 0.4512 -0.8832
vn 0.1668 0.4439 -0.8804
vn 0.1074 0.9940 0.0222
vn -0.0024 0.9997 0.0249
vn 0.0457 0.8441 0.5341
vn -0.0135 0.8337 0.5520
vn -0.0198 0.5199 0.8540
vn -0.0381 0.5321 0.8458
vn 0.0560 0.7179 0.6938
vn -0.0844 0.7208 0.6880
vn -0.9855 0.1678 0.0234
vn 0.0097 -0.0854 -0.9963
vn 0.0049 -0.0750 -0.9972
vn 0.0603 -0.0636 0.9961
vn -0.1174 -0.0531 0.9916
vn 0.5621 -0.6874 0.4599
vn 0.3918 -0.4414 0.8072
vn 0.3124 -0.1278 0.9413
vn 0.1733 -0.1125 0.9784
vn 0.8520 -0.4738 -0.2225
vn 0.6154 -0.7807 0.1088
vn -0.1611 0.2019 0.9660
vn 0.0967 -0.0077 0.9953
vn 0.9975 0.0673 -0.0226
vn 0.7294 -0.6442 0.2301
vn 0.9841 0.0886 -0.1537
vn 0.9885 0.1294 -0.0784
vn 0.7954 -0.6051 -0.0329
vn 0.7500 0.2194 -0.6239
vn 0.7520 -0.6519 -0.0975
vn 0.5971 -0.7997 0.0628
vn 0.7227 -0.6635 0.1932
vn 0.2370 0.2059 -0.9494
vn 0.5419 0.5850 0.6034
vn 0.4511 0.0209 0.8922
vn 0.0414 0.0181 0.9990
vn 0.0172 -0.1389 -0.9901
vn 0.0138 -0.1147 -0.9933
vn 0.1904 0.2341 -0.9533
vn 0.0168 -0.1341 -0.9908
vn 0.6247 0.1227 -0.7711
vn -0.9998 -0.0131 0.0092
vn 0.9997 0.0221 0.0038
vn 0.9999 0.0109 0.0085
vn -0.7722 0.6329 0.0559
vn -0.3497 0.9336 0.0782
vn 0.6682 0.7416 0.0585
vn 0.0551 0.9948 0.0857
vn 0.7616 -0.6424 -0.0852
vn 0.7674 -0.6369 -0.0735
vn 0.9880 -0.1528 -0.0232
vn 0.0060 0.1965 -0.9805
vn 0.0047 0.0020 -1.0000
vn -0.0030 -0.0010 1.0000
vn -0.0011 -0.0062 1.0000
vn 0.0050 0.7079 -0.7063
vn -0.0579 0.6926 0.7189
vn -0.0728 0.9764 0.2033
vn 0.0253 -0.6942 0.7193
vn 0.0240 -0.6959 0.7176
vn 0.0018 -0.1854 0.9826
vn 0.9824 0.1867 0.0082
vn 1.0000 0.0004 -0.0008
vn -1.0000 0.0031 0.0044
vn -1.0000 0.0016 0.0069
vn 0.7375 0.6746 0.0317
vn -0.6890 0.7247 0.0121
vn -0.1163 0.9930 0.0194
vn -0.7394 -0.6728 -0.0229
vn -0.7358 -0.6765 -0.0298
vn -0.9838 -0.1792 -0.0067
vn -0.0341 0.1774 0.9835
vn -0.0118 -0.0126 0.9998
vn 0.0017 -0.0268 -0.9996
vn -0.0025 -0.0176 -0.9998
vn -0.0836 0.6761 0.7320
vn 0.0098 0.7870 -0.6169
vn -0.0042 0.9982 -0.0594
vn 0.0204 -0.6795 -0.7333
vn 0.0286 -0.6743 -0.7379
vn 0.0133 -0.1949 -0.9807
vn 0.0003 0.0976 0.9952
vn 0.0003 0.0933 0.9956
vn 0.0000 0.0937 0.9956
vn 1.0000 0.0004 0.0045
vn 1.0000 0.0001 0.0018
vn 1.0000 0.0001 -0.0001
vn 1.0000 0.0008 -0.0008
vn 1.0000 0.0002 -0.0002
vn 1.0000 0.0007 -0.0004
vn 1.0000 0.0026 -0.0020
vn -1.0000 0.0022 -0.0014
vn -1.0000 0.0006 -0.0003
vn -0.9771 0.0229 0.2117
vn -0.0013 0.2805 -0.9598
vn -0.0540 0.1376 -0.9890
vn 0.6987 0.0681 -0.7121
vn 0.6972 0.0363 -0.7160
vn 0.9808 0.0237 -0.1936
vn 0.1868 0.0468 -0.9813
vn 0.9771 0.0236 0.2116
vn 0.9999 0.0013 0.0084
vn -0.0002 0.0936 0.9956
vn -0.1768 0.0932 0.9798
vn 0.1769 0.0930 0.9798
vn 0.0009 0.0641 0.9979
vn 0.0036 0.1018 0.9948
vn 0.6808 0.0802 0.7280
vn -0.6809 0.0794 0.7280
vn -0.7153 0.1002 -0.6916
vn -0.9999 0.0066 0.0053
vn -1.0000 0.0049 0.0036
vn -0.9999 0.0070 0.0046
vn -0.1924 0.0918 -0.9770
vn -0.0017 1.0000 -0.0009
vn 1.0000 0.0013 0.0030
vn 0.7224 -0.4184 0.5504
vn 0.9579 -0.1767 0.2260
vn -0.0480 -0.0288 0.9984
vn 0.6796 0.0680 0.7304
vn -0.6797 0.0677 0.7303
vn -0.7054 0.0815 -0.7041
vn -0.9994 0.0214 0.0282
vn -0.0168 -0.0792 0.9967
vn -0.0121 -0.0741 0.9972
vn -0.0107 -0.0689 0.9976
vn 0.0748 -0.0623 0.9952
vn 0.1257 -0.0155 -0.9919
vn 0.1370 -0.0056 -0.9905
vn 0.0113 -0.0034 -0.9999
vn 0.1357 0.9903 0.0305
vn -0.0028 0.9995 0.0328
vn 0.0042 -1.0000 0.0036
vn 0.1268 -0.9919 0.0055
vn -0.9914 -0.0625 -0.1147
vn -0.9843 -0.0445 0.1709
vn 0.1226 0.9800 -0.1564
vn -0.0005 0.9859 -0.1672
vn 0.1062 -0.0131 0.9942
vn -0.0142 -0.0148 0.9998
vn 0.1442 -0.0105 0.9895
vn 0.0086 -0.2131 0.9770
vn 0.0155 -0.2142 0.9767
vn 0.9275 -0.0020 -0.3739
vn 0.6299 0.0127 -0.7766
vn 0.0066 -0.1336 -0.9910
vn 0.0026 0.0268 -0.9996
vn -0.1511 0.0282 -0.9881
vn -0.1776 -0.1122 -0.9777
vn 0.9997 -0.0075 -0.0232
vn 0.9998 -0.0064 -0.0183
vn 0.9984 0.0568 0.0014
vn 0.9785 -0.2061 -0.0001
vn -0.9999 0.0074 0.0062
vn 0.0031 -0.9860 0.1669
vn -0.1716 -0.9723 0.1585
vn 0.0040 -0.8341 -0.5515
vn -0.2125 -0.8147 -0.5395
vn -0.1833 -0.9666 -0.1788
vn 0.0029 -0.9797 -0.2003
vn -0.2104 -0.5103 -0.8338
vn 0.0074 -0.5208 -0.8536
vn -0.9832 -0.1495 0.1042
vn -0.9845 -0.0929 0.1489
vn 0.9999 -0.0073 -0.0085
vn 0.9999 -0.0075 -0.0060
vn 0.9653 0.2118 -0.1526
vn 0.6575 0.7534 -0.0046
vn 0.8301 0.3803 -0.4077
vn 0.2366 0.6822 -0.6917
vn 0.1544 0.0246 -0.9877
vn 0.1618 0.9868 -0.0036
vn 0.1643 0.9864 -0.0019
vn 0.1606 0.0016 0.9870
vn 0.2445 0.6873 0.6839
vn 0.9785 -0.2060 -0.0006
vn -0.8356 0.3848 -0.3919
vn -0.6373 0.0287 -0.7700
vn -0.6609 0.7505 -0.0007
vn -0.6600 0.7512 -0.0005
vn -0.8380 0.3851 0.3865
vn -0.6493 0.0037 0.7605
vn 0.1769 -0.9720 0.1546
vn 0.1873 -0.8340 0.5189
vn 0.9945 -0.1037 0.0107
vn 0.9952 -0.0875 0.0437
vn 0.2172 -0.8119 -0.5419
vn 0.1867 -0.9651 -0.1839
vn 0.9950 -0.0761 -0.0643
vn 0.9949 -0.0932 -0.0378
vn 0.1875 -0.1177 -0.9752
vn 0.2222 -0.5119 -0.8298
vn 0.9938 -0.0345 -0.1058
vn 0.9944 -0.0529 -0.0909
vn 0.1956 -0.5901 0.7832
vn 0.1874 -0.2115 0.9592
vn 0.9960 -0.0573 0.0680
vn 0.9963 -0.0288 0.0810
vn -0.6947 -0.7085 0.1237
vn -0.7098 -0.5937 0.3789
vn -0.7578 -0.5483 -0.3536
vn -0.7111 -0.6920 -0.1243
vn -0.7061 -0.0739 -0.7042
vn -0.7607 -0.3350 -0.5559
vn -0.7215 -0.4093 0.5584
vn -0.7121 -0.1491 0.6861
vn -0.1227 -0.7213 0.6816
vn -0.4864 -0.7203 0.4945
vn -0.6937 -0.7089 0.1276
vn -0.4782 -0.7168 -0.5075
vn -0.1167 -0.7134 -0.6910
vn -0.6931 -0.7081 -0.1351
vn 0.4782 -0.7168 -0.5075
vn 0.6931 -0.7081 -0.1351
vn 0.1167 -0.7133 -0.6910
vn 0.4878 -0.7192 0.4947
vn 0.1234 -0.7210 0.6818
vn 0.6948 -0.7077 0.1282
vn -0.7007 -0.7134 0.0008
vn -0.0004 -0.7172 -0.6968
vn 0.0000 -0.7193 -0.6947
vn 0.0004 -0.7172 -0.6968
vn 0.0000 -0.7303 0.6831
vn 0.0000 -0.7277 0.6858
vn 0.0001 -0.7277 0.6859
vn 0.7008 -0.7134 0.0008
vn 0.6948 -0.7192 0.0001
vn -0.6948 -0.7192 0.0001
vn 0.7000 -0.7141 -0.0008
vn 0.6948 -0.7192 -0.0001
vn -0.6945 -0.7195 -0.0004
vn -0.6995 -0.7146 -0.0015
vn 0.6926 -0.7213 -0.0000
vn -0.6924 -0.7215 -0.0002
vn 0.6918 -0.7220 0.0000
vn 0.6926 -0.7213 0.0001
vn -0.6925 -0.7214 0.0001
vn -0.6917 -0.7221 0.0000
vn -0.1691 0.1292 0.9771
vn -0.1638 -0.2470 0.9550
vn 0.1652 -0.2492 0.9542
vn 0.1651 0.1266 0.9781
vn -0.9587 -0.2087 0.1932
vn -0.9600 0.2010 0.1950
vn -0.9603 0.1967 -0.1980
vn -0.9574 -0.2129 -0.1951
vn -0.1599 -0.2527 -0.9542
vn -0.1632 0.1153 -0.9798
vn 0.1627 0.1153 -0.9799
vn 0.1594 -0.2527 -0.9543
vn 0.9640 0.1894 0.1868
vn 0.9576 -0.2194 0.1868
vn 0.9560 -0.2170 -0.1976
vn 0.9604 0.1920 -0.2020
vn -0.1555 -0.9731 0.1699
vn -0.1574 -0.9727 -0.1705
vn 0.1596 -0.9723 -0.1705
vn 0.1627 -0.9719 0.1699
vn -0.1614 0.9727 0.1664
vn -0.6629 0.7276 0.1762
vn -0.5450 0.5918 0.5940
vn -0.1661 0.6915 0.7030
vn -0.6804 0.1509 0.7171
vn -0.1566 0.9716 -0.1771
vn -0.1574 0.6813 -0.7148
vn -0.5399 0.5838 -0.6063
vn -0.6624 0.7265 -0.1828
vn -0.6751 0.1385 -0.7246
vn -0.1491 -0.7317 0.6650
vn -0.5367 -0.6259 0.5658
vn -0.6619 -0.7295 0.1725
vn -0.6700 -0.2263 0.7070
vn -0.6609 -0.7302 -0.1730
vn -0.5315 -0.6262 -0.5704
vn -0.1498 -0.7304 -0.6663
vn -0.6629 -0.2348 -0.7109
vn 0.1458 0.9756 0.1640
vn 0.1518 0.6935 0.7043
vn 0.5449 0.5933 0.5925
vn 0.6626 0.7294 0.1698
vn 0.6842 0.1406 0.7156
vn 0.1510 0.9723 -0.1785
vn 0.6611 0.7266 -0.1870
vn 0.5395 0.5837 -0.6068
vn 0.1572 0.6812 -0.7150
vn 0.6746 0.1386 -0.7251
vn 0.6615 -0.7306 0.1692
vn 0.5387 -0.6268 0.5629
vn 0.1563 -0.7315 0.6636
vn 0.6715 -0.2364 0.7023
vn 0.1492 -0.7305 -0.6664
vn 0.5312 -0.6263 -0.5706
vn 0.6602 -0.7307 -0.1737
vn 0.6625 -0.2347 -0.7113
vn -0.7084 -0.7057 -0.0092
vn -0.5707 -0.5793 -0.5820
vn -0.6596 0.4455 -0.6053
vn -0.6580 0.6388 -0.3988
vn 0.9975 -0.0697 0.0079
vn 0.6111 0.7915 0.0038
vn 0.4978 0.8292 -0.2542
vn -0.6965 -0.0051 -0.7175
vn -0.6958 -0.0017 -0.7182
vn -0.6956 0.0067 -0.7184
vn -0.6514 0.1765 -0.7379
vn -0.7156 -0.0236 0.6980
vn -0.7180 -0.0046 0.6959
vn -0.0131 -0.0266 0.9995
vn -0.7178 0.0061 0.6962
vn -0.5863 -0.5749 0.5707
vn -0.9999 0.0066 -0.0106
vn -0.9999 0.0056 -0.0120
vn -0.7038 0.6624 -0.2564
vn -0.6671 0.7307 0.1447
vn -0.7048 0.6600 0.2601
vn -0.7097 0.2311 0.6655
vn -0.6692 0.1012 0.7361
vn -0.7085 0.7055 0.0159
vn -0.6612 0.6265 0.4127
vn -0.6591 0.3960 0.6392
vn 0.9958 0.0913 0.0019
vn 0.5837 0.5464 0.6006
vn 0.7383 0.6744 0.0004
vn -1.0000 0.0036 0.0002
vn 0.9948 -0.0041 -0.1020
vn 0.6837 -0.7284 -0.0433
vn 0.6479 -0.3759 0.6625
vn -0.9999 0.0125 0.0036
vn -0.9999 0.0088 0.0027
vn 0.9879 -0.1549 0.0099
vn 0.9929 -0.1188 0.0097
vn 0.7791 0.6262 0.0289
vn 0.8069 0.5906 -0.0058
vn -0.9999 0.0079 -0.0088
vn 0.9979 -0.0635 0.0108
vn 0.9994 0.0330 0.0129
vn 0.7771 0.6283 0.0359
vn 0.8015 0.5954 0.0546
vn -0.9999 0.0050 -0.0135
vn -0.9999 0.0049 -0.0141
vn 0.7482 0.2334 0.6211
vn 0.4997 0.8192 0.2813
vn -0.0137 -0.0581 0.9982
vn 0.9999 -0.0026 0.0108
vn 0.7684 0.6399 0.0092
vn -0.9999 0.0074 -0.0122
vn -0.7081 -0.7060 -0.0067
vn -0.9999 0.0116 -0.0061
vn -0.9999 0.0089 -0.0103
vn 0.9986 -0.0508 0.0105
vn 0.7615 0.6478 0.0202
vn -0.9999 0.0140 0.0005
vn -0.7088 0.2291 0.6671
vn 0.9986 0.0531 0.0024
vn 0.9999 -0.0114 0.0104
vn 0.6620 -0.7494 0.0147
vn 0.6956 -0.7184 -0.0002
vn -0.9999 0.0069 -0.0073
vn 0.0902 -0.0520 0.9945
vn 0.9990 0.0450 0.0047
vn 0.6703 -0.7421 0.0070
vn 0.5272 -0.5944 0.6072
vn -1.0000 0.0028 -0.0055
vn -0.7088 0.7051 0.0204
vn 0.9998 0.0089 0.0133
vn 0.5878 -0.5502 -0.5931
vn 0.6953 -0.7184 -0.0202
vn 0.9993 -0.0349 0.0099
vn 0.7521 0.6589 0.0074
vn -0.6599 0.7400 -0.1301
vn 0.5253 -0.6009 -0.6025
vn 0.9947 0.1028 0.0084
vn 0.7566 0.6537 0.0149
vn 0.6399 0.5075 -0.5770
vn 0.5880 0.5275 0.6132
vn 0.6914 0.7222 0.0187
vn 0.6584 0.7467 -0.0938
vn 0.6500 0.4436 -0.6169
vn 0.7501 0.1429 -0.6457
vn 0.9992 -0.0358 0.0158
vn 0.6035 -0.4022 -0.6884
vn 0.6670 -0.7409 0.0782
vn 0.7711 0.3966 -0.4981
vn 0.6508 -0.0985 0.7528
vn 0.3898 0.0352 0.9202
vn 0.8151 0.1382 0.5625
vn 0.9116 -0.0558 0.4071
vn -0.1677 -0.0983 0.9809
vn -0.0073 -0.1637 -0.9865
vn -0.9963 -0.0001 -0.0861
vn -0.9401 -0.1777 -0.2909
vn -0.3683 0.0210 -0.9295
vn -0.7769 0.0539 -0.6272
vn 0.0114 -0.9946 -0.1027
vn -0.0240 -0.9948 -0.0995
vn -0.0289 -0.7559 -0.6540
vn 0.0035 -0.7539 -0.6570
vn -0.1257 -0.0059 -0.9920
vn -0.0851 -0.2934 -0.9522
vn -0.9732 -0.0287 0.2282
vn -0.9915 -0.0200 0.1284
vn -0.9940 0.0267 0.1056
vn -0.9777 0.0169 0.2094
vn 0.8865 -0.2381 0.3968
vn 0.5699 -0.6279 0.5299
vn 0.4485 -0.5286 0.7207
vn 0.7776 -0.2653 0.5700
vn 0.9245 -0.1302 -0.3581
vn 0.9878 0.0075 -0.1556
vn 0.7570 0.0632 -0.6503
vn 0.3637 0.0376 -0.9307
vn 0.1124 0.0046 -0.9936
vn 0.1449 0.2734 0.9509
vn 0.0063 0.5722 0.8200
vn 0.3649 0.2609 0.8937
vn 0.2056 0.9432 0.2610
vn 0.1940 0.9745 0.1131
vn 0.7034 0.7108 -0.0042
vn 0.7003 0.6616 0.2678
vn -0.5960 0.6031 0.5300
vn 0.9867 0.0152 -0.1619
vn 0.7481 0.0783 -0.6589
vn -0.1335 0.2978 0.9452
vn 0.0476 0.9837 -0.1734
vn -0.1473 0.4450 -0.8833
vn -0.4179 -0.3027 -0.8565
vn -0.0456 0.1384 -0.9893
vn 0.0051 0.9976 -0.0685
vn 0.0021 0.8130 -0.5823
vn 0.3085 0.0008 -0.9512
vn -0.9538 0.1391 -0.2662
vn -0.3169 -0.0017 -0.9485
vn 0.3966 -0.3215 -0.8599
vn 0.0321 0.1270 -0.9914
vn -0.0430 -0.8852 0.4631
vn -0.0131 -0.8899 0.4560
vn -0.0001 -0.6509 0.7591
vn -0.0224 -0.6471 0.7621
vn 0.1557 0.4297 -0.8894
vn 0.1676 -0.7784 0.6049
vn 0.1178 -0.4075 0.9056
vn 0.2603 -0.3439 0.9022
vn -0.3069 -0.2099 0.9283
vn -0.2353 -0.3386 0.9110
vn 0.3350 -0.2107 0.9184
vn -0.1039 -0.4012 0.9100
vn 0.6465 -0.0906 0.7575
vn 0.9886 -0.0256 0.1486
vn 0.9986 -0.0150 0.0505
vn 0.9790 -0.1989 0.0449
vn 0.9573 -0.2157 0.1923
vn -0.6002 -0.0815 0.7956
vn -0.6160 -0.0565 0.7857
vn 0.9080 0.1470 0.3923
vn 0.9559 -0.0412 0.2906
vn 0.4795 -0.3487 -0.8052
vn -0.0499 -0.9725 0.2273
vn -0.0507 -0.9669 0.2500
vn 0.1308 -0.9449 0.3000
vn 0.1409 -0.9532 0.2676
vn 0.9112 -0.0546 0.4084
vn -0.9365 0.0038 0.3507
vn -0.8815 0.2064 0.4247
vn -0.8857 -0.0099 0.4641
vn -0.4769 -0.3836 -0.7908
vn 0.6311 0.5700 0.5260
vn 0.5174 0.4283 0.7408
vn 0.9487 0.0896 -0.3032
vn -0.7607 0.0974 -0.6417
vn -0.9924 0.0489 -0.1131
vn -0.0479 -0.9315 0.3605
vn -0.0164 -0.9366 0.3500
vn -0.0446 0.9858 -0.1616
vn 0.0210 -0.8906 0.4544
vn 0.0238 -0.6491 0.7603
vn -0.1758 -0.9377 -0.2996
vn 0.1521 -0.8773 0.4552
vn -0.2019 0.0903 -0.9752
vn -0.1975 0.1238 -0.9724
vn 0.2133 0.1219 -0.9693
vn 0.1496 0.1613 -0.9755
vn 0.0443 0.9284 -0.3690
vn -0.1413 0.8995 -0.4135
vn -0.1288 0.7958 0.5917
vn 0.0579 0.7568 0.6511
vn 0.1806 0.1056 -0.9778
vn 0.1787 0.0942 -0.9794
vn -0.2242 0.0945 -0.9699
vn -0.1655 0.0310 -0.9857
vn 0.0085 -0.0913 0.9958
vn 0.0034 -0.1130 0.9936
vn 0.2015 -0.1134 0.9729
vn 0.1462 -0.1318 0.9804
vn 0.6644 0.5979 0.4484
vn 0.7061 0.7074 -0.0296
vn 0.9788 0.1974 -0.0541
vn 0.9248 0.1344 0.3559
vn -0.0060 0.2633 -0.9647
vn -0.0129 0.2586 -0.9659
vn -0.0230 -0.1673 -0.9856
vn -0.0301 -0.1685 -0.9852
vn -0.9751 -0.2205 0.0220
vn -0.9999 0.0009 0.0118
vn -0.9268 -0.0360 0.3738
vn -0.8723 -0.2369 0.4277
vn 0.2044 0.8932 0.4005
vn 0.2054 0.9786 0.0100
vn -0.9338 -0.0028 0.3578
vn -0.9992 0.0383 -0.0056
vn -0.9674 0.2528 -0.0156
vn -0.8982 0.1926 0.3950
vn -0.6231 0.6314 0.4616
vn -0.6727 0.7399 0.0002
vn -0.1839 0.9826 0.0231
vn -0.1792 0.8975 0.4028
vn 0.1206 -0.0444 -0.9917
vn 0.0222 -0.1239 -0.9920
vn -0.0491 0.2666 -0.9626
vn -0.0959 0.1971 -0.9757
vn -0.0309 -0.1104 -0.9934
vn -0.1305 -0.0224 -0.9912
vn 0.0911 0.2034 -0.9748
vn 0.0448 0.2707 -0.9616
vn 0.0036 -0.1012 0.9948
vn 0.0040 -0.1049 0.9945
vn 0.0029 -0.1108 0.9938
vn 0.0026 -0.1072 0.9942
vn 0.6790 -0.7340 0.0101
vn 0.5860 -0.6638 0.4646
vn 0.9087 -0.2175 0.3562
vn 0.9807 -0.1901 -0.0455
vn 0.0111 -0.0828 0.9965
vn 0.0824 -0.1618 0.9834
vn 0.0027 -0.0973 0.9952
vn 0.0013 -0.1042 0.9945
vn -0.1348 -0.0598 0.9890
vn -0.0813 -0.0117 0.9966
vn -0.0159 0.2579 -0.9660
vn 0.0075 0.2615 -0.9652
vn -0.0494 -0.0996 -0.9938
vn -0.0105 -0.1664 -0.9860
vn 0.0057 -0.1102 0.9939
vn -0.1794 -0.1011 0.9785
vn -0.6646 -0.7464 0.0340
vn -0.5609 -0.6695 0.4870
vn -0.1250 -0.9081 0.3996
vn -0.1425 -0.9895 0.0244
vn 0.1089 0.1960 -0.9745
vn -0.0970 -0.0237 -0.9950
vn 0.9531 -0.0435 0.2994
vn 0.9983 0.0019 -0.0581
vn 0.9984 -0.0017 -0.0553
vn 0.9532 -0.0426 0.2993
vn 0.0099 -0.0791 0.9968
vn 0.0089 -0.0720 0.9973
vn -0.0617 -0.1523 0.9864
vn -0.1183 -0.1210 0.9856
vn 0.1197 -0.9916 0.0479
vn 0.1117 -0.9045 0.4116
vn -0.6737 -0.7345 0.0813
vn -0.1498 -0.9825 0.1111
vn -0.9648 -0.2329 0.1224
vn 0.1349 -0.9815 0.1354
vn 0.6966 -0.7153 0.0558
vn 0.9836 0.1750 0.0438
vn 0.9677 0.1650 0.1902
vn 0.0064 0.9705 0.2407
vn 0.0060 0.9901 0.1399
vn -0.9481 0.2218 0.2278
vn -0.9696 0.2301 0.0832
vn -0.6722 0.7400 0.0222
vn -0.6652 0.6900 0.2851
vn -0.1751 0.9769 0.1227
vn -0.1856 0.9458 0.2665
vn 0.6590 -0.6988 0.2784
vn 0.6475 -0.6884 0.3269
vn 0.9518 -0.2091 0.2242
vn -0.9307 -0.2502 0.2667
vn -0.9226 -0.2427 0.2998
vn -0.6197 -0.7013 0.3521
vn -0.6326 -0.7123 0.3038
vn -0.1436 -0.9483 0.2829
vn -0.1535 -0.9559 0.2504
vn 0.9885 -0.0237 0.1493
vn 0.9988 -0.0110 0.0481
vn -0.9670 -0.0309 0.2529
vn -0.0500 -0.9899 0.1323
vn 0.0145 -0.9937 0.1113
vn -0.0205 -0.9933 0.1140
vn 0.9560 -0.0416 0.2905
vn 0.0201 -0.9373 0.3478
vn 0.0175 -0.9777 0.2091
vn 0.0181 -0.9724 0.2326
vn -0.0192 -0.9718 0.2350
vn -0.0191 -0.9772 0.2114
vn 0.0111 -0.0724 0.9973
vn -0.0193 -0.2112 0.9772
vn -0.1336 0.2033 -0.9699
vn -0.0243 0.2715 -0.9621
vn 0.0244 -0.0938 -0.9953
vn 0.0787 -0.0115 -0.9968
vn -0.0066 -0.6253 -0.7803
vn 0.1211 -0.5875 -0.8001
vn 0.1996 -0.8789 -0.4331
vn -0.0067 -0.9205 -0.3906
vn -0.0538 -0.9979 0.0350
vn -0.0454 -0.9328 0.3576
vn 0.0087 0.9342 0.3566
vn 0.0073 0.9996 0.0270
vn 0.0034 -0.0985 0.9951
vn -0.0382 0.0489 0.9980
vn 0.0058 0.1075 0.9942
vn 0.0121 -0.9998 0.0143
vn 0.0170 -0.9384 0.3450
vn -0.0159 -0.9380 0.3463
vn -0.0232 -0.9995 0.0178
vn 0.0113 -0.0980 0.9951
vn -0.1709 -0.0990 0.9803
vn 0.0043 -0.1272 0.9919
vn 0.0051 -0.1208 0.9926
vn 0.1464 -0.0837 0.9857
vn 0.2004 -0.1259 0.9716
vn -0.1991 0.1092 -0.9738
vn -0.2094 0.1097 -0.9716
vn 0.1538 0.0452 -0.9870
vn 0.2174 0.1077 -0.9701
vn 0.0020 -0.1129 0.9936
vn 0.0477 0.0318 0.9984
vn 0.0880 -0.0335 0.9955
vn 0.0137 -0.0808 0.9966
vn 0.0412 -0.2181 0.9750
vn 0.0181 -0.0784 0.9967
vn 0.0054 -0.2705 0.9627
vn -0.0047 -0.1152 -0.9933
vn -0.0020 0.3368 -0.9416
vn 0.1896 0.0634 -0.9798
vn -0.1538 0.1547 -0.9759
vn 0.1824 0.1009 -0.9780
vn -0.2181 0.1159 -0.9690
vn 0.0158 -0.0741 0.9971
vn 0.0193 -0.0761 0.9969
vn 0.0134 -0.2698 0.9628
vn 0.0188 -0.2664 0.9637
vn 0.8683 0.2523 -0.4271
vn 0.5848 0.6698 -0.4575
vn 0.5838 0.6107 0.5349
vn 0.8048 0.1860 0.5636
vn 0.7801 -0.0996 0.6177
vn 0.7822 -0.2785 0.5573
vn 0.8906 -0.2097 -0.4035
vn 0.9289 0.0028 -0.3704
vn 0.7902 -0.0468 0.6111
vn 0.9223 0.0435 -0.3840
vn 0.5733 -0.6529 0.4949
vn 0.6281 -0.6284 -0.4588
vn -0.7570 -0.0789 0.6486
vn -0.7538 -0.0615 0.6542
vn -0.9498 0.0422 -0.3098
vn -0.9482 0.0443 -0.3146
vn 0.1806 -0.8369 0.5166
vn -0.1925 -0.8370 0.5122
vn -0.5951 -0.6325 0.4957
vn -0.6629 -0.5992 -0.4488
vn -0.2211 -0.8739 -0.4328
vn -0.0190 0.9338 -0.3572
vn 0.0150 0.9333 -0.3586
vn 0.0327 0.7497 0.6609
vn -0.0032 0.7535 0.6575
vn -0.7850 0.1490 0.6013
vn -0.9049 0.2238 -0.3619
vn 0.1480 0.9024 -0.4047
vn 0.1600 0.7884 0.5939
vn -0.7832 -0.2379 0.5744
vn -0.9150 -0.1556 -0.3721
vn -0.6164 0.6578 -0.4328
vn -0.5777 0.6039 0.5491
vn -0.9388 0.2511 -0.2355
vn -0.9562 -0.2371 -0.1714
vn -0.9440 -0.2772 0.1789
vn -0.9624 0.1708 0.2112
vn 0.9441 -0.2752 -0.1812
vn 0.9437 0.2086 -0.2566
vn 0.9718 0.1229 0.2011
vn 0.9322 -0.3203 0.1683
vn -0.0065 0.4779 -0.8784
vn -0.1579 0.5077 -0.8469
vn -0.1718 0.4698 -0.8659
vn -0.0042 0.4846 -0.8747
vn 0.0044 -0.0778 0.9969
vn -0.0007 -0.4267 0.9044
vn 0.0013 -0.4272 0.9041
vn 0.0054 -0.0703 0.9975
vn 0.1668 0.9765 -0.1366
vn 0.1637 0.9843 -0.0664
vn -0.1902 0.9743 -0.1207
vn -0.1853 0.9797 -0.0767
vn 0.0005 0.2669 -0.9637
vn -0.0017 0.2639 -0.9645
vn -0.0018 -0.1757 -0.9844
vn -0.0020 -0.1711 -0.9852
vn 0.0068 0.1740 0.9847
vn 0.1845 0.1961 0.9630
vn 0.1807 0.1838 0.9662
vn 0.0042 0.2023 0.9793
vn 0.0011 -0.9928 -0.1195
vn 0.1549 -0.9821 -0.1074
vn 0.1534 -0.9696 0.1904
vn 0.0016 -0.9782 0.2076
vn 0.0160 0.9954 0.0942
vn 0.0068 0.9951 0.0978
vn 0.0047 0.9625 -0.2712
vn 0.0129 0.9604 -0.2783
vn -0.0009 -0.1786 -0.9839
vn -0.0029 0.2601 -0.9656
vn 0.1976 0.2975 -0.9340
vn 0.1720 -0.1759 -0.9692
vn -0.9207 0.3492 -0.1744
vn -0.9397 0.2900 0.1809
vn -0.9510 0.2481 0.1845
vn -0.9412 0.2976 -0.1600
vn 0.9613 0.2243 0.1600
vn 0.9404 0.2784 -0.1953
vn 0.9543 0.2422 -0.1752
vn 0.9656 0.1967 0.1702
vn 0.0051 0.4810 -0.8766
vn -0.0009 0.4805 -0.8770
vn -0.0010 0.4899 -0.8717
vn 0.0027 0.4874 -0.8732
vn -0.0087 0.9673 -0.2535
vn 0.0078 0.9669 -0.2551
vn 0.0107 0.9925 0.1219
vn -0.0077 0.9926 0.1212
vn 0.0014 0.1862 0.9825
vn 0.0050 0.1797 0.9837
vn 0.0033 0.2092 0.9778
vn 0.0011 0.2133 0.9770
vn 0.0026 -0.4227 0.9062
vn 0.1687 -0.4132 0.8948
vn 0.2478 0.0442 0.9678
vn 0.0027 -0.0598 0.9982
vn 0.0082 0.9940 0.1089
vn 0.1742 0.9800 0.0959
vn 0.1743 0.9633 -0.2039
vn 0.0086 0.9755 -0.2197
vn 0.0218 0.9649 -0.2615
vn 0.0500 0.9702 -0.2369
vn -0.0013 0.9924 0.1232
vn 0.0249 0.9925 0.1197
vn -0.0049 0.9950 0.0993
vn -0.0403 0.9975 0.0575
vn 0.0142 0.9618 -0.2732
vn -0.0058 0.9630 -0.2695
vn -0.1481 0.9876 -0.0521
vn -0.1489 0.9817 -0.1184
vn 0.1905 0.9791 -0.0705
vn 0.1929 0.9744 -0.1151
vn -0.0027 0.9938 0.1109
vn 0.0035 0.9939 0.1104
vn 0.0032 0.9762 -0.2166
vn -0.0036 0.9767 -0.2142
vn -0.1602 -0.9814 -0.1060
vn -0.6570 -0.7438 -0.1225
vn -0.5484 -0.6352 -0.5437
vn -0.1652 -0.7358 -0.6567
vn -0.6917 -0.1918 -0.6962
vn -0.1776 -0.1610 -0.9708
vn 0.1600 -0.7406 -0.6526
vn 0.5369 -0.6466 -0.5418
vn 0.6427 -0.7558 -0.1253
vn 0.6798 -0.2201 -0.6995
vn 0.6943 0.2514 0.6743
vn 0.4468 0.8242 0.3479
vn 0.6409 0.7649 0.0634
vn 0.1678 0.7906 0.5889
vn 0.0490 0.9976 0.0486
vn 0.0956 0.9952 -0.0179
vn -0.1735 0.2225 0.9593
vn -0.6688 0.3016 0.6795
vn -0.4155 0.8393 0.3505
vn -0.1530 0.7993 0.5811
vn -0.6002 0.7955 0.0830
vn -0.0860 0.9962 -0.0066
vn 0.6247 -0.7614 0.1735
vn 0.5159 -0.6917 0.5054
vn 0.1470 -0.7833 0.6040
vn 0.6564 -0.3935 0.6436
vn -0.1588 -0.9678 0.1953
vn -0.1506 -0.7794 0.6081
vn -0.5275 -0.6778 0.5121
vn -0.6393 -0.7473 0.1809
vn -0.1715 -0.4111 0.8953
vn -0.6665 -0.3640 0.6506
vn -0.1150 0.8198 -0.5610
vn -0.3462 0.8447 -0.4082
vn -0.6134 0.4931 -0.6169
vn -0.0408 0.9742 -0.2218
vn -0.0885 0.9824 -0.1645
vn -0.5754 0.7982 -0.1783
vn 0.1603 0.5009 -0.8505
vn 0.6299 0.4474 -0.6348
vn 0.3654 0.8222 -0.4364
vn 0.1203 0.8092 -0.5751
vn 0.6134 0.7622 -0.2069
vn 0.1010 0.9779 -0.1829
vn 0.1110 0.9717 -0.2084
vn 0.4158 0.7711 -0.4822
vn 0.0758 0.7336 -0.6753
vn 0.6933 0.6995 -0.1730
vn 0.6578 0.2831 -0.6979
vn -0.0098 0.9586 -0.2846
vn -0.0750 0.7330 -0.6761
vn -0.4111 0.7783 -0.4746
vn -0.1090 0.9701 -0.2167
vn -0.1987 0.3122 -0.9290
vn -0.6597 0.3110 -0.6841
vn -0.6766 0.7186 -0.1605
vn 0.0112 0.9919 0.1268
vn 0.1088 0.6688 0.7354
vn 0.5057 0.7335 0.4541
vn 0.1186 0.9921 0.0404
vn 0.7222 0.0825 0.6867
vn 0.7167 0.6970 0.0226
vn -0.1132 0.9930 0.0338
vn -0.4897 0.7412 0.4591
vn -0.1006 0.6592 0.7451
vn -0.6959 0.7174 0.0328
vn -0.7160 0.1100 0.6894
vn -0.2431 0.0408 0.9691
vn -0.1724 0.2051 0.9634
vn -0.1633 0.7478 0.6435
vn -0.5461 0.6425 0.5375
vn -0.6807 0.2221 0.6980
vn -0.1635 0.9815 0.0998
vn -0.6590 0.7419 0.1240
vn 0.6834 0.7207 0.1166
vn 0.5676 0.6224 0.5389
vn 0.6970 0.1824 0.6934
vn 0.1742 0.7399 0.6498
vn -0.6610 0.4168 -0.6240
vn -0.5291 0.6945 -0.4875
vn -0.1532 0.7976 -0.5834
vn -0.6424 0.7472 -0.1701
vn -0.1640 0.9670 -0.1947
vn 0.1751 0.4646 -0.8680
vn 0.1597 0.7907 -0.5910
vn 0.5475 0.6713 -0.4995
vn 0.6725 0.3793 -0.6355
vn 0.6656 0.7232 -0.1841
vn 0.0004 -0.7497 -0.6618
vn -0.0015 -0.7490 -0.6625
vn -0.0027 -0.7473 -0.6644
vn -0.0015 -0.9928 -0.1194
vn -0.0034 -0.9929 -0.1188
vn -0.0055 0.7128 -0.7013
vn 0.0013 0.7130 -0.7011
vn 0.0070 0.7108 -0.7033
vn 0.0018 -0.7904 0.6126
vn -0.0038 -0.9775 0.2106
vn -0.0014 -0.9779 0.2090
vn -0.0007 -0.7910 0.6118
vn -0.0028 -0.7891 0.6142
vn -0.0024 0.6316 0.7752
vn 0.0117 0.6243 0.7810
vn 0.0199 0.6210 0.7836
vn -0.0022 0.7398 0.6728
vn 0.0078 0.7368 0.6760
vn 0.0147 0.7348 0.6781
vn -0.0088 0.7846 -0.6200
vn 0.0034 0.7845 -0.6201
vn 0.0145 0.7815 -0.6238
vn -0.0011 0.7589 0.6512
vn 0.0037 0.7580 0.6523
vn 0.0069 0.7551 0.6555
vn -0.0039 0.8058 -0.5922
vn 0.0016 0.8065 -0.5913
vn 0.0065 0.8033 -0.5955
vn 0.6924 0.6498 0.3135
vn 0.9630 0.1512 0.2230
vn 0.9428 0.1382 0.3032
vn 0.6662 0.6152 0.4216
vn 0.1951 0.9353 0.2952
vn 0.1897 0.9081 0.3733
vn -0.9423 0.2104 0.2604
vn -0.6562 0.6794 0.3282
vn -0.6298 0.6463 0.4307
vn -0.9196 0.1983 0.3391
vn -0.1750 0.9381 0.2987
vn -0.1694 0.9120 0.3735
vn 0.6143 -0.6600 0.4324
vn 0.9280 -0.2130 0.3056
vn 0.1293 -0.9177 0.3756
vn -0.8930 -0.2437 0.3783
vn -0.5848 -0.6706 0.4563
vn -0.1400 -0.9217 0.3617
vn 0.9845 -0.0285 0.1727
vn 0.9722 -0.0351 0.2313
vn -0.9722 0.0160 0.2335
vn -0.9563 0.0101 0.2920
vn -0.9498 -0.0364 0.3107
vn 0.9845 -0.0266 0.1731
vn 0.9722 -0.0339 0.2315
vn 0.0065 0.9645 0.2639
vn 0.0067 0.9477 0.3191
vn -0.0179 -0.9560 0.2927
vn -0.0495 -0.9509 0.3055
vn 0.0190 -0.9567 0.2904
vn -0.1238 -0.7304 -0.6716
vn -0.4784 -0.4636 -0.7457
vn -0.7380 -0.1062 -0.6664
vn 0.4740 -0.4401 -0.7626
vn 0.0934 -0.7421 -0.6637
vn 0.7241 -0.0742 -0.6857
vn 0.6042 0.0224 0.7965
vn 0.3968 0.2799 0.8742
vn 0.1471 0.5284 0.8361
vn -0.3727 0.3146 0.8730
vn -0.5752 0.0693 0.8151
vn -0.1266 0.5433 0.8299
vn 0.4530 0.5430 -0.7070
vn 0.6936 0.2281 -0.6832
vn 0.1475 0.7803 -0.6077
vn -0.4476 0.5668 -0.6916
vn -0.1385 0.7891 -0.5984
vn -0.6956 0.2586 -0.6703
vn 0.3341 -0.4281 0.8397
vn 0.5855 -0.2033 0.7848
vn 0.0834 -0.6203 0.7798
vn -0.5367 -0.2033 0.8189
vn -0.3110 -0.4237 0.8507
vn -0.0799 -0.6195 0.7809
vn 0.6782 -0.0908 0.7292
vn -0.6434 -0.0586 0.7633
vn -0.6306 -0.0784 0.7721
vn -0.0553 -0.7940 -0.6053
vn -0.0301 -0.7881 -0.6148
vn 0.0004 -0.7856 -0.6187
vn 0.6775 -0.0973 0.7290
vn -0.7910 0.0636 -0.6084
vn -0.0023 -0.8201 0.5723
vn 0.0086 0.6299 0.7766
vn 0.7734 0.0671 -0.6303
vn -0.7814 0.0977 -0.6163
vn 0.7692 0.0765 -0.6344
vn 0.0033 0.8435 -0.5371
vn -0.0024 -0.6938 0.7201
vn -0.0242 -0.6892 0.7241
vn 0.0205 -0.6920 0.7216
vn -0.1370 -0.5765 -0.8055
vn 0.6418 0.0588 -0.7646
vn 0.6178 -0.0792 -0.7823
vn -0.6418 -0.0334 -0.7661
vn -0.6701 0.0961 -0.7360
vn -0.6759 0.0846 -0.7321
vn 0.6363 0.0755 -0.7677
vn -0.6430 0.1767 -0.7452
vn 0.5961 0.1899 -0.7801
vn 0.0013 0.6814 -0.7319
vn -0.0191 0.6815 -0.7315
vn -0.0872 0.6558 -0.7498
vn 0.0219 0.6821 -0.7308
vn 0.4217 -0.3860 -0.8205
vn -0.4476 -0.3570 -0.8199
vn -0.4209 0.4731 -0.7739
vn 0.3849 0.4765 -0.7904
vn 0.0815 0.6537 -0.7523
vn 0.0030 -0.0948 0.9955
vn 0.0022 -0.0938 0.9956
vn 0.0157 -0.0708 0.9973
vn 0.0196 -0.0726 0.9972
vn 0.0026 -0.1115 0.9937
vn 0.0040 -0.1266 0.9919
vn 0.0183 -0.0748 0.9970
vn 0.0134 -0.0771 0.9969
vn 0.0107 -0.0963 0.9953
vn 0.0091 -0.0762 0.9970
vn 0.0051 -0.1186 0.9929
vn 0.0017 -0.1093 0.9940
vn 0.0105 -0.0792 0.9968
vn 0.0049 -0.1092 0.9940
vn 0.0081 -0.0688 0.9976
vn 0.0105 -0.0692 0.9975
vn 0.0004 -0.1018 0.9948
vn 0.0079 -0.0881 0.9961
vn -0.1057 0.9231 -0.3697
vn -0.2519 0.8936 -0.3713
vn 0.0225 0.9951 -0.0965
vn -0.1604 0.9762 -0.1459
vn -0.1175 0.8604 -0.4959
vn 0.0048 0.9967 -0.0804
vn 0.1455 0.9460 -0.2896
vn 0.1874 0.9700 -0.1544
vn 0.3383 0.9390 -0.0623
vn 0.2419 0.9657 0.0939
vn 0.6836 0.5889 0.4310
vn -0.2576 0.9263 0.2748
vn -0.1823 0.9832 0.0040
vn 0.1662 0.7958 -0.5823
vn 0.3109 0.9481 0.0664
vn 0.5784 0.7741 -0.2571
vn -0.0064 0.9682 0.2499
vn 0.0282 0.9951 -0.0941
vn 0.0982 0.9789 0.1794
vn -0.2783 0.9207 -0.2735
vn 0.2170 0.9660 -0.1401
vn 0.0060 0.9929 0.1190
vn 0.0122 0.9999 -0.0054
vn 0.2586 0.9369 0.2352
vn 0.0162 0.9675 0.2521
vn -0.0641 0.9812 0.1817
vn 0.0082 0.9966 -0.0823
vn 0.0162 0.9996 -0.0225
vn -0.2163 0.9762 -0.0131
vn 0.0178 0.9679 0.2507
vn 0.1278 0.9882 0.0847
vn 0.0996 0.9788 0.1792
vn 0.1856 0.9353 0.3012
vn -0.1871 0.9222 -0.3383
vn 0.0422 0.9984 -0.0375
vn -0.0518 0.9884 -0.1423
vn 0.0851 0.9496 -0.3017
vn -0.1667 0.9427 -0.2888
vn 0.2516 0.9677 -0.0177
vn -0.2097 0.9222 -0.3247
vn -0.1662 0.7943 -0.5842
vn 0.0280 0.9991 -0.0317
vn 0.0162 0.9408 -0.3385
vn 0.0067 0.9994 -0.0327
vn 0.0195 0.9662 0.2571
vn 0.0163 0.8002 -0.5994
vn 0.1861 0.7868 -0.5885
vn 0.0193 0.9347 -0.3549
vn -0.1630 0.7882 -0.5934
vn 0.1536 0.9583 -0.2410
vn 0.0701 0.9441 0.3220
vn 0.2686 0.9324 0.2418
vn 0.2396 0.7947 0.5577
vn -0.1214 0.9897 -0.0753
vn -0.1646 0.9855 0.0396
vn 0.1000 0.9883 0.1153
vn 0.2402 0.9478 -0.2095
vn 0.0077 0.9316 0.3634
vn -0.0667 0.9485 0.3094
vn -0.1619 0.9863 -0.0315
vn -0.0095 0.9964 -0.0843
vn -0.1028 0.9917 0.0775
vn -0.1553 0.9414 0.2994
vn 0.0056 0.9321 0.3622
vn -0.0221 0.9990 -0.0394
vn 0.1717 0.9836 0.0550
vn -0.0706 0.9543 -0.2904
vn -0.0305 0.9988 -0.0372
vn 0.0066 0.9324 0.3614
vn -0.1705 0.9745 -0.1459
vn -0.0206 0.9133 -0.4067
vn -0.0823 0.9174 -0.3894
vn -0.0809 0.9176 -0.3892
vn -0.2532 0.9649 -0.0696
vn -0.2370 0.9686 -0.0745
vn 0.0117 0.9970 -0.0760
vn 0.3592 0.8381 0.4106
vn 0.3086 0.9366 0.1661
vn 0.0019 0.9804 0.1970
vn -0.0066 0.9991 -0.0425
vn -0.0073 0.9967 -0.0810
vn 0.1047 0.9929 0.0565
vn 0.0147 0.8260 0.5634
vn -0.0002 0.9967 -0.0804
vn 0.0193 0.9957 -0.0904
vn -0.0841 0.9901 0.1124
vn 0.1822 0.9373 0.2969
vn -0.2414 0.9664 -0.0885
vn -0.2742 0.9227 -0.2710
vn -0.2288 0.9697 -0.0853
vn 0.1887 0.9693 -0.1576
vn 0.0695 0.9811 0.1805
vn -0.0082 0.9963 -0.0855
vn 0.2238 0.9397 -0.2586
vn -0.1055 0.9907 -0.0854
vn -0.0085 0.9963 -0.0852
vn -0.0084 0.9964 -0.0847
vn -0.3478 0.8511 0.3932
vn 0.1290 0.9102 -0.3936
vn -0.2980 0.9501 -0.0921
vn -0.1011 0.9935 0.0515
vn 0.1448 0.9682 -0.2038
vn 0.1140 0.8598 -0.4977
vn -0.0043 0.8090 -0.5877
vn -0.0042 0.9377 -0.3475
vn -0.0286 0.9989 -0.0355
vn 0.1805 0.9420 -0.2827
vn 0.0203 0.9521 0.3050
vn -0.1085 0.9883 0.1068
vn -0.0910 0.9919 -0.0884
vn 0.0163 0.9961 -0.0863
vn 0.1169 0.9696 -0.2149
vn 0.0153 0.9962 -0.0849
vn 0.0726 0.9530 -0.2940
vn 0.1757 0.7953 -0.5802
vn 0.0323 0.9156 -0.4007
vn 0.1389 0.9099 -0.3909
vn 0.1518 0.9526 -0.2635
vn -0.1780 0.9400 -0.2908
vn 0.0719 0.9126 -0.4025
vn -0.1348 0.9847 0.1099
vn 0.0149 0.9959 -0.0886
vn 0.1603 0.9773 0.1383
vn 0.5883 0.6281 -0.5093
vn -0.1784 0.9678 -0.1776
vn 0.1668 0.9744 -0.1509
vn 0.0879 0.9198 -0.3823
vn -0.1375 0.9114 -0.3879
vn 0.2169 0.9171 -0.3344
vn 0.1618 0.9754 -0.1497
vn -0.0137 0.9989 -0.0454
vn -0.2439 0.9672 -0.0708
vn 0.0644 0.9793 -0.1918
vn 0.0635 0.9971 -0.0411
vn -0.1095 0.9877 0.1113
vn 0.1010 0.9946 -0.0235
vn 0.2650 0.9338 0.2402
vn -0.0128 0.9821 0.1876
vn -0.2165 0.9762 -0.0091
vn 0.0187 0.9996 -0.0179
vn 0.1234 0.9883 0.0895
vn -0.0567 0.9491 0.3098
vn 0.6894 0.6760 -0.2602
vn -0.2004 0.9190 -0.3394
vn 0.0159 0.9957 -0.0909
vn -0.3380 0.8271 -0.4491
vn 0.5166 0.7109 0.4772
vn 0.0099 -0.1129 0.9935
vn -0.4570 -0.5717 0.6814
vn -0.4100 0.5692 0.7127
vn -0.4550 0.5676 -0.6861
vn -0.4283 -0.5318 -0.7306
vn 0.8497 0.5252 0.0466
vn 0.8283 -0.5570 -0.0599
vn -0.0285 -0.9995 0.0115
vn 0.7049 -0.4738 0.5278
vn -0.2760 -0.4756 0.8352
vn 0.7270 -0.4296 -0.5356
vn -0.9055 -0.4241 0.0078
vn -0.3014 -0.3966 -0.8671
vn 0.9068 0.4213 -0.0097
vn 0.3027 0.3958 0.8670
vn -0.7276 0.4302 0.5344
vn -0.7052 0.4709 -0.5300
vn 0.2757 0.4726 -0.8370
vn 0.0297 0.9995 -0.0137
vn -0.0264 -0.9958 -0.0867
vn 0.6694 -0.4547 0.5875
vn -0.1771 -0.3713 0.9115
vn 0.6906 -0.3920 -0.6077
vn -0.9104 -0.4125 -0.0312
vn -0.2204 -0.1971 -0.9553
vn 0.9122 0.4087 0.0287
vn 0.2222 0.1945 0.9554
vn -0.6928 0.3924 0.6050
vn -0.6697 0.4502 -0.5906
vn 0.1762 0.3682 -0.9129
vn 0.0284 0.9958 0.0873
vn -0.0251 -0.9958 -0.0875
vn 0.6704 -0.4509 0.5892
vn -0.1777 -0.3701 0.9118
vn 0.6937 -0.3891 -0.6061
vn -0.9107 -0.4119 -0.0318
vn -0.2202 -0.1949 -0.9558
vn 0.9126 0.4077 0.0293
vn 0.2223 0.1927 0.9557
vn -0.6958 0.3894 0.6034
vn -0.6707 0.4464 -0.5923
vn 0.1771 0.3672 -0.9131
vn 0.0270 0.9958 0.0879
vn -0.0195 -0.9960 -0.0870
vn 0.6715 -0.4522 0.5870
vn -0.1780 -0.3726 0.9107
vn 0.6938 -0.3862 -0.6078
vn -0.9082 -0.4171 -0.0336
vn -0.2159 -0.1979 -0.9561
vn 0.9104 0.4125 0.0311
vn 0.2180 0.1943 0.9564
vn -0.6963 0.3854 0.6054
vn -0.6719 0.4474 -0.5901
vn 0.1774 0.3696 -0.9120
vn 0.0214 0.9958 0.0891
vn -0.0208 -0.9961 -0.0855
vn 0.6701 -0.4568 0.5850
vn -0.1774 -0.3741 0.9102
vn 0.6901 -0.3901 -0.6096
vn -0.9077 -0.4184 -0.0330
vn -0.2157 -0.2018 -0.9554
vn 0.9098 0.4140 0.0304
vn 0.2176 0.1975 0.9558
vn -0.6926 0.3893 0.6072
vn -0.6706 0.4521 -0.5881
vn 0.1767 0.3709 -0.9117
vn 0.0228 0.9958 0.0880
vn -0.4711 -0.5581 0.6830
vn -0.3855 0.5684 0.7268
vn -0.4515 0.5688 -0.6874
vn -0.4711 -0.5294 -0.7056
vn 0.8503 0.5251 0.0346
vn 0.8177 -0.5726 -0.0594
vn -0.0102 -0.9999 0.0097
vn 0.7072 -0.4950 0.5047
vn -0.2535 -0.4657 0.8478
vn 0.7053 -0.4476 -0.5497
vn -0.9087 -0.4164 0.0301
vn -0.3008 -0.4021 -0.8648
vn 0.9096 0.4141 -0.0330
vn 0.3034 0.4019 0.8639
vn -0.7066 0.4460 0.5493
vn -0.7084 0.4916 -0.5064
vn 0.2529 0.4624 -0.8498
vn 0.0096 0.9999 -0.0119
vn -0.0056 -0.9973 -0.0733
vn 0.6671 -0.4770 0.5723
vn -0.1545 -0.3521 0.9231
vn 0.6624 -0.4144 -0.6240
vn -0.9127 -0.4081 -0.0168
vn -0.2016 -0.2066 -0.9574
vn 0.9143 0.4048 0.0148
vn 0.2040 0.2051 0.9572
vn -0.6647 0.4118 0.6233
vn -0.6688 0.4726 -0.5738
vn 0.1541 0.3485 -0.9245
vn 0.0044 0.9973 0.0733
vn -0.0031 -0.9972 -0.0747
vn 0.6677 -0.4754 0.5728
vn -0.1527 -0.3545 0.9225
vn 0.6637 -0.4126 -0.6239
vn -0.9109 -0.4122 -0.0175
vn -0.2015 -0.2063 -0.9575
vn 0.9123 0.4093 0.0154
vn 0.2035 0.2047 0.9574
vn -0.6662 0.4100 0.6229
vn -0.6694 0.4710 -0.5744
vn 0.1520 0.3507 -0.9240
vn 0.0017 0.9972 0.0745
vn -0.0051 -0.9972 -0.0743
vn 0.6643 -0.4800 0.5729
vn -0.1566 -0.3578 0.9206
vn 0.6630 -0.4145 -0.6234
vn -0.9109 -0.4122 -0.0200
vn -0.2004 -0.2091 -0.9571
vn 0.9125 0.4086 0.0176
vn 0.2022 0.2058 0.9575
vn -0.6657 0.4114 0.6225
vn -0.6664 0.4753 -0.5744
vn 0.1555 0.3539 -0.9222
vn 0.0044 0.9971 0.0757
vn -0.0078 -0.9973 -0.0722
vn 0.6629 -0.4824 0.5725
vn -0.1588 -0.3551 0.9212
vn 0.6611 -0.4176 -0.6234
vn -0.9130 -0.4076 -0.0192
vn -0.2002 -0.2103 -0.9569
vn 0.9148 0.4035 0.0170
vn 0.2023 0.2069 0.9572
vn -0.6635 0.4144 0.6228
vn -0.6651 0.4778 -0.5739
vn 0.1581 0.3513 -0.9228
vn 0.0076 0.9972 0.0739
vn -0.4601 -0.5707 0.6802
vn -0.4074 0.5658 0.7168
vn -0.4546 0.5736 -0.6814
vn -0.4393 -0.5286 -0.7263
vn 0.8516 0.5224 0.0429
vn 0.8252 -0.5615 -0.0614
vn -0.0283 -0.9996 0.0060
vn 0.7035 -0.4832 0.5210
vn -0.2702 -0.4784 0.8355
vn 0.7180 -0.4359 -0.5426
vn -0.9049 -0.4254 0.0094
vn -0.3022 -0.3972 -0.8665
vn 0.9058 0.4236 -0.0115
vn 0.3036 0.3959 0.8666
vn -0.7185 0.4364 0.5415
vn -0.7038 0.4806 -0.5231
vn 0.2695 0.4752 -0.8375
vn 0.0289 0.9995 -0.0080
vn -0.0222 -0.9962 -0.0840
vn 0.6671 -0.4661 0.5810
vn -0.1690 -0.3722 0.9126
vn 0.6793 -0.4011 -0.6146
vn -0.9088 -0.4163 -0.0274
vn -0.2166 -0.2035 -0.9548
vn 0.9098 0.4143 0.0249
vn 0.2170 0.2000 0.9554
vn -0.6816 0.4011 0.6120
vn -0.6677 0.4619 -0.5837
vn 0.1668 0.3682 -0.9146
vn 0.0232 0.9962 0.0844
vn -0.0261 -0.9960 -0.0851
vn 0.6674 -0.4637 0.5827
vn -0.1715 -0.3718 0.9123
vn 0.6816 -0.3995 -0.6130
vn -0.9099 -0.4138 -0.0280
vn -0.2193 -0.2011 -0.9547
vn 0.9110 0.4115 0.0254
vn 0.2200 0.1979 0.9552
vn -0.6838 0.3999 0.6102
vn -0.6679 0.4595 -0.5854
vn 0.1696 0.3681 -0.9142
vn 0.0276 0.9960 0.0853
vn -0.0230 -0.9962 -0.0844
vn 0.6675 -0.4651 0.5814
vn -0.1734 -0.3743 0.9109
vn 0.6821 -0.3976 -0.6136
vn -0.9082 -0.4173 -0.0301
vn -0.2161 -0.2041 -0.9548
vn 0.9098 0.4141 0.0274
vn 0.2171 0.1997 0.9555
vn -0.6846 0.3971 0.6112
vn -0.6682 0.4606 -0.5841
vn 0.1718 0.3706 -0.9127
vn 0.0247 0.9959 0.0864
vn -0.0190 -0.9964 -0.0826
vn 0.6667 -0.4685 0.5796
vn -0.1711 -0.3748 0.9112
vn 0.6790 -0.4003 -0.6153
vn -0.9069 -0.4202 -0.0294
vn -0.2130 -0.2081 -0.9546
vn 0.9084 0.4172 0.0268
vn 0.2137 0.2032 0.9555
vn -0.6817 0.3993 0.6130
vn -0.6676 0.4641 -0.5821
vn 0.1692 0.3709 -0.9131
vn 0.0203 0.9962 0.0849
vn -0.4650 -0.5675 0.6794
vn -0.4023 0.5620 0.7227
vn -0.4565 0.5710 -0.6823
vn -0.4546 -0.5296 -0.7161
vn 0.8480 0.5286 0.0390
vn 0.8234 -0.5641 -0.0613
vn -0.0114 -0.9999 0.0049
vn 0.7066 -0.4877 0.5126
vn -0.2569 -0.4766 0.8407
vn 0.7123 -0.4386 -0.5478
vn -0.9030 -0.4292 0.0170
vn -0.2967 -0.4013 -0.8665
vn 0.9037 0.4276 -0.0197
vn 0.2982 0.4005 0.8664
vn -0.7136 0.4377 0.5470
vn -0.7074 0.4847 -0.5145
vn 0.2559 0.4732 -0.8430
vn 0.0107 0.9999 -0.0070
vn -0.0039 -0.9968 -0.0792
vn 0.6675 -0.4722 0.5757
vn -0.1555 -0.3655 0.9177
vn 0.6699 -0.4070 -0.6209
vn -0.9066 -0.4214 -0.0226
vn -0.2047 -0.2075 -0.9566
vn 0.9076 0.4194 0.0200
vn 0.2053 0.2047 0.9570
vn -0.6728 0.4050 0.6191
vn -0.6689 0.4677 -0.5777
vn 0.1534 0.3613 -0.9197
vn 0.0029 0.9968 0.0794
vn -0.0068 -0.9967 -0.0806
vn 0.6678 -0.4704 0.5768
vn -0.1572 -0.3674 0.9167
vn 0.6720 -0.4052 -0.6198
vn -0.9066 -0.4214 -0.0234
vn -0.2072 -0.2063 -0.9563
vn 0.9073 0.4198 0.0209
vn 0.2074 0.2034 0.9568
vn -0.6748 0.4036 0.6178
vn -0.6690 0.4660 -0.5790
vn 0.1548 0.3631 -0.9188
vn 0.0060 0.9967 0.0807
vn -0.0081 -0.9967 -0.0801
vn 0.6661 -0.4734 0.5763
vn -0.1613 -0.3703 0.9148
vn 0.6720 -0.4054 -0.6196
vn -0.9062 -0.4221 -0.0257
vn -0.2060 -0.2093 -0.9559
vn 0.9073 0.4198 0.0231
vn 0.2063 0.2049 0.9568
vn -0.6751 0.4033 0.6177
vn -0.6676 0.4688 -0.5784
vn 0.1589 0.3661 -0.9169
vn 0.0078 0.9966 0.0818
vn -0.0051 -0.9969 -0.0778
vn 0.6651 -0.4761 0.5752
vn -0.1598 -0.3683 0.9159
vn 0.6692 -0.4084 -0.6207
vn -0.9062 -0.4221 -0.0248
vn -0.2029 -0.2117 -0.9560
vn 0.9077 0.4191 0.0221
vn 0.2036 0.2073 0.9568
vn -0.6724 0.4057 0.6191
vn -0.6669 0.4713 -0.5771
vn 0.1578 0.3641 -0.9179
vn 0.0047 0.9968 0.0798
vn 0.2232 -0.7674 0.6010
vn 0.7273 0.2306 0.6464
vn -0.4369 0.8627 0.2544
vn -0.9781 -0.1105 0.1765
vn 0.5129 0.3595 -0.7795
vn -0.0220 -0.5963 -0.8024
vn 0.2183 -0.7669 0.6035
vn 0.7337 0.2276 0.6402
vn -0.4362 0.8627 0.2558
vn -0.9780 -0.1077 0.1784
vn 0.5159 0.3571 -0.7786
vn -0.0326 -0.5912 -0.8058
vn 0.2142 -0.7623 0.6108
vn 0.7403 0.2287 0.6321
vn -0.4363 0.8628 0.2552
vn -0.9775 -0.1081 0.1808
vn 0.5162 0.3529 -0.7804
vn -0.0470 -0.5852 -0.8095
vn 0.2077 -0.7601 0.6157
vn 0.7452 0.2243 0.6279
vn -0.4228 0.8699 0.2539
vn -0.9779 -0.0968 0.1851
vn 0.5128 0.3430 -0.7870
vn -0.0638 -0.5847 -0.8087
vn -0.0219 0.8971 0.4413
vn 0.8121 -0.0327 -0.5826
vn 0.3981 0.4268 -0.8120
vn -0.2769 0.1603 -0.9474
vn -0.0960 0.8984 0.4286
vn 0.0099 0.0290 0.9995
vn -0.0615 -0.0105 0.9980
vn -0.3023 0.7372 -0.6043
vn 0.7652 0.0084 -0.6437
vn -0.0583 -0.0641 0.9962
vn 0.4449 0.6746 -0.5890
vn -0.1146 0.7788 -0.6167
vn 0.2695 0.4519 0.8503
vn -0.3454 0.5307 0.7740
vn 0.8249 0.2292 0.5167
vn 0.5431 0.7705 0.3336
vn 0.8236 0.0918 -0.5596
vn 0.9898 0.1089 -0.0916
vn 0.6227 0.5245 -0.5806
vn 0.8080 0.2294 0.5426
vn -0.0154 0.8173 0.5760
vn 0.6418 0.7628 -0.0787
vn 0.8136 0.1242 0.5679
vn 0.8274 0.0909 -0.5542
vn 0.9919 0.1250 -0.0229
vn -0.3690 -0.7134 0.5957
vn 0.5388 0.4571 -0.7076
vn -0.0755 0.7979 -0.5980
vn -0.0825 0.7771 -0.6239
vn 0.5011 0.8475 0.1748
vn 0.7529 0.6162 0.2311
vn 0.5563 0.3844 -0.7367
vn 0.8643 0.1685 -0.4738
vn 0.9558 0.2011 -0.2145
vn 0.5792 0.7915 -0.1950
vn -0.0542 0.8318 0.5524
vn 0.6325 0.6404 0.4357
vn -0.0422 0.9339 0.3551
vn 0.0129 0.0906 -0.9958
vn 0.6725 0.1906 -0.7151
vn 0.3612 0.5609 -0.7450
vn 0.8907 0.4350 0.1320
vn 0.6275 0.7469 0.2199
vn 0.8374 0.2089 0.5050
vn 0.4429 0.4634 -0.7675
vn -0.0459 0.8034 0.5937
vn -0.1546 0.8981 0.4116
vn -0.3913 0.7598 0.5191
vn -0.1166 0.7106 -0.6939
vn 0.8022 0.5551 0.2196
vn 0.7790 0.3429 0.5249
vn 0.2338 0.9699 0.0672
vn 0.7818 0.0497 -0.6215
vn 0.6124 0.4845 0.6246
vn 0.9682 0.0783 -0.2374
vn 0.9699 0.0731 -0.2323
vn 0.8136 0.2145 0.5404
vn 0.4540 0.6476 0.6120
vn -0.7779 -0.6283 0.0076
vn 0.2878 0.5424 -0.7893
vn 0.8110 0.1912 0.5528
vn -0.6391 -0.7341 0.2295
vn 0.9613 0.1102 -0.2525
vn 0.9917 0.0555 -0.1159
vn 0.7201 0.0962 -0.6872
vn -0.2037 0.7498 -0.6295
vn 0.9760 0.1519 -0.1561
vn 0.9807 0.1847 -0.0647
vn 0.9898 0.1391 -0.0297
vn 0.9922 0.1245 -0.0028
vn -0.0022 0.8310 0.5563
vn 0.8589 0.2188 0.4631
vn 0.5526 0.5784 -0.6001
vn 0.3850 0.4700 -0.7942
vn -0.0882 0.7469 -0.6590
vn 0.0179 0.7373 -0.6753
vn 0.5211 0.6012 0.6058
vn 0.5242 0.5660 0.6363
vn -0.1505 0.9861 -0.0699
vn 0.5315 0.7521 0.3895
vn 0.3944 0.7037 -0.5910
vn 0.9577 0.1289 -0.2573
vn 0.9845 0.1048 -0.1404
vn 0.8315 -0.4523 0.3225
vn 0.7970 0.0284 0.6034
vn -0.1169 0.9748 -0.1897
vn -0.2206 0.8071 -0.5476
vn 0.7553 0.6507 -0.0783
vn 0.0740 0.7947 0.6024
vn -0.0979 0.9951 0.0115
vn 0.6496 0.7532 -0.1030
vn 0.6254 0.5942 -0.5057
vn 0.9900 0.1304 -0.0537
vn 0.9886 0.1465 -0.0334
vn 0.6390 0.6005 0.4807
vn 0.0551 0.7806 0.6226
vn 0.1080 0.9423 0.3169
vn -0.5652 -0.8249 0.0078
vn -0.5418 -0.7457 -0.3879
vn -0.2115 0.9183 0.3346
vn 0.3135 0.7316 0.6054
vn 0.5310 0.8361 -0.1376
vn 0.8291 0.2186 0.5146
vn -0.0587 -0.9970 -0.0499
vn 0.4887 0.5965 0.6367
vn 0.2656 0.8128 -0.5184
vn 0.7407 0.2224 -0.6339
vn 0.3647 0.3104 0.8778
vn 0.9630 0.0869 -0.2551
vn -0.1235 0.9840 -0.1282
vn 0.5292 0.5694 0.6290
vn 0.7473 0.0544 -0.6623
vn 0.5329 -0.5000 0.6827
vn 0.8697 0.0916 0.4849
vn 0.5096 0.6471 0.5670
vn 0.5333 0.8330 -0.1473
vn 0.9846 0.1679 -0.0492
vn 0.9798 0.1916 -0.0565
vn 0.3994 0.6336 0.6625
vn 0.8365 0.3028 0.4567
vn 0.9264 0.2712 -0.2611
vn 0.9233 0.2833 -0.2593
vn 0.6662 0.4340 0.6065
vn 0.7931 0.3040 0.5278
vn 0.5646 0.4841 0.6685
vn -0.2719 -0.5311 0.8025
vn 0.8696 0.1698 0.4635
vn 0.7722 -0.5617 -0.2969
vn 0.9525 -0.0678 0.2969
vn 0.6370 0.5380 0.5520
vn -0.2026 0.9487 0.2427
vn 0.8254 0.0760 0.5593
vn -0.0304 0.7419 -0.6698
vn 0.7552 -0.5929 -0.2794
vn 0.7274 0.6211 -0.2916
vn 0.6323 0.7562 -0.1679
vn 0.6152 0.5643 0.5505
vn 0.7462 0.1116 -0.6563
vn 0.9664 0.1632 -0.1985
vn 0.8889 0.2155 0.4041
vn 0.5154 0.5818 0.6291
vn -0.4029 -0.5770 0.7104
vn 0.9608 0.1833 -0.2076
vn 0.9505 0.2018 -0.2364
vn 0.9790 0.1719 -0.1093
vn 0.7318 0.1830 -0.6564
vn -0.6515 -0.5860 -0.4817
vn -0.1039 0.7515 -0.6515
vn 0.7018 0.1030 -0.7049
vn 0.8559 0.1841 0.4832
vn 0.0074 0.7592 0.6508
vn 0.0898 0.9674 0.2365
vn 0.8555 -0.3139 0.4118
vn 0.7117 -0.1290 0.6905
vn 0.8475 -0.0538 -0.5280
vn 0.7771 -0.6291 -0.0164
vn 0.7352 0.1387 -0.6635
vn 0.3754 0.5465 -0.7486
vn -0.1576 0.8688 0.4693
vn 0.8303 0.0755 0.5520
vn -0.1624 0.8546 0.4933
vn 0.3964 0.6403 0.6579
vn -0.0525 0.8123 0.5808
vn 0.9820 0.1668 -0.0884
vn 0.9773 0.1647 -0.1328
vn 0.9890 0.1407 -0.0452
vn -0.4337 -0.5990 0.6731
vn 0.5437 0.6623 -0.5154
vn -0.0945 0.8009 -0.5913
vn -0.1160 0.7514 -0.6496
vn 0.3011 0.9524 0.0479
vn 0.7237 -0.6789 0.1238
vn 0.7324 0.2702 -0.6249
vn 0.2916 0.5876 -0.7548
vn -0.4576 -0.8029 -0.3820
vn 0.8558 0.1330 -0.5000
vn 0.0627 -0.9978 -0.0195
vn 0.3403 0.5871 -0.7345
vn 0.5413 0.7982 -0.2643
vn -0.0143 0.8497 0.5270
vn 0.3511 0.6768 0.6471
vn -0.1588 0.8375 0.5229
vn -0.1011 0.8289 0.5502
vn -0.0140 0.4852 -0.8743
vn 0.9800 -0.1558 0.1235
vn 0.1831 0.8232 0.5374
vn 0.3334 0.6050 0.7230
vn 0.7491 -0.6347 0.1899
vn 0.7553 -0.6352 0.1611
vn 0.7679 0.1918 0.6111
vn 0.9745 0.2073 0.0853
vn -0.5379 -0.7198 -0.4387
vn 0.8125 0.0567 -0.5802
vn 0.9941 0.0679 -0.0847
vn -0.6186 -0.7844 0.0445
vn 0.9753 0.2075 -0.0749
vn 0.9934 0.1043 -0.0475
vn 0.4107 0.4552 -0.7900
vn -0.1573 0.7259 -0.6695
vn 0.7932 0.0335 -0.6080
vn 0.7598 0.0933 -0.6433
vn 0.5219 0.4782 -0.7063
vn 0.9006 0.2275 0.3703
vn 0.5445 0.6335 0.5497
vn -0.0236 0.8305 0.5564
vn -0.1741 0.9789 -0.1071
vn 0.7322 0.0983 -0.6739
vn 0.3028 0.5377 -0.7868
vn 0.6557 0.1819 -0.7328
vn 0.9044 0.1606 0.3953
vn -0.0804 0.9388 0.3350
vn 0.7329 0.4160 0.5383
vn 0.1069 0.7291 0.6760
vn 0.1927 0.7116 -0.6756
vn 0.1460 0.6128 -0.7766
vn 0.9869 0.1300 -0.0948
vn 0.2209 0.7360 -0.6398
vn 0.9665 0.1647 -0.1968
vn -0.1198 0.9545 -0.2732
vn 0.2545 0.8050 -0.5359
vn 0.9073 0.1302 0.3999
vn 0.9802 0.0738 -0.1835
vn 0.6762 -0.0833 0.7320
vn 0.6065 0.5722 -0.5520
vn 0.9873 0.1498 0.0520
vn 0.7987 0.1868 0.5719
vn -0.5965 -0.5892 -0.5450
vn -0.2146 0.7799 -0.5879
vn 0.3366 0.6746 0.6570
vn 0.5531 0.8331 0.0057
vn 0.4004 0.5889 0.7020
vn 0.7021 0.5978 0.3868
vn 0.5953 0.8035 0.0085
vn 0.9710 0.2200 0.0938
vn 0.7872 0.2246 0.5743
vn 0.7736 -0.6336 0.0049
vn 0.8170 0.1645 0.5527
vn 0.8377 0.1191 -0.5329
vn 0.9876 0.1562 0.0128
vn 0.5467 0.8363 -0.0405
vn -0.0423 0.7910 0.6103
vn 0.0197 0.9771 0.2118
vn -0.6838 -0.7296 -0.0070
vn 0.3173 0.5772 0.7524
vn 0.2747 0.6285 0.7277
vn 0.8199 0.1724 -0.5459
vn 0.9721 0.2233 0.0710
vn 0.4208 0.5741 -0.7024
vn 0.9815 0.1687 0.0906
vn 0.6261 0.5959 -0.5028
vn 0.6341 0.7726 -0.0314
vn 0.9583 0.1681 0.2309
vn 0.7625 0.1837 0.6203
vn 0.4408 0.0240 -0.8973
vn 0.9076 0.1440 -0.3944
vn 0.9688 0.1744 0.1757
vn 0.7674 0.6322 0.1066
vn 0.5880 0.8087 -0.0166
vn 0.6478 0.7618 0.0012
vn -0.1079 0.9557 -0.2737
vn -0.1532 0.9690 -0.1939
vn -0.0389 0.7631 -0.6451
vn 0.0251 0.7604 -0.6489
vn 0.4961 0.5139 -0.6998
vn -0.9794 0.1948 -0.0523
vn 0.6978 0.7163 -0.0034
vn 0.3540 0.5910 -0.7248
vn 0.3995 0.5390 -0.7415
vn 0.4067 0.6385 -0.6534
vn 0.6292 -0.5561 -0.5429
vn 0.3852 0.6359 -0.6687
vn 0.3768 0.6438 -0.6660
vn 0.9499 0.1545 0.2715
vn 0.9230 0.2077 0.3238
vn -0.6778 -0.7338 -0.0454
vn -0.1866 0.9767 0.1056
vn -0.0611 0.9892 -0.1334
vn 0.4659 0.6365 0.6147
vn -0.0554 0.7610 0.6464
vn 0.7916 0.2424 0.5608
vn 0.9092 0.0890 -0.4067
vn -0.1210 0.9719 -0.2017
vn -0.0157 0.7614 -0.6480
vn 0.2307 0.8891 -0.3952
vn 0.2908 0.8258 -0.4831
vn -0.5756 -0.6353 0.5148
vn 0.7667 0.1800 0.6162
vn 0.8117 0.1266 -0.5702
vn -0.4663 -0.7371 -0.4890
vn -0.0178 0.9892 0.1451
vn 0.5835 0.5153 -0.6277
vn 0.3622 0.9246 0.1175
vn 0.2836 0.8747 -0.3929
vn -0.2587 0.7749 -0.5767
vn -0.2626 0.9648 -0.0149
vn 0.2825 0.5965 0.7512
vn -0.0096 0.9944 0.1048
vn 0.1926 0.8556 -0.4805
vn -0.0417 0.7437 -0.6671
vn -0.0339 0.7262 -0.6866
vn 0.6390 0.5187 -0.5680
vn 0.1852 0.7125 -0.6768
vn 0.7608 0.2871 0.5820
vn 0.9923 0.1149 -0.0447
vn 0.3251 0.5357 -0.7793
vn 0.9047 0.3963 0.1562
vn 0.7129 0.4480 0.5395
vn 0.9945 0.0969 -0.0386
vn 0.0721 0.6469 -0.7591
vn 0.4868 0.8455 -0.2192
vn 0.7783 0.1614 0.6068
vn -0.0446 0.8106 0.5839
vn 0.6673 -0.1572 -0.7279
vn 0.9561 -0.2924 0.0166
vn 0.3304 0.4168 -0.8468
vn 0.3879 0.2277 -0.8931
vn -0.2120 0.7573 -0.6177
vn 0.7878 0.2021 -0.5817
vn 0.6266 0.7791 0.0152
vn -0.5000 -0.6454 0.5775
vn 0.8139 0.1387 0.5642
vn 0.3704 0.6175 0.6939
vn 0.7698 -0.6353 0.0603
vn 0.4601 0.5320 0.7108
vn 0.3431 0.6470 0.6810
vn 0.7505 0.2785 0.5992
vn 0.5254 0.7030 0.4793
vn 0.8072 0.1780 -0.5628
vn 0.9857 0.1680 0.0074
vn 0.8984 -0.2896 0.3301
vn 0.8459 -0.0036 0.5332
vn -0.0416 0.7663 -0.6411
vn 0.8111 0.1372 -0.5685
vn 0.3881 0.6335 0.6693
vn -0.1044 0.7882 0.6064
vn 0.7484 -0.6610 0.0532
vn 0.9824 0.1792 0.0523
vn 0.9763 0.2083 0.0586
vn 0.9704 0.1767 0.1644
vn 0.9865 0.1629 -0.0172
vn 0.7964 0.2217 0.5627
vn 0.0967 0.9781 0.1841
vn -0.1024 0.7980 0.5939
vn -0.0839 0.8952 0.4377
vn 0.5612 -0.4844 0.6711
vn 0.8114 0.1364 0.5684
vn 0.8282 0.1926 0.5262
vn 0.7205 0.2693 0.6390
vn 0.7812 0.1698 0.6007
vn -0.1953 0.9785 -0.0657
vn -0.0342 0.8338 0.5510
vn 0.6790 0.7340 0.0119
vn -0.1334 0.9856 -0.1039
vn 0.5589 0.8252 -0.0813
vn 0.5557 0.8263 -0.0916
vn 0.3235 0.7076 0.6282
vn 0.5404 0.8340 -0.1108
vn 0.9941 0.1082 -0.0010
vn -0.1065 0.8356 0.5389
vn 0.5646 0.8245 -0.0364
vn 0.5574 0.8302 -0.0083
vn 0.8232 0.1313 0.5524
vn 0.0271 -0.0237 0.9993
vn 0.5601 -0.4450 0.6987
vn 0.3565 0.6253 0.6941
vn 0.0930 -0.2792 -0.9557
vn -0.1970 0.8360 0.5121
vn 0.9286 0.3359 0.1578
vn 0.7759 0.2597 0.5749
vn 0.2991 -0.8313 0.4684
vn -0.1075 0.6419 0.7592
vn 0.5554 0.7563 -0.3458
vn 0.1875 -0.9810 0.0499
vn 0.9560 0.1345 0.2607
vn 0.9108 0.1859 0.3686
vn 0.6336 0.1921 -0.7494
vn 0.9089 0.1894 0.3715
vn 0.7743 -0.6311 0.0470
vn 0.0099 0.9981 -0.0600
vn -0.0084 0.8171 -0.5764
vn -0.6290 -0.7764 -0.0396
vn 0.7213 0.1321 0.6798
vn -0.1552 0.7751 0.6124
vn -0.1965 0.9751 0.1029
vn 0.6827 0.2335 0.6924
vn 0.3195 -0.1104 -0.9411
vn 0.8312 -0.2691 -0.4863
vn 0.1113 0.3831 -0.9170
vn 0.0145 -0.0802 -0.9966
vn 0.9510 0.3025 0.0643
vn 0.8188 -0.5422 -0.1889
vn 0.9259 -0.3031 0.2252
vn 0.0223 0.7849 -0.6191
vn 0.6461 0.4555 -0.6124
vn 0.3438 0.4920 -0.7998
vn -0.3548 -0.6804 -0.6412
vn -0.0905 0.4583 0.8842
vn 0.8022 -0.0819 0.5914
vn 0.6216 0.6124 -0.4884
vn 0.7816 -0.6138 -0.1106
vn 0.9832 0.1497 0.1039
vn 0.7432 0.1680 0.6475
vn 0.5933 0.8047 -0.0183
vn 0.6679 0.7443 -0.0008
vn 0.4361 0.6034 -0.6675
vn 0.4423 0.6040 -0.6630
vn 0.7938 0.6079 -0.0156
vn 0.0677 0.7385 -0.6708
vn 0.1163 -0.9910 -0.0664
vn 0.9808 0.0886 0.1734
vn 0.0462 0.8058 -0.5903
vn 0.8909 0.1608 -0.4248
vn 0.5171 0.5575 -0.6494
vn 0.2795 0.5426 0.7921
vn 0.7719 0.0565 0.6331
vn -0.0020 0.7591 0.6510
vn -0.0795 0.9080 0.4114
vn -0.0088 0.6913 0.7224
vn 0.2597 0.5846 0.7686
vn 0.9119 0.1002 -0.3980
vn 0.5971 0.6500 0.4700
vn 0.6034 0.7805 0.1632
vn 0.4197 0.8932 0.1616
vn 0.9475 0.2899 0.1348
vn 0.7895 0.1135 0.6031
vn -0.1179 -0.9912 -0.0596
vn 0.5284 0.8345 0.1558
vn -0.0217 0.9882 0.1517
vn 0.2957 0.9436 0.1485
vn 0.9650 0.2600 -0.0332
vn 0.9209 0.3523 -0.1668
vn 0.7495 0.3792 -0.5426
vn 0.3435 0.7192 -0.6039
vn -0.0131 0.9966 0.0810
vn 0.2927 0.6708 0.6814
vn 0.4172 0.9052 0.0807
vn 0.9180 0.2510 0.3070
vn 0.9390 0.1936 0.2841
vn 0.9552 0.2033 0.2149
vn 0.9727 0.1743 0.1530
vn 0.9431 0.1303 -0.3059
vn 0.5904 0.4258 -0.6857
vn -0.1503 0.8035 -0.5760
vn 0.6646 0.2514 0.7036
vn 0.5093 0.8555 0.0930
vn 0.6437 0.5542 -0.5277
vn 0.4011 0.8530 0.3339
vn 0.5588 0.8287 0.0319
vn 0.8484 0.4028 0.3434
vn 0.7451 0.1722 0.6443
vn 0.1257 0.6584 0.7421
vn -0.2028 0.8904 0.4075
vn -0.2057 0.9785 0.0152
vn -0.1909 0.7476 0.6361
vn 0.7352 0.1832 0.6526
vn 0.8933 0.1570 -0.4210
vn 0.4695 0.5716 -0.6729
vn -0.0928 0.8178 -0.5680
vn -0.5792 -0.6951 0.4258
vn 0.9003 -0.4351 0.0091
vn -0.6353 -0.7723 -0.0031
vn 0.3160 0.6452 -0.6956
vn 0.3457 0.6194 -0.7048
vn 0.3468 0.6250 0.6993
vn 0.9695 0.2183 0.1113
vn -0.5984 -0.6330 0.4912
vn -0.4748 -0.7085 -0.5220
vn 0.8630 0.1299 -0.4882
vn 0.9856 0.1158 0.1234
vn 0.9098 0.3530 0.2181
vn 0.4437 0.8619 -0.2454
vn 0.3580 0.6225 -0.6959
vn -0.1550 0.7964 -0.5845
vn 0.5103 0.6931 0.5091
vn -0.0727 0.7482 -0.6595
vn 0.8517 0.1871 -0.4895
vn 0.0846 0.9567 -0.2785
vn -0.5246 -0.6641 0.5327
vn -0.4938 -0.6885 -0.5312
vn 0.8487 0.1222 -0.5145
vn 0.9903 0.1288 0.0522
vn 0.9680 0.1269 0.2161
vn 0.3287 0.5697 0.7532
vn 0.6117 0.1087 0.7835
vn 0.3076 0.5478 0.7780
vn -0.2302 -0.5483 0.8039
vn 0.1860 0.9762 -0.1114
vn -0.7503 0.4164 0.5135
vn -0.8769 -0.4789 -0.0414
vn 0.5079 0.5653 -0.6500
vn -0.7538 -0.6564 -0.0297
vn 0.7667 -0.5684 0.2983
vn 0.0189 0.7696 -0.6383
vn 0.4614 0.5761 -0.6746
vn -0.2066 0.8145 0.5421
vn 0.0197 -0.8842 0.4667
vn 0.9579 0.0610 0.2805
vn 0.7844 0.1494 0.6019
vn 0.6754 0.1554 0.7209
vn -0.1404 0.7821 0.6071
vn 0.3651 -0.4740 -0.8012
vn -0.0473 -0.2538 -0.9661
vn 0.7417 -0.2664 -0.6155
vn -0.3401 -0.8580 -0.3848
vn 0.8598 0.1419 -0.4905
vn 0.9287 0.2996 -0.2184
vn 0.9083 0.1235 0.3995
vn -0.0955 -0.9949 0.0306
vn 0.7862 0.0317 0.6172
vn -0.6736 -0.5600 0.4823
vn -0.4816 -0.8363 -0.2621
vn 0.8262 0.1932 0.5291
vn 0.8829 0.2870 0.3715
vn 0.4354 0.8551 0.2813
vn 0.4671 0.8372 -0.2844
vn -0.0469 0.9030 0.4269
vn 0.9920 0.1174 0.0461
vn 0.9878 0.1552 0.0100
vn -0.1238 0.9648 -0.2320
vn -0.0247 0.7743 -0.6323
vn 0.9747 0.1276 0.1832
vn 0.8814 0.1272 -0.4549
vn 0.2919 0.6010 0.7440
vn -0.5010 -0.7456 -0.4394
vn 0.4301 0.5674 0.7021
vn 0.7823 0.1569 0.6028
vn 0.9966 0.0770 -0.0268
vn 0.9814 0.1679 -0.0922
vn -0.0949 0.8007 0.5914
vn 0.4326 0.5667 0.7012
vn 0.4321 0.5670 0.7013
vn -0.6997 -0.7144 0.0030
vn 0.3302 0.8637 -0.3807
vn -0.1850 -0.0197 -0.9825
vn 0.5030 0.8572 0.1100
vn 0.3309 0.5888 0.7374
vn 0.3283 0.5880 0.7392
vn 0.9778 0.1928 0.0824
vn -0.1935 0.9489 -0.2492
vn 0.0677 0.9489 -0.3083
vn 0.9785 0.1630 0.1258
vn 0.8522 0.1722 -0.4940
vn -0.1730 0.8420 0.5109
vn 0.3574 0.5910 0.7232
vn -0.4983 -0.8670 0.0036
vn 0.4939 0.6620 0.5637
vn 0.7802 -0.6254 -0.0114
vn 0.7864 0.1510 -0.5990
vn 0.3197 0.6110 -0.7242
vn -0.0958 0.7538 -0.6500
vn 0.5310 0.8469 0.0267
vn 0.4119 0.5701 0.7108
vn 0.3676 0.6217 0.6916
vn 0.3329 0.6098 0.7193
vn 0.7046 0.2356 0.6693
vn 0.9875 0.1269 0.0933
vn 0.8220 0.1597 -0.5467
vn -0.0494 0.7704 -0.6356
vn -0.1195 0.8312 -0.5429
vn 0.3965 0.6044 -0.6910
vn 0.4624 0.8672 0.1846
vn 0.4797 0.8590 0.1788
vn 0.6986 0.5065 -0.5053
vn 0.4973 0.8531 0.1574
vn 0.4967 0.8532 0.1591
vn 0.3179 0.5676 0.7594
vn 0.5568 0.8078 0.1935
vn 0.2640 0.8743 0.4071
vn 0.9098 0.1374 0.3915
vn 0.0747 0.7765 -0.6256
vn 0.8983 0.1793 0.4010
vn 0.4719 0.8755 0.1039
vn 0.4711 0.5409 -0.6967
vn 0.9819 0.1702 0.0826
vn 0.7536 0.2413 0.6114
vn 0.5348 0.8449 0.0047
vn 0.5406 0.8412 -0.0136
vn 0.5325 0.8463 -0.0136
vn 0.9871 0.1561 -0.0353
vn -0.0128 0.7726 -0.6348
vn 0.7738 -0.6327 -0.0308
vn 0.9943 0.0784 0.0717
vn 0.9925 0.0644 -0.1036
vn 0.7345 0.1837 -0.6532
vn 0.9469 -0.0042 0.3214
vn 0.3535 0.5838 -0.7309
vn -0.1546 0.7995 -0.5804
vn 0.2120 0.9258 -0.3129
vn 0.3594 0.5731 -0.7364
vn -0.6407 -0.5626 -0.5224
vn 0.9724 0.2333 0.0097
vn -0.0781 0.7268 0.6824
vn 0.8136 0.1841 0.5515
vn -0.1545 0.8223 0.5477
vn 0.1304 0.9900 0.0539
vn 0.9510 0.1888 0.2450
vn 0.9917 0.1270 -0.0215
vn 0.7337 0.3448 -0.5855
vn -0.0547 0.8151 -0.5767
vn -0.2570 0.9664 0.0075
vn -0.1894 0.9734 -0.1285
vn -0.2960 0.9552 0.0022
vn -0.2774 0.7623 0.5847
vn 0.7538 0.2082 0.6232
vn 0.2416 0.7710 0.5892
vn 0.6184 0.7636 0.1856
vn 0.8809 0.2415 0.4069
vn 0.5175 -0.5842 -0.6252
vn 0.9292 0.1486 0.3383
vn 0.9131 0.1914 0.3601
vn 0.6174 0.2554 0.7440
vn 0.2252 0.6059 0.7630
vn -0.1476 0.7993 0.5824
vn 0.5210 0.7961 0.3077
vn 0.4596 0.8839 -0.0855
vn 0.3874 0.6171 0.6849
vn 0.5980 0.8014 0.0001
vn 0.4993 0.8526 -0.1538
vn 0.8034 0.0899 0.5886
vn 0.9884 0.1495 -0.0271
vn 0.5075 0.8513 -0.1328
vn 0.3048 0.6031 -0.7371
vn 0.9782 0.1768 -0.1084
vn 0.7965 0.1175 -0.5931
vn 0.8300 -0.5479 0.1040
vn 0.9894 0.1128 -0.0907
vn 0.8588 0.2030 0.4704
vn 0.9692 0.2309 0.0857
vn -0.2390 0.9704 -0.0338
vn -0.1539 0.7964 0.5848
vn -0.0239 0.6916 -0.7219
vn -0.2473 0.8900 0.3829
vn 0.8164 -0.5614 0.1350
vn 0.5424 0.7408 -0.3961
vn 0.4641 0.8858 0.0030
vn 0.4494 0.8929 -0.0259
vn 0.4578 0.8886 -0.0262
vn 0.9866 0.1473 -0.0695
vn 0.7648 0.2054 0.6106
vn 0.9833 0.1697 -0.0646
vn 0.9996 0.0280 0.0009
vn 0.7728 0.0702 -0.6307
vn 0.3879 0.5558 -0.7352
vn -0.0528 0.7725 -0.6328
vn -0.0685 0.8501 -0.5222
vn 0.7011 0.3706 -0.6092
vn -0.1618 -0.8629 0.4787
vn 0.6018 0.3779 -0.7036
vn 0.8286 0.5514 -0.0963
vn 0.7372 0.6152 0.2794
vn 0.7896 0.6127 -0.0329
vn -0.2353 0.9632 -0.1300
vn -0.1682 0.9755 0.1416
vn -0.1783 0.9191 0.3514
vn 0.9034 -0.4270 0.0393
vn 0.8801 0.4590 -0.1211
vn 0.9733 0.2235 -0.0516
vn -0.1335 0.9871 -0.0884
vn -0.0196 0.7988 0.6012
vn 0.7513 0.1018 0.6520
vn 0.8207 0.2148 0.5294
vn -0.2089 0.8249 -0.5252
vn 0.2946 0.6220 -0.7255
vn -0.4479 0.6371 0.6272
vn -0.5852 0.6826 -0.4377
vn 0.5364 0.5860 -0.6073
vn 0.7202 0.6905 -0.0669
vn 0.7077 -0.1484 0.6907
vn -0.6710 -0.7414 0.0004
vn 0.4924 0.5602 -0.6661
vn 0.4974 0.6933 -0.5215
vn 0.1658 0.8808 -0.4435
vn -0.8531 0.5078 -0.1194
vn -0.7300 -0.6806 -0.0620
vn 0.0210 0.7808 -0.6243
vn 0.4023 0.6368 -0.6577
vn 0.1036 0.8275 -0.5518
vn 0.5598 0.5500 -0.6197
vn 0.2286 0.5907 0.7738
vn -0.8773 -0.1296 0.4620
vn 0.5551 0.8254 0.1028
vn 0.5924 0.6364 0.4940
vn 0.9901 0.1160 0.0794
vn 0.9601 0.0953 0.2627
vn 0.9297 0.0945 0.3560
vn 0.9399 0.1025 0.3256
vn -0.1869 0.7636 0.6180
vn 0.6120 0.2282 0.7571
vn -0.0723 0.9839 -0.1633
vn 0.9715 0.0571 -0.2300
vn 0.0485 -0.9771 -0.2071
vn 0.5238 0.6390 0.5633
vn 0.8271 0.2626 -0.4969
vn 0.1899 0.9411 -0.2797
vn 0.3733 0.5882 0.7174
vn 0.3768 0.5746 0.7265
vn -0.1068 0.8037 -0.5854
vn 0.4104 0.9118 0.0132
vn 0.3785 0.5627 0.7349
vn 0.3118 0.5913 0.7437
vn -0.7062 -0.4865 0.5144
vn 0.7550 0.2002 0.6243
vn 0.4433 0.4851 0.7537
vn 0.9990 0.0435 0.0111
vn 0.7717 -0.0076 0.6359
vn -0.5548 -0.6387 -0.5330
vn 0.8176 0.1199 -0.5632
vn 0.9940 0.1007 0.0410
vn -0.1145 0.8197 -0.5611
vn 0.3508 0.6409 -0.6828
vn 0.5238 0.8465 0.0949
vn 0.5918 0.3195 0.7401
vn 0.9214 0.0855 0.3791
vn 0.9790 0.1813 0.0933
vn 0.9779 0.1932 0.0799
vn 0.1770 0.9221 0.3440
vn -0.1890 0.7910 0.5818
vn 0.2850 0.6303 0.7222
vn 0.3943 0.8946 0.2101
vn 0.6825 0.7159 -0.1473
vn -0.0422 0.7905 -0.6109
vn 0.8822 0.2783 0.3798
vn 0.8225 0.0745 0.5638
vn 0.4133 0.5442 0.7301
vn 0.5821 0.8124 0.0336
vn 0.8318 0.2055 -0.5156
vn -0.0905 0.8128 -0.5754
vn 0.2227 0.8397 -0.4952
vn 0.0122 0.9841 -0.1770
vn 0.7508 0.1785 0.6359
vn 0.9753 0.0646 0.2109
vn -0.4113 -0.8062 0.4252
vn 0.8283 0.4639 0.3142
vn 0.4594 0.5334 0.7102
vn 0.1490 0.9030 -0.4031
vn -0.1722 0.9763 -0.1306
vn 0.8028 0.0268 0.5956
vn 0.8500 0.1881 -0.4920
vn -0.1125 0.7895 -0.6034
vn 0.8412 0.1894 -0.5065
vn 0.7236 0.4715 -0.5040
vn 0.6789 0.3258 0.6579
vn -0.2414 0.7526 0.6127
vn -0.2228 0.8216 0.5246
vn 0.1899 0.6382 0.7461
vn 0.5608 0.2015 0.8030
vn 0.6298 -0.7767 0.0055
vn 0.3764 0.6712 -0.6385
vn 0.2833 0.7202 -0.6333
vn 0.3010 0.6952 -0.6527
vn -0.6280 -0.7632 -0.1520
vn -0.5712 -0.8016 -0.1765
vn 0.9786 0.0393 0.2018
vn 0.9455 0.0974 0.3106
vn 0.4802 0.7261 0.4920
vn 0.8595 0.2382 -0.4522
vn 0.9630 0.2400 0.1224
vn 0.6751 0.2841 0.6808
vn 0.7539 0.1940 0.6277
vn 0.3881 0.6186 -0.6831
vn 0.9378 0.3214 0.1310
vn -0.2274 0.8202 0.5250
vn 0.1743 0.6452 0.7438
vn 0.8785 0.1374 -0.4575
vn -0.1169 -0.9901 0.0768
vn 0.7656 -0.6278 0.1403
vn 0.0149 0.8103 -0.5858
vn 0.4631 0.5922 -0.6593
vn 0.6947 0.5770 0.4294
vn 0.8428 0.2256 -0.4886
vn 0.4540 0.6304 -0.6296
vn 0.2400 0.7382 -0.6305
vn 0.4593 0.7517 -0.4733
vn 0.3311 0.5521 0.7652
vn 0.8577 0.1171 -0.5006
vn 0.5622 0.7064 -0.4300
vn 0.1518 0.9796 -0.1319
vn -0.0656 0.8344 -0.5472
vn 0.0084 -0.5109 -0.8596
vn -0.1488 0.9836 -0.1014
vn 0.5309 0.5166 -0.6718
vn 0.9139 0.1017 -0.3928
vn 0.6496 0.6255 -0.4321
vn 0.1911 0.9467 -0.2593
vn -0.0794 0.9962 0.0358
vn 0.6518 0.7244 0.2241
vn -0.1859 0.9798 0.0733
vn -0.0486 0.8094 -0.5853
vn 0.3214 0.6060 0.7276
vn 0.3447 0.5392 0.7684
vn 0.9907 0.0769 0.1122
vn 0.3462 0.5053 0.7904
vn 0.4225 0.6490 -0.6326
vn 0.8200 0.2172 -0.5295
vn 0.9619 0.1485 0.2294
vn 0.7799 0.0820 0.6205
vn -0.0761 0.8603 -0.5041
vn 0.7146 0.1426 0.6848
vn 0.3792 0.9076 0.1801
vn 0.2978 0.7263 -0.6194
vn 0.0461 0.8036 -0.5934
vn 0.0450 0.6664 -0.7442
vn -0.1271 0.9067 -0.4021
vn -0.1565 0.9199 -0.3595
vn 0.9147 0.3984 -0.0680
vn 0.2049 0.7085 -0.6753
vn 0.9805 0.0626 0.1862
vn -0.0948 0.8463 -0.5242
vn 0.9179 0.1267 0.3760
vn -0.0122 0.8294 -0.5585
vn 0.8856 0.1679 0.4331
vn 0.7790 0.1314 0.6131
vn 0.5228 0.8148 0.2502
vn 0.5181 0.8161 0.2561
vn 0.5291 0.8094 0.2546
vn -0.1067 0.6885 0.7173
vn 0.5185 0.8204 0.2410
vn 0.5094 0.8305 0.2251
vn 0.9870 0.1601 0.0093
vn 0.6323 0.7747 -0.0007
vn -0.1652 0.9420 0.2920
vn 0.1506 0.8479 0.5082
vn 0.9608 0.1599 0.2267
vn 0.8797 0.1878 -0.4369
vn 0.2949 0.5947 0.7479
vn -0.0310 0.8437 -0.5359
vn 0.6423 0.1092 0.7586
vn 0.3195 0.5329 0.7835
vn 0.5698 0.8025 0.1770
vn -0.0787 0.8607 -0.5029
vn 0.7471 0.0955 0.6578
vn -0.6296 -0.6527 0.4212
vn 0.8600 0.4943 0.1266
vn 0.1901 0.9514 -0.2423
vn 0.5396 0.8311 0.1344
vn -0.1359 0.9897 -0.0445
vn -0.7196 0.6943 -0.0025
vn -0.3629 0.5119 -0.7786
vn 0.0655 0.7204 -0.6905
vn 0.2474 -0.1313 0.9600
vn -0.0048 0.9416 0.3366
vn 0.1553 0.8139 -0.5598
vn -0.1599 0.6420 -0.7498
vn -0.2616 0.9564 0.1297
vn -0.4165 0.8619 -0.2891
vn -0.2724 0.5423 -0.7948
vn -0.5018 0.8567 -0.1191
vn -0.6850 0.2102 -0.6976
vn -0.2397 0.5806 -0.7781
vn -0.3356 0.7681 -0.5453
vn -0.3946 0.8890 0.2322
vn -0.3486 0.9167 -0.1952
vn -0.3909 0.8940 -0.2187
vn -0.5991 0.7819 0.1719
vn -0.2765 0.6138 0.7394
vn -0.3236 0.3972 0.8588
vn 0.3886 -0.1446 -0.9100
vn -0.0540 0.3597 -0.9315
vn -0.8002 0.1973 0.5662
vn 0.4205 0.6186 0.6637
vn -0.5880 -0.7726 0.2392
vn -0.9257 -0.3413 0.1627
vn -0.7669 -0.3912 -0.5087
vn 0.5227 -0.4808 -0.7039
vn -0.6611 -0.2915 -0.6913
vn -0.8238 -0.4119 -0.3894
vn -0.9297 0.3682 -0.0005
vn -0.8594 0.3892 -0.3314
vn -0.7262 -0.6856 0.0502
vn -0.7385 -0.4253 0.5232
vn -0.8993 -0.4354 -0.0401
vn -0.5920 -0.7964 -0.1237
vn 0.2510 0.4124 0.8757
vn 0.1912 0.6509 0.7346
vn -0.1804 0.5187 0.8357
vn -0.7062 -0.0747 0.7041
vn -0.8350 -0.4925 -0.2451
vn -0.7064 -0.3834 -0.5949
vn -0.6756 0.3427 -0.6528
vn -0.4791 0.2419 -0.8437
vn -0.6319 -0.2405 0.7367
vn 0.3227 0.7453 0.5834
vn -0.5282 0.6272 0.5724
vn -0.4098 0.3025 0.8605
vn -0.8393 -0.5436 0.0028
vn -0.9415 0.3369 -0.0083
vn -0.9404 0.3398 0.0121
vn -0.8400 -0.5419 -0.0271
vn -0.8416 -0.5381 -0.0454
vn -0.9429 0.3292 0.0494
vn -0.5611 0.1182 0.8192
vn -0.4307 0.8772 0.2123
vn -0.4864 0.6060 -0.6294
vn -0.8515 -0.5140 -0.1038
vn -0.9458 0.2984 0.1276
vn -0.9398 0.3114 0.1408
vn -0.9432 0.2950 0.1529
vn -0.4864 0.8737 0.0110
vn -0.5184 0.8550 0.0128
vn -0.4467 0.8915 -0.0747
vn -0.3982 0.9034 -0.1588
vn 0.0326 -0.9991 -0.0251
vn -0.5440 0.2864 0.7886
vn -0.8932 0.0889 0.4407
vn -0.4859 0.8465 -0.2174
vn -0.9747 0.1500 0.1655
vn -0.9800 0.0703 0.1858
vn -0.8870 0.1052 -0.4496
vn 0.5017 -0.6745 -0.5415
vn -0.7503 -0.0522 0.6590
vn -0.8504 -0.5011 0.1600
vn -0.6729 0.1138 0.7309
vn -0.2656 0.6666 0.6965
vn 0.9468 -0.2646 -0.1829
vn -0.7767 -0.6282 0.0454
vn -0.7403 0.1151 0.6623
vn 0.1155 0.8205 0.5598
vn 0.5548 -0.6625 -0.5032
vn 0.9141 -0.3137 0.2568
vn -0.5544 0.4656 0.6898
vn -0.9026 0.1150 0.4147
vn 0.5320 -0.7491 0.3947
vn -0.9266 0.0645 -0.3705
vn -0.3879 0.5021 -0.7729
vn -0.3157 0.5972 -0.7374
vn 0.5359 -0.8441 -0.0121
vn -0.7943 -0.6073 0.0119
vn -0.9872 0.1283 0.0941
vn -0.8272 0.1488 -0.5419
vn -0.8669 0.0816 0.4918
vn -0.9527 0.2346 0.1933
vn -0.2462 0.5916 0.7677
vn -0.0348 0.8915 0.4516
vn -0.4858 0.7332 0.4758
vn -0.7904 -0.6106 -0.0487
vn -0.7360 0.1495 0.6602
vn -0.9582 0.2184 0.1847
vn -0.9704 0.2112 0.1172
vn -0.9170 0.1249 0.3787
vn -0.8914 0.1719 0.4194
vn -0.9593 0.0776 0.2714
vn -0.7849 0.1639 -0.5976
vn 0.7705 0.3615 0.5249
vn -0.6236 0.4272 0.6546
vn -0.9497 0.1325 0.2836
vn -0.8158 -0.5777 -0.0262
vn -0.7173 -0.6887 0.1055
vn -0.9802 0.0811 -0.1805
vn -0.7283 0.0750 -0.6811
vn 0.5645 -0.7093 -0.4220
vn -0.2750 0.1544 -0.9489
vn -0.2367 0.2992 -0.9243
vn -0.2832 0.3583 -0.8896
vn -0.1186 -0.0184 -0.9928
vn -0.2513 0.1659 -0.9536
vn 0.4882 -0.6911 -0.5329
vn 0.0425 0.9634 0.2647
vn -0.7989 0.0325 -0.6005
vn -0.9971 0.0535 -0.0534
vn -0.9922 0.0995 0.0755
vn -0.9950 0.0748 0.0666
vn -0.6454 -0.1585 -0.7472
vn -0.7280 -0.6504 -0.2167
vn -0.9522 0.3006 0.0534
vn -0.4591 0.2872 -0.8406
vn -0.8740 0.0899 -0.4776
vn -0.9490 -0.0386 -0.3129
vn -0.6512 0.5313 -0.5419
vn 0.0999 0.7493 0.6546
vn -0.9029 -0.3605 -0.2339
vn -0.4738 0.5901 -0.6536
vn 0.2457 0.7690 -0.5901
vn 0.2247 0.9653 -0.1331
vn 0.5133 -0.6611 0.5472
vn -0.5765 0.8022 0.1554
vn -0.8566 0.1299 0.4994
vn -0.9484 0.1376 0.2857
vn -0.7205 0.4895 0.4911
vn -0.2501 0.0096 -0.9682
vn -0.7017 0.5310 -0.4750
vn -0.6783 -0.7090 0.1929
vn 0.2001 0.9692 -0.1434
vn 0.1813 0.8466 -0.5002
vn 0.9326 0.3609 -0.0069
vn -0.4231 0.5849 0.6919
vn -0.8242 0.0858 0.5598
vn -0.5507 0.6269 -0.5511
vn 0.5636 -0.6809 -0.4676
vn -0.2175 0.9034 0.3693
vn 0.1467 0.7886 0.5971
vn -0.2776 0.5860 0.7612
vn 0.6907 -0.7230 0.0080
vn -0.4460 0.6263 -0.6394
vn -0.4991 -0.3793 0.7790
vn -0.6824 -0.0461 -0.7295
vn -0.8530 0.1241 0.5069
vn -0.9993 0.0372 0.0042
vn -0.9902 0.1351 -0.0348
vn -0.1708 0.1363 -0.9758
vn -0.1624 0.1281 -0.9784
vn -0.6549 -0.3242 -0.6826
vn -0.4159 0.1775 -0.8919
vn -0.2210 0.1622 -0.9617
vn 0.2358 0.7477 0.6207
vn -0.5219 0.2636 0.8112
vn -0.5917 0.7919 -0.1508
vn -0.0058 0.3781 0.9257
vn 0.2257 0.9631 0.1466
vn -0.8206 0.1671 0.5465
vn 0.6706 -0.7097 0.2156
vn 0.1340 0.9822 -0.1312
vn 0.0770 0.7756 -0.6265
vn 0.4957 -0.6394 0.5878
vn -0.0034 -0.0956 -0.9954
vn -0.0533 -0.0565 0.9970
vn 0.1045 -0.1895 0.9763
vn -0.2128 -0.6480 0.7313
vn -0.3724 -0.4495 0.8119
vn -0.5325 -0.7043 0.4694
vn -0.3130 -0.8583 0.4065
vn 0.0063 -0.2408 0.9705
vn -0.1869 -0.1162 0.9755
vn -0.3120 -0.1312 0.9409
vn -0.0653 -0.3656 0.9285
vn -0.2589 -0.6282 -0.7337
vn -0.3974 -0.8699 -0.2921
vn -0.8532 -0.4717 -0.2225
vn 0.0637 -0.2369 -0.9694
vn -0.5980 -0.7931 0.1153
vn -0.2914 -0.9481 0.1273
vn -0.3460 -0.9027 0.2557
vn 0.1868 -0.1510 -0.9707
vn 0.1560 0.2378 0.9587
vn 0.1873 -0.1595 0.9693
vn -0.0899 0.0121 0.9958
vn -0.9973 0.0679 -0.0280
vn -0.9888 0.1264 -0.0786
vn -0.9843 0.0859 -0.1544
vn -0.7276 -0.6484 0.2241
vn -0.7943 -0.6066 -0.0329
vn -0.7506 0.2181 -0.6237
vn -0.3199 -0.9396 -0.1213
vn -0.2618 -0.9579 -0.1180
vn -0.2472 -0.9655 -0.0809
vn -0.2434 -0.9692 -0.0374
vn -0.2433 -0.9699 0.0101
vn -0.2519 -0.9641 0.0835
vn -0.5786 -0.8125 0.0709
vn -0.7410 -0.6647 -0.0954
vn -0.7093 -0.6748 0.2037
vn -0.2409 0.2249 -0.9441
vn 0.1517 -0.3554 -0.9223
vn 0.1561 -0.2485 -0.9560
vn -0.5705 0.5724 0.5889
vn 0.1118 -0.1373 0.9842
vn 0.1541 -0.1348 0.9788
vn -0.4581 0.0316 0.8883
vn -0.0519 0.0525 0.9973
vn -0.0208 -0.1608 -0.9868
vn -0.0197 -0.1614 -0.9867
vn -0.1869 0.2246 -0.9564
vn -0.0130 -0.1349 -0.9908
vn -0.6309 0.1180 -0.7667
vn 0.0157 0.8998 0.4359
vn -0.3938 0.4183 -0.8184
vn -0.8122 -0.0359 -0.5823
vn 0.2739 0.1532 -0.9494
vn 0.0649 -0.0079 0.9978
vn -0.0063 0.0293 0.9995
vn 0.2937 0.7416 -0.6031
vn -0.7614 0.0027 -0.6483
vn -0.1989 0.2288 0.9529
vn -0.4462 0.6729 -0.5900
vn 0.1146 0.7792 -0.6162
vn -0.2656 0.4554 0.8497
vn -0.8271 0.2234 0.5157
vn -0.9906 0.1000 -0.0928
vn -0.8235 0.0845 -0.5610
vn -0.5472 0.7698 0.3286
vn 0.0124 0.8204 0.5717
vn -0.8101 0.2280 0.5401
vn -0.6235 0.5111 -0.5916
vn -0.6404 0.7638 -0.0799
vn -0.9942 0.1053 -0.0224
vn -0.8278 0.0747 -0.5560
vn -0.8171 0.0999 0.5678
vn 0.3721 -0.6913 0.6193
vn 0.0740 0.7773 -0.6248
vn 0.0662 0.7968 -0.6006
vn -0.5579 0.5278 -0.6404
vn -0.5164 0.8359 0.1861
vn -0.8669 0.1378 -0.4790
vn -0.5696 0.3722 -0.7328
vn -0.7746 0.5875 0.2341
vn -0.9563 0.1993 -0.2138
vn 0.0534 0.8327 0.5510
vn -0.5804 0.7907 -0.1946
vn -0.6353 0.6522 0.4135
vn 0.0388 0.9354 0.3514
vn -0.0035 0.0761 -0.9971
vn -0.3618 0.5602 -0.7452
vn -0.6733 0.1888 -0.7148
vn -0.8828 0.4530 0.1240
vn -0.4453 0.4611 -0.7675
vn -0.8380 0.2063 0.5051
vn -0.6278 0.7444 0.2273
vn 0.1468 0.9002 0.4099
vn 0.0382 0.8072 0.5889
vn 0.1151 0.7101 -0.6946
vn 0.3897 0.7618 0.5174
vn -0.7797 0.3413 0.5249
vn -0.8036 0.5528 0.2206
vn -0.2332 0.9706 0.0586
vn -0.7784 0.0296 -0.6270
vn -0.9688 0.0616 -0.2398
vn -0.9677 0.0678 -0.2429
vn -0.6244 0.4854 0.6120
vn -0.4602 0.6620 0.5915
vn -0.8282 0.2042 0.5218
vn -0.2851 0.5296 -0.7989
vn 0.7698 -0.6378 0.0233
vn -0.8244 0.1792 0.5369
vn -0.9916 0.0349 -0.1243
vn -0.9622 0.0864 -0.2581
vn 0.6649 -0.7156 0.2140
vn -0.9762 0.1492 -0.1570
vn 0.2024 0.7492 -0.6306
vn -0.7198 0.0940 -0.6878
vn -0.9928 0.1192 -0.0043
vn -0.9909 0.1310 -0.0313
vn -0.9822 0.1753 -0.0677
vn -0.8596 0.2183 0.4618
vn 0.0026 0.8335 0.5524
vn -0.5515 0.5751 -0.6042
vn -0.3796 0.4644 -0.8001
vn -0.5065 0.6255 0.5935
vn -0.0130 0.7378 -0.6748
vn 0.0907 0.7408 -0.6655
vn -0.5083 0.5981 0.6195
vn 0.1516 0.9857 -0.0728
vn -0.6000 0.7474 -0.2852
vn -0.9871 0.0764 -0.1407
vn -0.9615 0.0982 -0.2564
vn -0.4275 0.6733 -0.6032
vn -0.8183 -0.4741 0.3250
vn -0.8020 0.0227 0.5968
vn 0.1976 0.8014 -0.5644
vn 0.0896 0.9711 -0.2209
vn 0.0833 0.9965 -0.0001
vn -0.0900 0.8001 0.5930
vn -0.7669 0.6352 -0.0913
vn -0.6954 0.6893 -0.2031
vn -0.9927 0.1177 -0.0267
vn -0.9936 0.1035 -0.0452
vn -0.6631 0.5398 -0.5184
vn -0.6527 0.6019 0.4601
vn -0.1324 0.9485 0.2876
vn -0.0816 0.7916 0.6055
vn 0.6845 -0.7290 0.0059
vn -0.3310 0.7370 0.5892
vn 0.1881 0.9311 0.3125
vn 0.5614 -0.7283 -0.3929
vn -0.5559 0.6450 -0.5243
vn -0.8403 0.2075 0.5008
vn 0.2705 -0.9622 -0.0304
vn -0.5074 0.5931 0.6251
vn -0.7406 0.2145 -0.6368
vn -0.2674 0.8101 -0.5218
vn -0.3632 0.3256 0.8729
vn -0.5258 0.5836 0.6188
vn 0.1166 0.9843 -0.1321
vn -0.9618 0.0740 -0.2635
vn -0.7458 0.0435 -0.6647
vn -0.5327 -0.5026 0.6808
vn -0.8730 0.0824 0.4806
vn -0.5086 0.6579 0.5554
vn -0.5393 0.8289 -0.1486
vn -0.4008 0.6331 0.6622
vn -0.9804 0.1888 -0.0553
vn -0.9858 0.1609 -0.0483
vn -0.9240 0.2820 -0.2582
vn -0.9271 0.2698 -0.2600
vn -0.8368 0.3018 0.4567
vn -0.6974 0.4168 0.5830
vn -0.8136 0.2764 0.5114
vn -0.5819 0.4762 0.6592
vn 0.2113 -0.4450 0.8702
vn -0.8830 0.1464 0.4459
vn -0.6641 0.5251 0.5321
vn -0.9497 -0.1009 0.2965
vn -0.7463 -0.6108 -0.2645
vn -0.8149 0.0577 0.5767
vn 0.1774 0.9552 0.2367
vn 0.0167 0.7355 -0.6773
vn -0.7384 0.5987 -0.3102
vn -0.7242 -0.6462 -0.2408
vn -0.6521 0.7368 -0.1785
vn -0.9653 0.1550 -0.2100
vn -0.7487 0.0920 -0.6565
vn -0.6228 0.5379 0.5680
vn -0.5139 0.5880 0.6246
vn -0.8928 0.2095 0.3988
vn 0.2433 -0.3631 0.8994
vn -0.9496 0.1914 -0.2482
vn -0.9591 0.1738 -0.2235
vn -0.7298 0.1817 -0.6591
vn -0.9838 0.1455 -0.1045
vn 0.6735 -0.5836 -0.4536
vn -0.7006 0.0764 -0.7094
vn 0.0814 0.7425 -0.6648
vn -0.0986 0.9738 0.2048
vn -0.0209 0.7647 0.6440
vn -0.8580 0.1741 0.4831
vn -0.7090 -0.1306 0.6930
vn -0.8518 -0.3178 0.4164
vn -0.8488 -0.0557 -0.5257
vn -0.3480 0.5481 -0.7605
vn -0.7303 0.1595 -0.6642
vn -0.7566 -0.6537 -0.0159
vn -0.8303 0.0497 0.5550
vn 0.1685 0.8890 0.4258
vn -0.4193 0.6448 0.6390
vn 0.1657 0.8794 0.4463
vn 0.0371 0.8270 0.5609
vn -0.9829 0.1626 -0.0860
vn -0.9909 0.1248 -0.0507
vn -0.9786 0.1469 -0.1439
vn 0.4492 -0.5094 0.7340
vn 0.1037 0.7331 -0.6722
vn 0.0671 0.7839 -0.6172
vn -0.5911 0.6365 -0.4954
vn -0.3309 0.9425 0.0453
vn -0.2995 0.5611 -0.7716
vn -0.7271 0.2595 -0.6356
vn -0.6955 -0.6994 0.1646
vn 0.4827 -0.8079 -0.3380
vn -0.8607 0.0884 -0.5014
vn 0.2921 -0.9562 -0.0189
vn -0.3228 0.5747 -0.7520
vn -0.5461 0.7898 -0.2792
vn -0.0005 0.8608 0.5089
vn 0.1507 0.8415 0.5188
vn -0.3677 0.6734 0.6413
vn -0.0022 0.4798 -0.8773
vn 0.0755 0.8343 0.5461
vn -0.9815 -0.1493 0.1198
vn -0.3680 0.5908 0.7180
vn -0.2318 0.8067 0.5435
vn -0.7248 -0.6526 0.2206
vn -0.9828 0.1643 0.0839
vn -0.7749 0.1366 0.6171
vn -0.7344 -0.6531 0.1847
vn -0.9968 0.0256 -0.0755
vn -0.8152 0.0010 -0.5791
vn 0.5553 -0.7137 -0.4267
vn 0.6501 -0.7525 0.1053
vn -0.9816 0.1707 -0.0858
vn -0.9951 0.0807 -0.0569
vn -0.4120 0.4372 -0.7994
vn 0.1520 0.7186 -0.6786
vn -0.7900 0.0064 -0.6131
vn -0.9129 0.2097 0.3502
vn -0.5196 0.4498 -0.7264
vn -0.7618 0.0427 -0.6463
vn -0.5946 0.6644 0.4527
vn -0.0023 0.8404 0.5418
vn 0.1508 0.9800 -0.1295
vn -0.3094 0.5219 -0.7949
vn -0.7335 0.0625 -0.6768
vn -0.6514 0.1646 -0.7407
vn -0.7598 0.3935 0.5176
vn 0.0377 0.9564 0.2897
vn -0.9101 0.1416 0.3894
vn -0.1474 0.7312 0.6660
vn -0.2023 0.6932 -0.6918
vn -0.1474 0.5963 -0.7891
vn -0.9904 0.1045 -0.0905
vn -0.2134 0.7266 -0.6530
vn -0.9643 0.1564 -0.2137
vn 0.0896 0.9504 -0.2979
vn -0.2492 0.7972 -0.5499
vn -0.9113 0.1163 0.3949
vn -0.9814 0.0595 -0.1823
vn -0.6584 -0.1004 0.7459
vn -0.6359 0.5379 -0.5534
vn -0.8035 0.1663 0.5716
vn -0.9930 0.1035 0.0566
vn 0.6006 -0.5859 -0.5441
vn 0.1934 0.7861 -0.5870
vn -0.3644 0.6703 0.6464
vn -0.5768 0.8168 0.0044
vn -0.4380 0.5660 0.6984
vn -0.7468 0.5555 0.3656
vn -0.7948 0.1787 0.5799
vn -0.9833 0.1531 0.0977
vn -0.6210 0.7837 0.0102
vn -0.7606 -0.6491 0.0035
vn -0.9943 0.1055 0.0129
vn -0.8406 0.0789 -0.5358
vn -0.8226 0.1176 0.5563
vn -0.0740 0.9752 0.2082
vn 0.0058 0.8010 0.5985
vn -0.5565 0.8288 -0.0584
vn 0.7293 -0.6841 -0.0094
vn -0.3181 0.6008 0.7334
vn -0.3564 0.5491 0.7559
vn -0.9848 0.1584 0.0712
vn -0.8274 0.1592 -0.5386
vn -0.4622 0.5462 -0.6985
vn -0.9882 0.1180 0.0976
vn -0.6321 0.5962 -0.4949
vn -0.7631 0.1815 0.6202
vn -0.9588 0.1627 0.2329
vn -0.6385 0.7693 -0.0197
vn -0.5361 0.2000 -0.8201
vn -0.9766 0.1228 0.1765
vn -0.9093 0.1166 -0.3995
vn -0.7759 0.6223 0.1031
vn -0.5989 0.8005 -0.0237
vn 0.1133 0.9725 -0.2035
vn 0.0677 0.9557 -0.2864
vn -0.6590 0.7521 -0.0017
vn 0.0041 0.7668 -0.6419
vn -0.4972 0.5073 -0.7038
vn -0.0340 0.7567 -0.6528
vn 0.9921 0.1132 -0.0539
vn -0.4104 0.5315 -0.7409
vn -0.3626 0.5864 -0.7243
vn -0.7087 0.7055 -0.0049
vn -0.4426 0.6241 -0.6439
vn -0.4144 0.6303 -0.6565
vn -0.4156 0.6272 -0.6587
vn -0.6198 -0.5659 -0.5436
vn -0.9265 0.1843 0.3281
vn -0.9521 0.1263 0.2783
vn 0.1747 0.9791 0.1036
vn 0.6800 -0.7331 0.0082
vn -0.4676 0.6364 0.6134
vn 0.0580 0.9890 -0.1359
vn 0.0446 0.7623 0.6456
vn -0.7954 0.2349 0.5586
vn -0.9116 0.0652 -0.4059
vn 0.0077 0.7594 -0.6506
vn 0.1122 0.9721 -0.2058
vn -0.2360 0.8869 -0.3971
vn -0.3133 0.8034 -0.5062
vn -0.7711 0.1339 0.6224
vn 0.5965 -0.6145 0.5162
vn -0.8131 0.1176 -0.5701
vn 0.4881 -0.7227 -0.4892
vn -0.5929 0.4966 -0.6339
vn -0.3839 0.9143 0.1293
vn 0.2458 0.9691 -0.0205
vn 0.2474 0.7820 -0.5720
vn -0.3066 0.8673 -0.3921
vn -0.2926 0.5958 0.7479
vn 0.0165 0.7333 -0.6796
vn -0.2323 0.8235 -0.5175
vn 0.0025 0.7136 -0.7005
vn -0.6524 0.4979 -0.5713
vn -0.7671 0.2779 0.5781
vn -0.2038 0.7006 -0.6838
vn -0.9961 0.0762 -0.0447
vn -0.3502 0.5274 -0.7740
vn -0.9217 0.3573 0.1511
vn -0.7087 0.4682 0.5276
vn -0.9929 0.1098 -0.0452
vn -0.4813 0.8418 -0.2442
vn -0.0678 0.6367 -0.7681
vn 0.0502 0.8211 0.5685
vn -0.7820 0.1815 0.5963
vn -0.9572 -0.2889 0.0172
vn -0.6685 -0.1531 -0.7277
vn -0.3006 0.4397 -0.8463
vn -0.3497 0.2452 -0.9042
vn -0.7874 0.2018 -0.5824
vn 0.2133 0.7399 -0.6380
vn -0.5455 0.8380 0.0127
vn -0.3359 0.6453 0.6861
vn -0.8165 0.1571 0.5556
vn 0.5340 -0.6057 0.5898
vn -0.3389 0.6618 0.6687
vn -0.4635 0.5392 0.7032
vn -0.7421 -0.6668 0.0685
vn -0.7465 0.3024 0.5927
vn -0.9879 0.1548 0.0034
vn -0.8108 0.1546 -0.5645
vn -0.5421 0.6924 0.4761
vn -0.8876 -0.3129 0.3378
vn -0.8502 0.0041 0.5265
vn -0.8135 0.1372 -0.5651
vn 0.0339 0.7653 -0.6428
vn 0.0747 0.8073 0.5853
vn -0.4209 0.6319 0.6507
vn -0.7071 -0.6973 0.1166
vn -0.9762 0.1376 0.1678
vn -0.9839 0.1683 0.0598
vn -0.9832 0.1744 0.0537
vn -0.8029 0.2219 0.5533
vn -0.9912 0.1306 -0.0218
vn -0.1413 0.9790 0.1469
vn 0.0958 0.9127 0.3973
vn 0.1063 0.7984 0.5926
vn -0.5373 -0.4984 0.6803
vn -0.8351 0.1545 0.5279
vn -0.8191 0.0860 0.5672
vn -0.7285 0.2517 0.6371
vn -0.7835 0.1733 0.5967
vn 0.1443 0.9874 -0.0644
vn 0.0100 0.8412 0.5406
vn -0.7157 0.6980 0.0217
vn 0.1238 0.9877 -0.0955
vn -0.5745 0.8141 -0.0849
vn -0.5523 0.8254 -0.1169
vn -0.3342 0.7063 0.6240
vn -0.5625 0.8211 -0.0961
vn -0.9958 0.0915 -0.0006
vn 0.1037 0.8366 0.5378
vn -0.5900 0.8064 -0.0385
vn -0.8255 0.1250 0.5503
vn -0.5686 0.8225 -0.0078
vn -0.0280 -0.0230 0.9993
vn -0.5581 -0.4464 0.6995
vn -0.3575 0.6253 0.6937
vn -0.0931 -0.2829 -0.9546
vn 0.1649 0.8428 0.5123
vn -0.7821 0.2466 0.5723
vn -0.9353 0.3160 0.1590
vn 0.0919 0.6464 0.7574
vn -0.2811 -0.8389 0.4660
vn -0.5693 0.7437 -0.3503
vn -0.9122 0.1734 0.3713
vn -0.9580 0.1212 0.2597
vn -0.1778 -0.9832 0.0411
vn -0.6345 0.1758 -0.7526
vn -0.9096 0.1761 0.3762
vn -0.7655 -0.6423 0.0379
vn -0.0056 0.8225 -0.5687
vn -0.0162 0.9998 -0.0031
vn 0.6416 -0.7670 -0.0067
vn 0.1842 0.9776 0.1014
vn 0.1453 0.7779 0.6113
vn -0.7246 0.1242 0.6778
vn -0.6904 0.2199 0.6891
vn -0.3166 -0.1403 -0.9381
vn -0.8217 -0.2809 -0.4958
vn 0.1099 -0.3677 -0.9234
vn -0.1122 0.3796 -0.9183
vn -0.0095 -0.0956 -0.9954
vn -0.9509 0.3046 0.0552
vn -0.9216 -0.3152 0.2265
vn -0.8111 -0.5593 -0.1715
vn -0.0330 0.7721 -0.6346
vn -0.3359 0.5199 -0.7854
vn -0.6446 0.4881 -0.5884
vn -0.7927 -0.0453 0.6079
vn 0.1093 0.4454 0.8886
vn 0.3265 -0.6916 -0.6442
vn -0.6240 0.6171 -0.4794
vn -0.7450 0.1549 0.6488
vn -0.9858 0.1313 0.1042
vn -0.7727 -0.6221 -0.1261
vn -0.6462 0.7630 -0.0178
vn -0.4511 0.5985 -0.6620
vn -0.4399 0.5992 -0.6689
vn -0.7096 0.7046 0.0000
vn -0.0746 0.7353 -0.6736
vn -0.7958 0.6055 0.0070
vn -0.0938 -0.9905 -0.1005
vn -0.9823 0.0590 0.1778
vn -0.8937 0.1657 -0.4169
vn -0.0545 0.8066 -0.5885
vn -0.5084 0.5592 -0.6548
vn -0.2730 0.5451 0.7927
vn -0.2512 0.5903 0.7671
vn -0.0015 0.6916 0.7223
vn 0.0647 0.9089 0.4119
vn -0.0103 0.7657 0.6430
vn -0.7745 0.0428 0.6311
vn -0.9140 0.1097 -0.3906
vn -0.6271 0.6288 0.4597
vn -0.6369 0.7561 0.1501
vn -0.4556 0.8762 0.1572
vn -0.9605 0.2447 0.1325
vn -0.7923 0.1017 0.6016
vn 0.1225 -0.9907 -0.0583
vn -0.5290 0.8312 0.1708
vn -0.3254 0.9344 0.1448
vn -0.3609 0.7022 -0.6137
vn -0.7549 0.3554 -0.5511
vn -0.9295 0.3248 -0.1745
vn -0.9720 0.2319 -0.0378
vn -0.4323 0.8983 0.0779
vn -0.3046 0.6668 0.6801
vn -0.9198 0.2406 0.3100
vn 0.1361 0.8025 -0.5810
vn -0.5939 0.4123 -0.6908
vn -0.9452 0.1122 -0.3064
vn -0.9753 0.1582 0.1541
vn -0.9576 0.1894 0.2169
vn -0.9406 0.1816 0.2866
vn -0.6685 0.2462 0.7018
vn -0.5325 0.8417 0.0889
vn -0.6561 0.5396 -0.5276
vn -0.4249 0.8441 0.3269
vn -0.5722 0.8193 0.0360
vn -0.8616 0.3811 0.3353
vn -0.7450 0.1624 0.6470
vn -0.7363 0.1748 0.6536
vn 0.1782 0.7497 0.6373
vn 0.1918 0.9813 0.0146
vn 0.1850 0.8977 0.3998
vn -0.1294 0.6651 0.7354
vn 0.0772 0.8143 -0.5753
vn -0.4707 0.5636 -0.6788
vn -0.8956 0.1468 -0.4198
vn 0.6071 -0.6537 0.4517
vn -0.8552 -0.5183 0.0067
vn -0.3590 0.6156 -0.7015
vn -0.3434 0.6336 -0.6933
vn 0.6495 -0.7603 -0.0040
vn -0.3768 0.6131 0.6943
vn -0.9771 0.1775 0.1171
vn 0.5857 -0.6297 0.5104
vn -0.9881 0.0798 0.1311
vn -0.8659 0.1379 -0.4808
vn 0.5023 -0.6673 -0.5499
vn -0.3514 0.6655 -0.6584
vn -0.4224 0.8830 -0.2044
vn -0.8984 0.3772 0.2248
vn 0.1142 0.8073 -0.5789
vn -0.5429 0.6547 0.5259
vn -0.8576 0.1532 -0.4909
vn 0.0339 0.7624 -0.6462
vn -0.1544 0.9471 -0.2812
vn 0.5300 -0.6569 0.5362
vn -0.9926 0.1056 0.0604
vn -0.8514 0.1322 -0.5076
vn 0.5271 -0.6469 -0.5511
vn -0.9678 0.1138 0.2246
vn -0.6089 0.1099 0.7855
vn -0.3262 0.5709 0.7534
vn 0.2229 -0.5446 0.8085
vn -0.3051 0.5470 0.7796
vn -0.1762 0.9807 -0.0851
vn 0.7284 0.3759 0.5728
vn -0.5249 0.5641 -0.6373
vn 0.8441 -0.5355 -0.0243
vn 0.7673 -0.6406 -0.0282
vn -0.4901 0.5761 -0.6541
vn -0.0431 0.7867 -0.6158
vn -0.7646 -0.5833 0.2739
vn 0.1736 0.8104 0.5595
vn 0.0099 -0.8933 0.4493
vn -0.9579 0.0283 0.2857
vn -0.7857 0.1246 0.6059
vn 0.1249 0.7805 0.6125
vn -0.6734 0.1343 0.7270
vn 0.0489 -0.2723 -0.9610
vn -0.3800 -0.5035 -0.7759
vn -0.7390 -0.2618 -0.6207
vn 0.3389 -0.8498 -0.4036
vn -0.9047 0.1088 0.4118
vn -0.9322 0.3049 -0.1948
vn -0.8603 0.1404 -0.4900
vn -0.7877 0.0108 0.6160
vn 0.1069 -0.9933 0.0438
vn 0.6774 -0.5735 0.4606
vn -0.8743 0.2795 0.3969
vn -0.8185 0.1789 0.5459
vn 0.4688 -0.8314 -0.2983
vn 0.0502 0.8969 0.4393
vn -0.4630 0.8522 -0.2435
vn -0.4232 0.8504 0.3125
vn -0.9930 0.1075 0.0477
vn -0.9753 0.1203 0.1852
vn 0.0183 0.7766 -0.6297
vn 0.1117 0.9654 -0.2356
vn -0.9895 0.1442 0.0108
vn -0.8827 0.1155 -0.4554
vn -0.2956 0.6007 0.7428
vn 0.5061 -0.7614 -0.4050
vn -0.9828 0.1601 -0.0918
vn -0.9973 0.0689 -0.0259
vn -0.7828 0.1534 0.6030
vn -0.4338 0.5664 0.7007
vn -0.4345 0.5663 0.7003
vn -0.4350 0.5660 0.7003
vn 0.0927 0.8021 0.5899
vn 0.7140 -0.7001 0.0047
vn -0.3297 0.8631 -0.3825
vn 0.1834 -0.0256 -0.9827
vn -0.5152 0.8495 0.1132
vn -0.3391 0.5839 0.7376
vn -0.3380 0.5876 0.7351
vn -0.9808 0.1762 0.0837
vn -0.0681 0.9500 -0.3046
vn 0.1867 0.9506 -0.2479
vn -0.9810 0.1460 0.1272
vn -0.8549 0.1617 -0.4928
vn 0.1617 0.8470 0.5064
vn -0.3660 0.5876 0.7216
vn 0.6054 -0.7959 0.0042
vn -0.5085 0.6430 0.5727
vn -0.7725 -0.6348 -0.0144
vn 0.0928 0.7533 -0.6511
vn -0.3207 0.6098 -0.7247
vn -0.7873 0.1471 -0.5987
vn -0.5562 0.8307 0.0248
vn -0.3887 0.6119 0.6888
vn -0.4241 0.5646 0.7080
vn -0.3603 0.5992 0.7149
vn -0.7088 0.2226 0.6693
vn -0.4147 0.5935 -0.6898
vn 0.0965 0.8290 -0.5507
vn 0.0266 0.7728 -0.6341
vn -0.8234 0.1402 -0.5498
vn -0.9911 0.0949 0.0933
vn -0.4732 0.8589 0.1958
vn -0.4512 0.8697 0.2001
vn -0.7093 0.5011 -0.4957
vn -0.4934 0.8532 0.1689
vn -0.4944 0.8522 0.1713
vn -0.3207 0.5653 0.7599
vn -0.5717 0.7898 0.2220
vn -0.9089 0.1122 0.4016
vn -0.2798 0.8637 0.4191
vn -0.0764 0.8007 -0.5941
vn -0.8995 0.1503 0.4103
vn -0.5232 0.8435 0.1211
vn -0.5070 0.5274 -0.6818
vn -0.9861 0.1439 0.0828
vn -0.7616 0.2226 0.6085
vn -0.5929 0.8052 0.0074
vn -0.5928 0.8052 -0.0146
vn -0.5951 0.8035 -0.0129
vn -0.9938 0.1053 -0.0358
vn -0.0244 0.7604 -0.6490
vn -0.7596 -0.6472 -0.0634
vn -0.7384 0.1383 -0.6600
vn -0.9943 -0.0113 -0.1059
vn -0.9969 0.0070 0.0780
vn -0.9487 -0.0272 0.3149
vn -0.3865 0.5606 -0.7323
vn -0.2721 0.9001 -0.3401
vn 0.1148 0.8062 -0.5804
vn -0.3974 0.5438 -0.7392
vn 0.6597 -0.5410 -0.5217
vn -0.9834 0.1812 0.0127
vn 0.0323 0.7317 0.6808
vn 0.0970 0.8125 0.5748
vn -0.8182 0.1404 0.5575
vn -0.1350 0.9857 0.1009
vn 0.2898 0.9566 0.0293
vn 0.1859 0.9778 -0.0960
vn 0.2515 0.9667 0.0472
vn 0.0391 0.8265 -0.5616
vn -0.7413 0.3494 -0.5730
vn -0.9934 0.1134 -0.0124
vn -0.9506 0.1684 0.2608
vn 0.2625 0.7468 0.6110
vn -0.2553 0.7444 0.6169
vn -0.7553 0.1470 0.6387
vn -0.6217 0.7486 0.2305
vn -0.8812 0.2049 0.4260
vn -0.9163 0.1499 0.3712
vn -0.9300 0.1119 0.3500
vn -0.4974 -0.5848 -0.6408
vn -0.2303 0.5890 0.7746
vn -0.6022 0.2557 0.7563
vn 0.1212 0.7800 0.6139
vn -0.5298 0.7720 0.3513
vn -0.4921 0.8612 -0.1273
vn -0.4150 0.6187 0.6671
vn -0.6110 0.7916 -0.0002
vn -0.5065 0.8382 -0.2023
vn -0.8060 0.0497 0.5898
vn -0.9909 0.1307 -0.0318
vn -0.4924 0.8498 -0.1881
vn -0.3005 0.5806 -0.7567
vn -0.9805 0.1539 -0.1218
vn -0.8019 0.0816 -0.5918
vn -0.8099 -0.5695 0.1402
vn -0.9893 0.1155 -0.0891
vn 0.1433 0.8108 0.5675
vn 0.2254 0.9713 -0.0752
vn -0.9726 0.2175 0.0818
vn -0.8621 0.2090 0.4617
vn 0.2458 0.9091 0.3363
vn 0.0129 0.6772 -0.7356
vn -0.7803 -0.5871 0.2152
vn -0.5772 0.7180 -0.3888
vn -0.5011 0.8654 0.0078
vn -0.4956 0.8676 -0.0409
vn -0.5040 0.8627 -0.0403
vn -0.9872 0.1456 -0.0650
vn -0.7707 0.1970 0.6059
vn -0.9846 0.1630 -0.0637
vn -0.6796 0.4058 -0.6110
vn 0.0609 0.8510 -0.5216
vn 0.0555 0.7563 -0.6518
vn -0.3535 0.5631 -0.7470
vn -0.7737 0.0639 -0.6303
vn -0.9991 0.0393 -0.0124
vn 0.1717 -0.8560 0.4876
vn -0.8213 0.5600 -0.1091
vn -0.5911 0.3813 -0.7108
vn -0.7324 0.6229 0.2750
vn -0.7842 0.6193 -0.0393
vn 0.2247 0.9650 -0.1352
vn 0.1622 0.9038 0.3960
vn 0.1598 0.9693 0.1868
vn -0.9008 -0.4328 0.0365
vn -0.8692 0.4724 -0.1457
vn 0.0197 0.8066 0.5907
vn 0.1336 0.9840 -0.1174
vn -0.9744 0.2197 -0.0481
vn -0.2534 0.6273 -0.7364
vn 0.2153 0.8356 -0.5053
vn -0.8199 0.2364 0.5213
vn -0.7530 0.0908 0.6516
vn 0.6145 0.6566 -0.4372
vn 0.4669 0.6226 0.6280
vn -0.6898 0.7192 -0.0832
vn -0.5090 0.6156 -0.6016
vn -0.7116 -0.1367 0.6891
vn 0.6827 -0.7307 0.0015
vn -0.5175 0.5625 -0.6448
vn -0.1894 0.8879 -0.4191
vn -0.5265 0.6861 -0.5020
vn 0.8345 0.5423 -0.0975
vn 0.7519 -0.6561 -0.0636
vn -0.4412 0.6247 -0.6442
vn -0.0527 0.7881 -0.6132
vn -0.5785 0.5571 -0.5958
vn -0.1244 0.8408 -0.5269
vn 0.8768 -0.1174 0.4662
vn -0.2498 0.5631 0.7877
vn -0.5607 0.8166 0.1368
vn -0.9558 0.0921 0.2792
vn -0.9878 0.1192 0.1002
vn -0.6035 0.6255 0.4945
vn -0.9371 0.0743 0.3409
vn -0.9284 0.0616 0.3664
vn 0.1813 0.7513 0.6346
vn -0.6149 0.1812 0.7674
vn 0.0546 0.9918 -0.1153
vn -0.9729 0.0585 -0.2237
vn -0.0420 -0.9708 -0.2362
vn -0.8299 0.2754 -0.4852
vn -0.5435 0.6051 0.5818
vn -0.2199 0.9452 -0.2414
vn -0.3874 0.5484 0.7411
vn -0.3673 0.5710 0.7342
vn 0.0888 0.8236 -0.5602
vn -0.3298 0.5471 0.7693
vn -0.3885 0.5325 0.7520
vn -0.4686 0.8833 0.0120
vn -0.4343 0.4643 0.7719
vn -0.7552 0.1651 0.6343
vn 0.7592 -0.5115 0.4024
vn -0.9981 0.0609 0.0084
vn -0.9931 0.1058 0.0499
vn -0.8190 0.1416 -0.5560
vn 0.5847 -0.6034 -0.5423
vn -0.7776 -0.0013 0.6288
vn -0.3789 0.6372 -0.6711
vn 0.0785 0.8330 -0.5476
vn -0.5532 0.8199 0.1471
vn -0.5917 0.2802 0.7559
vn -0.9220 0.0388 0.3852
vn -0.9757 0.1927 0.1044
vn -0.2410 0.6401 0.7295
vn 0.1985 0.7757 0.5990
vn -0.1416 0.9220 0.3604
vn -0.9747 0.2017 0.0958
vn -0.4891 0.8693 -0.0710
vn -0.7964 0.5212 -0.3065
vn 0.0275 0.8061 -0.5910
vn -0.3855 0.5518 0.7395
vn -0.8251 0.0806 0.5591
vn -0.8528 0.3164 0.4154
vn -0.5324 0.8450 0.0504
vn 0.0913 0.8195 -0.5657
vn -0.8285 0.2340 -0.5087
vn -0.2322 0.8535 -0.4665
vn -0.0197 0.9929 -0.1170
vn -0.7519 0.1784 0.6347
vn -0.9760 0.0405 0.2140
vn -0.9727 0.2184 0.0782
vn -0.4180 0.5640 0.7121
vn -0.7873 0.5121 0.3432
vn -0.1240 0.9250 -0.3591
vn 0.1719 0.9820 -0.0785
vn -0.8034 0.0230 0.5949
vn -0.8415 0.2161 -0.4952
vn 0.1184 0.7983 -0.5905
vn -0.8513 0.2168 -0.4777
vn -0.7207 0.4989 -0.4813
vn -0.6674 0.3316 0.6667
vn 0.2014 0.8081 0.5535
vn 0.2350 0.7298 0.6420
vn -0.5520 0.1931 0.8111
vn -0.2026 0.6076 0.7680
vn -0.5810 -0.8138 0.0047
vn -0.3211 0.7076 -0.6294
vn -0.3071 0.7310 -0.6094
vn -0.3996 0.6780 -0.6169
vn 0.6129 -0.7483 -0.2537
vn -0.9385 0.0983 0.3308
vn -0.9747 0.0458 0.2188
vn 0.5650 -0.7797 -0.2697
vn -0.9622 0.2284 0.1481
vn -0.8618 0.2586 -0.4364
vn -0.5037 0.7005 0.5055
vn -0.7583 0.1631 0.6311
vn -0.6518 0.2944 0.6989
vn -0.3902 0.6350 -0.6667
vn -0.9404 0.3136 0.1312
vn -0.1801 0.6162 0.7667
vn 0.1903 0.7978 0.5720
vn -0.8808 0.1408 -0.4520
vn 0.1404 -0.9872 0.0759
vn -0.4672 0.6078 -0.6421
vn -0.0181 0.8240 -0.5662
vn -0.7633 -0.6336 0.1263
vn -0.7396 0.5570 0.3778
vn -0.8465 0.2470 -0.4717
vn -0.4457 0.7768 -0.4448
vn -0.2387 0.7532 -0.6129
vn -0.4568 0.6463 -0.6112
vn -0.3291 0.5272 0.7834
vn -0.8635 0.1462 -0.4827
vn 0.0731 0.8449 -0.5299
vn -0.1181 0.9905 -0.0706
vn -0.5542 0.7212 -0.4154
vn 0.1540 0.9865 -0.0551
vn -0.1794 -0.3133 -0.9326
vn -0.9185 0.1310 -0.3731
vn -0.5299 0.5440 -0.6506
vn 0.0946 0.9908 0.0968
vn -0.1718 0.9654 -0.1963
vn -0.6412 0.6329 -0.4339
vn -0.6184 0.7381 0.2700
vn 0.0522 0.8190 -0.5714
vn 0.2000 0.9720 0.1231
vn -0.2974 0.5954 0.7463
vn -0.3121 0.5402 0.7815
vn -0.9869 0.0853 0.1369
vn -0.3335 0.4842 0.8089
vn -0.8244 0.2304 -0.5170
vn -0.4340 0.6540 -0.6196
vn -0.7738 0.0693 0.6296
vn -0.9538 0.1541 0.2579
vn 0.0823 0.8719 -0.4826
vn -0.7113 0.1152 0.6934
vn -0.3958 0.8858 0.2423
vn -0.0300 0.8191 -0.5729
vn -0.2954 0.7419 -0.6019
vn -0.2769 0.6732 -0.6856
vn 0.1697 0.9320 -0.3201
vn 0.1248 0.9196 -0.3725
vn -0.9107 0.4115 -0.0362
vn -0.2022 0.7252 -0.6582
vn -0.9746 0.0729 0.2116
vn 0.1018 0.8570 -0.5051
vn -0.9135 0.1115 0.3912
vn -0.0077 0.8395 -0.5433
vn -0.8797 0.1497 0.4513
vn -0.7737 0.1059 0.6246
vn -0.5272 0.7964 0.2962
vn -0.5342 0.7920 0.2954
vn -0.5148 0.8034 0.2991
vn 0.1208 0.6672 0.7350
vn -0.5199 0.8032 0.2908
vn -0.4953 0.8241 0.2748
vn -0.9861 0.1631 0.0324
vn -0.6197 0.7805 -0.0818
vn 0.1796 0.9265 0.3305
vn -0.1299 0.8330 0.5377
vn -0.8831 0.2178 -0.4154
vn -0.9517 0.1666 0.2577
vn -0.2789 0.5819 0.7639
vn -0.6286 0.1151 0.7692
vn 0.0306 0.8543 -0.5189
vn -0.2917 0.5230 0.8008
vn -0.5364 0.8120 0.2301
vn 0.0755 0.8749 -0.4783
vn -0.7431 0.0788 0.6645
vn 0.6267 -0.6904 0.3613
vn -0.8460 0.5079 0.1620
vn -0.5029 0.8444 0.1843
vn -0.1534 0.9721 -0.1771
vn 0.1564 0.9876 0.0092
vn 0.4953 -0.6618 -0.5627
vn 0.3862 -0.7456 -0.5430
vn 0.5099 -0.8261 -0.2396
vn 0.6532 -0.7135 -0.2532
vn 0.5865 -0.5400 0.6036
vn 0.5076 -0.5925 0.6255
vn 0.5407 -0.5302 -0.6530
vn 0.6196 -0.4761 -0.6240
vn 0.4090 -0.9026 -0.1345
vn 0.3246 -0.9166 -0.2333
vn 0.4836 -0.6424 0.5944
vn 0.5686 -0.7816 0.2563
vn 0.7305 -0.6610 0.1715
vn 0.3844 -0.7865 0.4834
vn 0.3516 -0.9113 0.2141
vn 0.5832 -0.7913 0.1835
vn 0.7126 -0.6863 0.1452
vn 0.3974 -0.9067 0.1413
vn 0.3692 -0.7601 -0.5348
vn 0.7605 -0.6191 -0.1956
vn 0.7322 -0.6622 -0.1592
vn 0.7165 -0.6915 -0.0912
vn 0.4246 -0.9017 -0.0813
vn 0.7097 -0.7045 -0.0005
vn 0.4133 -0.9106 0.0057
vn 0.7071 -0.7019 0.0851
vn 0.4069 -0.9092 0.0876
vn 0.5603 -0.8085 -0.1798
vn 0.5947 -0.7982 -0.0956
vn 0.6069 -0.7947 -0.0051
vn 0.6002 -0.7949 0.0890
vn 0.5410 -0.5665 -0.6216
vn 0.7407 -0.6667 0.0825
vn 0.7279 -0.6666 0.1606
vn 0.7223 -0.6721 0.1625
vn 0.7290 -0.6788 0.0882
vn 0.7458 -0.6662 -0.0056
vn 0.7331 -0.6801 -0.0057
vn 0.7348 -0.6713 -0.0968
vn 0.7289 -0.6765 -0.1050
vn 0.7028 -0.6867 -0.1858
vn 0.7171 -0.6688 -0.1960
vn 0.7030 -0.6621 -0.2596
vn 0.7188 -0.6615 0.2138
vn 0.7207 -0.6618 0.2066
vn 0.6163 -0.5585 0.5551
vn 0.5977 -0.5453 0.5877
vn 0.9897 -0.1365 -0.0417
vn 0.6681 -0.0774 -0.7400
vn 0.9921 -0.1239 0.0192
vn 0.5979 -0.8010 0.0312
vn 0.0954 -0.0643 0.9933
vn 0.6248 -0.5235 0.5792
vn 0.9998 0.0142 0.0093
vn 0.6703 0.7421 0.0008
vn 0.6315 0.7753 0.0070
vn 0.0823 0.3343 0.9388
vn -0.0219 0.3117 0.9499
vn 0.6567 0.4923 -0.5713
vn 0.9996 -0.0256 0.0099
vn 0.6561 -0.7542 0.0274
vn 0.7519 -0.1258 0.6472
vn 0.9957 0.0925 -0.0049
vn 0.9995 -0.0320 0.0052
vn 0.6248 -0.7808 -0.0017
vn 0.6593 -0.7518 0.0039
vn 0.9945 0.1042 -0.0032
vn 0.7041 -0.7100 0.0068
vn 0.6378 0.1327 0.7587
vn 0.5090 -0.3889 0.7678
vn 0.9980 -0.0624 0.0117
vn 0.5997 -0.5561 -0.5754
vn 0.7393 -0.6733 0.0096
vn 0.6017 0.5275 0.5996
vn 0.9996 -0.0253 0.0069
vn 0.6238 0.7815 -0.0088
vn 0.6742 0.7385 0.0114
vn 0.9999 -0.0057 0.0129
vn 0.9994 0.0334 0.0085
vn 0.6554 0.7552 0.0062
vn 0.7038 0.7101 -0.0213
vn 0.9999 0.0083 0.0035
vn 0.7648 -0.6442 0.0047
vn 0.5584 0.7199 -0.4122
vn 0.9980 0.0624 -0.0040
vn 0.6211 -0.7837 0.0089
vn 0.6663 -0.7456 0.0062
vn -0.0148 -0.0601 0.9981
vn 0.6361 -0.4923 0.5941
vn 0.5214 -0.1516 0.8397
vn 0.5976 0.5343 -0.5978
vn 0.5255 0.7162 -0.4592
vn 0.7874 0.2205 -0.5756
vn 0.5524 -0.4137 -0.7236
vn 0.5470 -0.2950 -0.7834
vn -0.0168 -0.0208 0.9996
vn 0.9999 0.0002 0.0114
vn 0.5189 -0.5997 -0.6091
vn 0.6493 -0.7605 -0.0011
vn 0.5469 0.5791 -0.6046
vn 0.7764 0.0039 -0.6302
vn 0.6849 -0.7287 0.0020
vn 0.5474 -0.5829 0.6005
vn 0.6248 -0.7806 -0.0125
vn 0.6470 -0.7623 -0.0148
vn 1.0000 -0.0032 -0.0002
vn 0.7760 0.5650 0.2802
vn 0.9999 0.0059 0.0102
vn 0.6790 0.7341 -0.0112
vn 0.9991 -0.0042 -0.0429
vn 0.6724 -0.0053 -0.7401
vn 0.7660 -0.0154 0.6427
vn 0.9999 -0.0078 0.0095
vn 0.5043 0.5975 0.6234
vn 0.7015 -0.0438 0.7113
vn 0.9999 -0.0144 0.0050
vn 0.7633 0.6460 -0.0001
vn 0.6072 0.5210 0.5998
vn 0.5601 -0.3880 0.7319
vn 0.9996 -0.0265 -0.0042
vn 0.7553 0.1573 0.6362
vn 0.9998 -0.0186 0.0086
vn 0.6531 -0.7572 -0.0052
vn 0.9855 -0.1693 0.0123
vn 0.8343 0.4956 -0.2413
vn 0.6501 -0.0768 -0.7559
vn 0.7810 0.6243 0.0170
vn 0.6061 -0.7953 0.0104
vn 0.6485 -0.7610 -0.0201
vn 0.4624 -0.6144 0.6392
vn 0.5676 -0.5849 -0.5793
vn 0.5889 0.7995 0.1180
vn 0.9997 -0.0237 -0.0035
vn 0.9914 0.1294 0.0167
vn 0.5905 0.8070 -0.0074
vn 0.6527 -0.4686 0.5953
vn 0.8133 -0.5818 -0.0036
vn 0.7584 -0.6506 -0.0383
vn 0.6211 -0.5139 -0.5917
vn 0.6410 0.5087 -0.5747
vn 0.7792 -0.6264 -0.0199
vn 0.6684 0.7437 0.0127
vn 0.5126 0.6909 0.5098
vn 0.6978 0.7154 -0.0368
vn 0.6618 -0.7495 0.0131
vn 0.5099 -0.5948 0.6214
vn 0.9999 -0.0068 -0.0041
vn 0.7636 0.3908 0.5139
vn 0.9999 -0.0071 0.0100
vn 0.6732 0.7394 0.0062
vn 0.9998 -0.0150 0.0104
vn 0.8237 0.3607 -0.4375
vn 1.0000 0.0032 0.0033
vn 0.9990 0.0299 -0.0327
vn 0.7659 0.2608 0.5877
vn 0.4583 0.7520 0.4737
vn 0.7638 -0.0376 0.6444
vn 0.9999 -0.0111 0.0034
vn 0.6521 0.7581 -0.0021
vn 0.5073 0.5927 0.6255
vn 0.9999 -0.0065 0.0088
vn 0.7796 0.0044 -0.6262
vn 0.5403 0.5824 -0.6073
vn 0.6726 0.7400 -0.0034
vn 0.9999 -0.0101 0.0000
vn 0.6570 0.7539 -0.0002
vn 0.7605 -0.0521 0.6472
vn 0.5188 0.5740 0.6335
vn 0.7938 -0.6081 0.0045
vn 0.7829 -0.6221 0.0075
vn 0.6362 -0.5078 -0.5808
vn 0.4963 -0.6246 -0.6029
vn 0.7880 0.0477 -0.6137
vn 0.9992 0.0390 0.0109
vn 0.5296 -0.5810 0.6181
vn 0.6780 -0.7350 0.0054
vn 0.9999 -0.0027 0.0080
vn 0.7562 -0.0230 0.6539
vn 0.6645 -0.7472 -0.0055
vn 0.6163 0.7515 -0.2353
vn 0.5371 0.5806 0.6119
vn 0.4955 0.8250 0.2716
vn 0.6359 0.7716 -0.0120
vn 0.6871 0.7266 0.0034
vn 0.6902 0.7230 -0.0284
vn 0.4840 0.6168 -0.6207
vn 0.6758 0.7339 -0.0675
vn 0.5018 -0.6182 -0.6049
vn 0.6418 -0.7668 0.0065
vn -0.5633 -0.6286 -0.5362
vn -0.1565 -0.6627 -0.7324
vn -0.0024 -0.7048 -0.7094
vn 0.0023 -0.7048 -0.7094
vn 0.1572 -0.6624 -0.7324
vn 0.5630 -0.6287 -0.5364
vn 0.7334 -0.6668 -0.1324
vn 0.7078 -0.7064 0.0056
vn 0.7077 -0.7065 0.0028
vn 0.7314 -0.6662 0.1451
vn 0.5499 -0.6312 0.5469
vn 0.1457 -0.6670 0.7306
vn -0.0005 -0.7086 0.7056
vn -0.0001 -0.7086 0.7056
vn -0.1459 -0.6672 0.7304
vn -0.5489 -0.6317 0.5473
vn -0.7306 -0.6667 0.1470
vn -0.7074 -0.7068 0.0053
vn -0.3024 0.2972 0.9056
vn -0.3025 -0.3055 0.9028
vn -0.5776 -0.5801 0.5743
vn -0.5780 0.5747 0.5794
vn -0.7250 0.0026 -0.6887
vn -0.2091 0.0041 -0.9779
vn 0.0033 0.0043 -1.0000
vn 0.2099 0.0043 -0.9777
vn -0.0001 -0.7103 0.7039
vn 0.3016 -0.3052 0.9033
vn 0.5774 -0.5798 0.5748
vn -0.0001 -0.7102 0.7040
vn 1.0000 0.0005 0.0040
vn 0.9807 -0.0003 0.1952
vn 0.7245 0.0033 -0.6892
vn 0.9842 0.0013 -0.1771
vn -0.0005 -0.7103 0.7039
vn -0.0005 -0.7102 0.7040
vn -0.9802 -0.0014 0.1977
vn -1.0000 -0.0005 0.0075
vn 0.7085 -0.0028 0.7057
vn 0.1954 -0.0043 0.9807
vn 0.9999 0.0005 0.0080
vn -0.0034 0.0043 -1.0000
vn -0.1959 -0.0045 0.9806
vn -0.7077 -0.0035 0.7065
vn 0.0033 0.0078 -0.9999
vn -0.0034 0.0078 -0.9999
vn -0.7082 -0.0069 0.7059
vn -0.1960 -0.0087 0.9805
vn -0.9804 -0.0027 0.1971
vn 1.0000 0.0009 0.0041
vn 0.9999 0.0009 0.0081
vn -0.2091 0.0075 -0.9778
vn 0.7092 -0.0054 0.7050
vn 0.9809 -0.0007 0.1946
vn 0.9841 0.0023 -0.1773
vn 0.1957 -0.0083 0.9806
vn -0.9999 -0.0011 0.0127
vn -1.0000 -0.0010 0.0074
vn 0.7244 0.0061 -0.6894
vn 0.2100 0.0079 -0.9777
vn -0.0002 -0.0087 0.9999
vn -0.0002 -0.0045 1.0000
vn -0.7247 0.0047 -0.6891
vn -0.9849 0.0004 -0.1733
vn -0.0008 -0.0087 0.9999
vn -0.0008 -0.0045 1.0000
vn -0.0001 0.7040 0.7102
vn 0.3016 0.2975 0.9058
vn -0.0005 0.7040 0.7102
vn -0.0005 0.7039 0.7103
vn -0.0001 0.7039 0.7103
vn 0.5770 0.5749 0.5800
vn 0.8660 0.0000 0.5000
vn 0.8660 0.0000 -0.5000
vn -0.8660 0.0000 0.5000
vn 0.0000 0.0000 1.0000
vn 0.0000 0.0000 -1.0000
vn -0.8660 0.0000 -0.5000
usemtl Material
s 1
f 48/1/1 7/2/2 53/3/3 67/4/4
f 1270/5/5 1262/6/6 78/7/7 123/8/8
f 71/9/9 49/10/10 11/11/11 41/12/12
f 1046/13/13 1053/14/14 25/15/15 26/16/16
f 46/17/17 4/18/18 50/19/19 70/20/20
f 113/21/21 104/22/22 5/23/23 39/24/24
f 1053/14/14 1050/25/25 27/26/26 25/15/15
f 37/27/27 2/28/28 3/29/29 44/30/30
f 44/30/30 3/29/29 1/31/31 45/32/32
f 1061/33/33 1059/34/34 28/35/35 29/36/36
f 1115/37/37 1055/38/38 30/39/39 110/40/40
f 1079/41/41 1077/42/42 31/43/43 32/44/44
f 1086/45/45 1073/46/46 33/47/47 61/48/48
f 1070/49/49 1068/50/50 34/51/51 35/52/52
f 1122/53/53 1064/54/54 36/55/55 183/56/56
f 1076/57/57 19/58/58 91/59/59 1100/60/60
f 170/61/61 23/62/62 24/63/63 172/64/64
f 146/65/65 22/66/66 23/62/62 170/61/61
f 166/67/67 20/68/68 21/69/69 168/70/70
f 144/71/71 19/58/58 20/68/68 166/67/67
f 162/72/72 17/73/73 18/74/74 164/75/75
f 142/76/76 16/77/77 17/73/73 162/72/72
f 1049/78/78 15/79/79 191/80/80 1125/81/81
f 1092/82/82 1046/13/13 26/16/16 65/83/83
f 17/73/73 1062/84/84 1056/85/85 18/74/74
f 16/77/77 1058/86/86 1062/84/84 17/73/73
f 1073/46/46 1079/41/41 32/44/44 33/47/47
f 1091/87/87 56/88/88 13/89/89 1047/90/90
f 186/91/91 185/92/92 43/93/93 84/94/94
f 22/66/66 1067/95/95 1071/96/96 23/62/62
f 1068/50/50 1094/97/97 64/98/98 34/51/51
f 1077/42/42 1101/99/99 93/100/100 31/43/43
f 1059/34/34 1082/101/101 62/102/102 28/35/35
f 23/62/62 1071/96/96 1065/103/103 24/63/63
f 1050/25/25 1124/104/104 192/105/105 27/26/26
f 20/68/68 1080/106/106 1074/107/107 21/69/69
f 1064/54/54 1070/49/49 35/52/52 36/55/55
f 1116/108/108 107/109/109 18/74/74 1056/85/85
f 2101/110/110 2102/111/111 1001/112/112 988/113/113
f 1058/86/86 16/77/77 58/114/114 1083/115/115
f 68/116/116 52/117/117 2/28/28 37/27/27
f 4/18/18 46/17/17 38/118/118 6/119/119
f 6/119/119 38/118/118 39/24/24 5/23/23
f 10/120/120 47/121/121 40/122/122 12/123/123
f 12/123/123 40/122/122 41/12/12 11/11/11
f 7/2/2 48/1/1 42/124/124 9/125/125
f 9/125/125 42/124/124 43/93/93 8/126/126
f 73/127/127 44/30/30 45/32/32 74/128/128
f 78/7/7 37/27/27 44/30/30 73/127/127
f 116/129/129 113/21/21 39/24/24 80/130/130
f 74/128/128 45/32/32 194/131/131 197/132/132
f 85/133/133 1257/134/134 41/12/12 82/135/135
f 101/136/136 98/137/137 184/138/138 187/139/139
f 75/140/140 46/17/17 1256/141/141 87/142/142
f 1278/143/143 1270/5/5 123/8/8 161/144/144
f 56/88/88 1091/87/87 1098/145/145 57/146/146
f 59/147/147 1085/148/148 1089/149/149 60/150/150
f 66/151/151 1097/152/152 1092/82/82 65/83/83
f 1100/60/60 91/59/59 92/153/153 1103/154/154
f 1086/45/45 61/48/48 63/155/151 1088/156/155
f 1088/157/155 63/158/151 62/102/102 1082/101/101
f 147/159/156 56/88/88 57/146/146 174/160/157
f 174/161/157 57/162/146 55/163/158 175/164/159
f 149/165/160 59/147/147 60/150/150 176/166/160
f 176/167/160 60/168/150 58/114/114 178/169/161
f 61/48/48 64/98/98 66/170/151 63/155/151
f 63/158/151 66/151/151 65/83/83 62/102/102
f 57/162/146 1098/171/145 1095/172/162 55/163/158
f 64/98/98 1094/97/97 1097/173/152 66/170/151
f 2379/174/163 2380/175/164 69/176/165 54/177/166
f 2394/178/167 2395/179/168 67/4/4 53/3/3
f 49/10/10 71/9/9 72/180/169 51/181/170
f 51/182/170 72/183/169 70/20/20 50/19/19
f 1085/148/148 59/147/147 21/69/69 1074/107/107
f 72/183/169 1258/184/171 1256/141/141 70/20/20
f 71/9/9 1257/134/134 1258/185/171 72/180/169
f 37/27/27 1308/186/172 68/116/116
f 2395/179/168 2401/187/173 1312/188/174 67/4/4
f 77/189/175 48/1/1 1312/188/174 1268/190/176
f 119/191/177 75/140/140 87/142/142 131/192/178
f 1007/193/179 1009/194/180 1604/195/181 1603/196/182
f 122/197/183 85/133/133 82/135/135 127/198/184
f 136/199/185 116/129/129 80/130/130 125/200/186
f 123/8/8 78/7/7 73/127/127 117/201/187
f 117/201/187 73/127/127 74/128/128 118/202/188
f 46/17/17 75/140/140 79/203/189 38/118/118
f 38/118/118 79/203/189 80/130/130 39/24/24
f 47/121/121 76/204/190 81/205/191 40/122/122
f 40/122/122 81/205/191 82/135/135 41/12/12
f 48/1/1 77/189/175 83/206/192 42/124/124
f 42/124/124 83/206/192 84/94/94 43/93/93
f 1664/207/193 1621/208/194 1325/209/195 1367/210/196
f 120/211/197 76/204/190 99/212/198 132/213/199
f 132/213/199 99/212/198 100/214/200 133/215/201
f 2112/216/202 2110/217/203 1023/218/204 1043/219/205
f 76/204/190 47/121/121 96/220/206 99/212/198
f 99/212/198 96/220/206 97/221/207 100/214/200
f 212/222/208 211/223/209 98/137/137 101/136/136
f 133/215/201 100/214/200 213/224/210 225/225/211
f 198/226/212 186/91/91 84/94/94 129/227/213
f 60/168/150 1089/228/149 1083/115/115 58/114/114
f 1104/229/214 1130/230/215 208/231/216 94/232/216
f 1134/233/217 1106/234/218 95/235/219 209/236/220
f 1103/154/154 92/153/153 207/237/221 1131/238/222
f 985/239/223 976/240/224 974/241/225 1598/242/226 1597/243/227
f 19/58/58 1076/57/57 1080/106/106 20/68/68
f 1101/99/99 1104/229/214 94/232/216 93/100/100
f 1128/244/228 1110/245/229 108/246/230 193/247/231
f 1600/248/232 1596/249/233 207/237/221 229/250/234
f 47/121/121 10/120/120 88/251/235 96/220/206
f 96/220/206 88/251/235 89/252/236 97/221/207
f 97/221/207 89/252/236 205/253/237 210/254/238
f 2105/255/239 2103/256/240 994/257/241 991/258/242
f 1127/259/243 190/260/244 105/261/245 1109/262/246
f 1055/38/38 1061/33/33 29/36/36 30/39/39
f 199/263/247 196/264/248 114/265/249 134/266/250
f 185/92/92 181/267/251 8/126/126 43/93/93
f 98/137/137 90/268/252 180/269/253 184/138/138
f 92/153/153 153/270/254 229/250/234 207/237/221
f 211/223/209 206/271/255 90/268/252 98/137/137
f 2102/111/111 2107/272/256 1003/273/257 1001/112/112
f 226/274/258 222/275/259 115/276/260 135/277/261
f 152/278/262 133/215/201 225/225/211 228/279/263
f 135/277/261 115/276/260 116/129/129 136/199/185
f 196/264/248 195/280/264 111/281/265 114/265/249
f 118/202/188 74/128/128 197/132/132 200/282/266
f 222/275/259 221/283/267 112/284/268 115/276/260
f 134/266/250 114/265/249 223/285/269 227/286/270
f 115/276/260 112/284/268 113/21/21 116/129/129
f 1110/245/229 1136/287/271 218/288/272 108/246/230
f 1052/289/273 14/290/274 15/79/79 1049/78/78
f 1112/291/275 1115/37/37 110/40/40 109/292/272
f 1113/293/276 106/294/277 107/109/109 1116/108/108
f 1140/295/278 1112/291/275 109/292/272 219/296/272
f 1109/262/246 105/261/245 217/297/279 1137/298/280
f 45/32/32 1/31/31 188/299/281 194/131/131
f 1591/300/282 1595/301/283 172/64/64 24/63/63
f 111/281/265 102/302/284 214/303/285 220/304/285
f 1139/305/286 216/306/287 106/294/277 1113/293/276
f 195/280/264 189/307/288 102/302/284 111/281/265
f 15/79/79 140/308/289 203/309/290 191/80/80
f 221/283/267 215/310/291 103/311/292 112/284/268
f 105/261/245 155/312/293 232/313/294 217/297/279
f 112/284/268 103/311/292 104/22/22 113/21/21
f 130/314/295 177/315/296 179/316/297 131/192/178
f 201/317/298 199/263/247 134/266/250 154/318/299
f 230/319/300 226/274/258 135/277/261 156/320/301
f 154/318/299 134/266/250 227/286/270 231/321/302
f 156/320/301 158/322/303 159/323/304 157/324/305
f 150/325/306 152/278/262 153/270/254 151/326/307
f 143/327/308 150/325/306 151/326/307 144/71/71
f 1646/328/309 1640/329/310 1337/330/311 1339/331/312
f 137/332/313 139/333/314 140/308/289 138/334/315
f 160/335/316 161/144/144 137/332/313 138/334/315
f 158/322/303 165/336/317 164/75/75 159/323/304
f 139/333/314 118/202/188 200/282/266 202/337/318
f 148/338/319 169/339/320 168/70/70 149/165/160
f 141/340/321 179/316/297 178/169/161 142/76/76
f 86/341/322 130/314/295 131/192/178 87/142/142
f 85/133/133 122/197/183 130/342/295 86/343/322
f 1259/344/323 304/345/324 340/346/325
f 1669/347/326 1664/207/193 1367/210/196 1369/348/327
f 75/140/140 119/191/177 124/349/328 79/203/189
f 79/203/189 124/349/328 125/200/186 80/130/130
f 76/204/190 120/211/197 126/350/329 81/205/191
f 81/205/191 126/350/329 127/198/184 82/135/135
f 77/189/175 121/351/330 128/352/331 83/206/192
f 83/206/192 128/352/331 129/227/213 84/94/94
f 22/66/66 146/65/65 175/164/159 55/163/158
f 1640/353/310 1633/354/332 1335/355/333 1337/356/311
f 16/77/77 142/76/76 178/169/161 58/114/114
f 141/340/321 119/191/177 131/192/178 179/316/297
f 224/357/334 965/358/335 964/359/336 228/279/263 225/225/211
f 59/147/147 149/165/160 168/70/70 21/69/69
f 148/338/319 122/197/183 127/198/184 169/339/320
f 107/109/109 159/323/304 164/75/75 18/74/74
f 158/322/303 136/199/185 125/200/186 165/336/317
f 13/89/89 160/335/316 138/334/315 14/290/274
f 161/144/144 123/8/8 117/201/187 137/332/313
f 14/290/274 138/334/315 140/308/289 15/79/79
f 137/332/313 117/201/187 118/202/188 139/333/314
f 56/88/88 147/159/156 160/335/316 13/89/89
f 2388/360/337 1327/361/338 1275/362/339 2383/363/340
f 19/58/58 144/71/71 151/326/307 91/59/59
f 143/327/308 120/211/197 132/213/199 150/325/306
f 91/59/59 151/326/307 153/270/254 92/153/153
f 150/325/306 132/213/199 133/215/201 152/278/262
f 152/278/262 228/279/263 229/250/234 153/270/254
f 61/48/48 33/47/47 32/44/44 31/43/43 93/100/100 94/232/216 208/231/216 209/236/220 95/235/219 182/364/341 183/56/56 36/55/55 35/52/52 34/51/51 64/98/98
f 230/319/300 156/320/301 157/324/305 233/365/342
f 100/214/200 97/221/207 210/254/238 213/224/210
f 201/317/298 154/318/299 155/312/293 204/366/343
f 190/260/244 204/366/343 155/312/293 105/261/245
f 139/333/314 202/337/318 203/309/290 140/308/289
f 114/265/249 111/281/265 220/304/285 223/285/269
f 2107/272/256 2108/367/344 1041/368/345 1003/273/257
f 216/306/287 233/365/342 157/324/305 106/294/277
f 154/318/299 231/321/302 232/313/294 155/312/293
f 30/39/39 29/36/36 28/35/35 62/102/102 65/83/83 26/16/16 25/15/15 27/26/26 192/105/105 193/247/231 108/246/230 218/288/272 219/296/272 109/292/272 110/40/40
f 106/294/277 157/324/305 159/323/304 107/109/109
f 156/320/301 135/277/261 136/199/185 158/322/303
f 176/167/160 178/169/161 179/316/297 177/315/296
f 122/197/183 148/338/319 177/369/296 130/342/295
f 148/338/319 149/165/160 176/166/160 177/369/296
f 1338/370/346 1340/371/347 1285/372/348 1287/373/349
f 1278/143/143 161/144/144 160/335/316 147/159/156
f 119/191/177 141/340/321 163/374/350 124/349/328
f 141/340/321 142/76/76 162/72/72 163/374/350
f 124/349/328 163/374/350 165/336/317 125/200/186
f 162/72/72 164/75/75 165/336/317 163/374/350
f 120/211/197 143/327/308 167/375/351 126/350/329
f 143/327/308 144/71/71 166/67/67 167/375/351
f 126/350/329 167/375/351 169/339/320 127/198/184
f 166/67/67 168/70/70 169/339/320 167/375/351
f 121/351/330 145/376/352 171/377/353 128/352/331
f 145/376/352 146/65/65 170/61/61 171/377/353
f 128/352/331 171/377/353 173/378/354 129/227/213
f 170/61/61 172/64/64 173/378/354 171/377/353
f 963/379/355 962/380/356 198/226/212 129/227/213 173/378/354
f 185/92/92 186/91/91 187/139/139 184/138/138
f 190/260/244 1127/259/243 1125/81/81 191/80/80
f 1067/95/95 22/66/66 55/163/158 1095/172/162
f 181/267/251 185/92/92 184/138/138 180/269/253
f 204/366/343 190/260/244 191/80/80 203/309/290
f 195/280/264 196/264/248 197/132/132 194/131/131
f 1134/233/217 209/236/220 208/231/216 1130/230/215
f 1128/244/228 193/247/231 192/105/105 1124/104/104
f 189/307/288 195/280/264 194/131/131 188/299/281
f 1011/381/357 1013/382/358 1608/383/359 1607/384/360
f 196/264/248 199/263/247 200/282/266 197/132/132
f 199/263/247 201/317/298 202/337/318 200/282/266
f 201/317/298 204/366/343 203/309/290 202/337/318
f 1593/385/361 1592/386/362 1121/387/363 1119/388/364 979/389/365
f 216/306/287 1139/305/286 1137/298/280 217/297/279
f 211/223/209 212/222/208 213/224/210 210/254/238
f 1021/390/366 987/391/367 1601/392/368 1616/393/369
f 1013/382/358 1007/193/179 1603/196/182 1608/383/359
f 206/271/255 211/223/209 210/254/238 205/253/237
f 233/365/342 216/306/287 217/297/279 232/313/294
f 221/283/267 222/275/259 223/285/269 220/304/285
f 1140/295/278 219/296/272 218/288/272 1136/287/271
f 215/310/291 221/283/267 220/304/285 214/303/285
f 212/222/208 224/357/334 225/225/211 213/224/210
f 222/275/259 226/274/258 227/286/270 223/285/269
f 920/394/370 554/395/370 989/396/371 1000/397/372
f 226/274/258 230/319/300 231/321/302 227/286/270
f 230/319/300 233/365/342 232/313/294 231/321/302
f 1106/234/218 1118/398/373 182/364/341 95/235/219
f 1292/399/374 827/400/375 347/401/376 1288/402/377
f 1015/403/378 1017/404/379 1612/405/380 1611/406/381
f 311/407/382 336/408/383 322/409/384 264/410/385
f 2382/411/386 338/412/387 1316/413/388 2384/414/389
f 340/346/325 304/345/324 271/415/390 315/416/391
f 318/417/392 249/418/393 276/419/394 325/420/395
f 309/421/396 339/422/397 316/423/398 258/424/399
f 636/425/400 302/426/401 259/427/402 627/428/403
f 249/418/393 289/429/404 288/430/405 251/431/406
f 599/432/407 603/433/408 275/434/409 244/435/410
f 613/436/411 2416/437/412 2473/438/413 2461/439/414
f 590/440/415 235/441/416 658/442/417 688/443/418
f 237/444/419 589/445/420 686/446/421 652/447/422
f 541/448/423 238/449/424 657/450/425 671/451/426
f 2520/452/427 2514/453/428 3131/454/429 3134/455/430
f 244/435/410 275/434/409 4482/456/431 4478/457/432
f 3408/458/433 3972/459/434 2410/460/435 2444/461/436
f 2415/462/437 2410/460/435 2902/463/438 2904/464/439
f 599/432/407 244/435/410 666/465/440 691/466/441
f 300/467/442 307/468/443 254/469/444 253/470/445
f 307/468/443 308/471/446 252/472/447 254/469/444
f 279/473/448 280/474/449 257/475/450 256/476/451
f 280/474/449 281/477/452 255/478/453 257/475/450
f 282/479/454 283/480/455 269/481/456 268/482/457
f 283/480/455 284/483/458 267/484/459 269/481/456
f 285/485/460 286/486/461 263/487/462 262/488/463
f 286/486/461 287/489/464 261/490/465 263/487/462
f 313/491/466 267/484/459 284/483/458 328/492/467
f 3406/493/468 3823/494/469 2761/495/470 247/496/471
f 3413/497/472 3465/498/473 682/499/474 2498/500/475
f 3183/501/476 3185/502/477 3335/503/478 3334/504/479
f 4480/505/480 274/506/481 245/507/482 246/508/483
f 585/509/484 234/510/485 236/511/486 235/441/416 590/440/415
f 4494/512/487 549/513/488 274/506/481 4480/505/480
f 598/514/489 537/515/490 234/510/485 585/509/484
f 3451/516/491 3406/493/468 247/496/471 665/517/492
f 4478/457/432 3450/518/493 666/465/440 244/435/410
f 3447/519/494 246/508/483 245/507/482 663/520/495
f 2457/521/496 2415/462/437 2904/464/439 2906/522/497
f 660/523/498 236/511/486 234/510/485 661/524/499 3141/525/500
f 662/526/501 2523/527/502 3137/528/503 3129/529/504
f 655/530/505 242/531/506 3307/532/507 3308/533/508
f 239/534/509 654/535/510 657/450/425 238/449/424
f 3384/536/511 670/537/512 3389/538/513 3400/539/514
f 602/540/515 2835/541/516 2864/542/517 2855/543/518
f 658/442/417 235/441/416 236/511/486 660/523/498 3143/544/519
f 874/545/520 876/546/521 287/489/464 286/486/461
f 850/547/522 874/545/520 286/486/461 285/485/460
f 870/548/523 872/549/524 284/483/458 283/480/455
f 848/550/525 870/548/523 283/480/455 282/479/454
f 866/551/526 868/552/527 281/477/452 280/474/449
f 846/553/528 866/551/526 280/474/449 279/473/448
f 251/431/406 250/554/529 278/555/530 277/556/531
f 249/418/393 251/431/406 277/556/531 276/419/394
f 624/557/532 255/478/453 281/477/452 630/558/533
f 256/476/451 312/559/466 327/560/467 279/473/448
f 262/488/463 297/561/534 333/562/535 319/563/536
f 318/417/392 334/564/537 289/429/404 249/418/393
f 892/565/538 353/566/539 306/567/540 891/568/541
f 262/488/463 319/563/536 324/569/542 285/485/460
f 263/487/462 298/570/543 297/561/534 262/488/463
f 269/481/456 295/571/544 294/572/544 268/482/457
f 257/475/450 292/573/544 291/574/544 256/476/451
f 261/490/465 299/575/545 298/570/543 263/487/462
f 251/431/406 288/430/405 290/576/546 250/554/529
f 267/484/459 296/577/544 295/571/544 269/481/456
f 256/476/451 291/574/544 331/578/544 312/559/466
f 255/478/453 293/579/544 292/573/544 257/475/450
f 992/580/547 287/489/464 876/546/521 997/581/548
f 624/557/532 633/582/544 293/579/544 255/478/453
f 337/583/549 300/467/442 253/470/445 321/584/550
f 258/424/399 260/585/551 301/586/552 309/421/396
f 260/585/551 259/427/402 302/426/401 301/586/552
f 270/587/553 272/588/554 303/589/555 310/590/556
f 272/588/554 271/415/390 304/345/324 303/589/555
f 264/410/385 266/591/557 305/592/558 311/407/382
f 266/591/557 265/593/559 306/567/540 305/592/558
f 342/594/560 343/595/561 308/471/446 307/468/443
f 347/401/376 342/594/560 307/468/443 300/467/442
f 639/596/562 349/597/563 302/426/401 636/425/400
f 343/595/561 911/598/564 908/599/565 308/471/446
f 354/600/566 351/601/567 304/345/324 1259/344/323
f 568/602/568 893/603/569 890/604/570 565/605/571
f 344/606/572 356/607/573 1261/608/574 309/421/396
f 1666/609/575 1669/347/326 1369/348/327 1368/610/576
f 313/491/466 314/611/466 332/612/577 330/613/544
f 314/614/466 312/559/466 331/578/544 332/615/577
f 325/420/395 326/616/578 320/617/579 318/417/392
f 326/618/578 324/569/542 319/563/536 320/619/579
f 328/492/467 329/620/467 314/611/466 313/491/466
f 329/621/467 327/560/467 312/559/466 314/614/466
f 851/622/580 878/623/581 326/616/578 325/420/395
f 878/624/581 879/625/582 324/569/542 326/618/578
f 853/626/583 880/627/584 329/620/467 328/492/467
f 880/628/584 882/629/585 327/560/467 329/621/467
f 330/630/544 332/631/577 335/632/586 333/633/535
f 332/634/577 331/635/544 334/636/537 335/637/586
f 333/562/535 335/638/586 320/619/579 319/563/536
f 335/639/586 334/564/537 318/417/392 320/617/579
f 2381/640/587 323/641/588 338/412/387 2382/411/386
f 2396/642/589 322/409/384 336/408/383 2397/643/590
f 315/416/391 317/644/591 341/645/592 340/346/325
f 317/646/591 316/423/398 339/422/397 341/647/592
f 313/491/466 330/613/544 296/577/544 267/484/459
f 341/647/592 339/422/397 1261/608/574 1260/648/593
f 340/346/325 341/645/592 1260/649/593 1259/344/323
f 346/650/594 1290/651/595 1264/652/596 311/407/382
f 1272/653/597 300/467/442 337/583/549
f 1296/654/598 865/655/599 827/400/375 1292/399/374
f 823/656/600 835/657/601 356/607/573 344/606/572
f 966/658/602 1026/659/603 1028/660/604 969/661/605 893/603/569 568/602/568
f 826/662/606 831/663/607 351/601/567 354/600/566
f 840/664/608 829/665/609 349/597/563 639/596/562
f 827/400/375 821/666/610 342/594/560 347/401/376
f 821/666/610 822/667/611 343/595/561 342/594/560
f 309/421/396 301/586/552 348/668/612 344/606/572
f 301/586/552 302/426/401 349/597/563 348/668/612
f 310/590/556 303/589/555 350/669/613 345/670/614
f 303/589/555 304/345/324 351/601/567 350/669/613
f 311/407/382 305/592/558 352/671/615 346/650/594
f 305/592/558 306/567/540 353/566/539 352/671/615
f 825/672/616 1294/673/617 1290/651/595 346/650/594
f 387/674/618 424/675/619 421/676/620 384/677/621
f 818/678/622 797/679/623 408/680/624 532/681/625
f 533/682/626 365/683/627 363/684/628 534/685/629
f 786/686/630 765/687/631 390/688/632 529/689/633
f 391/690/634 426/691/635 433/692/636 397/693/637
f 448/694/638 402/695/639 406/696/640 450/697/641
f 779/698/642 462/699/643 499/700/644 774/701/645
f 504/702/646 432/703/647 427/704/648 498/705/649
f 754/706/650 733/707/651 381/708/652 525/709/653
f 450/710/641 406/711/640 400/712/654 444/713/655
f 375/714/656 377/715/657 376/716/658 792/717/659 791/718/660 372/719/661 374/720/662 373/721/663 760/722/664 759/723/665 369/724/666 371/725/667 370/726/668 728/727/669 727/728/670 378/729/671 380/730/672 379/731/673 696/732/674 695/733/675
f 423/734/676 496/735/677 493/736/678 420/737/679
f 436/738/680 507/739/681 514/740/682 442/741/683
f 522/742/684 451/743/685 445/744/686 516/745/687
f 747/746/688 453/747/689 490/748/690 742/749/691
f 651/750/692 487/751/693 481/752/694 650/753/695
f 719/754/696 480/755/697 517/756/698 710/757/699
f 811/758/700 471/759/701 508/760/702 806/761/703
f 645/762/704 469/763/705 463/764/706 644/765/707
f 641/766/708 371/767/667 369/768/666 643/769/709
f 647/770/710 376/771/658 377/772/657 648/773/711
f 382/774/712 417/775/713 424/675/619 387/674/618
f 761/776/714 384/677/621 421/676/620 772/777/715
f 793/778/716 393/779/717 430/780/718 804/781/719
f 397/782/637 433/783/636 430/780/718 393/779/717
f 418/784/720 489/785/721 496/735/677 423/734/676
f 439/786/722 411/787/723 415/788/724 441/789/725
f 441/789/725 415/788/724 409/790/726 435/791/727
f 722/792/728 701/793/729 399/794/730 534/685/629
f 530/795/731 362/796/732 360/797/733 529/689/633
f 531/798/734 361/799/735 362/800/732 530/801/731
f 535/802/736 367/803/737 368/804/738 536/805/739
f 536/805/739 368/804/738 366/806/740 532/681/625
f 527/807/741 364/808/742 365/809/627 533/810/626
f 697/811/743 411/787/723 439/786/722 708/812/744
f 729/813/745 402/695/639 448/694/638 740/814/746
f 526/815/747 388/816/748 385/817/749 528/818/750
f 442/741/683 514/740/682 511/819/751 438/820/752
f 703/821/753 438/820/752 511/819/751 714/822/754
f 490/748/690 453/747/689 460/823/755 495/824/756
f 520/825/757 447/826/758 451/827/685 522/828/684
f 735/829/759 447/826/758 520/825/757 746/830/760
f 767/831/761 420/737/679 493/736/678 778/832/762
f 799/833/763 429/834/764 502/835/765 810/836/766
f 502/835/765 429/834/764 432/837/647 504/838/646
f 640/839/767 370/840/668 371/767/667 641/766/708
f 787/841/768 643/769/709 369/768/666 759/842/665
f 819/843/769 646/844/770 372/845/661 791/846/660
f 646/844/770 465/847/771 469/848/705 645/849/704
f 723/850/772 649/851/773 375/852/656 695/853/675
f 648/773/711 377/772/657 375/852/656 649/851/773
f 642/854/774 483/855/775 487/856/693 651/857/692
f 477/858/776 513/859/777 508/760/702 471/759/701
f 475/860/778 510/861/779 513/859/777 477/858/776
f 484/862/780 519/863/781 523/864/782 486/865/783
f 486/866/783 523/867/782 517/756/698 480/755/697
f 755/868/784 642/854/774 378/869/671 727/870/670
f 495/824/756 460/823/755 457/871/785 492/872/786
f 466/873/787 501/874/788 505/875/789 468/876/790
f 468/877/790 505/878/789 499/700/644 462/699/643
f 4777/879/791 4776/880/792 4760/881/793 4767/882/794
f 382/774/712 387/674/618 389/883/795 383/884/796
f 383/884/796 389/883/795 388/816/748 381/708/652
f 387/674/618 384/677/621 386/885/797 389/883/795
f 389/883/795 386/885/797 385/817/749 388/816/748
f 397/782/637 393/779/717 395/886/798 398/887/799
f 398/887/799 395/886/798 394/888/800 396/889/801
f 391/690/634 397/693/637 398/890/799 392/891/802
f 392/891/802 398/890/799 396/892/801 390/688/632
f 415/788/724 411/787/723 413/893/803 416/894/804
f 416/894/804 413/893/803 412/895/805 414/896/806
f 409/790/726 415/788/724 416/894/804 410/897/807
f 410/897/807 416/894/804 414/896/806 408/680/624
f 406/696/640 402/695/639 404/898/808 407/899/809
f 407/899/809 404/898/808 403/900/810 405/901/811
f 400/712/654 406/711/640 407/902/809 401/903/812
f 401/903/812 407/902/809 405/904/811 399/794/730
f 427/704/648 432/703/647 434/905/813 428/906/814
f 428/906/814 434/905/813 433/692/636 426/691/635
f 432/837/647 429/834/764 431/907/815 434/908/813
f 434/908/813 431/907/815 430/780/718 433/783/636
f 442/741/683 438/820/752 440/909/816 443/910/817
f 443/910/817 440/909/816 439/786/722 441/789/725
f 436/738/680 442/741/683 443/910/817 437/911/818
f 437/911/818 443/910/817 441/789/725 435/791/727
f 451/827/685 447/826/758 449/912/819 452/913/820
f 452/913/820 449/912/819 448/694/638 450/697/641
f 445/744/686 451/743/685 452/914/820 446/915/821
f 446/915/821 452/914/820 450/710/641 444/713/655
f 418/784/720 423/734/676 425/916/822 419/917/823
f 419/917/823 425/916/822 424/675/619 417/775/713
f 423/734/676 420/737/679 422/918/824 425/916/822
f 425/916/822 422/918/824 421/676/620 424/675/619
f 508/760/702 513/859/777 515/919/825 509/920/826
f 509/920/826 515/919/825 514/740/682 507/739/681
f 513/859/777 510/861/779 512/921/827 515/919/825
f 515/919/825 512/921/827 511/819/751 514/740/682
f 523/864/782 519/863/781 521/922/828 524/923/829
f 524/923/829 521/922/828 520/825/757 522/828/684
f 517/756/698 523/867/782 524/924/829 518/925/830
f 518/925/830 524/924/829 522/742/684 516/745/687
f 490/748/690 495/824/756 497/926/831 491/927/832
f 491/927/832 497/926/831 496/735/677 489/785/721
f 495/824/756 492/872/786 494/928/833 497/926/831
f 497/926/831 494/928/833 493/736/678 496/735/677
f 505/875/789 501/874/788 503/929/834 506/930/835
f 506/930/835 503/929/834 502/835/765 504/838/646
f 499/700/644 505/878/789 506/931/835 500/932/836
f 500/932/836 506/931/835 504/702/646 498/705/649
f 454/933/837 459/934/838 461/935/839 455/936/840
f 455/936/840 461/935/839 460/823/755 453/747/689
f 459/934/838 456/937/841 458/938/842 461/935/839
f 461/935/839 458/938/842 457/871/785 460/823/755
f 469/848/705 465/847/771 467/939/843 470/940/844
f 470/940/844 467/939/843 466/873/787 468/876/790
f 463/764/706 469/763/705 470/941/844 464/942/845
f 464/942/845 470/941/844 468/877/790 462/699/643
f 478/943/846 474/944/847 476/945/848 479/946/849
f 479/946/849 476/945/848 475/860/778 477/858/776
f 472/947/850 478/943/846 479/946/849 473/948/851
f 473/948/851 479/946/849 477/858/776 471/759/701
f 487/856/693 483/855/775 485/949/852 488/950/853
f 488/950/853 485/949/852 484/862/780 486/865/783
f 481/752/694 487/751/693 488/951/853 482/952/854
f 482/952/854 488/951/853 486/866/783 480/755/697
f 762/953/855 391/690/634 392/891/802 763/954/856
f 763/954/856 392/891/802 390/688/632 765/687/631
f 730/955/857 382/774/712 383/884/796 731/956/858
f 731/956/858 383/884/796 381/708/652 733/707/651
f 768/957/859 427/704/648 428/906/814 769/958/860
f 769/958/860 428/906/814 426/691/635 771/959/861
f 736/960/862 418/784/720 419/917/823 737/961/863
f 737/961/863 419/917/823 417/775/713 739/962/864
f 794/963/865 409/790/726 410/897/807 795/964/866
f 795/964/866 410/897/807 408/680/624 797/679/623
f 800/965/867 436/738/680 437/911/818 801/966/868
f 801/966/868 437/911/818 435/791/727 803/967/869
f 698/968/870 400/712/654 401/903/812 699/969/871
f 699/969/871 401/903/812 399/794/730 701/793/729
f 704/970/872 445/744/686 446/915/821 705/971/873
f 705/971/873 446/915/821 444/713/655 707/972/874
f 774/701/645 499/700/644 500/932/836 775/973/875
f 775/973/875 500/932/836 498/705/649 777/974/876
f 742/749/691 490/748/690 491/927/832 743/975/877
f 743/975/877 491/927/832 489/785/721 745/976/878
f 806/761/703 508/760/702 509/920/826 807/977/879
f 807/977/879 509/920/826 507/739/681 809/978/880
f 710/757/699 517/756/698 518/925/830 711/979/881
f 711/979/881 518/925/830 516/745/687 713/980/882
f 780/981/883 457/871/785 458/938/842 781/982/884
f 781/982/884 458/938/842 456/937/841 783/983/885
f 748/984/886 484/862/780 485/949/852 749/985/887
f 749/985/887 485/949/852 483/855/775 751/986/888
f 812/987/889 466/873/787 467/939/843 813/988/890
f 813/988/890 467/939/843 465/847/771 815/989/891
f 716/990/892 481/752/694 482/952/854 717/991/893
f 717/991/893 482/952/854 480/755/697 719/754/696
f 525/709/653 381/708/652 388/816/748 526/815/747
f 357/992/894 525/709/653 526/815/747 359/993/895
f 359/993/895 526/815/747 528/818/750 358/994/896
f 403/900/810 527/807/741 533/810/626 405/901/811
f 414/896/806 536/805/739 532/681/625 408/680/624
f 412/895/805 535/802/736 536/805/739 414/896/806
f 394/888/800 531/798/734 530/801/731 396/889/801
f 396/892/801 530/795/731 529/689/633 390/688/632
f 694/995/897 722/792/728 534/685/629 363/684/628
f 726/996/898 754/706/650 525/709/653 357/992/894
f 758/997/899 786/686/630 529/689/633 360/797/733
f 405/904/811 533/682/626 534/685/629 399/794/730
f 790/998/900 818/678/622 532/681/625 366/806/740
f 2674/999/901 2672/1000/902 3155/1001/903 3157/1002/904
f 3159/1003/905 3161/1004/906 3178/1005/907 3176/1006/908
f 674/1007/909 3385/1008/910 3387/1009/911 543/1010/912
f 672/1011/913 3384/536/511 3287/1012/914 542/1013/915
f 593/1014/916 238/449/424 541/448/423 594/1015/917
f 594/1015/917 541/448/423 540/1016/918 595/1017/919
f 595/1017/919 540/1016/918 539/1018/920 596/1019/921
f 596/1019/921 539/1018/920 538/1020/922 597/1021/923
f 597/1021/923 538/1020/922 537/515/490 598/514/489
f 4482/456/431 275/434/409 545/1022/924 4496/1023/925
f 4496/1023/925 545/1022/924 546/1024/926 551/1025/927
f 551/1025/927 546/1024/926 547/1026/928 4495/1027/929
f 4495/1027/929 547/1026/928 548/1028/930 550/1029/931
f 550/1029/931 548/1028/930 549/513/488 4494/512/487
f 3409/1030/932 3861/1031/933 2778/1032/934 2776/1033/935
f 2743/1034/936 2737/1035/937 2791/1036/938 2797/1037/939
f 3415/1038/940 3414/1039/941 2926/1040/942 2874/1041/943 2875/1042/944
f 3414/1039/941 3466/1043/945 2735/1044/946 2926/1040/942
f 234/510/485 537/515/490 678/1045/947 661/524/499
f 537/515/490 538/1020/922 677/1046/948 678/1045/947
f 538/1020/922 539/1018/920 675/1047/949 677/1046/948
f 539/1018/920 540/1016/918 673/1048/950 3386/1049/951 675/1047/949
f 540/1016/918 541/448/423 671/451/426 3383/1050/952 673/1048/950
f 2944/1051/953 2834/1052/954 2954/1053/955 2958/1054/956
f 2838/1055/957 3039/1056/958 2843/1057/959 2975/1058/960 2970/1059/961
f 2620/1060/962 2641/1061/963 2915/1062/964 2910/1063/965
f 2639/1064/966 2640/1065/967 2946/1066/968 2945/1067/969
f 2420/1068/970 2422/1069/971 2715/1070/972 2714/1071/973
f 824/1072/974 836/1073/975 566/1074/976 345/670/614
f 836/1073/975 837/1075/977 567/1076/978 566/1074/976
f 1028/660/604 1032/1077/979 968/1078/980 969/661/605
f 345/670/614 566/1074/976 563/1079/981 310/590/556
f 566/1074/976 567/1076/978 564/1080/982 563/1079/981
f 928/1081/983 568/602/568 565/605/571 927/1082/984
f 837/1075/977 949/1083/985 929/1084/986 567/1076/978
f 912/1085/987 833/1086/988 353/566/539 892/565/538
f 268/482/457 294/572/544 560/1087/544 552/1088/989
f 552/1088/989 560/1087/544 561/1089/544 553/1090/989
f 554/395/370 884/1091/370 995/1092/990 989/396/371
f 553/1090/989 561/1089/544 924/1093/544 919/1094/370
f 970/1095/991 1038/1096/992 997/581/548 876/546/521 877/1097/993
f 268/482/457 552/1088/989 558/1098/994 282/479/454
f 552/1088/989 553/1090/989 559/1099/995 558/1098/994
f 920/394/370 925/1100/586 562/1101/996 554/395/370
f 554/395/370 562/1101/996 888/1102/997 884/1091/370
f 310/590/556 563/1079/981 555/1103/998 270/587/553
f 563/1079/981 564/1080/982 556/1104/999 555/1103/998
f 564/1080/982 926/1105/1000 921/1106/1001 556/1104/999
f 992/580/547 995/1092/990 884/1091/370 885/1107/1002
f 569/1108/1003 599/432/407 691/466/441 684/1109/1004
f 2692/1110/1005 2694/1111/1006 3064/1112/1007 3062/1113/1008
f 2700/1114/1009 3251/1115/1010 3109/1116/1011 3102/1117/1012
f 2614/1118/1013 2613/1119/1014 3216/1120/1015 3217/1121/1016
f 3272/1122/1017 3280/1123/1018 3320/1124/1019 3321/1125/1020
f 607/1126/1021 578/1127/1022 579/1128/1023 608/1129/1024
f 606/1130/1025 577/1131/1026 578/1127/1022 607/1126/1021
f 605/1132/1027 576/1133/1028 577/1131/1026 606/1130/1025
f 604/1134/1029 575/1135/1030 576/1133/1028 605/1132/1027
f 603/433/408 574/1136/1031 575/1135/1030 604/1134/1029
f 608/1129/1024 579/1128/1023 573/1137/1032 609/1138/1033
f 3367/1139/1034 3326/1140/1035 3338/1141/1036 3341/1142/1037
f 2519/1143/1038 2518/1144/1039 3070/1145/1040 3071/1146/1041
f 2507/1147/1042 2508/1148/1043 2581/1149/1044 2580/1150/1045
f 609/1138/1033 573/1137/1032 570/1151/1046 600/1152/1047
f 570/1151/1046 590/440/415 688/443/418 685/1153/1048
f 2851/1154/1049 2850/1155/1050 2871/1156/1051 2873/1157/1052
f 589/445/420 593/1014/916 574/1136/1031 569/1108/1003
f 683/1158/1053 2850/1155/1050 2851/1154/1049
f 578/1127/1022 597/1021/923 598/514/489 579/1128/1023
f 577/1131/1026 596/1019/921 597/1021/923 578/1127/1022
f 576/1133/1028 595/1017/919 596/1019/921 577/1131/1026
f 575/1135/1030 594/1015/917 595/1017/919 576/1133/1028
f 574/1136/1031 593/1014/916 594/1015/917 575/1135/1030
f 600/1152/1047 570/1151/1046 685/1153/1048 689/1159/1054
f 237/444/419 239/534/509 238/449/424 593/1014/916 589/445/420
f 2675/1160/1055 3159/1003/905 3176/1006/908 3171/1161/1056
f 543/1010/912 2697/1162/1057 2683/1163/1058
f 542/1013/915 3263/1164/1059 3262/1165/1060
f 670/537/512 3311/1166/1061 3399/1167/1062 3389/538/513
f 240/1168/1063 3288/1169/1064 3293/1170/1065 3310/1171/1066 3309/1172/1067
f 237/444/419 652/447/422 654/535/510 239/534/509
f 573/1137/1032 585/509/484 590/440/415 570/1151/1046
f 579/1128/1023 598/514/489 585/509/484 573/1137/1032
f 2523/527/502 662/526/501 3145/1173/1068 3152/1174/1069
f 2522/1175/1070 2513/1176/1071 3130/1177/1072 3136/1178/1073
f 2609/1179/1074 3035/1180/1075 3049/1181/1076 2594/1182/1077
f 653/1183/1078 241/1184/1079 242/531/506 655/530/505
f 2419/1185/1080 2422/1069/971 2664/1186/1081 2662/1187/1082
f 2600/1188/1083 2616/1189/1084 3001/1190/1085 2996/1191/1086
f 2619/1192/1087 2621/1193/1088 2988/1194/1089 2987/1195/1090
f 610/1196/1091 2962/1197/1092 2960/1198/1093
f 2470/1199/1094 2466/1200/1095 2608/1201/1096 2651/1202/1097
f 687/1203/1098 2845/1204/1099 2849/1205/1100 2844/1206/1101 583/1207/1102
f 549/513/488 608/1129/1024 609/1138/1033 274/506/481
f 548/1028/930 607/1126/1021 608/1129/1024 549/513/488
f 547/1026/928 606/1130/1025 607/1126/1021 548/1028/930
f 546/1024/926 605/1132/1027 606/1130/1025 547/1026/928
f 545/1022/924 604/1134/1029 605/1132/1027 546/1024/926
f 275/434/409 603/433/408 604/1134/1029 545/1022/924
f 3039/1056/958 2748/1208/1103 3040/1209/1104 3052/1210/1105
f 2756/1211/1106 602/1212/515 2777/1213/1107 2784/1214/1108
f 2424/1215/1109 2418/1216/1110 2542/1217/1111 2544/1218/1112
f 245/507/482 600/1152/1047 689/1159/1054 663/520/495
f 274/506/481 609/1138/1033 600/1152/1047 245/507/482
f 569/1108/1003 574/1136/1031 603/433/408 599/432/407
f 589/445/420 569/1108/1003 684/1109/1004 686/446/421
f 622/1219/1113 936/1220/1114 941/1221/1115 628/1222/1116
f 1245/1223/1117 616/1224/1118 935/1225/1119 1202/1226/1120
f 250/554/529 900/1227/1121 905/1228/1122 278/555/530
f 1216/1229/1123 896/1230/1124 898/1231/1125 1211/1232/1126 4708/1233/1127 4550/1234/1128
f 1251/1235/1129 614/1236/1130 931/1237/1131 1203/1238/1132 4576/1239/1133
f 1200/1240/1134 620/1241/1135 930/1242/1136 1217/1243/1137 4533/1244/1138 4715/1245/1139 4564/1246/1140 4557/1247/1141 4720/1248/1142
f 1206/1249/1143 621/1250/1144 4571/1251/1145 4573/1252/1146 4567/1253/1147
f 1250/1254/1148 615/1255/1149 933/1256/1150 1199/1257/1151
f 913/1258/1152 838/1259/1153 637/1260/1154 910/1261/1155
f 891/568/541 306/567/540 265/593/559 887/1262/1156
f 565/605/571 890/604/570 886/1263/1157 557/1264/1158
f 559/1099/995 923/1265/1159 953/1266/1160 857/1267/1161
f 927/1082/984 565/605/571 557/1264/1158 922/1268/1162
f 4741/1269/1163 1211/1232/1126 898/1231/1125 4739/1270/1164
f 1004/1271/1165 953/1266/1160 923/1265/1159 1000/397/372
f 950/1272/1166 839/1273/1167 638/1274/1168 946/1275/1169
f 856/1276/1170 952/1277/1171 949/1083/985 837/1075/977
f 839/1273/1167 840/664/608 639/596/562 638/1274/1168
f 910/1261/1155 637/1260/1154 634/1278/1172 909/1279/1173
f 822/667/611 914/1280/1174 911/598/564 343/595/561
f 946/1275/1169 638/1274/1168 635/1281/1175 945/1282/1176
f 838/1259/1153 951/1283/1177 947/1284/1178 637/1260/1154
f 638/1274/1168 639/596/562 636/425/400 635/1281/1175
f 901/1285/1179 622/1219/1113 628/1222/1116 904/1286/1180
f 250/554/529 290/576/546 906/1287/1181 900/1227/1121
f 937/1288/1114 623/1289/532 629/1290/1182 940/1291/1182
f 622/1219/1113 631/1292/1183 942/1293/586 936/1220/1114
f 623/1289/532 632/1294/544 633/582/544 624/557/532
f 901/1285/1179 907/1295/1184 631/1292/1183 622/1219/1113
f 308/471/446 908/599/565 902/1296/1185 252/472/447
f 937/1288/1114 943/1297/544 632/1294/544 623/1289/532
f 634/1278/1172 944/1298/1186 938/1299/1187 625/1300/1188
f 623/1289/532 624/557/532 630/558/533 629/1290/1182
f 909/1279/1173 634/1278/1172 625/1300/1188 903/1301/1189
f 278/555/530 905/1228/1122 917/1302/1190 844/1303/1191
f 945/1282/1176 635/1281/1175 626/1304/1192 939/1305/1193
f 628/1222/1116 941/1221/1115 956/1306/1194 859/1307/1195
f 635/1281/1175 636/425/400 627/428/403 626/1304/1192
f 4742/1308/1196 1213/1309/1197 897/1310/1198 4740/1311/1199
f 1214/1312/1200 4540/1313/1201 4535/1314/1202 932/1315/1203
f 1216/1229/1123 4544/1316/1204 4537/1317/1205 1217/1243/1137 930/1242/1136 896/1230/1124
f 1228/1318/1206 619/1319/1207 897/1310/1198 1213/1309/1197
f 1212/1320/1208 895/1321/1209 894/1322/1210 1215/1323/1211 4551/1324/1212 4707/1325/1213
f 751/986/888 483/855/775 642/854/774 755/868/784
f 378/869/671 642/854/774 651/857/692 380/1326/672
f 478/943/846 648/773/711 649/851/773 474/944/847
f 715/1327/1214 474/944/847 649/851/773 723/850/772
f 372/845/661 646/844/770 645/849/704 374/1328/662
f 815/989/891 465/847/771 646/844/770 819/843/769
f 783/983/885 456/937/841 643/769/709 787/841/768
f 454/933/837 640/839/767 641/766/708 459/934/838
f 472/947/850 647/770/710 648/773/711 478/943/846
f 459/934/838 641/766/708 643/769/709 456/937/841
f 374/1329/662 645/762/704 644/765/707 373/1330/663
f 380/1331/672 651/750/692 650/753/695 379/1332/673
f 3451/516/491 665/517/492 2757/1333/1215 3825/1334/1216
f 3447/1335/494 663/1336/495 664/1337/1217 3446/1338/1218
f 660/1339/498 3141/1340/500 3138/1341/1219 659/1342/1220
f 658/1343/417 3143/1344/519 3142/1345/1221 243/1346/1222
f 655/530/505 3308/533/508 656/1347/1223 657/1348/425 654/1349/510
f 653/1183/1078 655/530/505 654/1349/510 652/1350/422
f 679/1351/1224 662/526/501 661/1352/499 678/1353/947
f 687/1203/1098 653/1183/1078 652/1350/422 686/1354/421
f 690/1355/1225 2414/1356/1226 664/1337/1217 663/1336/495 689/1357/1054
f 2472/1358/1227 669/1359/1228 2439/1360/1229 2441/1361/1230
f 681/1362/1231 2735/1044/946 2500/1363/1232
f 656/1347/1223 3311/1166/1061 670/537/512 671/1364/426 657/1348/425
f 670/537/512 3384/536/511 3383/1365/952 671/1364/426
f 672/1011/913 3385/1008/910 3386/1366/951 673/1367/950
f 674/1007/909 2682/1368/1233 676/1369/1234 677/1370/948 675/1371/949
f 676/1369/1234 3160/1372/1235 679/1351/1224 678/1353/947 677/1370/948
f 682/499/474 3465/498/473 3408/458/433 2444/461/436
f 2735/1044/946 3466/1043/945 3413/497/472 2498/500/475
f 692/1373/1236 2850/1155/1050 683/1158/1053 684/1374/1004 691/1375/441
f 591/1376/1237 2434/1377/1238 685/1378/1048 688/1379/418
f 683/1158/1053 2845/1204/1099 687/1203/1098 686/1354/421 684/1374/1004
f 243/1346/1222 591/1376/1237 688/1379/418 658/1343/417
f 571/1380/1239 690/1355/1225 689/1357/1054 685/1378/1048
f 2759/1381/1240 2758/1382/1241 2766/1383/1242 2767/1384/1243
f 653/1183/1078 687/1203/1098 583/1207/1102 3313/1385/1244 241/1184/1079
f 481/752/694 716/990/892 724/1386/1245 650/753/695
f 716/990/892 715/1327/1214 723/850/772 724/1386/1245
f 367/803/737 535/802/736 721/1387/1246 693/1388/1247
f 693/1388/1247 721/1387/1246 722/792/728 694/995/897
f 476/945/848 718/1389/1248 720/1390/1249 475/860/778
f 718/1389/1248 717/991/893 719/754/696 720/1390/1249
f 474/944/847 715/1327/1214 718/1389/1248 476/945/848
f 715/1327/1214 716/990/892 717/991/893 718/1389/1248
f 512/921/827 712/1391/1250 714/822/754 511/819/751
f 712/1391/1250 711/979/881 713/980/882 714/822/754
f 510/861/779 709/1392/1251 712/1391/1250 512/921/827
f 709/1392/1251 710/757/699 711/979/881 712/1391/1250
f 440/909/816 706/1393/1252 708/812/744 439/786/722
f 706/1393/1252 705/971/873 707/972/874 708/812/744
f 438/820/752 703/821/753 706/1393/1252 440/909/816
f 703/821/753 704/970/872 705/971/873 706/1393/1252
f 413/893/803 700/1394/1253 702/1395/1254 412/895/805
f 700/1394/1253 699/969/871 701/793/729 702/1395/1254
f 411/787/723 697/811/743 700/1394/1253 413/893/803
f 697/811/743 698/968/870 699/969/871 700/1394/1253
f 650/753/695 724/1386/1245 696/1396/674 379/1332/673
f 724/1386/1245 723/850/772 695/853/675 696/1396/674
f 445/744/686 704/970/872 713/980/882 516/745/687
f 704/970/872 703/821/753 714/822/754 713/980/882
f 400/712/654 698/968/870 707/972/874 444/713/655
f 698/968/870 697/811/743 708/812/744 707/972/874
f 535/802/736 412/895/805 702/1395/1254 721/1387/1246
f 721/1387/1246 702/1395/1254 701/793/729 722/792/728
f 475/860/778 720/1390/1249 709/1392/1251 510/861/779
f 720/1390/1249 719/754/696 710/757/699 709/1392/1251
f 454/933/837 752/1397/1255 756/1398/1256 640/839/767
f 752/1397/1255 751/986/888 755/868/784 756/1398/1256
f 364/808/742 527/807/741 753/1399/1257 725/1400/1258
f 725/1400/1258 753/1399/1257 754/706/650 726/996/898
f 455/936/840 750/1401/1259 752/1397/1255 454/933/837
f 750/1401/1259 749/985/887 751/986/888 752/1397/1255
f 453/747/689 747/746/688 750/1401/1259 455/936/840
f 747/746/688 748/984/886 749/985/887 750/1401/1259
f 521/922/828 744/1402/1260 746/830/760 520/825/757
f 744/1402/1260 743/975/877 745/976/878 746/830/760
f 519/863/781 741/1403/1261 744/1402/1260 521/922/828
f 741/1403/1261 742/749/691 743/975/877 744/1402/1260
f 449/912/819 738/1404/1262 740/814/746 448/694/638
f 738/1404/1262 737/961/863 739/962/864 740/814/746
f 447/826/758 735/829/759 738/1404/1262 449/912/819
f 735/829/759 736/960/862 737/961/863 738/1404/1262
f 404/898/808 732/1405/1263 734/1406/1264 403/900/810
f 732/1405/1263 731/956/858 733/707/651 734/1406/1264
f 402/695/639 729/813/745 732/1405/1263 404/898/808
f 729/813/745 730/955/857 731/956/858 732/1405/1263
f 640/839/767 756/1398/1256 728/1407/669 370/840/668
f 756/1398/1256 755/868/784 727/870/670 728/1407/669
f 418/784/720 736/960/862 745/976/878 489/785/721
f 736/960/862 735/829/759 746/830/760 745/976/878
f 382/774/712 730/955/857 739/962/864 417/775/713
f 730/955/857 729/813/745 740/814/746 739/962/864
f 484/862/780 748/984/886 741/1403/1261 519/863/781
f 748/984/886 747/746/688 742/749/691 741/1403/1261
f 527/807/741 403/900/810 734/1406/1264 753/1399/1257
f 753/1399/1257 734/1406/1264 733/707/651 754/706/650
f 463/764/706 784/1408/1265 788/1409/1266 644/765/707
f 784/1408/1265 783/983/885 787/841/768 788/1409/1266
f 358/994/896 528/818/750 785/1410/1267 757/1411/1268
f 757/1411/1268 785/1410/1267 786/686/630 758/997/899
f 464/942/845 782/1412/1269 784/1408/1265 463/764/706
f 782/1412/1269 781/982/884 783/983/885 784/1408/1265
f 462/699/643 779/698/642 782/1412/1269 464/942/845
f 779/698/642 780/981/883 781/982/884 782/1412/1269
f 494/928/833 776/1413/1270 778/832/762 493/736/678
f 776/1413/1270 775/973/875 777/974/876 778/832/762
f 492/872/786 773/1414/1271 776/1413/1270 494/928/833
f 773/1414/1271 774/701/645 775/973/875 776/1413/1270
f 422/918/824 770/1415/1272 772/777/715 421/676/620
f 770/1415/1272 769/958/860 771/959/861 772/777/715
f 420/737/679 767/831/761 770/1415/1272 422/918/824
f 767/831/761 768/957/859 769/958/860 770/1415/1272
f 386/885/797 764/1416/1273 766/1417/1274 385/817/749
f 764/1416/1273 763/954/856 765/687/631 766/1417/1274
f 384/677/621 761/776/714 764/1416/1273 386/885/797
f 761/776/714 762/953/855 763/954/856 764/1416/1273
f 644/765/707 788/1409/1266 760/1418/664 373/1330/663
f 788/1409/1266 787/841/768 759/842/665 760/1418/664
f 427/704/648 768/957/859 777/974/876 498/705/649
f 768/957/859 767/831/761 778/832/762 777/974/876
f 391/690/634 762/953/855 771/959/861 426/691/635
f 762/953/855 761/776/714 772/777/715 771/959/861
f 457/871/785 780/981/883 773/1414/1271 492/872/786
f 780/981/883 779/698/642 774/701/645 773/1414/1271
f 528/818/750 385/817/749 766/1417/1274 785/1410/1267
f 785/1410/1267 766/1417/1274 765/687/631 786/686/630
f 472/947/850 816/1419/1275 820/1420/1276 647/770/710
f 816/1419/1275 815/989/891 819/843/769 820/1420/1276
f 361/799/735 531/798/734 817/1421/1277 789/1422/1278
f 789/1422/1278 817/1421/1277 818/678/622 790/998/900
f 473/948/851 814/1423/1279 816/1419/1275 472/947/850
f 814/1423/1279 813/988/890 815/989/891 816/1419/1275
f 471/759/701 811/758/700 814/1423/1279 473/948/851
f 811/758/700 812/987/889 813/988/890 814/1423/1279
f 503/929/834 808/1424/1280 810/836/766 502/835/765
f 808/1424/1280 807/977/879 809/978/880 810/836/766
f 501/874/788 805/1425/1281 808/1424/1280 503/929/834
f 805/1425/1281 806/761/703 807/977/879 808/1424/1280
f 431/907/815 802/1426/1282 804/781/719 430/780/718
f 802/1426/1282 801/966/868 803/967/869 804/781/719
f 429/834/764 799/833/763 802/1426/1282 431/907/815
f 799/833/763 800/965/867 801/966/868 802/1426/1282
f 395/886/798 796/1427/1283 798/1428/1284 394/888/800
f 796/1427/1283 795/964/866 797/679/623 798/1428/1284
f 393/779/717 793/778/716 796/1427/1283 395/886/798
f 793/778/716 794/963/865 795/964/866 796/1427/1283
f 647/770/710 820/1420/1276 792/1429/659 376/771/658
f 820/1420/1276 819/843/769 791/846/660 792/1429/659
f 436/738/680 800/965/867 809/978/880 507/739/681
f 800/965/867 799/833/763 810/836/766 809/978/880
f 409/790/726 794/963/865 803/967/869 435/791/727
f 794/963/865 793/778/716 804/781/719 803/967/869
f 466/873/787 812/987/889 805/1425/1281 501/874/788
f 812/987/889 811/758/700 806/761/703 805/1425/1281
f 531/798/734 394/888/800 798/1428/1284 817/1421/1277
f 817/1421/1277 798/1428/1284 797/679/623 818/678/622
f 834/1430/1285 835/657/601 883/1431/1286 881/1432/1287
f 915/1433/1288 858/1434/1289 838/1259/1153 913/1258/1152
f 954/1435/1290 860/1436/1291 839/1273/1167 950/1272/1166
f 858/1434/1289 955/1437/1177 951/1283/1177 838/1259/1153
f 860/1436/1291 861/1438/1292 863/1439/1293 862/1440/1294
f 854/1441/1295 855/1442/1296 857/1267/1161 856/1276/1170
f 847/1443/1297 848/550/525 855/1442/1296 854/1441/1295
f 878/624/581 1300/1444/1298 1302/1445/1299 879/625/582
f 841/1446/1300 842/1447/1301 844/1303/1191 843/1448/1302
f 864/1449/1303 842/1447/1301 841/1446/1300 865/655/599
f 862/1440/1294 863/1439/1293 868/552/527 869/1450/1304
f 843/1448/1302 916/1451/1305 914/1280/1174 822/667/611
f 852/1452/1306 853/626/583 872/549/524 873/1453/1307
f 845/1454/1308 846/553/528 882/629/585 883/1431/1286
f 355/1455/1309 356/607/573 835/657/601 834/1430/1285
f 354/600/566 355/1456/1309 834/1457/1285 826/662/606
f 1278/143/143 147/159/156 174/160/157 1282/1458/1310
f 344/606/572 348/668/612 828/1459/1311 823/656/600
f 348/668/612 349/597/563 829/665/609 828/1459/1311
f 345/670/614 350/669/613 830/1460/1312 824/1072/974
f 350/669/613 351/601/567 831/663/607 830/1460/1312
f 346/650/594 352/671/615 832/1461/1313 825/672/616
f 352/671/615 353/566/539 833/1086/988 832/1461/1313
f 285/485/460 324/569/542 879/625/582 850/547/522
f 1296/654/598 1300/1462/1298 878/623/581 851/622/580
f 279/473/448 327/560/467 882/629/585 846/553/528
f 845/1454/1308 883/1431/1286 835/657/601 823/656/600
f 948/1463/1314 949/1083/985 952/1277/1171 973/1464/1315 972/1465/1316
f 328/492/467 284/483/458 872/549/524 853/626/583
f 852/1452/1306 873/1453/1307 831/663/607 826/662/606
f 630/558/533 281/477/452 868/552/527 863/1439/1293
f 862/1440/1294 869/1450/1304 829/665/609 840/664/608
f 276/419/394 277/556/531 842/1447/1301 864/1449/1303
f 865/655/599 841/1446/1300 821/666/610 827/400/375
f 277/556/531 278/555/530 844/1303/1191 842/1447/1301
f 841/1446/1300 843/1448/1302 822/667/611 821/666/610
f 325/420/395 276/419/394 864/1449/1303 851/622/580
f 849/1466/1317 1302/1445/1299 1294/673/617 825/672/616
f 282/479/454 558/1098/994 855/1442/1296 848/550/525
f 847/1443/1297 854/1441/1295 836/1073/975 824/1072/974
f 558/1098/994 559/1099/995 857/1267/1161 855/1442/1296
f 854/1441/1295 856/1276/1170 837/1075/977 836/1073/975
f 856/1276/1170 857/1267/1161 953/1266/1160 952/1277/1171
f 330/630/544 333/633/535 297/1467/534 298/1468/543 299/1469/545 889/1470/1318 888/1471/997 562/1472/996 925/1473/586 924/1474/544 561/1475/544 560/1476/544 294/1477/544 295/1478/544 296/1479/544
f 954/1435/1290 957/1480/1182 861/1438/1292 860/1436/1291
f 567/1076/978 929/1084/986 926/1105/1000 564/1080/982
f 915/1433/1288 918/1481/1319 859/1307/1195 858/1434/1289
f 904/1286/1180 628/1222/1116 859/1307/1195 918/1481/1319
f 843/1448/1302 844/1303/1191 917/1302/1190 916/1451/1305
f 637/1260/1154 947/1284/1178 944/1298/1186 634/1278/1172
f 1009/194/180 1019/1482/1320 1615/1483/1321 1604/195/181
f 940/1291/1182 629/1290/1182 861/1438/1292 957/1480/1182
f 858/1434/1289 859/1307/1195 956/1306/1194 955/1437/1177
f 293/1484/544 633/1485/544 632/1486/544 943/1487/544 942/1488/586 631/1489/1183 907/1490/1184 906/1491/1181 290/1492/546 288/1493/405 289/1494/404 334/636/537 331/635/544 291/1495/544 292/1496/544
f 629/1290/1182 630/558/533 863/1439/1293 861/1438/1292
f 860/1436/1291 862/1440/1294 840/664/608 839/1273/1167
f 880/628/584 881/1432/1287 883/1431/1286 882/629/585
f 826/662/606 834/1457/1285 881/1497/1287 852/1452/1306
f 852/1452/1306 881/1497/1287 880/627/584 853/626/583
f 145/376/352 1284/1498/1322 175/164/159 146/65/65
f 849/1466/1317 850/547/522 879/625/582 1302/1445/1299
f 174/161/157 175/164/159 1284/1498/1322 1282/1499/1310
f 1296/654/598 851/622/580 864/1449/1303 865/655/599
f 823/656/600 828/1459/1311 867/1500/1323 845/1454/1308
f 845/1454/1308 867/1500/1323 866/551/526 846/553/528
f 828/1459/1311 829/665/609 869/1450/1304 867/1500/1323
f 866/551/526 867/1500/1323 869/1450/1304 868/552/527
f 824/1072/974 830/1460/1312 871/1501/1324 847/1443/1297
f 847/1443/1297 871/1501/1324 870/548/523 848/550/525
f 830/1460/1312 831/663/607 873/1453/1307 871/1501/1324
f 870/548/523 871/1501/1324 873/1453/1307 872/549/524
f 825/672/616 832/1461/1313 875/1502/1325 849/1466/1317
f 849/1466/1317 875/1502/1325 874/545/520 850/547/522
f 832/1461/1313 833/1086/988 877/1097/993 875/1502/1325
f 874/545/520 875/1502/1325 877/1097/993 876/546/521
f 971/1503/1326 970/1095/991 877/1097/993 833/1086/988 912/1085/987
f 891/568/541 890/604/570 893/603/569 892/565/538
f 885/1107/1002 884/1091/370 888/1102/997 889/1504/1318
f 885/1107/1002 261/490/465 287/489/464 992/580/547
f 887/1262/1156 886/1263/1157 890/604/570 891/568/541
f 4713/1505/1327 4714/1506/1328 4563/1507/1329 4562/1508/1330
f 1203/1238/1132 931/1237/1131 620/1241/1135 1200/1240/1134 4568/1509/1331 4574/1510/1332 4727/1511/1333
f 1239/1512/1334 617/1513/1335 619/1319/1207 1228/1318/1206
f 918/1481/1319 917/1302/1190 905/1228/1122 904/1286/1180
f 909/1279/1173 908/599/565 911/598/564 910/1261/1155
f 901/1285/1179 900/1227/1121 906/1287/1181 907/1295/1184
f 904/1286/1180 905/1228/1122 900/1227/1121 901/1285/1179
f 903/1301/1189 902/1296/1185 908/599/565 909/1279/1173
f 1199/1257/1151 933/1256/1150 618/1514/1336 1226/1515/1337
f 1034/1516/1338 1038/1096/992 970/1095/991 971/1503/1326
f 910/1261/1155 911/598/564 914/1280/1174 913/1258/1152
f 913/1258/1152 914/1280/1174 916/1451/1305 915/1433/1288
f 915/1433/1288 916/1451/1305 917/1302/1190 918/1481/1319
f 885/1107/1002 889/1504/1318 299/575/545 261/490/465
f 1000/397/372 923/1265/1159 919/1094/370 920/394/370
f 927/1082/984 926/1105/1000 929/1084/986 928/1081/983
f 920/394/370 919/1094/370 924/1093/544 925/1100/586
f 1040/1517/1339 973/1464/1315 952/1277/1171 953/1266/1160 1004/1271/1165
f 922/1268/1162 921/1106/1001 926/1105/1000 927/1082/984
f 1210/1518/1340 899/1519/1341 617/1513/1335 1239/1512/1334
f 1226/1515/1337 618/1514/1336 616/1224/1118 1245/1223/1117
f 1201/1520/1342 934/1521/1343 615/1255/1149 1250/1254/1148 4577/1522/1344
f 957/1480/1182 956/1306/1194 941/1221/1115 940/1291/1182
f 945/1282/1176 944/1298/1186 947/1284/1178 946/1275/1169
f 937/1288/1114 936/1220/1114 942/1293/586 943/1297/544
f 940/1291/1182 941/1221/1115 936/1220/1114 937/1288/1114
f 939/1305/1193 938/1299/1187 944/1298/1186 945/1282/1176
f 1202/1226/1120 935/1225/1119 614/1236/1130 1251/1235/1129
f 928/1081/983 929/1084/986 949/1083/985 948/1463/1314
f 946/1275/1169 947/1284/1178 951/1283/1177 950/1272/1166
f 950/1272/1166 951/1283/1177 955/1437/1177 954/1435/1290
f 954/1435/1290 955/1437/1177 956/1306/1194 957/1480/1182
f 553/1090/989 919/1094/370 923/1265/1159 559/1099/995
f 2380/175/164 2386/1523/1345 1306/1524/1346 69/176/165
f 892/565/538 893/603/569 969/661/605 968/1078/980 912/1085/987
f 1611/406/381 1594/1525/1347 983/1526/1348 1015/403/378
f 1122/53/53 183/56/56 182/364/341 1118/398/373
f 2106/1527/1349 2104/1528/1350 998/1529/1351 1037/1530/1352
f 2104/1528/1350 2105/255/239 991/258/242 998/1529/1351
f 186/91/91 198/226/212 961/1531/1353 960/1532/1354 187/139/139
f 1596/249/233 1599/1533/1355 1133/1534/1356 1131/238/222 207/237/221
f 948/1463/1314 967/1535/1357 966/658/602 568/602/568 928/1081/983
f 2103/256/240 2101/110/110 988/113/113 994/257/241
f 1019/1482/1320 1021/390/366 1616/393/369 1615/1483/1321
f 1607/384/360 1612/405/380 1017/404/379 1011/381/357
f 2109/1536/1358 1025/1537/1359 1023/218/204 2110/217/203
f 2113/1538/1360 1031/1539/1361 1029/1540/1362 2111/1541/1363
f 2106/1527/1349 1037/1530/1352 1035/1542/1364 2114/1543/1365
f 2112/216/202 1043/219/205 1041/368/345 2108/367/344
f 1022/1544/1366 967/1535/1357 948/1463/1314 972/1465/1316 1044/1545/1367
f 912/1085/987 968/1078/980 1032/1077/979 1034/1516/1338 971/1503/1326
f 1040/1517/1339 1044/1545/1367 972/1465/1316 973/1464/1315
f 2109/1536/1358 2111/1541/1363 1029/1540/1362 1025/1537/1359
f 2113/1538/1360 2114/1543/1365 1035/1542/1364 1031/1539/1361
f 1022/1544/1366 1026/659/603 966/658/602 967/1535/1357
f 224/357/334 212/222/208 101/136/136 959/1546/1368 958/1547/1369
f 1590/1548/1370 1593/385/361 979/389/365 981/1549/1371 978/1550/1372
f 983/1526/1348 978/1550/1372 977/1551/1373 982/1552/1374
f 1121/387/363 1592/386/362 1591/300/282 24/63/63 1065/103/103
f 978/1550/1372 981/1549/1371 980/1553/1375 977/1551/1373
f 975/1554/1376 980/1553/1375 981/1549/1371 976/240/224
f 976/240/224 981/1549/1371 979/389/365 974/241/225
f 986/1555/1377 984/1556/1378 985/239/223 987/391/367
f 1133/1534/1356 1599/1533/1355 1598/242/226 974/241/225 1107/1557/1379
f 984/1556/1378 975/1554/1376 976/240/224 985/239/223
f 987/391/367 985/239/223 1597/243/227 1601/392/368
f 998/1529/1351 991/258/242 993/1558/1380 999/1559/1381
f 999/1559/1381 993/1558/1380 992/580/547 997/581/548
f 991/258/242 994/257/241 996/1560/1382 993/1558/1380
f 993/1558/1380 996/1560/1382 995/1092/990 992/580/547
f 989/396/371 995/1092/990 996/1560/1382 990/1561/1383
f 990/1561/1383 996/1560/1382 994/257/241 988/113/113
f 1004/1271/1165 1000/397/372 1002/1562/1384 1005/1563/1385
f 1005/1563/1385 1002/1562/1384 1001/112/112 1003/273/257
f 1000/397/372 989/396/371 990/1561/1383 1002/1562/1384
f 1002/1562/1384 990/1561/1383 988/113/113 1001/112/112
f 1006/1564/1386 1008/1565/1387 1009/194/180 1007/193/179
f 1602/1566/1388 1605/1567/1389 958/1547/1369 959/1546/1368
f 1010/1568/1390 1012/1569/1391 1013/382/358 1011/381/357
f 1606/1570/1392 1609/1571/1393 960/1532/1354 961/1531/1353
f 1014/1572/1394 1016/1573/1395 1017/404/379 1015/403/378
f 1610/1574/1396 1613/1575/1397 962/380/356 963/379/355
f 1018/1576/1398 1020/1577/1399 1021/390/366 1019/1482/1320
f 1614/1578/1400 1617/1579/1401 964/359/336 965/358/335
f 1023/218/204 1025/1537/1359 1027/1580/1402 1024/1581/1403
f 1024/1581/1403 1027/1580/1402 1026/659/603 1022/1544/1366
f 1029/1540/1362 1031/1539/1361 1033/1582/1404 1030/1583/1405
f 1030/1583/1405 1033/1582/1404 1032/1077/979 1028/660/604
f 1035/1542/1364 1037/1530/1352 1039/1584/1406 1036/1585/1407
f 1036/1585/1407 1039/1584/1406 1038/1096/992 1034/1516/1338
f 1041/368/345 1043/219/205 1045/1586/1408 1042/1587/1409
f 1042/1587/1409 1045/1586/1408 1044/1545/1367 1040/1517/1339
f 1008/1565/1387 1018/1576/1398 1019/1482/1320 1009/194/180
f 958/1547/1369 1605/1567/1389 1614/1578/1400 965/358/335 224/357/334
f 1022/1544/1366 1044/1545/1367 1045/1586/1408 1024/1581/1403
f 1024/1581/1403 1045/1586/1408 1043/219/205 1023/218/204
f 1012/1569/1391 1006/1564/1386 1007/193/179 1013/382/358
f 1602/1566/1388 959/1546/1368 101/136/136 187/139/139 960/1532/1354 1609/1571/1393
f 1028/660/604 1026/659/603 1027/1580/1402 1030/1583/1405
f 1030/1583/1405 1027/1580/1402 1025/1537/1359 1029/1540/1362
f 198/226/212 962/380/356 1613/1575/1397 1606/1570/1392 961/1531/1353
f 1011/381/357 1017/404/379 1016/1573/1395 1010/1568/1390
f 1034/1516/1338 1032/1077/979 1033/1582/1404 1036/1585/1407
f 1036/1585/1407 1033/1582/1404 1031/1539/1361 1035/1542/1364
f 1610/1574/1396 963/379/355 173/378/354 172/64/64 1595/301/283
f 1015/403/378 983/1526/1348 982/1552/1374 1014/1572/1394
f 997/581/548 1038/1096/992 1039/1584/1406 999/1559/1381
f 999/1559/1381 1039/1584/1406 1037/1530/1352 998/1529/1351
f 1020/1577/1399 986/1555/1377 987/391/367 1021/390/366
f 964/359/336 1617/1579/1401 1600/248/232 229/250/234 228/279/263
f 1040/1517/1339 1004/1271/1165 1005/1563/1385 1042/1587/1409
f 1042/1587/1409 1005/1563/1385 1003/273/257 1041/368/345
f 1107/1557/1379 974/241/225 979/389/365 1119/388/364
f 1053/1588/14 1046/1589/13 1048/1590/1410 1054/1591/1411
f 1054/1591/1411 1048/1590/1410 1047/90/90 1052/289/273
f 1050/1592/25 1053/1588/14 1054/1591/1411 1051/1593/1412
f 1051/1593/1412 1054/1591/1411 1052/289/273 1049/78/78
f 1059/1594/34 1061/1595/33 1063/1596/1413 1060/1597/1414
f 1060/1597/1414 1063/1596/1413 1062/84/84 1058/86/86
f 1061/1595/33 1055/1598/38 1057/1599/1415 1063/1596/1413
f 1063/1596/1413 1057/1599/1415 1056/85/85 1062/84/84
f 1077/1600/42 1079/1601/41 1081/1602/1416 1078/1603/1417
f 1078/1603/1417 1081/1602/1416 1080/106/106 1076/57/57
f 1079/1601/41 1073/1604/46 1075/1605/1418 1081/1602/1416
f 1081/1602/1416 1075/1605/1418 1074/107/107 1080/106/106
f 1068/1606/50 1070/1607/49 1072/1608/1419 1069/1609/1420
f 1069/1609/1420 1072/1608/1419 1071/96/96 1067/95/95
f 1070/1607/49 1064/1610/54 1066/1611/1421 1072/1608/1419
f 1072/1608/1419 1066/1611/1421 1065/103/103 1071/96/96
f 1116/108/108 1056/85/85 1057/1599/1415 1117/1612/1422
f 1117/1612/1422 1057/1599/1415 1055/1598/38 1115/1613/37
f 1089/149/149 1085/148/148 1087/1614/1423 1090/1615/1424
f 1090/1615/1424 1087/1614/1423 1086/1616/45 1088/1617/155
f 1083/115/115 1089/228/149 1090/1618/1424 1084/1619/1425
f 1084/1619/1425 1090/1618/1424 1088/1620/155 1082/1621/101
f 1092/1622/82 1097/1623/152 1099/1624/1426 1093/1625/1427
f 1093/1626/1427 1099/1627/1426 1098/145/145 1091/87/87
f 1097/1628/152 1094/1629/97 1096/1630/1428 1099/1631/1426
f 1099/1631/1426 1096/1630/1428 1095/172/162 1098/171/145
f 1085/148/148 1074/107/107 1075/1605/1418 1087/1614/1423
f 1087/1614/1423 1075/1605/1418 1073/1604/46 1086/1616/45
f 1058/86/86 1083/115/115 1084/1619/1425 1060/1597/1414
f 1060/1597/1414 1084/1619/1425 1082/1621/101 1059/1594/34
f 1046/1589/13 1092/1632/82 1093/1626/1427 1048/1590/1410
f 1048/1590/1410 1093/1626/1427 1091/87/87 1047/90/90
f 1094/1629/97 1068/1606/50 1069/1609/1420 1096/1630/1428
f 1096/1630/1428 1069/1609/1420 1067/95/95 1095/172/162
f 1076/57/57 1100/60/60 1102/1633/1429 1078/1603/1417
f 1078/1603/1417 1102/1633/1429 1101/1634/99 1077/1600/42
f 1100/60/60 1103/154/154 1105/1635/1430 1102/1633/1429
f 1102/1633/1429 1105/1635/1430 1104/1636/214 1101/1634/99
f 1113/293/276 1116/108/108 1117/1612/1422 1114/1637/1431
f 1114/1637/1431 1117/1612/1422 1115/1613/37 1112/1638/275
f 1119/388/364 1121/387/363 1123/1639/1432 1120/1640/1433
f 1120/1640/1433 1123/1639/1432 1122/1641/53 1118/1642/373
f 1125/81/81 1127/259/243 1129/1643/1434 1126/1644/1435
f 1126/1644/1435 1129/1643/1434 1128/1645/228 1124/1646/104
f 1121/387/363 1065/103/103 1066/1611/1421 1123/1639/1432
f 1123/1639/1432 1066/1611/1421 1064/1610/54 1122/1641/53
f 1118/1642/373 1106/1647/218 1108/1648/1436 1120/1640/1433
f 1120/1640/1433 1108/1648/1436 1107/1557/1379 1119/388/364
f 1124/1646/104 1050/1592/25 1051/1593/1412 1126/1644/1435
f 1126/1644/1435 1051/1593/1412 1049/78/78 1125/81/81
f 1127/259/243 1109/262/246 1111/1649/1437 1129/1643/1434
f 1129/1643/1434 1111/1649/1437 1110/1650/229 1128/1645/228
f 1131/238/222 1133/1534/1356 1135/1651/1438 1132/1652/1439
f 1132/1652/1439 1135/1651/1438 1134/1653/217 1130/1654/215
f 1137/298/280 1139/305/286 1141/1655/1440 1138/1656/1441
f 1138/1656/1441 1141/1655/1440 1140/1657/278 1136/1658/271
f 1130/1654/215 1104/1636/214 1105/1635/1430 1132/1652/1439
f 1132/1652/1439 1105/1635/1430 1103/154/154 1131/238/222
f 1133/1534/1356 1107/1557/1379 1108/1648/1436 1135/1651/1438
f 1135/1651/1438 1108/1648/1436 1106/1647/218 1134/1653/217
f 1136/1658/271 1110/1650/229 1111/1649/1437 1138/1656/1441
f 1138/1656/1441 1111/1649/1437 1109/262/246 1137/298/280
f 1139/305/286 1113/293/276 1114/1637/1431 1141/1655/1440
f 1141/1655/1440 1114/1637/1431 1112/1638/275 1140/1657/278
f 1047/90/90 13/89/89 14/290/274 1052/289/273
f 1144/1659/1442 1157/1660/1443 1186/1661/1444 1171/1662/1445
f 1158/1663/1446 1143/1664/1447 1151/1665/1448 1164/1666/1449
f 1165/1667/1450 1150/1668/1451 1179/1669/1452 1192/1670/1453
f 1172/1671/1454 1185/1672/1455 1193/1673/1456 1178/1674/1457
f 1156/1675/1458 1163/1676/1459 1191/1677/1460 1184/1678/1461
f 1142/1679/1462 1145/1680/1463 1146/1681/1464 1148/1682/1465
f 1143/1664/1447 1147/1683/1466 1146/1681/1464 1145/1680/1463
f 1144/1684/1442 1148/1682/1465 1146/1681/1464 1147/1683/1466
f 1149/1685/1467 1152/1686/1468 1153/1687/1469 1155/1688/1470
f 1150/1689/1451 1154/1690/1471 1153/1687/1469 1152/1686/1468
f 1151/1665/1448 1155/1688/1470 1153/1687/1469 1154/1690/1471
f 1156/1691/1458 1159/1692/1472 1160/1693/1473 1162/1694/1474
f 1157/1695/1443 1161/1696/1475 1160/1693/1473 1159/1692/1472
f 1158/1663/1446 1162/1694/1474 1160/1693/1473 1161/1696/1475
f 1163/1697/1459 1166/1698/1476 1167/1699/1477 1169/1700/1478
f 1164/1666/1449 1168/1701/1479 1167/1699/1477 1166/1698/1476
f 1165/1702/1450 1169/1700/1478 1167/1699/1477 1168/1701/1479
f 1170/1703/1480 1173/1704/1481 1174/1705/1482 1176/1706/1483
f 1171/1662/1445 1175/1707/1484 1174/1705/1482 1173/1704/1481
f 1172/1671/1454 1176/1706/1483 1174/1705/1482 1175/1707/1484
f 1177/1708/1485 1180/1709/1486 1181/1710/1487 1183/1711/1488
f 1178/1674/1457 1182/1712/1489 1181/1710/1487 1180/1709/1486
f 1179/1669/1452 1183/1711/1488 1181/1710/1487 1182/1712/1489
f 1184/1678/1461 1187/1713/1490 1188/1714/1491 1190/1715/1492
f 1185/1672/1455 1189/1716/1493 1188/1714/1491 1187/1713/1490
f 1186/1661/1444 1190/1715/1492 1188/1714/1491 1189/1716/1493
f 1191/1677/1460 1194/1717/1494 1195/1718/1495 1197/1719/1496
f 1192/1670/1453 1196/1720/1497 1195/1718/1495 1194/1717/1494
f 1193/1673/1456 1197/1719/1496 1195/1718/1495 1196/1720/1497
f 1142/1721/1462 1149/1722/1467 1155/1723/1470 1145/1724/1463
f 1145/1680/1463 1155/1688/1470 1151/1665/1448 1143/1664/1447
f 1163/1697/1459 1156/1691/1458 1162/1694/1474 1166/1698/1476
f 1166/1698/1476 1162/1694/1474 1158/1663/1446 1164/1666/1449
f 1157/1695/1443 1144/1684/1442 1147/1683/1466 1161/1696/1475
f 1161/1696/1475 1147/1683/1466 1143/1664/1447 1158/1663/1446
f 1164/1666/1449 1151/1665/1448 1154/1690/1471 1168/1701/1479
f 1168/1701/1479 1154/1690/1471 1150/1689/1451 1165/1702/1450
f 1172/1671/1454 1178/1674/1457 1180/1709/1486 1176/1706/1483
f 1176/1706/1483 1180/1709/1486 1177/1708/1485 1170/1703/1480
f 1193/1673/1456 1185/1672/1455 1187/1713/1490 1197/1719/1496
f 1197/1719/1496 1187/1713/1490 1184/1678/1461 1191/1677/1460
f 1185/1672/1455 1172/1671/1454 1175/1707/1484 1189/1716/1493
f 1189/1716/1493 1175/1707/1484 1171/1662/1445 1186/1661/1444
f 1192/1670/1453 1179/1669/1452 1182/1712/1489 1196/1720/1497
f 1196/1720/1497 1182/1712/1489 1178/1674/1457 1193/1673/1456
f 1186/1661/1444 1157/1660/1443 1159/1725/1472 1190/1715/1492
f 1190/1715/1492 1159/1725/1472 1156/1675/1458 1184/1678/1461
f 1170/1703/1480 1142/1726/1462 1148/1727/1465 1173/1704/1481
f 1173/1704/1481 1148/1727/1465 1144/1659/1442 1171/1662/1445
f 1179/1669/1452 1150/1668/1451 1152/1728/1468 1183/1711/1488
f 1183/1711/1488 1152/1728/1468 1149/1729/1467 1177/1708/1485
f 1191/1677/1460 1163/1676/1459 1169/1730/1478 1194/1717/1494
f 1194/1717/1494 1169/1730/1478 1165/1667/1450 1192/1670/1453
f 1142/1726/1462 1170/1703/1480 1177/1708/1485 1149/1729/1467
f 616/1731/1118 1238/1732/1498 1208/1733/1499 935/1734/1119
f 896/1735/1124 1225/1736/1500 1218/1737/1501 898/1738/1125
f 4550/1234/1128 4552/1739/1502 4636/1740/1503 4595/1741/1504
f 614/1742/1130 1253/1743/1505 1209/1744/1506 931/1745/1131
f 620/1746/1135 1198/1747/1507 1224/1748/1508 930/1749/1136
f 621/1750/1144 1204/1751/1509 1207/1752/1510 934/1753/1343 4726/1754/1511 4571/1755/1145
f 615/1756/1149 1252/1757/1512 1205/1758/1513 933/1759/1150
f 1242/1760/1514 1224/1748/1508 1198/1747/1507 1241/1761/1515
f 4739/1762/1164 898/1738/1125 1218/1737/1501 4743/1763/1516
f 4740/1764/1199 897/1765/1198 1220/1766/1517 4744/1767/1518
f 932/1768/1203 4535/1769/1202 4538/1770/1519 1223/1771/1520
f 896/1735/1124 930/1749/1136 1224/1748/1508 1225/1736/1500
f 619/1772/1207 1229/1773/1521 1220/1766/1517 897/1765/1198
f 895/1774/1209 1221/1775/1522 1222/1776/1523 894/1777/1210
f 4560/1778/1524 4562/1508/1330 4645/1779/1525 4638/1780/1526
f 4745/1781/1527 4744/1767/1518 1220/1766/1517 1229/1773/1521
f 4540/1313/1201 4536/1782/1528 4676/1783/1529 4681/1784/1530
f 1233/1785/1531 1222/1776/1523 1221/1775/1522 1232/1786/1532
f 4578/1787/1533 4580/1788/1534 4653/1789/1535 4625/1790/1536
f 1249/1791/1537 1225/1736/1500 1224/1748/1508 1242/1760/1514
f 4566/1792/1538 4569/1793/1539 4698/1794/1540 4696/1795/1541
f 1241/1761/1515 1198/1747/1507 1209/1744/1506 1244/1796/1542
f 1255/1797/1543 1253/1743/1505 1208/1733/1499 1238/1732/1498
f 4551/1324/1212 1215/1323/1211 4592/1798/1544 4635/1799/1545
f 932/1768/1203 1223/1771/1520 1204/1751/1509 4555/1800/1546 4563/1801/1329 4714/1802/1328
f 931/1745/1131 1209/1744/1506 1198/1747/1507 620/1746/1135
f 4561/1803/1547 4560/1778/1524 4638/1780/1526 4642/1804/1548
f 1252/1757/1512 1254/1805/1549 1227/1806/1550 1205/1758/1513
f 1204/1751/1509 1230/1807/1551 1237/1808/1552 1207/1752/1510
f 4580/1788/1534 4579/1809/1553 4652/1810/1554 4653/1789/1535
f 1222/1776/1523 1233/1785/1531 1235/1811/1555 1223/1771/1520 4538/1770/1519 4543/1812/1556
f 1234/1813/1557 4534/1814/1558 4627/1815/1559 4612/1816/1560
f 1249/1791/1537 1233/1785/1531 1232/1786/1532 1248/1817/1561
f 4554/1818/1562 4553/1819/1563 4687/1820/1564 4688/1821/1565
f 4746/1822/1566 4745/1781/1527 1229/1773/1521 1246/1823/1567
f 1243/1824/1568 1203/1238/1132 4599/1825/1569 4605/1826/1570
f 617/1827/1335 1246/1823/1567 1229/1773/1521 619/1772/1207
f 1223/1771/1520 1235/1811/1555 1230/1807/1551 1204/1751/1509
f 4579/1809/1553 4575/1828/1571 4624/1829/1572 4652/1810/1554
f 933/1759/1150 1205/1758/1513 1227/1806/1550 618/1830/1336
f 899/1831/1341 1219/1832/1573 1246/1823/1567 617/1827/1335
f 4534/1814/1558 4533/1244/1138 4626/1833/1574 4627/1815/1559
f 4743/1763/1516 4746/1822/1566 1246/1823/1567 1219/1832/1573
f 4569/1793/1539 4565/1834/1575 4695/1835/1576 4698/1794/1540
f 1225/1736/1500 1249/1791/1537 1248/1817/1561 1218/1737/1501
f 4564/1246/1140 4561/1803/1547 4642/1804/1548 4640/1836/1577
f 1254/1805/1549 1255/1797/1543 1238/1732/1498 1227/1806/1550
f 1230/1807/1551 1241/1761/1515 1244/1796/1542 1237/1808/1552
f 4575/1828/1571 4577/1522/1344 4651/1837/1578 4624/1829/1572
f 1233/1785/1531 1249/1791/1537 1242/1760/1514 1235/1811/1555
f 1210/1518/1340 1239/1512/1334 4597/1838/1579 4587/1839/1580
f 1235/1811/1555 1242/1760/1514 1241/1761/1515 1230/1807/1551
f 4576/1239/1133 4578/1787/1533 4625/1790/1536 4623/1840/1581
f 618/1830/1336 1227/1806/1550 1238/1732/1498 616/1731/1118
f 4533/1244/1138 1217/1243/1137 4594/1841/1582 4626/1833/1574
f 1237/1808/1552 1244/1796/1542 1255/1797/1543 1254/1805/1549
f 4541/1842/1583 4544/1316/1204 4630/1843/1584 4629/1844/1585
f 1207/1752/1510 1237/1808/1552 1254/1805/1549 1252/1757/1512
f 1244/1796/1542 1209/1744/1506 1253/1743/1505 1255/1797/1543
f 934/1753/1343 1207/1752/1510 1252/1757/1512 615/1756/1149
f 935/1734/1119 1208/1733/1499 1253/1743/1505 614/1742/1130
f 1216/1229/1123 4550/1234/1128 4595/1741/1504 4596/1845/1586
f 1258/185/171 1257/134/134 85/133/133 86/343/322
f 41/12/12 1257/134/134 71/9/9
f 1256/141/141 1258/184/171 86/341/322 87/142/142
f 1256/141/141 46/17/17 70/20/20
f 1271/1846/1587 1279/1847/1588 1334/1848/1589 1326/1849/1590
f 1312/188/174 48/1/1 67/4/4
f 1260/648/593 1261/608/574 356/607/573 355/1455/1309
f 309/421/396 1261/608/574 339/422/397
f 1259/344/323 1260/649/593 355/1456/1309 354/600/566
f 121/351/330 77/189/175 1268/190/176 1276/1850/1591
f 311/407/382 1264/652/596 336/408/383
f 2397/643/590 336/408/383 1264/652/596 2399/1851/1592
f 145/376/352 121/351/330 1276/1850/1591 1284/1498/1322
f 1262/6/6 1308/186/172 37/27/27 78/7/7
f 1343/1852/1593 1321/1853/1594 1267/1854/1595 1291/1855/1596
f 1288/402/377 347/401/376 300/467/442 1272/653/597
f 2403/1856/1597 1370/1857/1598 1317/1858/1599 2398/1859/1600
f 1264/652/596 1267/1854/1595 1266/1860/1601 1265/1861/1602
f 2119/1862/1603 1344/1863/1604 1348/1864/1605 2120/1865/1606
f 1654/1866/1607 1661/1867/1608 1366/1868/1609 1364/1869/1610
f 1330/1870/1611 1342/1871/1612 1289/1872/1613 1274/1873/1614
f 1272/653/597 1275/362/339 1273/1874/1615 1274/1873/1614
f 1281/1875/1616 1283/1876/1617 1337/356/311 1335/355/333
f 1278/143/143 1281/1875/1616 1280/1877/1618 1279/1847/1588
f 2125/1878/1619 1351/1879/1620 1353/1880/1621 2123/1881/1622
f 1649/1882/1623 1646/328/309 1339/331/312 1340/371/347
f 1342/1871/1612 1346/1883/1624 1293/1884/1625 1289/1872/1613
f 1284/1498/1322 1287/373/349 1285/372/348 1286/1885/1626
f 1352/1886/1627 1298/1887/1628 1297/1888/1629 1354/1889/1630
f 1352/1886/1627 1355/1890/1631 1301/1891/1632 1298/1887/1628
f 1296/654/598 1299/1892/1633 1297/1888/1629 1298/1887/1628
f 1360/1893/1634 1304/1894/1635 1303/1895/1636 1362/1896/1637
f 2389/1897/1638 1363/1898/1639 1307/1899/1640 2385/1900/1641
f 1302/1445/1299 1305/1901/1642 1303/1895/1636 1304/1894/1635
f 1365/1902/1643 1310/1903/1644 1309/1904/1645 1366/1868/1609
f 1367/210/196 1313/1905/1646 1314/1906/1647 1369/348/327
f 1308/186/172 1311/1907/1648 1309/1904/1645 1310/1903/1644
f 1368/610/576 1369/348/327 1314/1906/1647 1315/1908/1649
f 1312/188/174 1315/1908/1649 1314/1906/1647 1313/1905/1646
f 1308/186/172 1262/6/6 1263/1909/1650 1311/1907/1648
f 2116/1910/1651 1341/1911/1652 1329/1912/1653 2117/1913/1654
f 1276/1850/1591 1268/190/176 1269/1914/1655 1277/1915/1656
f 1631/1916/1657 1624/1917/1658 1326/1849/1590 1334/1848/1589
f 1327/361/338 1332/1918/1659 1273/1874/1615 1275/362/339
f 2383/363/340 1275/362/339 1272/653/597 2384/414/389
f 2393/1919/1660 2390/1920/1661 1657/1921/1662 2130/1922/1663
f 2398/1859/1600 1317/1858/1599 1316/1923/388 2399/1851/1592
f 1262/6/6 1270/5/5 1271/1846/1587 1263/1909/1650
f 1311/1907/1648 1263/1909/1650 1318/1924/1664 1364/1869/1610
f 1270/5/5 1278/143/143 1279/1847/1588 1271/1846/1587
f 1628/1925/1665 1642/1926/1666 1338/370/346 1333/1927/1667
f 1321/1853/1594 1323/1928/1668 1266/1860/1601 1267/1854/1595
f 1291/1855/1596 1267/1854/1595 1264/652/596 1290/651/595
f 1284/1498/1322 1276/1850/1591 1277/1915/1656 1287/373/349
f 1636/1929/1669 1631/1916/1657 1334/1848/1589 1336/1930/1670
f 1282/1499/1310 1284/1498/1322 1286/1885/1626 1283/1931/1617
f 1642/1926/1666 1649/1882/1623 1340/371/347 1338/370/346
f 1278/143/143 1282/1458/1310 1283/1876/1617 1281/1875/1616
f 1335/355/333 1336/1930/1670 1280/1877/1618 1281/1875/1616
f 1287/373/349 1277/1915/1656 1333/1927/1667 1338/370/346
f 1274/1873/1614 1289/1872/1613 1288/402/377 1272/653/597
f 1346/1883/1624 1349/1932/1671 1299/1892/1633 1293/1884/1625
f 1295/1933/1672 1291/1855/1596 1290/651/595 1294/673/617
f 1347/1934/1673 1343/1852/1593 1291/1855/1596 1295/1933/1672
f 1289/1872/1613 1293/1884/1625 1292/399/374 1288/402/377
f 2392/1935/1674 1652/1936/1675 1363/1898/1639 2389/1897/1638
f 1339/331/312 1286/1885/1626 1285/372/348 1340/371/347
f 1360/1893/1634 1347/1934/1673 1295/1933/1672 1304/1894/1635
f 1293/1884/1625 1299/1892/1633 1296/654/598 1292/399/374
f 1283/1931/1617 1286/1885/1626 1339/331/312 1337/330/311
f 1334/1848/1589 1279/1847/1588 1280/1877/1618 1336/1930/1670
f 1349/1932/1671 1354/1889/1630 1297/1888/1629 1299/1892/1633
f 1304/1894/1635 1295/1933/1672 1294/673/617 1302/1445/1299
f 1357/1937/1676 1362/1896/1637 1303/1895/1636 1305/1901/1642
f 1301/1938/1632 1305/1901/1642 1302/1445/1299 1300/1444/1298
f 1355/1939/1631 1357/1937/1676 1305/1901/1642 1301/1938/1632
f 1298/1887/1628 1301/1891/1632 1300/1462/1298 1296/654/598
f 1268/190/176 1312/188/174 1313/1905/1646 1269/1914/1655
f 1277/1915/1656 1269/1914/1655 1325/209/195 1333/1927/1667
f 2404/1940/1677 1368/610/576 1315/1908/1649 2400/1941/1678
f 2385/1900/1641 1307/1899/1640 1306/1524/1346 2386/1523/1345
f 1364/1869/1610 1366/1868/1609 1309/1904/1645 1311/1907/1648
f 2400/1941/1678 1315/1908/1649 1312/188/174 2401/187/173
f 1269/1914/1655 1313/1905/1646 1367/210/196 1325/209/195
f 1320/1942/1679 1265/1861/1602 1266/1860/1601 1323/1928/1668
f 1661/1867/1608 1658/1943/1680 1365/1902/1643 1366/1868/1609
f 1330/1870/1611 1274/1873/1614 1273/1874/1615 1332/1918/1659
f 1801/1944/1681 1808/1945/1682 1673/1946/1683 1726/1947/1684
f 2364/1948/1685 1823/1949/1686 1376/1950/1687 2355/1951/1688
f 1828/1952/1689 1810/1953/1690 1717/1954/1691 1708/1955/1692
f 1837/1956/1693 1834/1957/1694 1678/1958/1695 1684/1959/1696
f 1754/1960/1697 1750/1961/1698 1727/1962/1699 1729/1963/1700
f 2362/1964/1701 1780/1965/1702 1702/1966/1703 2358/1967/1704
f 1709/1968/1705 1718/1969/1706 1715/1970/1707 1711/1971/1708
f 1763/1972/1709 1765/1973/1710 1750/1961/1698 1754/1960/1697
f 1720/1974/1711 1724/1975/1712 1747/1976/1713 1745/1977/1714
f 1774/1978/1715 1777/1979/1716 1769/1980/1717 1771/1981/1718
f 1784/1982/1719 1789/1983/1720 1768/1984/1721 1778/1985/1722
f 1799/1986/1723 1796/1987/1724 1751/1988/1725 1766/1989/1726
f 1868/1990/1727 1850/1991/1728 1849/1992/1729 1867/1993/1730
f 1738/1994/1731 1741/1995/1732 1685/1996/1733 1687/1997/1734
f 1838/1998/1735 1837/1956/1693 1684/1959/1696 1742/1999/1736
f 1848/2000/1737 1846/2001/1738 1744/2002/1739 1775/2003/1740
f 2374/2004/1741 1832/2005/1742 1697/2006/1743 2370/2007/1744
f 1846/2001/1738 1845/2008/1745 1721/2009/1746 1744/2002/1739
f 1694/2010/1747 1691/2011/1748 1700/2012/1749 1696/2013/1750
f 1832/2005/1742 1825/2014/1751 1693/2015/1752 1697/2006/1743
f 1676/2016/1753 1672/2017/1754 1681/2018/1755 1679/2019/1756
f 1841/2020/1757 1839/2021/1758 1690/2022/1759 1712/2023/1760
f 1733/2024/1761 1735/2025/1762 1741/2026/1732 1738/2027/1731
f 1729/1963/1700 1727/1962/1699 1672/2017/1754 1676/2016/1753
f 1679/2019/1756 1681/2018/1755 1687/1997/1734 1685/1996/1733
f 1324/2028/1763 1319/2029/1764 1320/1942/1679 1323/1928/1668
f 1322/2030/1765 1324/2028/1763 1323/1928/1668 1321/1853/1594
f 1328/2031/1766 1331/2032/1767 1332/1918/1659 1327/361/338
f 1331/2032/1767 1329/1912/1653 1330/1870/1611 1332/1918/1659
f 2123/1881/1622 1353/1880/1621 1350/2033/1768 2121/2034/1769
f 2124/2035/1770 1356/2036/1771 1351/1879/1620 2125/1878/1619
f 2122/2037/1772 1359/2038/1773 1361/2039/1774 2127/2040/1775
f 2127/2040/1775 1361/2039/1774 1358/2041/1776 2126/2042/1777
f 1350/2033/1768 1353/1880/1621 1354/1889/1630 1349/1932/1671
f 1353/1880/1621 1351/1879/1620 1352/1886/1627 1354/1889/1630
f 1358/2041/1776 1361/2039/1774 1362/1896/1637 1357/1937/1676
f 1361/2039/1774 1359/2038/1773 1360/1893/1634 1362/1896/1637
f 2131/2043/1778 1660/2044/1779 1655/2045/1780 2117/2046/1654
f 2130/1922/1663 1657/1921/1662 1660/2044/1779 2131/2043/1778
f 2118/2047/1781 1663/2048/1782 1670/2049/1783 2132/2050/1784
f 2132/2050/1784 1670/2049/1783 1667/2051/1785 2128/2052/1786
f 2115/2053/1787 1345/2054/1788 1341/1911/1652 2116/1910/1651
f 2118/2047/1781 2119/2055/1603 1622/2056/1789 1663/2048/1782
f 2387/2057/1790 1328/2031/1766 1327/361/338 2388/360/337
f 2402/2058/1791 1371/2059/1792 1370/1857/1598 2403/1856/1597
f 1618/2060/1793 1654/1866/1607 1364/1869/1610 1318/1924/1664
f 2121/2034/1769 1350/2033/1768 1345/2054/1788 2115/2053/1787
f 1344/1863/1604 1322/2030/1765 1321/1853/1594 1343/1852/1593
f 2120/1865/1606 1348/1864/1605 1359/2038/1773 2122/2037/1772
f 2126/2042/1777 1358/2041/1776 1356/2061/1771 2124/2062/1770
f 1633/354/332 1636/1929/1669 1336/1930/1670 1335/355/333
f 1329/1912/1653 1341/1911/1652 1342/1871/1612 1330/1870/1611
f 1348/1864/1605 1344/1863/1604 1343/1852/1593 1347/1934/1673
f 1341/1911/1652 1345/2054/1788 1346/1883/1624 1342/1871/1612
f 1345/2054/1788 1350/2033/1768 1349/1932/1671 1346/1883/1624
f 1359/2038/1773 1348/1864/1605 1347/1934/1673 1360/1893/1634
f 1356/2061/1771 1358/2041/1776 1357/1937/1676 1355/1939/1631
f 1351/1879/1620 1356/2036/1771 1355/1890/1631 1352/1886/1627
f 1621/208/194 1628/1925/1665 1333/1927/1667 1325/209/195
f 2407/2063/1794 1666/609/575 1368/610/576 2404/1940/1677
f 2408/2064/1795 2405/2065/1796 1651/2066/1797 2129/2067/1798
f 1839/2021/1758 1840/2068/1799 1699/2069/1800 1690/2022/1759
f 1796/1987/1724 1801/1944/1681 1726/1947/1684 1751/1988/1725
f 1715/1970/1707 1718/1969/1706 1724/1975/1712 1720/1974/1711
f 1817/2070/1801 1822/2071/1802 1732/2072/1803 1739/2073/1804
f 1794/2074/1805 1791/2075/1806 1790/2076/1807 1793/2077/1808
f 2356/2078/1809 2359/2079/1810 1735/2025/1762 1733/2024/1761
f 1759/2080/1811 1757/2081/1812 1765/1973/1710 1763/1972/1709
f 1850/1991/1728 1851/2082/1813 1772/2083/1814 1760/2084/1815
f 2368/2085/1816 2371/2086/1817 1705/2087/1818 1703/2088/1819
f 1745/1977/1714 1747/1976/1713 1777/1979/1716 1774/1978/1715
f 1845/2008/1745 1844/2089/1820 1714/2090/1821 1721/2009/1746
f 1835/2091/1822 1836/2092/1823 1730/2093/1824 1675/2094/1825
f 1814/2095/1826 1820/2096/1827 1688/2097/1828 1682/2098/1829
f 1847/2099/1830 1849/1992/1729 1762/2100/1831 1753/2101/1832
f 1843/2102/1833 1838/2103/1735 1742/2104/1736 1736/2105/1834
f 1836/2092/1823 1847/2099/1830 1753/2101/1832 1730/2093/1824
f 1825/2014/1751 1828/1952/1689 1708/1955/1692 1693/2015/1752
f 1844/2089/1820 1841/2020/1757 1712/2023/1760 1714/2090/1821
f 2365/2106/1835 1843/2102/1833 1736/2105/1834 2361/2107/1836
f 1789/1983/1720 1792/2108/1837 1756/2109/1838 1768/1984/1721
f 1787/2110/1839 1784/1982/1719 1778/1985/1722 1748/2111/1840
f 1834/1957/1694 1835/2091/1822 1675/2094/1825 1678/1958/1695
f 1810/1953/1690 1804/2112/1841 1723/2113/1842 1717/1954/1691
f 2377/2114/1843 1842/2115/1844 1706/2116/1845 2373/2117/1846
f 1808/1945/1682 1814/2095/1826 1682/2098/1829 1673/1946/1683
f 1804/2112/1841 1787/2110/1839 1748/2111/1840 1723/2113/1842
f 1792/2108/1837 1799/1986/1723 1766/1989/1726 1756/2109/1838
f 1851/2082/1813 1848/2000/1737 1775/2003/1740 1772/2083/1814
f 1820/2096/1827 1817/2118/1801 1739/2119/1804 1688/2097/1828
f 1709/1968/1705 1711/1971/1708 1691/2011/1748 1694/2010/1747
f 1829/2120/1847 1826/2121/1848 1372/2122/1849 1374/2123/1850
f 1386/2124/1851 1381/2125/1852 1786/2126/1853 1805/2127/1854
f 1849/1992/1729 1850/1991/1728 1760/2084/1815 1762/2100/1831
f 1771/1981/1718 1769/1980/1717 1757/2081/1812 1759/2080/1811
f 1388/2128/1855 1386/2124/1851 1805/2127/1854 1811/2129/1856
f 1381/2125/1852 1379/2130/1857 1783/2131/1858 1786/2126/1853
f 1387/2132/1859 1389/2133/1860 1813/2134/1861 1807/2135/1862
f 1829/2120/1847 1374/2123/1850 1388/2128/1855 1811/2129/1856
f 1379/2130/1857 1380/2136/1863 1790/2076/1807 1783/2131/1858
f 1384/2137/1864 1383/2138/1865 1795/2139/1866 1798/2140/1867
f 2376/2141/1868 1781/2142/1869 1378/2143/1870 2367/2144/1871
f 1389/2133/1860 1377/2145/1872 1819/2146/1873 1813/2134/1861
f 1826/2121/1848 1831/2147/1874 1373/2148/1875 1372/2122/1849
f 1385/2149/1876 1387/2132/1859 1807/2135/1862 1802/2150/1877
f 1816/2151/1878 1819/2146/1873 1377/2145/1872 1375/2152/1879
f 1383/2138/1865 1385/2149/1876 1802/2150/1877 1795/2139/1866
f 1823/1949/1686 1816/2153/1878 1375/2154/1879 1376/1950/1687
f 1263/1909/1650 1271/1846/1587 1326/1849/1590 1318/1924/1664
f 1480/2155/1880 1391/2156/1881 1440/2157/1882 1501/2158/1883
f 1402/2159/1884 1471/2160/1885 1492/2161/1886 1432/2162/1887
f 1583/2163/1888 1448/2164/1889 1528/2165/1890 1587/2166/1891
f 1551/2167/1892 1550/2168/1893 1428/2169/1894 1488/2170/1895
f 1459/2171/1896 1410/2172/1897 1481/2173/1898 1500/2174/1899
f 1547/2175/1900 1466/2176/1901 1398/2177/1902 1542/2178/1903
f 1554/2179/1904 1408/2180/1905 1523/2181/1906 1562/2182/1907
f 1568/2183/1908 1400/2184/1909 1431/2185/1910 1572/2186/1911
f 1556/2187/1912 1416/2188/1913 1467/2189/1914 1545/2190/1915
f 1566/2191/1916 1571/2192/1917 1472/2193/1918 1401/2194/1919
f 1451/2195/1920 1420/2196/1921 1516/2197/1922 1529/2198/1923
f 1407/2199/1924 1458/2200/1925 1537/2201/1926 1521/2202/1927
f 1559/2203/1928 1445/2204/1929 1509/2205/1930 1563/2206/1931
f 1581/2207/1932 1446/2208/1933 1487/2209/1934 1577/2210/1935
f 1578/2211/1936 1417/2212/1937 1511/2213/1938 1586/2214/1939
f 1574/2215/1940 1433/2216/1941 1491/2217/1942 1575/2218/1943
f 1560/2219/1944 1522/2220/1945 1536/2221/1946 1565/2222/1947
f 1557/2223/1948 1460/2224/1949 1499/2225/1950 1553/2226/1951
f 1580/2227/1952 1422/2228/1953 1469/2229/1954 1569/2230/1955
f 1421/2231/1956 1450/2232/1957 1493/2233/1958 1470/2234/1959
f 1584/2235/1960 1512/2236/1961 1508/2237/1962 1589/2238/1963
f 1390/2239/1964 1393/2240/1965 1394/2241/1966 1396/2242/1967
f 1391/2243/1881 1395/2244/1968 1394/2241/1966 1393/2240/1965
f 1392/2245/1969 1396/2242/1967 1394/2241/1966 1395/2246/1968
f 1400/2184/1909 1403/2247/1970 1404/2248/1971 1406/2249/1972
f 1401/2250/1919 1405/2251/1973 1404/2248/1971 1403/2247/1970
f 1402/2252/1884 1406/2249/1972 1404/2248/1971 1405/2251/1973
f 1407/2199/1924 1411/2253/1974 1412/2254/1975 1415/2255/1976
f 1408/2180/1905 1413/2256/1977 1412/2257/1975 1411/2258/1974
f 1409/2259/1978 1414/2260/1979 1412/2257/1975 1413/2256/1977
f 1410/2172/1897 1415/2255/1976 1412/2254/1975 1414/2261/1979
f 1419/2262/1980 1423/2263/1981 1424/2264/1982 1427/2265/1983
f 1420/2196/1921 1425/2266/1984 1424/2264/1982 1423/2263/1981
f 1421/2231/1956 1426/2267/1985 1424/2264/1982 1425/2266/1984
f 1422/2228/1953 1427/2265/1983 1424/2264/1982 1426/2267/1985
f 1431/2185/1910 1434/2268/1986 1435/2269/1987 1437/2270/1988
f 1432/2271/1887 1436/2272/1989 1435/2269/1987 1434/2268/1986
f 1433/2273/1941 1437/2270/1988 1435/2269/1987 1436/2272/1989
f 1438/2274/1990 1441/2275/1991 1442/2276/1992 1444/2277/1993
f 1439/2278/1994 1443/2279/1995 1442/2276/1992 1441/2275/1991
f 1440/2280/1882 1444/2277/1993 1442/2276/1992 1443/2279/1995
f 1448/2164/1889 1452/2281/1996 1453/2282/1997 1456/2283/1998
f 1449/2284/1999 1454/2285/2000 1453/2282/1997 1452/2281/1996
f 1450/2232/1957 1455/2286/2001 1453/2282/1997 1454/2285/2000
f 1451/2195/1920 1456/2283/1998 1453/2282/1997 1455/2286/2001
f 1457/2287/2002 1461/2288/2003 1462/2289/2004 1465/2290/2005
f 1458/2200/1925 1463/2291/2006 1462/2289/2004 1461/2288/2003
f 1459/2171/1896 1464/2292/2007 1462/2289/2004 1463/2291/2006
f 1460/2224/1949 1465/2290/2005 1462/2289/2004 1464/2292/2007
f 1469/2229/1954 1473/2293/2008 1474/2294/2009 1477/2295/2010
f 1470/2234/1959 1475/2296/2011 1474/2294/2009 1473/2293/2008
f 1471/2160/1885 1476/2297/2012 1474/2294/2009 1475/2296/2011
f 1472/2193/1918 1477/2295/2010 1474/2294/2009 1476/2297/2012
f 1478/2298/2013 1482/2299/2014 1483/2300/2015 1486/2301/2016
f 1479/2302/2017 1484/2303/2018 1483/2300/2015 1482/2299/2014
f 1480/2155/1880 1485/2304/2019 1483/2305/2015 1484/2306/2018
f 1481/2173/1898 1486/2307/2016 1483/2305/2015 1485/2304/2019
f 1490/2308/2020 1494/2309/2021 1495/2310/2022 1498/2311/2023
f 1491/2217/1942 1496/2312/2024 1495/2310/2022 1494/2309/2021
f 1492/2161/1886 1497/2313/2025 1495/2310/2022 1496/2312/2024
f 1493/2233/1958 1498/2311/2023 1495/2310/2022 1497/2313/2025
f 1499/2225/1950 1503/2314/2026 1504/2315/2027 1507/2316/2028
f 1500/2174/1899 1505/2317/2029 1504/2315/2027 1503/2314/2026
f 1501/2158/1883 1506/2318/2030 1504/2315/2027 1505/2317/2029
f 1502/2319/2031 1507/2316/2028 1504/2315/2027 1506/2318/2030
f 1514/2320/2032 1517/2321/2033 1518/2322/2034 1520/2323/2035
f 1515/2324/2036 1519/2325/2037 1518/2322/2034 1517/2321/2033
f 1516/2326/1922 1520/2323/2035 1518/2322/2034 1519/2325/2037
f 1521/2327/1927 1524/2328/2038 1525/2329/2039 1527/2330/2040
f 1522/2220/1945 1526/2331/2041 1525/2329/2039 1524/2328/2038
f 1523/2332/1906 1527/2333/2040 1525/2329/2039 1526/2331/2041
f 1528/2334/1890 1531/2335/2042 1532/2336/2043 1534/2337/2044
f 1529/2338/1923 1533/2339/2045 1532/2336/2043 1531/2335/2042
f 1530/2340/2046 1534/2337/2044 1532/2336/2043 1533/2339/2045
f 1535/2341/2047 1538/2342/2048 1539/2343/2049 1541/2344/2050
f 1536/2221/1946 1540/2345/2051 1539/2343/2049 1538/2342/2048
f 1537/2346/1926 1541/2344/2050 1539/2343/2049 1540/2345/2051
f 1566/2347/1916 1401/2250/1919 1403/2247/1970 1567/2348/2052
f 1567/2348/2052 1403/2247/1970 1400/2184/1909 1568/2183/1908
f 1542/2349/1903 1398/2350/1902 1399/2351/2053 1543/2352/2054
f 1543/2352/2054 1399/2351/2053 1397/2353/2055 1544/2354/2056
f 1569/2230/1955 1469/2229/1954 1477/2295/2010 1570/2355/2057
f 1570/2355/2057 1477/2295/2010 1472/2193/1918 1571/2192/1917
f 1545/2190/1915 1467/2189/1914 1468/2356/2058 1546/2357/2059
f 1546/2357/2059 1468/2356/2058 1466/2176/1901 1547/2175/1900
f 1479/2302/2017 1392/2358/1969 1395/2359/1968 1484/2303/2018
f 1484/2306/2018 1395/2360/1968 1391/2156/1881 1480/2155/1880
f 1401/2194/1919 1472/2193/1918 1476/2297/2012 1405/2361/1973
f 1405/2361/1973 1476/2297/2012 1471/2160/1885 1402/2159/1884
f 1572/2186/1911 1431/2185/1910 1437/2270/1988 1573/2362/2060
f 1573/2362/2060 1437/2270/1988 1433/2273/1941 1574/2363/1940
f 1548/2364/2061 1429/2365/2062 1430/2366/2063 1549/2367/2064
f 1549/2367/2064 1430/2366/2063 1428/2368/1894 1550/2369/1893
f 1575/2218/1943 1491/2217/1942 1494/2309/2021 1576/2370/2065
f 1576/2370/2065 1494/2309/2021 1490/2308/2020 1577/2210/1935
f 1551/2167/1892 1488/2170/1895 1489/2371/2066 1552/2372/2067
f 1552/2372/2067 1489/2371/2066 1487/2209/1934 1553/2226/1951
f 1501/2158/1883 1440/2157/1882 1443/2373/1995 1506/2318/2030
f 1506/2318/2030 1443/2373/1995 1439/2374/1994 1502/2319/2031
f 1432/2162/1887 1492/2161/1886 1496/2312/2024 1436/2375/1989
f 1436/2375/1989 1496/2312/2024 1491/2217/1942 1433/2216/1941
f 1480/2155/1880 1501/2158/1883 1505/2317/2029 1485/2304/2019
f 1485/2304/2019 1505/2317/2029 1500/2174/1899 1481/2173/1898
f 1407/2199/1924 1521/2202/1927 1527/2376/2040 1411/2253/1974
f 1411/2258/1974 1527/2377/2040 1523/2181/1906 1408/2180/1905
f 1440/2280/1882 1391/2243/1881 1393/2240/1965 1444/2277/1993
f 1444/2277/1993 1393/2240/1965 1390/2239/1964 1438/2274/1990
f 1470/2234/1959 1493/2233/1958 1497/2313/2025 1475/2296/2011
f 1475/2296/2011 1497/2313/2025 1492/2161/1886 1471/2160/1885
f 1431/2185/1910 1400/2184/1909 1406/2249/1972 1434/2268/1986
f 1434/2268/1986 1406/2249/1972 1402/2252/1884 1432/2271/1887
f 1578/2211/1936 1419/2262/1980 1427/2265/1983 1579/2378/2068
f 1579/2378/2068 1427/2265/1983 1422/2228/1953 1580/2227/1952
f 1554/2179/1904 1417/2212/1937 1418/2379/2069 1555/2380/2070
f 1555/2380/2070 1418/2379/2069 1416/2188/1913 1556/2187/1912
f 1581/2207/1932 1449/2284/1999 1452/2281/1996 1582/2381/2071
f 1582/2381/2071 1452/2281/1996 1448/2164/1889 1583/2163/1888
f 1557/2223/1948 1446/2208/1933 1447/2382/2072 1558/2383/2073
f 1558/2383/2073 1447/2382/2072 1445/2204/1929 1559/2203/1928
f 1410/2172/1897 1459/2171/1896 1463/2291/2006 1415/2255/1976
f 1415/2255/1976 1463/2291/2006 1458/2200/1925 1407/2199/1924
f 1420/2196/1921 1451/2195/1920 1455/2286/2001 1425/2266/1984
f 1425/2266/1984 1455/2286/2001 1450/2232/1957 1421/2231/1956
f 1421/2231/1956 1470/2234/1959 1473/2293/2008 1426/2267/1985
f 1426/2267/1985 1473/2293/2008 1469/2229/1954 1422/2228/1953
f 1481/2173/1898 1410/2172/1897 1414/2261/1979 1486/2307/2016
f 1486/2301/2016 1414/2260/1979 1409/2259/1978 1478/2298/2013
f 1493/2233/1958 1450/2232/1957 1454/2285/2000 1498/2311/2023
f 1498/2311/2023 1454/2285/2000 1449/2284/1999 1490/2308/2020
f 1459/2171/1896 1500/2174/1899 1503/2314/2026 1464/2292/2007
f 1464/2292/2007 1503/2314/2026 1499/2225/1950 1460/2224/1949
f 1584/2235/1960 1515/2324/2036 1517/2321/2033 1585/2384/2074
f 1585/2384/2074 1517/2321/2033 1514/2320/2032 1586/2385/1939
f 1560/2219/1944 1512/2236/1961 1513/2386/2075 1561/2387/2076
f 1561/2387/2076 1513/2386/2075 1511/2388/1938 1562/2389/1907
f 1587/2390/1891 1528/2334/1890 1534/2337/2044 1588/2391/2077
f 1588/2391/2077 1534/2337/2044 1530/2340/2046 1589/2238/1963
f 1563/2392/1931 1509/2393/1930 1510/2394/2078 1564/2395/2079
f 1564/2395/2079 1510/2394/2078 1508/2237/1962 1565/2222/1947
f 1521/2327/1927 1537/2346/1926 1540/2345/2051 1524/2328/2038
f 1524/2328/2038 1540/2345/2051 1536/2221/1946 1522/2220/1945
f 1515/2324/2036 1530/2340/2046 1533/2339/2045 1519/2325/2037
f 1519/2325/2037 1533/2339/2045 1529/2338/1923 1516/2326/1922
f 1457/2287/2002 1535/2396/2047 1541/2397/2050 1461/2288/2003
f 1461/2288/2003 1541/2397/2050 1537/2201/1926 1458/2200/1925
f 1451/2195/1920 1529/2198/1923 1531/2398/2042 1456/2283/1998
f 1456/2283/1998 1531/2398/2042 1528/2165/1890 1448/2164/1889
f 1516/2197/1922 1420/2196/1921 1423/2263/1981 1520/2399/2035
f 1520/2399/2035 1423/2263/1981 1419/2262/1980 1514/2400/2032
f 1544/2354/2056 1397/2353/2055 1429/2365/2062 1548/2364/2061
f 1390/2239/1964 1544/2354/2056 1548/2364/2061 1438/2274/1990
f 1538/2342/2048 1564/2395/2079 1565/2222/1947 1536/2221/1946
f 1535/2341/2047 1563/2392/1931 1564/2395/2079 1538/2342/2048
f 1526/2331/2041 1561/2387/2076 1562/2389/1907 1523/2332/1906
f 1522/2220/1945 1560/2219/1944 1561/2387/2076 1526/2331/2041
f 1465/2290/2005 1558/2383/2073 1559/2203/1928 1457/2287/2002
f 1460/2224/1949 1557/2223/1948 1558/2383/2073 1465/2290/2005
f 1413/2256/1977 1555/2380/2070 1556/2187/1912 1409/2259/1978
f 1408/2180/1905 1554/2179/1904 1555/2380/2070 1413/2256/1977
f 1507/2316/2028 1552/2372/2067 1553/2226/1951 1499/2225/1950
f 1502/2319/2031 1551/2167/1892 1552/2372/2067 1507/2316/2028
f 1441/2275/1991 1549/2367/2064 1550/2369/1893 1439/2278/1994
f 1438/2274/1990 1548/2364/2061 1549/2367/2064 1441/2275/1991
f 1482/2299/2014 1546/2357/2059 1547/2175/1900 1479/2302/2017
f 1478/2298/2013 1545/2190/1915 1546/2357/2059 1482/2299/2014
f 1396/2242/1967 1543/2352/2054 1544/2354/2056 1390/2239/1964
f 1392/2245/1969 1542/2349/1903 1543/2352/2054 1396/2242/1967
f 1446/2208/1933 1557/2223/1948 1553/2226/1951 1487/2209/1934
f 1512/2236/1961 1560/2219/1944 1565/2222/1947 1508/2237/1962
f 1457/2287/2002 1559/2203/1928 1563/2206/1931 1535/2396/2047
f 1409/2259/1978 1556/2187/1912 1545/2190/1915 1478/2298/2013
f 1417/2212/1937 1554/2179/1904 1562/2182/1907 1511/2213/1938
f 1479/2302/2017 1547/2175/1900 1542/2178/1903 1392/2358/1969
f 1502/2319/2031 1439/2374/1994 1550/2168/1893 1551/2167/1892
f 1510/2394/2078 1588/2391/2077 1589/2238/1963 1508/2237/1962
f 1509/2393/1930 1587/2390/1891 1588/2391/2077 1510/2394/2078
f 1513/2386/2075 1585/2384/2074 1586/2385/1939 1511/2388/1938
f 1512/2236/1961 1584/2235/1960 1585/2384/2074 1513/2386/2075
f 1447/2382/2072 1582/2381/2071 1583/2163/1888 1445/2204/1929
f 1446/2208/1933 1581/2207/1932 1582/2381/2071 1447/2382/2072
f 1418/2379/2069 1579/2378/2068 1580/2227/1952 1416/2188/1913
f 1417/2212/1937 1578/2211/1936 1579/2378/2068 1418/2379/2069
f 1489/2371/2066 1576/2370/2065 1577/2210/1935 1487/2209/1934
f 1488/2170/1895 1575/2218/1943 1576/2370/2065 1489/2371/2066
f 1430/2366/2063 1573/2362/2060 1574/2363/1940 1428/2368/1894
f 1429/2365/2062 1572/2186/1911 1573/2362/2060 1430/2366/2063
f 1468/2356/2058 1570/2355/2057 1571/2192/1917 1466/2176/1901
f 1467/2189/1914 1569/2230/1955 1570/2355/2057 1468/2356/2058
f 1399/2351/2053 1567/2348/2052 1568/2183/1908 1397/2353/2055
f 1398/2350/1902 1566/2347/1916 1567/2348/2052 1399/2351/2053
f 1515/2324/2036 1584/2235/1960 1589/2238/1963 1530/2340/2046
f 1416/2188/1913 1580/2227/1952 1569/2230/1955 1467/2189/1914
f 1428/2169/1894 1574/2215/1940 1575/2218/1943 1488/2170/1895
f 1419/2262/1980 1578/2211/1936 1586/2214/1939 1514/2400/2032
f 1449/2284/1999 1581/2207/1932 1577/2210/1935 1490/2308/2020
f 1398/2177/1902 1466/2176/1901 1571/2192/1917 1566/2191/1916
f 1397/2353/2055 1568/2183/1908 1572/2186/1911 1429/2365/2062
f 1445/2204/1929 1583/2163/1888 1587/2166/1891 1509/2205/1930
f 1590/1548/1370 1591/300/282 1592/386/362 1593/385/361
f 1596/249/233 1597/243/227 1598/242/226 1599/1533/1355
f 1595/301/283 1591/300/282 1590/1548/1370 1594/1525/1347
f 1596/249/233 1600/248/232 1601/392/368 1597/243/227
f 1605/1567/1389 1602/1566/1388 1603/196/182 1604/195/181
f 1609/1571/1393 1606/1570/1392 1607/384/360 1608/383/359
f 1613/1575/1397 1610/1574/1396 1611/406/381 1612/405/380
f 1617/1579/1401 1614/1578/1400 1615/1483/1321 1616/393/369
f 1614/1578/1400 1605/1567/1389 1604/195/181 1615/1483/1321
f 1602/1566/1388 1609/1571/1393 1608/383/359 1603/196/182
f 1606/1570/1392 1613/1575/1397 1612/405/380 1607/384/360
f 1610/1574/1396 1595/301/283 1594/1525/1347 1611/406/381
f 1600/248/232 1617/1579/1401 1616/393/369 1601/392/368
f 1594/1525/1347 1590/1548/1370 978/1550/1372 983/1526/1348
f 1637/2401/2080 1630/2402/2081 1632/2403/2082 1638/2404/2083
f 1638/2404/2083 1632/2403/2082 1631/1916/1657 1636/1929/1669
f 1634/2405/2084 1637/2401/2080 1638/2404/2083 1635/2406/2085
f 1635/2406/2085 1638/2404/2083 1636/1929/1669 1633/354/332
f 1643/2407/2086 1648/2408/2087 1650/2409/2088 1644/2410/2089
f 1644/2410/2089 1650/2409/2088 1649/1882/1623 1642/1926/1666
f 1648/2408/2087 1645/2411/2090 1647/2412/2091 1650/2409/2088
f 1650/2409/2088 1647/2412/2091 1646/328/309 1649/1882/1623
f 1655/2045/1780 1660/2044/1779 1662/2413/2092 1656/2414/2093
f 1656/2414/2093 1662/2413/2092 1661/1867/1608 1654/1866/1607
f 1660/2044/1779 1657/1921/1662 1659/2415/2094 1662/2413/2092
f 1662/2413/2092 1659/2415/2094 1658/1943/1680 1661/1867/1608
f 1670/2049/1783 1663/2048/1782 1665/2416/2095 1671/2417/2096
f 1671/2417/2096 1665/2416/2095 1664/207/193 1669/347/326
f 1667/2051/1785 1670/2049/1783 1671/2417/2096 1668/2418/2097
f 1668/2418/2097 1671/2417/2096 1669/347/326 1666/609/575
f 1619/2419/2098 1655/2045/1780 1656/2414/2093 1620/2420/2099
f 1620/2420/2099 1656/2414/2093 1654/1866/1607 1618/2060/1793
f 1622/2056/1789 1627/2421/2100 1629/2422/2101 1623/2423/2102
f 1623/2423/2102 1629/2422/2101 1628/1925/1665 1621/208/194
f 1625/2424/2103 1619/2419/2098 1620/2420/2099 1626/2425/2104
f 1626/2425/2104 1620/2420/2099 1618/2060/1793 1624/1917/1658
f 1630/2402/2081 1625/2424/2103 1626/2425/2104 1632/2403/2082
f 1632/2403/2082 1626/2425/2104 1624/1917/1658 1631/1916/1657
f 1627/2421/2100 1643/2407/2086 1644/2410/2089 1629/2422/2101
f 1629/2422/2101 1644/2410/2089 1642/1926/1666 1628/1925/1665
f 1645/2411/2090 1639/2426/2105 1641/2427/2106 1647/2412/2091
f 1647/2412/2091 1641/2427/2106 1640/329/310 1646/328/309
f 1639/2428/2105 1634/2405/2084 1635/2406/2085 1641/2429/2106
f 1641/2429/2106 1635/2406/2085 1633/354/332 1640/353/310
f 1663/2048/1782 1622/2056/1789 1623/2423/2102 1665/2416/2095
f 1665/2416/2095 1623/2423/2102 1621/208/194 1664/207/193
f 2390/1920/1661 1651/2430/1797 1653/2431/2107 2391/2432/2108
f 2391/2432/2108 1653/2431/2107 1652/1936/1675 2392/1935/1674
f 2405/2065/1796 1667/2051/1785 1668/2418/2097 2406/2433/2109
f 2406/2433/2109 1668/2418/2097 1666/609/575 2407/2063/1794
f 1694/2434/1747 1696/2435/1750 1698/2436/2110 1695/2437/2111
f 1695/2437/2111 1698/2436/2110 1697/2006/1743 1693/2015/1752
f 1709/2438/1705 1694/2434/1747 1695/2437/2111 1710/2439/2112
f 1710/2439/2112 1695/2437/2111 1693/2015/1752 1708/1955/1692
f 1733/2440/1761 1738/2441/1731 1740/2442/2113 1734/2443/2114
f 1734/2443/2114 1740/2442/2113 1739/2073/1804 1732/2072/1803
f 1738/2444/1731 1687/2445/1734 1689/2446/2115 1740/2447/2113
f 1740/2447/2113 1689/2446/2115 1688/2097/1828 1739/2119/1804
f 1754/1960/1697 1729/1963/1700 1731/2448/2116 1755/2449/2117
f 1755/2449/2117 1731/2448/2116 1730/2093/1824 1753/2101/1832
f 1763/1972/1709 1754/1960/1697 1755/2449/2117 1764/2450/2118
f 1764/2450/2118 1755/2449/2117 1753/2101/1832 1762/2100/1831
f 1745/1977/1714 1774/1978/1715 1776/2451/2119 1746/2452/2120
f 1746/2452/2120 1776/2451/2119 1775/2003/1740 1744/2002/1739
f 1774/1978/1715 1771/1981/1718 1773/2453/2121 1776/2451/2119
f 1776/2451/2119 1773/2453/2121 1772/2083/1814 1775/2003/1740
f 1727/2454/1699 1750/2455/1698 1752/2456/2122 1728/2457/2123
f 1728/2457/2123 1752/2456/2122 1751/1988/1725 1726/1947/1684
f 1750/2455/1698 1765/2458/1710 1767/2459/2124 1752/2456/2122
f 1752/2456/2122 1767/2459/2124 1766/1989/1726 1751/1988/1725
f 1769/2460/1717 1777/2461/1716 1779/2462/2125 1770/2463/2126
f 1770/2463/2126 1779/2462/2125 1778/1985/1722 1768/1984/1721
f 1777/2461/1716 1747/2464/1713 1749/2465/2127 1779/2462/2125
f 1779/2462/2125 1749/2465/2127 1748/2111/1840 1778/1985/1722
f 1685/1996/1733 1741/1995/1732 1743/2466/2128 1686/2467/2129
f 1686/2467/2129 1743/2466/2128 1742/1999/1736 1684/1959/1696
f 1741/2026/1732 1735/2025/1762 1737/2468/2130 1743/2469/2128
f 1743/2469/2128 1737/2468/2130 1736/2105/1834 1742/2104/1736
f 1691/2011/1748 1711/1971/1708 1713/2470/2131 1692/2471/2132
f 1692/2471/2132 1713/2470/2131 1712/2023/1760 1690/2022/1759
f 1700/2012/1749 1691/2011/1748 1692/2471/2132 1701/2472/2133
f 1701/2472/2133 1692/2471/2132 1690/2022/1759 1699/2069/1800
f 1679/2019/1756 1685/1996/1733 1686/2467/2129 1680/2473/2134
f 1680/2473/2134 1686/2467/2129 1684/1959/1696 1678/1958/1695
f 1715/1970/1707 1720/1974/1711 1722/2474/2135 1716/2475/2136
f 1716/2475/2136 1722/2474/2135 1721/2009/1746 1714/2090/1821
f 2356/2476/1809 1733/2440/1761 1734/2443/2114 2357/2477/2137
f 2357/2477/2137 1734/2443/2114 1732/2072/1803 2358/1967/1704
f 2368/2478/1816 1703/2479/1819 1704/2480/2138 2369/2481/2139
f 2369/2481/2139 1704/2480/2138 1702/1966/1703 2370/2007/1744
f 1676/2016/1753 1679/2019/1756 1680/2473/2134 1677/2482/2140
f 1677/2482/2140 1680/2473/2134 1678/1958/1695 1675/2094/1825
f 1729/1963/1700 1676/2016/1753 1677/2482/2140 1731/2448/2116
f 1731/2448/2116 1677/2482/2140 1675/2094/1825 1730/2093/1824
f 1718/2483/1706 1709/2438/1705 1710/2439/2112 1719/2484/2141
f 1719/2484/2141 1710/2439/2112 1708/1955/1692 1717/1954/1691
f 1720/1974/1711 1745/1977/1714 1746/2452/2120 1722/2474/2135
f 1722/2474/2135 1746/2452/2120 1744/2002/1739 1721/2009/1746
f 1380/2136/1863 1382/2485/2142 1793/2077/1808 1790/2076/1807
f 1771/1981/1718 1759/2080/1811 1761/2486/2143 1773/2453/2121
f 1382/2485/2142 1384/2137/1864 1798/2140/1867 1793/2077/1808
f 1759/2080/1811 1763/1972/1709 1764/2450/2118 1761/2486/2143
f 1687/2445/1734 1681/2487/1755 1683/2488/2144 1689/2446/2115
f 1689/2446/2115 1683/2488/2144 1682/2098/1829 1688/2097/1828
f 1724/2489/1712 1718/2483/1706 1719/2484/2141 1725/2490/2145
f 1725/2490/2145 1719/2484/2141 1717/1954/1691 1723/2113/1842
f 1681/2487/1755 1672/2491/1754 1674/2492/2146 1683/2488/2144
f 1683/2488/2144 1674/2492/2146 1673/1946/1683 1682/2098/1829
f 1672/2491/1754 1727/2454/1699 1728/2457/2123 1674/2492/2146
f 1674/2492/2146 1728/2457/2123 1726/1947/1684 1673/1946/1683
f 1747/2464/1713 1724/2489/1712 1725/2490/2145 1749/2465/2127
f 1749/2465/2127 1725/2490/2145 1723/2113/1842 1748/2111/1840
f 1773/2453/2121 1761/2486/2143 1760/2084/1815 1772/2083/1814
f 1757/2493/1812 1769/2460/1717 1770/2463/2126 1758/2494/2147
f 1761/2486/2143 1764/2450/2118 1762/2100/1831 1760/2084/1815
f 1765/2458/1710 1757/2493/1812 1758/2494/2147 1767/2459/2124
f 1711/1971/1708 1715/1970/1707 1716/2475/2136 1713/2470/2131
f 1713/2470/2131 1716/2475/2136 1714/2090/1821 1712/2023/1760
f 2359/2079/1810 1705/2087/1818 1707/2495/2148 2360/2496/2149
f 2360/2496/2149 1707/2495/2148 1706/2116/1845 2361/2107/1836
f 2371/2086/1817 1700/2012/1749 1701/2472/2133 2372/2497/2150
f 2372/2497/2150 1701/2472/2133 1699/2069/1800 2373/2117/1846
f 1767/2459/2124 1758/2494/2147 1756/2109/1838 1766/1989/1726
f 1799/1986/1723 1792/2108/1837 1794/2498/1805 1800/2499/2151
f 1758/2494/2147 1770/2463/2126 1768/1984/1721 1756/2109/1838
f 1792/2108/1837 1789/1983/1720 1791/2500/1806 1794/2498/1805
f 1787/2110/1839 1804/2112/1841 1806/2501/2152 1788/2502/2153
f 1788/2503/2153 1806/2504/2152 1805/2127/1854 1786/2126/1853
f 1808/1945/1682 1801/1944/1681 1803/2505/2154 1809/2506/2155
f 1809/2507/2155 1803/2508/2154 1802/2150/1877 1807/2135/1862
f 1814/2095/1826 1808/1945/1682 1809/2506/2155 1815/2509/2156
f 1815/2510/2156 1809/2507/2155 1807/2135/1862 1813/2134/1861
f 1804/2112/1841 1810/1953/1690 1812/2511/2157 1806/2501/2152
f 1806/2504/2152 1812/2512/2157 1811/2129/1856 1805/2127/1854
f 1820/2096/1827 1814/2095/1826 1815/2509/2156 1821/2513/2158
f 1821/2514/2158 1815/2510/2156 1813/2134/1861 1819/2146/1873
f 1810/1953/1690 1828/1952/1689 1830/2515/2159 1812/2511/2157
f 1812/2512/2157 1830/2516/2159 1829/2120/1847 1811/2129/1856
f 2374/2004/1741 1780/1965/1702 1782/2517/2160 2375/2518/2161
f 2375/2519/2161 1782/2520/2160 1781/2142/1869 2376/2141/1868
f 2362/1964/1701 1822/2071/1802 1824/2521/2162 2363/2522/2163
f 2363/2523/2163 1824/2524/2162 1823/1949/1686 2364/1948/1685
f 1784/1982/1719 1787/2110/1839 1788/2502/2153 1785/2525/2164
f 1785/2526/2164 1788/2503/2153 1786/2126/1853 1783/2131/1858
f 1789/1983/1720 1784/1982/1719 1785/2525/2164 1791/2500/1806
f 1791/2075/1806 1785/2526/2164 1783/2131/1858 1790/2076/1807
f 1796/1987/1724 1799/1986/1723 1800/2499/2151 1797/2527/2165
f 1797/2528/2165 1800/2529/2151 1798/2140/1867 1795/2139/1866
f 1801/1944/1681 1796/1987/1724 1797/2527/2165 1803/2505/2154
f 1803/2508/2154 1797/2528/2165 1795/2139/1866 1802/2150/1877
f 1817/2118/1801 1820/2096/1827 1821/2513/2158 1818/2530/2166
f 1818/2531/2166 1821/2514/2158 1819/2146/1873 1816/2151/1878
f 1822/2071/1802 1817/2070/1801 1818/2532/2166 1824/2521/2162
f 1824/2524/2162 1818/2533/2166 1816/2153/1878 1823/1949/1686
f 1828/1952/1689 1825/2014/1751 1827/2534/2167 1830/2515/2159
f 1830/2516/2159 1827/2535/2167 1826/2121/1848 1829/2120/1847
f 1825/2014/1751 1832/2005/1742 1833/2536/2168 1827/2534/2167
f 1827/2535/2167 1833/2537/2168 1831/2147/1874 1826/2121/1848
f 1624/1917/1658 1618/2060/1793 1318/1924/1664 1326/1849/1590
f 1384/2137/1864 1382/2485/2142 1868/1990/1727 1867/1993/1730
f 1869/2538/2169 1851/2082/1813 1850/1991/1728 1868/1990/1727
f 1869/2538/2169 1860/2539/2170 1848/2000/1737 1851/2082/1813
f 2378/2540/2171 1864/2541/2172 1842/2115/1844 2377/2114/1843
f 1852/2542/2173 1861/2543/2174 1835/2091/1822 1834/1957/1694
f 2366/2544/2175 1865/2545/2176 1843/2102/1833 2365/2106/1835
f 1857/2546/2177 1856/2547/2178 1841/2020/1757 1844/2089/1820
f 1862/2548/2179 1866/2549/2180 1847/2099/1830 1836/2092/1823
f 1865/2545/2176 1854/2550/2181 1838/2103/1735 1843/2102/1833
f 1866/2549/2180 1867/1993/1730 1849/1992/1729 1847/2099/1830
f 1861/2543/2174 1862/2548/2179 1836/2092/1823 1835/2091/1822
f 1858/2551/2182 1857/2546/2177 1844/2089/1820 1845/2008/1745
f 1855/2552/2183 1863/2553/2184 1840/2068/1799 1839/2021/1758
f 1856/2547/2178 1855/2552/2183 1839/2021/1758 1841/2020/1757
f 1859/2554/2185 1858/2551/2182 1845/2008/1745 1846/2001/1738
f 1860/2539/2170 1859/2554/2185 1846/2001/1738 1848/2000/1737
f 1854/2555/2181 1853/2556/2186 1837/1956/1693 1838/1998/1735
f 1853/2556/2186 1852/2542/2173 1834/1957/1694 1837/1956/1693
f 1377/2145/1872 1389/2133/1860 1852/2542/2173 1853/2556/2186
f 1375/2152/1879 1377/2145/1872 1853/2556/2186 1854/2555/2181
f 1379/2130/1857 1381/2125/1852 1859/2554/2185 1860/2539/2170
f 1381/2125/1852 1386/2124/1851 1858/2551/2182 1859/2554/2185
f 1374/2123/1850 1372/2122/1849 1855/2552/2183 1856/2547/2178
f 1372/2122/1849 1373/2148/1875 1863/2553/2184 1855/2552/2183
f 1386/2124/1851 1388/2128/1855 1857/2546/2177 1858/2551/2182
f 1387/2132/1859 1385/2149/1876 1862/2548/2179 1861/2543/2174
f 1383/2138/1865 1384/2137/1864 1867/1993/1730 1866/2549/2180
f 1376/1950/1687 1375/2154/1879 1854/2550/2181 1865/2545/2176
f 1385/2149/1876 1383/2138/1865 1866/2549/2180 1862/2548/2179
f 1388/2128/1855 1374/2123/1850 1856/2547/2178 1857/2546/2177
f 2355/1951/1688 1376/1950/1687 1865/2545/2176 2366/2544/2175
f 1389/2133/1860 1387/2132/1859 1861/2543/2174 1852/2542/2173
f 2367/2144/1871 1378/2143/1870 1864/2541/2172 2378/2540/2171
f 1382/2485/2142 1380/2136/1863 1869/2538/2169 1868/1990/1727
f 1380/2136/1863 1379/2130/1857 1860/2539/2170 1869/2538/2169
f 1800/2529/2151 1794/2074/1805 1793/2077/1808 1798/2140/1867
f 1980/2557/2187 1875/2558/2188 1877/2559/2189
f 2016/2560/2190 1870/2561/2191 1916/2562/2192
f 1980/2557/2187 1900/2563/2193 2000/2564/2194
f 1976/2565/2195 1879/2566/2196 1874/2567/2197
f 1917/2568/2198 1971/2569/2199 1918/2570/2200
f 1944/2571/2201 1881/2572/2202 1950/2573/2203
f 1958/2574/2204 1883/2575/2205 1901/2576/2206
f 1974/2577/2207 1882/2578/2208 1925/2579/2209
f 1946/2580/2210 1880/2581/2211 1883/2575/2205
f 1942/2582/2212 1882/2578/2208 1948/2583/2213
f 1942/2582/2212 1907/2584/2214 1908/2585/2215
f 1940/2586/2216 1906/2587/2217 1907/2584/2214
f 1938/2588/2218 1905/2589/2219 1906/2587/2217
f 1936/2590/2220 1904/2591/2221 1905/2589/2219
f 1934/2592/2222 1903/2593/2223 1904/2591/2221
f 1956/2594/2224 1903/2593/2223 1954/2595/2225
f 1978/2596/2226 1893/2597/2227 1870/2561/2191
f 1986/2598/2228 1894/2599/2229 1893/2597/2227
f 1990/2600/2230 1894/2599/2229 1988/2601/2231
f 1990/2600/2230 1896/2602/2232 1895/2603/2233
f 1992/2604/2234 1897/2605/2235 1896/2602/2232
f 1994/2606/2236 1898/2607/2237 1897/2605/2235
f 1996/2608/2238 1899/2609/2239 1898/2607/2237
f 1998/2610/2240 1900/2563/2193 1899/2609/2239
f 1956/2594/2224 1901/2576/2206 1902/2611/2241
f 1960/2612/2242 1884/2613/2243 1944/2571/2201
f 1960/2612/2242 1931/2614/2244 1932/2615/2245
f 1964/2616/2246 1931/2614/2244 1962/2617/2247
f 1966/2618/2248 1930/2619/2249 1964/2616/2246
f 1968/2620/2250 1929/2621/2251 1966/2618/2248
f 1968/2620/2250 1927/2622/2252 1928/2623/2253
f 1972/2624/2254 1927/2622/2252 1970/2625/2255
f 1982/2626/2256 1909/2627/2257 1879/2566/2196
f 2004/2628/2258 1909/2627/2257 2002/2629/2259
f 2004/2628/2258 1911/2630/2260 1910/2631/2261
f 2006/2632/2262 1912/2633/2263 1911/2630/2260
f 2008/2634/2264 1913/2635/2265 1912/2633/2263
f 2012/2636/2266 1913/2635/2265 2010/2637/2267
f 2012/2636/2266 1915/2638/2268 1914/2639/2269
f 2016/2560/2190 1915/2638/2268 2014/2640/2270
f 1888/2641/2271 1933/2642/2272 1935/2643/2273
f 1933/2642/2272 1956/2594/2224 1954/2595/2225
f 1887/2644/2274 1955/2645/2275 1933/2642/2272
f 1955/2645/2275 1958/2574/2204 1956/2594/2224
f 1886/2646/2276 1957/2647/2277 1955/2645/2275
f 1945/2648/2278 1960/2612/2242 1944/2571/2201
f 1924/2649/2279 1945/2648/2278 1878/2650/2280
f 1961/2651/2281 1960/2612/2242 1959/2652/2282
f 1923/2653/2283 1959/2652/2282 1924/2649/2279
f 1961/2651/2281 1964/2616/2246 1962/2617/2247
f 1922/2654/2284 1961/2651/2281 1923/2653/2283
f 1965/2655/2285 1964/2616/2246 1963/2656/2286
f 1921/2657/2287 1963/2656/2286 1922/2654/2284
f 1967/2658/2288 1966/2618/2248 1965/2655/2285
f 1920/2659/2289 1965/2655/2285 1921/2657/2287
f 1967/2658/2288 1970/2625/2255 1968/2620/2250
f 1919/2660/2290 1967/2658/2288 1920/2659/2289
f 1971/2569/2199 1970/2625/2255 1969/2661/2291
f 1918/2570/2200 1969/2661/2291 1919/2660/2290
f 1973/2662/2292 1972/2624/2254 1971/2569/2199
f 1974/2577/2207 1926/2663/2293 1972/2624/2254
f 1935/2643/2273 1954/2595/2225 1934/2592/2222
f 1889/2664/2294 1935/2643/2273 1937/2665/2295
f 1937/2665/2295 1934/2592/2222 1936/2590/2220
f 1889/2664/2294 1939/2666/2296 1890/2667/2297
f 1939/2666/2296 1936/2590/2220 1938/2588/2218
f 1891/2668/2298 1939/2666/2296 1941/2669/2299
f 1941/2669/2299 1938/2588/2218 1940/2586/2216
f 1891/2668/2298 1943/2670/2300 1892/2671/2301
f 1943/2670/2300 1940/2586/2216 1942/2582/2212
f 1871/2672/2302 1943/2670/2300 1949/2673/2303
f 1949/2673/2303 1942/2582/2212 1948/2583/2213
f 1876/2674/2304 1952/2675/2305 1947/2676/2306
f 1947/2676/2306 1953/2677/2307 1946/2580/2210
f 1871/2672/2302 1973/2662/2292 1917/2568/2198
f 1949/2673/2303 1974/2577/2207 1973/2662/2292
f 1876/2674/2304 1957/2647/2277 1885/2678/2308
f 1947/2676/2306 1958/2574/2204 1957/2647/2277
f 1878/2650/2280 1951/2679/2309 1872/2680/2310
f 1945/2648/2278 1950/2573/2203 1951/2679/2309
f 1926/2663/2293 2015/2681/2311 2013/2682/2312
f 2015/2681/2311 2014/2640/2270 2013/2682/2312
f 1926/2663/2293 2011/2683/2313 1927/2622/2252
f 2013/2682/2312 2012/2636/2266 2011/2683/2313
f 1928/2623/2253 2011/2683/2313 2009/2684/2314
f 2009/2684/2314 2012/2636/2266 2010/2637/2267
f 1928/2623/2253 2007/2685/2315 1929/2621/2251
f 2009/2684/2314 2008/2634/2264 2007/2685/2315
f 1929/2621/2251 2005/2686/2316 1930/2619/2249
f 2007/2685/2315 2006/2632/2262 2005/2686/2316
f 1930/2619/2249 2003/2687/2317 1931/2614/2244
f 2003/2687/2317 2006/2632/2262 2004/2628/2258
f 1932/2615/2245 2003/2687/2317 2001/2688/2318
f 2003/2687/2317 2002/2629/2259 2001/2688/2318
f 1884/2613/2243 2001/2688/2318 1981/2689/2319
f 1981/2689/2319 2002/2629/2259 1982/2626/2256
f 1902/2611/2241 1999/2690/2320 1997/2691/2321
f 1997/2691/2321 2000/2564/2194 1998/2610/2240
f 1902/2611/2241 1995/2692/2322 1903/2593/2223
f 1995/2692/2322 1998/2610/2240 1996/2608/2238
f 1904/2591/2221 1995/2692/2322 1993/2693/2323
f 1995/2692/2322 1994/2606/2236 1993/2693/2323
f 1905/2589/2219 1993/2693/2323 1991/2694/2324
f 1991/2694/2324 1994/2606/2236 1992/2604/2234
f 1906/2587/2217 1991/2694/2324 1989/2695/2325
f 1991/2694/2324 1990/2600/2230 1989/2695/2325
f 1907/2584/2214 1989/2695/2325 1987/2696/2326
f 1987/2696/2326 1990/2600/2230 1988/2601/2231
f 1908/2585/2215 1987/2696/2326 1985/2697/2327
f 1985/2697/2327 1988/2601/2231 1986/2598/2228
f 1882/2578/2208 1985/2697/2327 1977/2698/2328
f 1977/2698/2328 1986/2598/2228 1978/2596/2226
f 1884/2613/2243 1975/2699/2329 1881/2572/2202
f 1981/2689/2319 1976/2565/2195 1975/2699/2329
f 1901/2576/2206 1979/2700/2330 1999/2690/2320
f 1999/2690/2320 1980/2557/2187 2000/2564/2194
f 1882/2578/2208 2015/2681/2311 1925/2579/2209
f 2015/2681/2311 1978/2596/2226 2016/2560/2190
f 1883/2575/2205 1984/2701/2331 1979/2700/2330
f 1979/2700/2330 1983/2702/2332 1980/2557/2187
f 1980/2557/2187 1983/2702/2332 1875/2558/2188
f 2016/2560/2190 1978/2596/2226 1870/2561/2191
f 1980/2557/2187 1877/2559/2189 1900/2563/2193
f 1976/2565/2195 1982/2626/2256 1879/2566/2196
f 1917/2568/2198 1973/2662/2292 1971/2569/2199
f 1944/2571/2201 1884/2613/2243 1881/2572/2202
f 1958/2574/2204 1946/2580/2210 1883/2575/2205
f 1974/2577/2207 1948/2583/2213 1882/2578/2208
f 1946/2580/2210 1953/2677/2307 1880/2581/2211
f 1942/2582/2212 1908/2585/2215 1882/2578/2208
f 1942/2582/2212 1940/2586/2216 1907/2584/2214
f 1940/2586/2216 1938/2588/2218 1906/2587/2217
f 1938/2588/2218 1936/2590/2220 1905/2589/2219
f 1936/2590/2220 1934/2592/2222 1904/2591/2221
f 1934/2592/2222 1954/2595/2225 1903/2593/2223
f 1956/2594/2224 1902/2611/2241 1903/2593/2223
f 1978/2596/2226 1986/2598/2228 1893/2597/2227
f 1986/2598/2228 1988/2601/2231 1894/2599/2229
f 1990/2600/2230 1895/2603/2233 1894/2599/2229
f 1990/2600/2230 1992/2604/2234 1896/2602/2232
f 1992/2604/2234 1994/2606/2236 1897/2605/2235
f 1994/2606/2236 1996/2608/2238 1898/2607/2237
f 1996/2608/2238 1998/2610/2240 1899/2609/2239
f 1998/2610/2240 2000/2564/2194 1900/2563/2193
f 1956/2594/2224 1958/2574/2204 1901/2576/2206
f 1960/2612/2242 1932/2615/2245 1884/2613/2243
f 1960/2612/2242 1962/2617/2247 1931/2614/2244
f 1964/2616/2246 1930/2619/2249 1931/2614/2244
f 1966/2618/2248 1929/2621/2251 1930/2619/2249
f 1968/2620/2250 1928/2623/2253 1929/2621/2251
f 1968/2620/2250 1970/2625/2255 1927/2622/2252
f 1972/2624/2254 1926/2663/2293 1927/2622/2252
f 1982/2626/2256 2002/2629/2259 1909/2627/2257
f 2004/2628/2258 1910/2631/2261 1909/2627/2257
f 2004/2628/2258 2006/2632/2262 1911/2630/2260
f 2006/2632/2262 2008/2634/2264 1912/2633/2263
f 2008/2634/2264 2010/2637/2267 1913/2635/2265
f 2012/2636/2266 1914/2639/2269 1913/2635/2265
f 2012/2636/2266 2014/2640/2270 1915/2638/2268
f 2016/2560/2190 1916/2562/2192 1915/2638/2268
f 1888/2641/2271 1887/2644/2274 1933/2642/2272
f 1933/2642/2272 1955/2645/2275 1956/2594/2224
f 1887/2644/2274 1886/2646/2276 1955/2645/2275
f 1955/2645/2275 1957/2647/2277 1958/2574/2204
f 1886/2646/2276 1885/2678/2308 1957/2647/2277
f 1945/2648/2278 1959/2652/2282 1960/2612/2242
f 1924/2649/2279 1959/2652/2282 1945/2648/2278
f 1961/2651/2281 1962/2617/2247 1960/2612/2242
f 1923/2653/2283 1961/2651/2281 1959/2652/2282
f 1961/2651/2281 1963/2656/2286 1964/2616/2246
f 1922/2654/2284 1963/2656/2286 1961/2651/2281
f 1965/2655/2285 1966/2618/2248 1964/2616/2246
f 1921/2657/2287 1965/2655/2285 1963/2656/2286
f 1967/2658/2288 1968/2620/2250 1966/2618/2248
f 1920/2659/2289 1967/2658/2288 1965/2655/2285
f 1967/2658/2288 1969/2661/2291 1970/2625/2255
f 1919/2660/2290 1969/2661/2291 1967/2658/2288
f 1971/2569/2199 1972/2624/2254 1970/2625/2255
f 1918/2570/2200 1971/2569/2199 1969/2661/2291
f 1973/2662/2292 1974/2577/2207 1972/2624/2254
f 1974/2577/2207 1925/2579/2209 1926/2663/2293
f 1935/2643/2273 1933/2642/2272 1954/2595/2225
f 1889/2664/2294 1888/2641/2271 1935/2643/2273
f 1937/2665/2295 1935/2643/2273 1934/2592/2222
f 1889/2664/2294 1937/2665/2295 1939/2666/2296
f 1939/2666/2296 1937/2665/2295 1936/2590/2220
f 1891/2668/2298 1890/2667/2297 1939/2666/2296
f 1941/2669/2299 1939/2666/2296 1938/2588/2218
f 1891/2668/2298 1941/2669/2299 1943/2670/2300
f 1943/2670/2300 1941/2669/2299 1940/2586/2216
f 1871/2672/2302 1892/2671/2301 1943/2670/2300
f 1949/2673/2303 1943/2670/2300 1942/2582/2212
f 1876/2674/2304 1873/2703/2333 1952/2675/2305
f 1947/2676/2306 1952/2675/2305 1953/2677/2307
f 1871/2672/2302 1949/2673/2303 1973/2662/2292
f 1949/2673/2303 1948/2583/2213 1974/2577/2207
f 1876/2674/2304 1947/2676/2306 1957/2647/2277
f 1947/2676/2306 1946/2580/2210 1958/2574/2204
f 1878/2650/2280 1945/2648/2278 1951/2679/2309
f 1945/2648/2278 1944/2571/2201 1950/2573/2203
f 1926/2663/2293 1925/2579/2209 2015/2681/2311
f 2015/2681/2311 2016/2560/2190 2014/2640/2270
f 1926/2663/2293 2013/2682/2312 2011/2683/2313
f 2013/2682/2312 2014/2640/2270 2012/2636/2266
f 1928/2623/2253 1927/2622/2252 2011/2683/2313
f 2009/2684/2314 2011/2683/2313 2012/2636/2266
f 1928/2623/2253 2009/2684/2314 2007/2685/2315
f 2009/2684/2314 2010/2637/2267 2008/2634/2264
f 1929/2621/2251 2007/2685/2315 2005/2686/2316
f 2007/2685/2315 2008/2634/2264 2006/2632/2262
f 1930/2619/2249 2005/2686/2316 2003/2687/2317
f 2003/2687/2317 2005/2686/2316 2006/2632/2262
f 1932/2615/2245 1931/2614/2244 2003/2687/2317
f 2003/2687/2317 2004/2628/2258 2002/2629/2259
f 1884/2613/2243 1932/2615/2245 2001/2688/2318
f 1981/2689/2319 2001/2688/2318 2002/2629/2259
f 1902/2611/2241 1901/2576/2206 1999/2690/2320
f 1997/2691/2321 1999/2690/2320 2000/2564/2194
f 1902/2611/2241 1997/2691/2321 1995/2692/2322
f 1995/2692/2322 1997/2691/2321 1998/2610/2240
f 1904/2591/2221 1903/2593/2223 1995/2692/2322
f 1995/2692/2322 1996/2608/2238 1994/2606/2236
f 1905/2589/2219 1904/2591/2221 1993/2693/2323
f 1991/2694/2324 1993/2693/2323 1994/2606/2236
f 1906/2587/2217 1905/2589/2219 1991/2694/2324
f 1991/2694/2324 1992/2604/2234 1990/2600/2230
f 1907/2584/2214 1906/2587/2217 1989/2695/2325
f 1987/2696/2326 1989/2695/2325 1990/2600/2230
f 1908/2585/2215 1907/2584/2214 1987/2696/2326
f 1985/2697/2327 1987/2696/2326 1988/2601/2231
f 1882/2578/2208 1908/2585/2215 1985/2697/2327
f 1977/2698/2328 1985/2697/2327 1986/2598/2228
f 1884/2613/2243 1981/2689/2319 1975/2699/2329
f 1981/2689/2319 1982/2626/2256 1976/2565/2195
f 1901/2576/2206 1883/2575/2205 1979/2700/2330
f 1999/2690/2320 1979/2700/2330 1980/2557/2187
f 1882/2578/2208 1977/2698/2328 2015/2681/2311
f 2015/2681/2311 1977/2698/2328 1978/2596/2226
f 1883/2575/2205 1880/2581/2211 1984/2701/2331
f 1979/2700/2330 1984/2701/2331 1983/2702/2332
f 2030/2704/2334 2032/2705/2334 2031/2706/2334 2033/2707/2334 2034/2708/2334 2029/2709/2334 2025/2710/2334 2024/2711/2334 2023/2712/2334 2020/2713/2334 2021/2714/2334 2022/2715/2334 2027/2716/2334 2028/2717/2334 2019/2718/2334 2018/2719/2334 2017/2720/2334 2026/2721/2334
f 2035/2722/2335 2036/2723/2336 2038/2724/2337 2037/2725/2338
f 2037/2725/2338 2038/2724/2337 2040/2726/2339 2039/2727/2340
f 2039/2728/2340 2040/2729/2339 2036/2730/2336 2035/2731/2335
f 2037/2725/2338 2039/2727/2340 2035/2722/2335
f 2040/2726/2339 2038/2724/2337 2036/2723/2336
f 2041/2732/2341 2042/2733/2342 2043/2734/2343
f 2042/2733/2342 2041/2732/2341 2046/2735/2344
f 2041/2732/2341 2043/2734/2343 2044/2736/2345
f 2041/2732/2341 2044/2736/2345 2045/2737/2346
f 2041/2732/2341 2045/2737/2346 2046/2735/2344
f 2042/2733/2342 2046/2735/2344 2051/2738/2347
f 2043/2734/2343 2042/2733/2342 2047/2739/2348
f 2044/2736/2345 2043/2734/2343 2048/2740/2349
f 2045/2737/2346 2044/2736/2345 2049/2741/2350
f 2046/2735/2344 2045/2737/2346 2050/2742/2351
f 2042/2733/2342 2051/2743/2347 2047/2739/2348
f 2043/2734/2343 2047/2739/2348 2048/2740/2349
f 2044/2736/2345 2048/2740/2349 2049/2741/2350
f 2045/2737/2346 2049/2741/2350 2050/2742/2351
f 2046/2735/2344 2050/2742/2351 2051/2738/2347
f 2047/2744/2348 2051/2738/2347 2052/2745/2352
f 2048/2740/2349 2047/2744/2348 2052/2745/2352
f 2049/2741/2350 2048/2740/2349 2052/2745/2352
f 2050/2742/2351 2049/2741/2350 2052/2745/2352
f 2051/2738/2347 2050/2742/2351 2052/2745/2352
f 2053/2746/2353 2054/2747/2354 2055/2748/2355
f 2054/2747/2354 2053/2746/2353 2058/2749/2356
f 2053/2746/2353 2055/2748/2355 2056/2750/2357
f 2053/2746/2353 2056/2750/2357 2057/2751/2358
f 2053/2746/2353 2057/2751/2358 2058/2749/2356
f 2054/2747/2354 2058/2749/2356 2063/2752/2359
f 2055/2748/2355 2054/2747/2354 2059/2753/2360
f 2056/2750/2357 2055/2748/2355 2060/2754/2361
f 2057/2751/2358 2056/2750/2357 2061/2755/2362
f 2058/2749/2356 2057/2751/2358 2062/2756/2363
f 2054/2747/2354 2063/2757/2359 2059/2753/2360
f 2055/2748/2355 2059/2753/2360 2060/2754/2361
f 2056/2750/2357 2060/2754/2361 2061/2755/2362
f 2057/2751/2358 2061/2755/2362 2062/2756/2363
f 2058/2749/2356 2062/2756/2363 2063/2752/2359
f 2059/2753/2360 2063/2757/2359 2064/2758/2364
f 2060/2754/2361 2059/2753/2360 2064/2758/2364
f 2061/2755/2362 2060/2754/2361 2064/2759/2364
f 2062/2756/2363 2061/2755/2362 2064/2759/2364
f 2063/2752/2359 2062/2756/2363 2064/2759/2364
f 2065/2760/2365 2066/2761/2366 2067/2762/2367
f 2066/2761/2366 2065/2760/2365 2070/2763/2368
f 2065/2760/2365 2067/2762/2367 2068/2764/2369
f 2065/2760/2365 2068/2764/2369 2069/2765/2370
f 2065/2760/2365 2069/2765/2370 2070/2763/2368
f 2066/2761/2366 2070/2763/2368 2075/2766/2371
f 2067/2762/2367 2066/2761/2366 2071/2767/2372
f 2068/2764/2369 2067/2762/2367 2072/2768/2373
f 2069/2765/2370 2068/2764/2369 2073/2769/2374
f 2070/2763/2368 2069/2765/2370 2074/2770/2375
f 2066/2761/2366 2075/2766/2371 2071/2767/2372
f 2067/2762/2367 2071/2767/2372 2072/2768/2373
f 2068/2764/2369 2072/2771/2373 2073/2769/2374
f 2069/2765/2370 2073/2769/2374 2074/2770/2375
f 2070/2763/2368 2074/2770/2375 2075/2766/2371
f 2071/2767/2372 2075/2766/2371 2076/2772/2376
f 2072/2768/2373 2071/2767/2372 2076/2772/2376
f 2073/2769/2374 2072/2771/2373 2076/2773/2376
f 2074/2770/2375 2073/2769/2374 2076/2773/2376
f 2075/2766/2371 2074/2770/2375 2076/2773/2376
f 2077/2774/2377 2078/2775/2378 2079/2776/2379
f 2078/2775/2378 2077/2774/2377 2082/2777/2380
f 2077/2774/2377 2079/2776/2379 2080/2778/2381
f 2077/2774/2377 2080/2779/2381 2081/2780/2382
f 2077/2774/2377 2081/2780/2382 2082/2777/2380
f 2078/2775/2378 2082/2777/2380 2087/2781/2383
f 2079/2776/2379 2078/2775/2378 2083/2782/2384
f 2080/2778/2381 2079/2776/2379 2084/2783/2385
f 2081/2780/2382 2080/2779/2381 2085/2784/2386
f 2082/2777/2380 2081/2780/2382 2086/2785/2387
f 2078/2775/2378 2087/2781/2383 2083/2782/2384
f 2079/2776/2379 2083/2782/2384 2084/2783/2385
f 2080/2779/2381 2084/2786/2385 2085/2784/2386
f 2081/2780/2382 2085/2784/2386 2086/2785/2387
f 2082/2777/2380 2086/2785/2387 2087/2781/2383
f 2083/2782/2384 2087/2781/2383 2088/2787/2388
f 2084/2783/2385 2083/2782/2384 2088/2787/2388
f 2085/2784/2386 2084/2786/2385 2088/2787/2388
f 2086/2785/2387 2085/2784/2386 2088/2787/2388
f 2087/2781/2383 2086/2785/2387 2088/2787/2388
f 2089/2788/2389 2090/2789/2390 2091/2790/2391
f 2090/2791/2390 2089/2788/2389 2094/2792/2392
f 2089/2788/2389 2091/2790/2391 2092/2793/2393
f 2089/2788/2389 2092/2793/2393 2093/2794/2394
f 2089/2788/2389 2093/2794/2394 2094/2792/2392
f 2090/2791/2390 2094/2792/2392 2099/2795/2395
f 2091/2790/2391 2090/2789/2390 2095/2796/2396
f 2092/2793/2393 2091/2790/2391 2096/2797/2397
f 2093/2794/2394 2092/2793/2393 2097/2798/2398
f 2094/2792/2392 2093/2794/2394 2098/2799/2399
f 2090/2789/2390 2099/2800/2395 2095/2796/2396
f 2091/2790/2391 2095/2796/2396 2096/2797/2397
f 2092/2793/2393 2096/2797/2397 2097/2798/2398
f 2093/2794/2394 2097/2798/2398 2098/2799/2399
f 2094/2792/2392 2098/2799/2399 2099/2795/2395
f 2095/2796/2396 2099/2800/2395 2100/2801/2400
f 2096/2797/2397 2095/2796/2396 2100/2801/2400
f 2097/2798/2398 2096/2797/2397 2100/2801/2400
f 2098/2799/2399 2097/2798/2398 2100/2801/2400
f 2099/2795/2395 2098/2799/2399 2100/2801/2400
f 1010/1568/1390 1016/1573/1395 2114/2802/1365 2113/2803/1360
f 1006/1564/1386 1012/1569/1391 2111/2804/1363 2109/2805/1358
f 1018/1576/1398 2112/2806/202 2108/2807/344 1020/1577/1399
f 1014/1572/1394 2106/2808/1349 2114/2802/1365 1016/1573/1395
f 1010/1568/1390 2113/2803/1360 2111/2804/1363 1012/1569/1391
f 1006/1564/1386 2109/2805/1358 2110/2809/203 1008/1565/1387
f 980/1553/1375 975/1554/1376 2101/2810/110 2103/2811/240
f 982/1552/1374 977/1551/1373 2105/2812/239 2104/2813/1350
f 1014/1572/1394 982/1552/1374 2104/2813/1350 2106/2808/1349
f 986/1555/1377 1020/1577/1399 2108/2807/344 2107/2814/256
f 984/1556/1378 986/1555/1377 2107/2814/256 2102/2815/111
f 977/1551/1373 980/1553/1375 2103/2811/240 2105/2812/239
f 1018/1576/1398 1008/1565/1387 2110/2809/203 2112/2806/202
f 975/1554/1376 984/1556/1378 2102/2815/111 2101/2810/110
f 2402/2058/1791 2408/2816/1795 2129/2817/1798 1371/2059/1792
f 1645/2411/2090 2126/2818/1777 2124/2819/1770 1639/2426/2105
f 1627/2421/2100 2120/2820/1606 2122/2821/1772 1643/2407/2086
f 1630/2402/2081 2121/2822/1769 2115/2823/1787 1625/2424/2103
f 1322/2030/1765 1344/1863/1604 2119/1862/1603 2118/2824/1781
f 1625/2424/2103 2115/2823/1787 2116/2825/1651 1619/2419/2098
f 1324/2028/1763 2132/2826/1784 2128/2827/1786 1319/2029/1764
f 1322/2030/1765 2118/2824/1781 2132/2826/1784 1324/2028/1763
f 1328/2031/1766 2130/2828/1663 2131/2829/1778 1331/2032/1767
f 1331/2032/1767 2131/2829/1778 2117/1913/1654 1329/1912/1653
f 1648/2408/2087 2127/2830/1775 2126/2818/1777 1645/2411/2090
f 1643/2407/2086 2122/2821/1772 2127/2830/1775 1648/2408/2087
f 1639/2428/2105 2124/2831/1770 2125/2832/1619 1634/2405/2084
f 1637/2401/2080 2123/2833/1622 2121/2822/1769 1630/2402/2081
f 2387/2057/1790 2393/2834/1660 2130/2828/1663 1328/2031/1766
f 1619/2419/2098 2116/2825/1651 2117/2046/1654 1655/2045/1780
f 1634/2405/2084 2125/2832/1619 2123/2833/1622 1637/2401/2080
f 1622/2056/1789 2119/2055/1603 2120/2820/1606 1627/2421/2100
f 2133/2835/2401 2134/2836/2402 2136/2837/2403 2135/2838/2404
f 2135/2838/2404 2136/2837/2403 2138/2839/2405 2137/2840/2406
f 2137/2841/2406 2138/2842/2405 2134/2843/2402 2133/2844/2401
f 2135/2838/2404 2137/2840/2406 2133/2835/2401
f 2138/2839/2405 2136/2837/2403 2134/2836/2402
f 2139/2845/2407 2140/2846/2408 2141/2847/2409
f 2140/2846/2408 2139/2845/2407 2144/2848/2410
f 2139/2845/2407 2141/2847/2409 2142/2849/2411
f 2139/2845/2407 2142/2849/2411 2143/2850/2412
f 2139/2845/2407 2143/2850/2412 2144/2848/2410
f 2140/2846/2408 2144/2848/2410 2149/2851/2413
f 2141/2847/2409 2140/2846/2408 2145/2852/2414
f 2142/2849/2411 2141/2847/2409 2146/2853/2415
f 2143/2850/2412 2142/2849/2411 2147/2854/2416
f 2144/2848/2410 2143/2850/2412 2148/2855/2417
f 2140/2846/2408 2149/2856/2413 2145/2852/2414
f 2141/2847/2409 2145/2852/2414 2146/2853/2415
f 2142/2849/2411 2146/2853/2415 2147/2854/2416
f 2143/2850/2412 2147/2854/2416 2148/2855/2417
f 2144/2848/2410 2148/2855/2417 2149/2851/2413
f 2145/2857/2414 2149/2851/2413 2150/2858/2418
f 2146/2853/2415 2145/2857/2414 2150/2858/2418
f 2147/2854/2416 2146/2853/2415 2150/2858/2418
f 2148/2855/2417 2147/2854/2416 2150/2858/2418
f 2149/2851/2413 2148/2855/2417 2150/2858/2418
f 2151/2859/2419 2152/2860/2420 2153/2861/2421
f 2152/2860/2420 2151/2859/2419 2156/2862/2422
f 2151/2859/2419 2153/2861/2421 2154/2863/2423
f 2151/2859/2419 2154/2863/2423 2155/2864/2424
f 2151/2859/2419 2155/2864/2424 2156/2862/2422
f 2152/2860/2420 2156/2862/2422 2161/2865/2425
f 2153/2861/2421 2152/2860/2420 2157/2866/2426
f 2154/2863/2423 2153/2861/2421 2158/2867/2427
f 2155/2864/2424 2154/2863/2423 2159/2868/2428
f 2156/2862/2422 2155/2864/2424 2160/2869/2429
f 2152/2860/2420 2161/2870/2425 2157/2866/2426
f 2153/2861/2421 2157/2866/2426 2158/2867/2427
f 2154/2863/2423 2158/2867/2427 2159/2868/2428
f 2155/2864/2424 2159/2868/2428 2160/2869/2429
f 2156/2862/2422 2160/2869/2429 2161/2865/2425
f 2157/2866/2426 2161/2870/2425 2162/2871/2430
f 2158/2867/2427 2157/2866/2426 2162/2871/2430
f 2159/2868/2428 2158/2867/2427 2162/2872/2430
f 2160/2869/2429 2159/2868/2428 2162/2872/2430
f 2161/2865/2425 2160/2869/2429 2162/2872/2430
f 2163/2873/2431 2164/2874/2432 2165/2875/2433
f 2164/2874/2432 2163/2873/2431 2168/2876/2434
f 2163/2873/2431 2165/2875/2433 2166/2877/2435
f 2163/2873/2431 2166/2877/2435 2167/2878/2436
f 2163/2873/2431 2167/2878/2436 2168/2876/2434
f 2164/2874/2432 2168/2876/2434 2173/2879/2437
f 2165/2875/2433 2164/2874/2432 2169/2880/2438
f 2166/2877/2435 2165/2875/2433 2170/2881/2439
f 2167/2878/2436 2166/2877/2435 2171/2882/2440
f 2168/2876/2434 2167/2878/2436 2172/2883/2441
f 2164/2874/2432 2173/2879/2437 2169/2880/2438
f 2165/2875/2433 2169/2880/2438 2170/2881/2439
f 2166/2877/2435 2170/2884/2439 2171/2882/2440
f 2167/2878/2436 2171/2882/2440 2172/2883/2441
f 2168/2876/2434 2172/2883/2441 2173/2879/2437
f 2169/2880/2438 2173/2879/2437 2174/2885/2442
f 2170/2881/2439 2169/2880/2438 2174/2885/2442
f 2171/2882/2440 2170/2884/2439 2174/2886/2442
f 2172/2883/2441 2171/2882/2440 2174/2886/2442
f 2173/2879/2437 2172/2883/2441 2174/2886/2442
f 2175/2887/2443 2176/2888/2444 2177/2889/2445
f 2176/2888/2444 2175/2887/2443 2180/2890/2446
f 2175/2887/2443 2177/2889/2445 2178/2891/2447
f 2175/2887/2443 2178/2892/2447 2179/2893/2448
f 2175/2887/2443 2179/2893/2448 2180/2890/2446
f 2176/2888/2444 2180/2890/2446 2185/2894/2449
f 2177/2889/2445 2176/2888/2444 2181/2895/2450
f 2178/2891/2447 2177/2889/2445 2182/2896/2451
f 2179/2893/2448 2178/2892/2447 2183/2897/2452
f 2180/2890/2446 2179/2893/2448 2184/2898/2453
f 2176/2888/2444 2185/2894/2449 2181/2895/2450
f 2177/2889/2445 2181/2895/2450 2182/2896/2451
f 2178/2892/2447 2182/2899/2451 2183/2897/2452
f 2179/2893/2448 2183/2897/2452 2184/2898/2453
f 2180/2890/2446 2184/2898/2453 2185/2894/2449
f 2181/2895/2450 2185/2894/2449 2186/2900/2454
f 2182/2896/2451 2181/2895/2450 2186/2900/2454
f 2183/2897/2452 2182/2899/2451 2186/2900/2454
f 2184/2898/2453 2183/2897/2452 2186/2900/2454
f 2185/2894/2449 2184/2898/2453 2186/2900/2454
f 2187/2901/2455 2188/2902/2456 2189/2903/2457
f 2188/2904/2456 2187/2901/2455 2192/2905/2458
f 2187/2901/2455 2189/2903/2457 2190/2906/2459
f 2187/2901/2455 2190/2906/2459 2191/2907/2460
f 2187/2901/2455 2191/2907/2460 2192/2905/2458
f 2188/2904/2456 2192/2905/2458 2197/2908/2461
f 2189/2903/2457 2188/2902/2456 2193/2909/2462
f 2190/2906/2459 2189/2903/2457 2194/2910/2463
f 2191/2907/2460 2190/2906/2459 2195/2911/2464
f 2192/2905/2458 2191/2907/2460 2196/2912/2465
f 2188/2902/2456 2197/2913/2461 2193/2909/2462
f 2189/2903/2457 2193/2909/2462 2194/2910/2463
f 2190/2906/2459 2194/2910/2463 2195/2911/2464
f 2191/2907/2460 2195/2911/2464 2196/2912/2465
f 2192/2905/2458 2196/2912/2465 2197/2908/2461
f 2193/2909/2462 2197/2913/2461 2198/2914/2466
f 2194/2910/2463 2193/2909/2462 2198/2914/2466
f 2195/2911/2464 2194/2910/2463 2198/2914/2466
f 2196/2912/2465 2195/2911/2464 2198/2914/2466
f 2197/2908/2461 2196/2912/2465 2198/2914/2466
f 2199/2915/2467 2200/2916/2468 2202/2917/2469 2201/2918/2470
f 2201/2918/2470 2202/2917/2469 2204/2919/2471 2203/2920/2472
f 2203/2921/2472 2204/2922/2471 2200/2923/2468 2199/2924/2467
f 2201/2918/2470 2203/2920/2472 2199/2915/2467
f 2204/2919/2471 2202/2917/2469 2200/2916/2468
f 2205/2925/2473 2206/2926/2474 2207/2927/2475
f 2206/2926/2474 2205/2925/2473 2210/2928/2476
f 2205/2925/2473 2207/2927/2475 2208/2929/2477
f 2205/2925/2473 2208/2929/2477 2209/2930/2478
f 2205/2925/2473 2209/2930/2478 2210/2928/2476
f 2206/2926/2474 2210/2928/2476 2215/2931/2479
f 2207/2927/2475 2206/2926/2474 2211/2932/2480
f 2208/2929/2477 2207/2927/2475 2212/2933/2481
f 2209/2930/2478 2208/2929/2477 2213/2934/2482
f 2210/2928/2476 2209/2930/2478 2214/2935/2483
f 2206/2926/2474 2215/2936/2479 2211/2932/2480
f 2207/2927/2475 2211/2932/2480 2212/2933/2481
f 2208/2929/2477 2212/2933/2481 2213/2934/2482
f 2209/2930/2478 2213/2934/2482 2214/2935/2483
f 2210/2928/2476 2214/2935/2483 2215/2931/2479
f 2211/2937/2480 2215/2931/2479 2216/2938/2484
f 2212/2933/2481 2211/2937/2480 2216/2938/2484
f 2213/2934/2482 2212/2933/2481 2216/2938/2484
f 2214/2935/2483 2213/2934/2482 2216/2938/2484
f 2215/2931/2479 2214/2935/2483 2216/2938/2484
f 2217/2939/2485 2218/2940/2486 2219/2941/2487
f 2218/2940/2486 2217/2939/2485 2222/2942/2488
f 2217/2939/2485 2219/2941/2487 2220/2943/2489
f 2217/2939/2485 2220/2943/2489 2221/2944/2490
f 2217/2939/2485 2221/2944/2490 2222/2942/2488
f 2218/2940/2486 2222/2942/2488 2227/2945/2491
f 2219/2941/2487 2218/2940/2486 2223/2946/2492
f 2220/2943/2489 2219/2941/2487 2224/2947/2493
f 2221/2944/2490 2220/2943/2489 2225/2948/2494
f 2222/2942/2488 2221/2944/2490 2226/2949/2495
f 2218/2940/2486 2227/2950/2491 2223/2946/2492
f 2219/2941/2487 2223/2946/2492 2224/2947/2493
f 2220/2943/2489 2224/2947/2493 2225/2948/2494
f 2221/2944/2490 2225/2948/2494 2226/2949/2495
f 2222/2942/2488 2226/2949/2495 2227/2945/2491
f 2223/2946/2492 2227/2950/2491 2228/2951/2496
f 2224/2947/2493 2223/2946/2492 2228/2951/2496
f 2225/2948/2494 2224/2947/2493 2228/2952/2496
f 2226/2949/2495 2225/2948/2494 2228/2952/2496
f 2227/2945/2491 2226/2949/2495 2228/2952/2496
f 2229/2953/2497 2230/2954/2498 2231/2955/2499
f 2230/2954/2498 2229/2953/2497 2234/2956/2500
f 2229/2953/2497 2231/2955/2499 2232/2957/2501
f 2229/2953/2497 2232/2957/2501 2233/2958/2502
f 2229/2953/2497 2233/2958/2502 2234/2956/2500
f 2230/2954/2498 2234/2956/2500 2239/2959/2503
f 2231/2955/2499 2230/2954/2498 2235/2960/2504
f 2232/2957/2501 2231/2955/2499 2236/2961/2505
f 2233/2958/2502 2232/2957/2501 2237/2962/2506
f 2234/2956/2500 2233/2958/2502 2238/2963/2507
f 2230/2954/2498 2239/2959/2503 2235/2960/2504
f 2231/2955/2499 2235/2960/2504 2236/2961/2505
f 2232/2957/2501 2236/2964/2505 2237/2962/2506
f 2233/2958/2502 2237/2962/2506 2238/2963/2507
f 2234/2956/2500 2238/2963/2507 2239/2959/2503
f 2235/2960/2504 2239/2959/2503 2240/2965/2508
f 2236/2961/2505 2235/2960/2504 2240/2965/2508
f 2237/2962/2506 2236/2964/2505 2240/2966/2508
f 2238/2963/2507 2237/2962/2506 2240/2966/2508
f 2239/2959/2503 2238/2963/2507 2240/2966/2508
f 2241/2967/2509 2242/2968/2510 2243/2969/2511
f 2242/2968/2510 2241/2967/2509 2246/2970/2512
f 2241/2967/2509 2243/2969/2511 2244/2971/2513
f 2241/2967/2509 2244/2972/2513 2245/2973/2514
f 2241/2967/2509 2245/2973/2514 2246/2970/2512
f 2242/2968/2510 2246/2970/2512 2251/2974/2515
f 2243/2969/2511 2242/2968/2510 2247/2975/2516
f 2244/2971/2513 2243/2969/2511 2248/2976/2517
f 2245/2973/2514 2244/2972/2513 2249/2977/2518
f 2246/2970/2512 2245/2973/2514 2250/2978/2519
f 2242/2968/2510 2251/2974/2515 2247/2975/2516
f 2243/2969/2511 2247/2975/2516 2248/2976/2517
f 2244/2972/2513 2248/2979/2517 2249/2977/2518
f 2245/2973/2514 2249/2977/2518 2250/2978/2519
f 2246/2970/2512 2250/2978/2519 2251/2974/2515
f 2247/2975/2516 2251/2974/2515 2252/2980/2520
f 2248/2976/2517 2247/2975/2516 2252/2980/2520
f 2249/2977/2518 2248/2979/2517 2252/2980/2520
f 2250/2978/2519 2249/2977/2518 2252/2980/2520
f 2251/2974/2515 2250/2978/2519 2252/2980/2520
f 2253/2981/2521 2254/2982/2522 2255/2983/2523
f 2254/2984/2522 2253/2981/2521 2258/2985/2524
f 2253/2981/2521 2255/2983/2523 2256/2986/2525
f 2253/2981/2521 2256/2986/2525 2257/2987/2526
f 2253/2981/2521 2257/2987/2526 2258/2985/2524
f 2254/2984/2522 2258/2985/2524 2263/2988/2527
f 2255/2983/2523 2254/2982/2522 2259/2989/2528
f 2256/2986/2525 2255/2983/2523 2260/2990/2529
f 2257/2987/2526 2256/2986/2525 2261/2991/2530
f 2258/2985/2524 2257/2987/2526 2262/2992/2531
f 2254/2982/2522 2263/2993/2527 2259/2989/2528
f 2255/2983/2523 2259/2989/2528 2260/2990/2529
f 2256/2986/2525 2260/2990/2529 2261/2991/2530
f 2257/2987/2526 2261/2991/2530 2262/2992/2531
f 2258/2985/2524 2262/2992/2531 2263/2988/2527
f 2259/2989/2528 2263/2993/2527 2264/2994/2532
f 2260/2990/2529 2259/2989/2528 2264/2994/2532
f 2261/2991/2530 2260/2990/2529 2264/2994/2532
f 2262/2992/2531 2261/2991/2530 2264/2994/2532
f 2263/2988/2527 2262/2992/2531 2264/2994/2532
f 2265/2995/2533 2266/2996/2534 2268/2997/2535 2267/2998/2536
f 2267/2998/2536 2268/2997/2535 2270/2999/2537 2269/3000/2538
f 2269/3001/2538 2270/3002/2537 2266/3003/2534 2265/3004/2533
f 2267/2998/2536 2269/3000/2538 2265/2995/2533
f 2270/2999/2537 2268/2997/2535 2266/2996/2534
f 2271/3005/2539 2272/3006/2540 2273/3007/2541
f 2272/3006/2540 2271/3005/2539 2276/3008/2542
f 2271/3005/2539 2273/3007/2541 2274/3009/2543
f 2271/3005/2539 2274/3009/2543 2275/3010/2544
f 2271/3005/2539 2275/3010/2544 2276/3008/2542
f 2272/3006/2540 2276/3008/2542 2281/3011/2545
f 2273/3007/2541 2272/3006/2540 2277/3012/2546
f 2274/3009/2543 2273/3007/2541 2278/3013/2547
f 2275/3010/2544 2274/3009/2543 2279/3014/2548
f 2276/3008/2542 2275/3010/2544 2280/3015/2549
f 2272/3006/2540 2281/3016/2545 2277/3012/2546
f 2273/3007/2541 2277/3012/2546 2278/3013/2547
f 2274/3009/2543 2278/3013/2547 2279/3014/2548
f 2275/3010/2544 2279/3014/2548 2280/3015/2549
f 2276/3008/2542 2280/3015/2549 2281/3011/2545
f 2277/3017/2546 2281/3011/2545 2282/3018/2550
f 2278/3013/2547 2277/3017/2546 2282/3018/2550
f 2279/3014/2548 2278/3013/2547 2282/3018/2550
f 2280/3015/2549 2279/3014/2548 2282/3018/2550
f 2281/3011/2545 2280/3015/2549 2282/3018/2550
f 2283/3019/2551 2284/3020/2552 2285/3021/2553
f 2284/3020/2552 2283/3019/2551 2288/3022/2554
f 2283/3019/2551 2285/3021/2553 2286/3023/2555
f 2283/3019/2551 2286/3023/2555 2287/3024/2556
f 2283/3019/2551 2287/3024/2556 2288/3022/2554
f 2284/3020/2552 2288/3022/2554 2293/3025/2557
f 2285/3021/2553 2284/3020/2552 2289/3026/2558
f 2286/3023/2555 2285/3021/2553 2290/3027/2559
f 2287/3024/2556 2286/3023/2555 2291/3028/2560
f 2288/3022/2554 2287/3024/2556 2292/3029/2561
f 2284/3020/2552 2293/3030/2557 2289/3026/2558
f 2285/3021/2553 2289/3026/2558 2290/3027/2559
f 2286/3023/2555 2290/3027/2559 2291/3028/2560
f 2287/3024/2556 2291/3028/2560 2292/3029/2561
f 2288/3022/2554 2292/3029/2561 2293/3025/2557
f 2289/3026/2558 2293/3030/2557 2294/3031/2562
f 2290/3027/2559 2289/3026/2558 2294/3031/2562
f 2291/3028/2560 2290/3027/2559 2294/3032/2562
f 2292/3029/2561 2291/3028/2560 2294/3032/2562
f 2293/3025/2557 2292/3029/2561 2294/3032/2562
f 2295/3033/2563 2296/3034/2564 2297/3035/2565
f 2296/3034/2564 2295/3033/2563 2300/3036/2566
f 2295/3033/2563 2297/3035/2565 2298/3037/2567
f 2295/3033/2563 2298/3037/2567 2299/3038/2568
f 2295/3033/2563 2299/3038/2568 2300/3036/2566
f 2296/3034/2564 2300/3036/2566 2305/3039/2569
f 2297/3035/2565 2296/3034/2564 2301/3040/2570
f 2298/3037/2567 2297/3035/2565 2302/3041/2571
f 2299/3038/2568 2298/3037/2567 2303/3042/2572
f 2300/3036/2566 2299/3038/2568 2304/3043/2573
f 2296/3034/2564 2305/3039/2569 2301/3040/2570
f 2297/3035/2565 2301/3040/2570 2302/3041/2571
f 2298/3037/2567 2302/3044/2571 2303/3042/2572
f 2299/3038/2568 2303/3042/2572 2304/3043/2573
f 2300/3036/2566 2304/3043/2573 2305/3039/2569
f 2301/3040/2570 2305/3039/2569 2306/3045/2574
f 2302/3041/2571 2301/3040/2570 2306/3045/2574
f 2303/3042/2572 2302/3044/2571 2306/3046/2574
f 2304/3043/2573 2303/3042/2572 2306/3046/2574
f 2305/3039/2569 2304/3043/2573 2306/3046/2574
f 2307/3047/2575 2308/3048/2576 2309/3049/2577
f 2308/3048/2576 2307/3047/2575 2312/3050/2578
f 2307/3047/2575 2309/3049/2577 2310/3051/2579
f 2307/3047/2575 2310/3052/2579 2311/3053/2580
f 2307/3047/2575 2311/3053/2580 2312/3050/2578
f 2308/3048/2576 2312/3050/2578 2317/3054/2581
f 2309/3049/2577 2308/3048/2576 2313/3055/2582
f 2310/3051/2579 2309/3049/2577 2314/3056/2583
f 2311/3053/2580 2310/3052/2579 2315/3057/2584
f 2312/3050/2578 2311/3053/2580 2316/3058/2585
f 2308/3048/2576 2317/3054/2581 2313/3055/2582
f 2309/3049/2577 2313/3055/2582 2314/3056/2583
f 2310/3052/2579 2314/3059/2583 2315/3057/2584
f 2311/3053/2580 2315/3057/2584 2316/3058/2585
f 2312/3050/2578 2316/3058/2585 2317/3054/2581
f 2313/3055/2582 2317/3054/2581 2318/3060/2586
f 2314/3056/2583 2313/3055/2582 2318/3060/2586
f 2315/3057/2584 2314/3059/2583 2318/3060/2586
f 2316/3058/2585 2315/3057/2584 2318/3060/2586
f 2317/3054/2581 2316/3058/2585 2318/3060/2586
f 2319/3061/2587 2320/3062/2588 2321/3063/2589
f 2320/3064/2588 2319/3061/2587 2324/3065/2590
f 2319/3061/2587 2321/3063/2589 2322/3066/2591
f 2319/3061/2587 2322/3066/2591 2323/3067/2592
f 2319/3061/2587 2323/3067/2592 2324/3065/2590
f 2320/3064/2588 2324/3065/2590 2329/3068/2593
f 2321/3063/2589 2320/3062/2588 2325/3069/2594
f 2322/3066/2591 2321/3063/2589 2326/3070/2595
f 2323/3067/2592 2322/3066/2591 2327/3071/2596
f 2324/3065/2590 2323/3067/2592 2328/3072/2597
f 2320/3062/2588 2329/3073/2593 2325/3069/2594
f 2321/3063/2589 2325/3069/2594 2326/3070/2595
f 2322/3066/2591 2326/3070/2595 2327/3071/2596
f 2323/3067/2592 2327/3071/2596 2328/3072/2597
f 2324/3065/2590 2328/3072/2597 2329/3068/2593
f 2325/3069/2594 2329/3073/2593 2330/3074/2598
f 2326/3070/2595 2325/3069/2594 2330/3074/2598
f 2327/3071/2596 2326/3070/2595 2330/3074/2598
f 2328/3072/2597 2327/3071/2596 2330/3074/2598
f 2329/3068/2593 2328/3072/2597 2330/3074/2598
f 2331/3075/2599 2332/3076/2600 2334/3077/2601 2333/3078/2602
f 2333/3078/2602 2334/3077/2601 2336/3079/2603 2335/3080/2604
f 2335/3081/2604 2336/3082/2603 2332/3083/2600 2331/3084/2599
f 2333/3078/2602 2335/3080/2604 2331/3075/2599
f 2336/3079/2603 2334/3077/2601 2332/3076/2600
f 2337/3085/2605 2338/3086/2606 2340/3087/2607 2339/3088/2608
f 2339/3088/2608 2340/3087/2607 2342/3089/2609 2341/3090/2610
f 2341/3091/2610 2342/3092/2609 2338/3093/2606 2337/3094/2605
f 2339/3088/2608 2341/3090/2610 2337/3085/2605
f 2342/3089/2609 2340/3087/2607 2338/3086/2606
f 2343/3095/2611 2344/3096/2612 2346/3097/2613 2345/3098/2614
f 2345/3098/2614 2346/3097/2613 2348/3099/2615 2347/3100/2616
f 2347/3101/2616 2348/3102/2615 2344/3103/2612 2343/3104/2611
f 2345/3098/2614 2347/3100/2616 2343/3095/2611
f 2348/3099/2615 2346/3097/2613 2344/3096/2612
f 2349/3105/2617 2350/3106/2618 2352/3107/2619 2351/3108/2620
f 2351/3108/2620 2352/3107/2619 2354/3109/2621 2353/3110/2622
f 2353/3111/2622 2354/3112/2621 2350/3113/2618 2349/3114/2617
f 2351/3108/2620 2353/3110/2622 2349/3105/2617
f 2354/3109/2621 2352/3107/2619 2350/3106/2618
f 1378/2143/1870 2355/1951/1688 2366/2544/2175 1864/2541/2172
f 1864/2541/2172 2366/2544/2175 2365/2106/1835 1842/2115/1844
f 1782/2520/2160 2363/2523/2163 2364/1948/1685 1781/2142/1869
f 1780/1965/1702 2362/1964/1701 2363/2522/2163 1782/2517/2160
f 1737/2468/2130 2360/2496/2149 2361/2107/1836 1736/2105/1834
f 1735/2025/1762 2359/2079/1810 2360/2496/2149 1737/2468/2130
f 1704/2480/2138 2357/2477/2137 2358/1967/1704 1702/1966/1703
f 1703/2479/1819 2356/2476/1809 2357/2477/2137 1704/2480/2138
f 1842/2115/1844 2365/2106/1835 2361/2107/1836 1706/2116/1845
f 1703/2088/1819 1705/2087/1818 2359/2079/1810 2356/2078/1809
f 1822/2071/1802 2362/1964/1701 2358/1967/1704 1732/2072/1803
f 1781/2142/1869 2364/1948/1685 2355/1951/1688 1378/2143/1870
f 1373/2148/1875 2367/2144/1871 2378/2540/2171 1863/2553/2184
f 1863/2553/2184 2378/2540/2171 2377/2114/1843 1840/2068/1799
f 1833/2537/2168 2375/2519/2161 2376/2141/1868 1831/2147/1874
f 1832/2005/1742 2374/2004/1741 2375/2518/2161 1833/2536/2168
f 1707/2495/2148 2372/2497/2150 2373/2117/1846 1706/2116/1845
f 1705/2087/1818 2371/2086/1817 2372/2497/2150 1707/2495/2148
f 1698/2436/2110 2369/2481/2139 2370/2007/1744 1697/2006/1743
f 1696/2435/1750 2368/2478/1816 2369/2481/2139 1698/2436/2110
f 1831/2147/1874 2376/2141/1868 2367/2144/1871 1373/2148/1875
f 1840/2068/1799 2377/2114/1843 2373/2117/1846 1699/2069/1800
f 1696/2013/1750 1700/2012/1749 2371/2086/1817 2368/2085/1816
f 1780/1965/1702 2374/2004/1741 2370/2007/1744 1702/1966/1703
f 1371/3115/1792 2129/3116/1798 2393/2834/1660 2387/2057/1790
f 1659/2415/2094 2391/2432/2108 2392/1935/1674 1658/1943/1680
f 1657/1921/1662 2390/1920/1661 2391/2432/2108 1659/2415/2094
f 1371/3115/1792 2387/2057/1790 2388/360/337 1370/3117/1598
f 1310/1903/1644 2385/1900/1641 2386/1523/1345 1308/186/172
f 1658/1943/1680 2392/1935/1674 2389/1897/1638 1365/1902/1643
f 2129/3118/1798 1651/2430/1797 2390/1920/1661 2393/1919/1660
f 1317/3119/1599 2383/363/340 2384/414/389 1316/413/388
f 1365/1902/1643 2389/1897/1638 2385/1900/1641 1310/1903/1644
f 68/116/116 1308/186/172 2386/1523/1345 2380/175/164
f 321/584/550 2381/640/587 2382/411/386 337/583/549
f 337/583/549 2382/411/386 2384/414/389 1272/653/597
f 1370/3117/1598 2388/360/337 2383/363/340 1317/3119/1599
f 52/117/117 68/116/116 2380/175/164 2379/174/163
f 1319/2029/1764 2128/2827/1786 2408/2816/1795 2402/2058/1791
f 1653/3120/2107 2406/2433/2109 2407/2063/1794 1652/3121/1675
f 1651/2066/1797 2405/2065/1796 2406/2433/2109 1653/3120/2107
f 2128/2052/1786 1667/2051/1785 2405/2065/1796 2408/2064/1795
f 1652/3121/1675 2407/2063/1794 2404/1940/1677 1363/3122/1639
f 1319/2029/1764 2402/2058/1791 2403/1856/1597 1320/1942/1679
f 1307/3123/1640 2400/1941/1678 2401/187/173 1306/3124/1346
f 1363/3122/1639 2404/1940/1677 2400/1941/1678 1307/3123/1640
f 1265/1861/1602 2398/1859/1600 2399/1851/1592 1264/652/596
f 1320/1942/1679 2403/1856/1597 2398/1859/1600 1265/1861/1602
f 338/3125/387 2397/643/590 2399/1851/1592 1316/1923/388
f 323/3126/588 2396/642/589 2397/643/590 338/3125/387
f 69/3127/165 1306/3124/1346 2401/187/173 2395/179/168
f 54/3128/166 69/3127/165 2395/179/168 2394/178/167
f 2410/460/435 2415/462/437 2444/461/436
f 2411/3129/2623 2472/1358/1227 2412/3130/2624 2453/3131/2625
f 248/3132/2626 2899/3133/2627 273/3134/2628 2442/3135/2629
f 2409/3136/2630 2411/3129/2623 2453/3137/2625 2451/3138/2631
f 2414/1356/1226 690/1355/1225 601/3139/2632
f 680/3140/2633 682/499/474 2443/3141/2634
f 3446/1338/1218 664/1337/1217 2901/3142/2635 2900/3143/2636
f 2666/3144/2637 2426/3145/2638 2489/3146/2639 2488/3147/2640
f 669/1359/1228 2417/3148/2641 2486/3149/2642 2482/3150/2643
f 2602/3151/2644 2992/3152/2645 2722/3153/2646 2723/3154/2647
f 2629/3155/2648 2630/3156/2649 2727/3157/2650 2726/3158/2651
f 581/3159/2652 2596/3160/2653 2669/3161/2654 2658/3162/2655
f 2484/3163/2656 2438/3164/2657 2495/3165/2658
f 668/3166/2659 669/1359/1228 2482/3150/2643 2481/3167/2660
f 2430/3168/2661 681/1362/1231 2483/3169/2662 2492/3170/2663
f 2427/3171/2664 2429/3172/2665 2491/3173/2666 2490/3174/2667
f 2426/3145/2638 2666/3144/2637 2730/3175/2668 2717/3176/2669
f 2430/3168/2661 2492/3170/2663 2733/3177/2670 612/3178/2671
f 2492/3170/2663 2493/3179/2672 2734/3180/2673 2733/3177/2670
f 2472/1358/1227 2411/3129/2623 2471/3181/2674
f 2438/3164/2657 668/3166/2659 2481/3167/2660 2495/3165/2658
f 2556/3182/2675 2497/3183/2676 2496/3184/2677 2480/3185/2678
f 571/3186/1239 2434/3187/1238 2548/3188/2679 2532/3189/2680
f 2418/1216/1110 2421/3190/2681 2543/3191/2682 2542/1217/1111
f 2436/3192/2683 2433/3193/2684 2547/3194/2685 2550/3195/2686
f 2441/1361/1230 2439/1360/1229 2440/3196/2687 2448/3197/2688 2443/3141/2634 682/499/474 2444/461/436 2445/3198/2689
f 2416/437/412 2665/3199/2690 2487/3200/2691 2485/3201/2692
f 2444/461/436 2447/3202/2693 2446/3203/2694 2445/3198/2689
f 668/3166/2659 2438/3164/2657 2448/3197/2688 2440/3196/2687
f 2412/3130/2624 2472/1358/1227 2441/1361/1230 2445/3198/2689
f 2444/461/436 2415/462/437 2447/3202/2693
f 2413/3204/2695 2412/3130/2624 2445/3198/2689 2446/3203/2694
f 2415/462/437 2413/3204/2695 2446/3203/2694 2447/3202/2693
f 669/1359/1228 668/3166/2659 2440/3196/2687 2439/1360/1229
f 2450/3205/2696 2454/3206/2697 2455/3207/2698 2415/462/437 2457/521/496 2449/3208/2699
f 2438/3164/2657 680/3140/2633 2443/3141/2634 2448/3197/2688
f 2452/3209/2700 2451/3138/2631 2450/3205/2696 2449/3208/2699
f 2451/3138/2631 2453/3137/2625 2450/3205/2696
f 601/3210/2632 690/3211/1225 2452/3212/2700 2449/3213/2699
f 2412/3130/2624 2413/3204/2695 2455/3207/2698 2454/3206/2697
f 2410/460/435 3972/459/434 2902/463/438
f 2413/3204/2695 2415/462/437 2455/3207/2698
f 690/3211/1225 2409/3214/2630 2451/3215/2631 2452/3212/2700
f 664/1337/1217 2414/1356/1226 2903/3216/2701 2901/3142/2635
f 2414/3217/1226 601/3139/2632 2449/3208/2699 2457/521/496
f 2453/3131/2625 2412/3130/2624 2454/3206/2697 2450/3205/2696
f 2458/3218/2702 2468/3219/2703 2565/3220/2704 2561/3221/2705
f 2435/3222/2706 2462/3223/2707 2436/3224/2683
f 2468/3225/2703 2458/3226/2702 2568/3227/2708 2573/3228/2709
f 2497/3183/2676 2467/3229/2710 2648/3230/2711 2652/3231/2712
f 2509/3232/2713 2510/3233/2714 2583/3234/2715 2582/3235/2716
f 2463/3236/2717 2468/3219/2703 2649/3237/2718 2610/3238/2719
f 2432/3239/2720 2437/3240/2721 2560/3241/2722 2557/3242/2723
f 2460/3243/2724 2458/3218/2702 2561/3221/2705 2562/3244/2725
f 2468/3225/2703 2470/3245/1094 2651/3246/1097 2649/3247/2718
f 2469/3248/2726 2463/3236/2717 2610/3238/2719 2650/3249/2727
f 2471/3181/2674 2474/3250/2728 2459/3251/2729 2472/1358/1227
f 2476/3252/2730 2477/3253/2731 2456/3254/2732 2479/3255/2733
f 2474/3250/2728 2496/3184/2677 2478/3256/2734 2461/439/414
f 2421/3190/2681 2418/1216/1110 2475/3257/2735 2476/3252/2730
f 2409/3136/2630 690/3258/1225 2452/3209/2700 2456/3254/2732
f 2418/1216/1110 2424/1215/1109 2477/3253/2731 2475/3257/2735
f 2424/1215/1109 2556/3182/2675 2480/3185/2678 2477/3253/2731
f 669/1359/1228 2472/1358/1227 2459/3251/2729
f 2411/3129/2623 2409/3136/2630 2456/3254/2732 2471/3181/2674
f 2612/3259/2736 613/436/411 2461/439/414 2478/3256/2734
f 2431/3260/2737 2421/3190/2681 2476/3252/2730 2479/3255/2733
f 2417/3148/2641 669/1359/1228 2459/3251/2729 2474/3250/2728
f 2416/437/412 2417/3148/2641 2474/3250/2728 2473/438/413
f 2493/3179/2672 2494/3261/2738 2490/3174/2667 2491/3173/2666
f 2482/3150/2643 2486/3149/2642 2485/3201/2692 2484/3163/2656 2481/3167/2660
f 2488/3147/2640 2489/3146/2639 2490/3174/2667 2494/3261/2738 2487/3200/2691
f 2485/3201/2692 2494/3261/2738 2493/3179/2672 2484/3163/2656
f 2484/3163/2656 2492/3170/2663 2483/3169/2662
f 2487/3200/2691 2494/3261/2738 2485/3201/2692
f 2429/3172/2665 2425/3262/2739 2428/3263/2740 2423/3264/2741
f 2484/3163/2656 2493/3179/2672 2492/3170/2663
f 2495/3165/2658 2481/3167/2660 2484/3163/2656
f 681/1362/1231 2484/3163/2656 2483/3169/2662
f 2417/3148/2641 2416/437/412 2485/3201/2692 2486/3149/2642
f 2665/3199/2690 2666/3144/2637 2488/3147/2640 2487/3200/2691
f 2426/3145/2638 2427/3171/2664 2490/3174/2667 2489/3146/2639
f 2461/439/414 2473/438/413 2474/3250/2728
f 2467/3229/2710 2497/3183/2676 2556/3182/2675
f 2496/3184/2677 2497/3183/2676 2612/3259/2736 2478/3256/2734
f 2474/3250/2728 2471/3181/2674 2456/3254/2732 2477/3253/2731 2480/3185/2678 2496/3184/2677
f 682/499/474 2499/3265/2742 2502/3266/2743 2501/3267/2744 2498/500/475
f 2501/3267/2744 2500/1363/1232 2735/1044/946 2498/500/475
f 680/3140/2633 2438/3164/2657 2502/3266/2743 2499/3265/2742
f 682/499/474 680/3140/2633 2499/3265/2742
f 2438/3164/2657 2484/3163/2656 2501/3267/2744 2502/3266/2743
f 2484/3163/2656 681/1362/1231 2500/1363/1232 2501/3267/2744
f 2585/3268/2745 2503/3269/2746 591/3270/1237
f 591/3271/1237 243/3272/1222 2584/3273/2747
f 2503/3269/2746 2465/3274/2748 591/3270/1237
f 2434/3275/1238 2465/3276/2748 2555/3277/2749
f 2585/3278/2745 2504/3279/2750 2577/3280/2751 2576/3281/2752
f 2470/1199/1094 2505/3282/2753 2506/3283/2754 2466/1200/1095
f 2458/3226/2702 2460/3284/2724 2569/3285/2755 2568/3227/2708
f 2504/3286/2750 584/3287/2756 2567/3288/2757 2577/3289/2751
f 2516/3290/2758 2517/3291/2759 2705/3292/2760 2704/3293/2761
f 2514/453/428 2520/452/427 2709/3294/2762 2702/3295/2763
f 2515/3296/2764 2513/1176/1071 2678/3297/2765 2703/3298/2766
f 2507/1147/1042 2701/3299/2767 2699/3300/2768
f 2512/3301/2769 2510/3302/2714 2588/3303/2770 2590/3304/2771
f 2512/3301/2769 3133/3305/2772 2708/3306/2773 2685/3307/2774
f 659/1342/1220 3138/1341/1219 3140/3308/2775 3128/3309/2776
f 2676/3310/2777 2673/3311/2778 3156/3312/2779 3158/3313/2780
f 2518/1144/1039 2517/3291/2759 3148/3314/2781 3149/3315/2782
f 2505/3316/2753 2508/1148/1043 3069/3317/2783 3066/3318/2784
f 2508/1148/1043 2507/1147/1042 3068/3319/2785 3069/3317/2783
f 3153/3320/2786 2673/3311/2778 3082/3321/2787 3072/3322/2788
f 2530/3323/2789 2531/3324/2790 3080/3325/2791 3079/3326/2792
f 2524/3327/2793 2533/3328/2794 3081/3329/2795 3073/3330/2796
f 2695/3331/2797 2692/1110/1005 3062/1113/1008 3065/3332/2798
f 2529/3333/2799 2530/3323/2789 3079/3326/2792 3078/3334/2800
f 2540/3335/2801 2544/1218/1112 2542/1217/1111 2543/3191/2682 2431/3260/2737 2541/3336/2802 2532/3337/2680
f 2416/437/412 613/436/411 2660/3338/2803 2661/3339/2804
f 2602/3151/2644 2997/3340/2805 3019/3341/2806
f 2597/3342/2807 2596/3160/2653 3014/3343/2808 3015/3344/2809
f 2536/3345/2810 2538/3346/2811 3060/3347/2812 3059/3348/2813
f 2533/3328/2794 2539/3349/2814 2657/3350/2815 2653/3351/2816
f 2693/3352/2817 2695/3331/2797 3065/3332/2798 3063/3353/2818
f 2532/3337/2680 2548/3354/2679 2549/3355/2819 2550/3356/2686 2547/3357/2685 2540/3335/2801
f 2546/3358/2820 2545/3359/2821 2544/1218/1112 2540/3335/2801
f 2547/3357/2685 2551/3360/2822 2546/3358/2820 2540/3335/2801
f 2432/3239/2720 2556/3182/2675 2545/3359/2821 2546/3358/2820
f 690/3211/1225 571/3186/1239 2532/3189/2680 2541/3361/2802
f 2556/3182/2675 2424/1215/1109 2544/1218/1112 2545/3359/2821
f 2421/3190/2681 2431/3260/2737 2543/3191/2682
f 2433/3193/2684 2437/3362/2721 2551/3363/2822 2547/3194/2685
f 2437/3240/2721 2432/3239/2720 2546/3358/2820 2551/3360/2822
f 2434/3187/1238 2435/3364/2706 2549/3365/2819 2548/3188/2679
f 2431/3366/2737 690/3367/1225 2541/3368/2802
f 2435/3364/2706 2436/3192/2683 2550/3195/2686 2549/3365/2819
f 2434/1377/1238 591/3270/1237 2465/3369/2748
f 685/1378/1048 2434/1377/1238 571/1380/1239
f 2555/3370/2749 2554/3371/2823 2553/3372/2824 2552/3373/2825 2434/3374/1238
f 2435/3222/2706 2434/3375/1238 2552/3373/2825
f 2465/3274/2748 2464/3376/2826 2554/3371/2823 2555/3370/2749
f 2462/3223/2707 2435/3222/2706 2552/3373/2825 2553/3372/2824
f 2464/3376/2826 2462/3223/2707 2553/3372/2824 2554/3371/2823
f 2559/3377/2827 2562/3244/2725 2561/3221/2705 2558/3378/2828
f 2561/3221/2705 2565/3220/2704 2563/3379/2829 2566/3380/2830 2557/3242/2723 2560/3241/2722 2558/3378/2828
f 2566/3380/2830 2564/3381/2831 2556/3182/2675 2557/3242/2723
f 2469/3248/2726 2467/3229/2710 2564/3381/2831 2566/3380/2830
f 2463/3236/2717 2469/3248/2726 2566/3380/2830 2563/3379/2829
f 2468/3219/2703 2463/3236/2717 2563/3379/2829 2565/3220/2704
f 2433/3193/2684 2436/3192/2683 2559/3382/2827 2558/3383/2828
f 2467/3229/2710 2556/3182/2675 2564/3381/2831
f 2556/3182/2675 2432/3239/2720 2557/3242/2723
f 2436/3384/2683 2460/3243/2724 2562/3244/2725 2559/3377/2827
f 2437/3240/2721 2433/3385/2684 2558/3378/2828 2560/3241/2722
f 2567/3386/2757 2568/3387/2708 2569/3388/2755 2436/3384/2683 2570/3389/2832 2571/3390/2833 2575/3391/2834 2576/3392/2752
f 2572/3393/2835 2575/3391/2834 2571/3390/2833
f 2567/3386/2757 2574/3394/2836 2573/3395/2709 2568/3387/2708
f 2579/3396/2837 2574/3394/2836 2567/3386/2757
f 2581/3397/1044 2579/3396/2837 2567/3386/2757 2578/3398/2838 2580/3399/1045
f 2577/3400/2751 2582/3401/2716 2583/3402/2715 2578/3398/2838 2567/3386/2757 2576/3392/2752
f 2462/3223/2707 2464/3376/2826 2571/3390/2833 2570/3389/2832
f 2508/1148/1043 2505/3316/2753 2579/3403/2837 2581/1149/1044
f 2510/3233/2714 2701/3299/2767 2578/3404/2838 2583/3234/2715
f 2464/3376/2826 2465/3274/2748 2572/3393/2835 2571/3390/2833
f 2504/3279/2750 2509/3232/2713 2582/3235/2716 2577/3280/2751
f 2436/3384/2683 2462/3223/2707 2570/3389/2832
f 2470/3245/1094 2468/3225/2703 2573/3228/2709 2574/3405/2836
f 2503/3269/2746 2585/3268/2745 2576/3392/2752 2575/3391/2834
f 2505/3316/2753 2470/3245/1094 2574/3405/2836 2579/3403/2837
f 2460/3243/2724 2436/3384/2683 2569/3388/2755
f 2465/3274/2748 2503/3269/2746 2575/3391/2834 2572/3393/2835
f 2701/3299/2767 2507/1147/1042 2580/1150/1045 2578/3404/2838
f 2519/1143/1038 2507/3406/1042 2699/3407/2768 2707/3408/2839
f 2513/1176/1071 2522/1175/1070 2710/3409/2840 2678/3297/2765
f 2510/3233/2714 2509/3232/2713 2587/3410/2841 2588/3411/2770
f 2584/3412/2747 2586/3413/2842 2585/3268/2745 591/3270/1237
f 2589/3414/2843 2591/3415/2844 2590/3416/2771
f 2590/3416/2771 2586/3413/2842 2584/3412/2747 2589/3414/2843
f 243/3272/1222 2511/3417/2845 2589/3418/2843 2584/3273/2747
f 2509/3232/2713 2504/3279/2750 2586/3419/2842 2587/3410/2841
f 2504/3279/2750 2585/3278/2745 2586/3419/2842
f 2511/3417/2845 3133/3305/2772 2591/3420/2844 2589/3418/2843
f 3133/3305/2772 2512/3301/2769 2590/3304/2771 2591/3420/2844
f 2586/3413/2842 2590/3416/2771 2588/3421/2770 2587/3422/2841
f 2535/3423/2846 2538/3346/2811 3012/3424/2847 3009/3425/2848
f 2595/3426/2849 2419/1185/1080 2662/1187/1082 2671/3427/2850
f 613/436/411 2612/3259/2736 2667/3428/2851 2660/3338/2803
f 2607/3429/2852 2600/1188/1083 2996/1191/1086 2999/3430/2853
f 2828/3431/2854 2829/3432/2855 3033/3433/2856 3032/3434/2857
f 2599/3435/2858 3029/3436/2859 3000/3437/2860 2995/3438/2861
f 581/3159/2652 2534/3439/2862 3008/3440/2863 3006/3441/2864
f 2593/3442/2865 3029/3436/2859 2982/3443/2866 2978/3444/2867
f 2829/3432/2855 2831/3445/2868 3034/3446/2869 3033/3433/2856
f 2596/3160/2653 581/3159/2652 3006/3441/2864 3014/3343/2808
f 3029/3436/2859 2593/3442/2865 2991/3447/2870 3000/3437/2860
f 2538/3346/2811 2536/3345/2810 3010/3448/2871 3012/3424/2847
f 2646/3449/2872 2644/3450/2873 2883/3451/2874 2885/3452/2875
f 2604/3453/2876 2613/1119/1014 2984/3454/2877 2980/3455/2878
f 2602/3151/2644 2419/1185/1080 3007/3456/2879 3019/3341/2806
f 2626/3457/2880 2623/3458/2881 3003/3459/2882 3005/3460/2883
f 2992/3152/2645 2602/3151/2644 2997/3340/2805
f 2621/1193/1088 2626/3457/2880 3005/3460/2883 3002/3461/2884
f 2641/1061/963 2620/1060/962 2877/3462/2885 2881/3463/2886
f 2666/3144/2637 2420/1068/970 2714/1071/973 2730/3175/2668
f 2592/3464/2887 2628/3465/2888 2725/3466/2889 2721/3467/2890
f 3215/3468/2891 2840/3469/2892 2990/3470/2893 2981/3471/2894
f 2623/3458/2881 2626/3457/2880 2938/3472/2895 2936/3473/2896
f 2640/1065/967 2627/3474/2897 2939/3475/2898 2946/1066/968
f 2628/3465/2888 2629/3155/2648 2726/3158/2651 2725/3466/2889
f 2926/1040/942 2635/3476/2899 2645/3477/2900 2874/1041/943
f 2627/3474/2897 2629/3155/2648 2941/3478/2901 2939/3475/2898
f 2745/3479/2902 2620/1060/962 2910/1063/965
f 2840/3469/2892 3215/3468/2891 3220/3480/2903
f 2639/1064/966 2644/3450/2873 2896/3481/2904 2894/3482/2905
f 2646/3449/2872 2645/3477/2900 2897/3483/2906
f 2615/3484/2907 2612/3259/2736 2652/3231/2712 2648/3230/2711 2650/3249/2727
f 3029/3436/2859 2611/3485/2908 2983/3486/2909 2982/3443/2866
f 2640/1065/967 2639/1064/966 2894/3482/2905 2895/3487/2910
f 2744/3488/2911 3863/3489/2912 2809/3490/2913
f 2742/3491/2914 2741/3492/2915 2806/3493/2916 2807/3494/2917
f 2624/3495/2918 3706/3496/2919 3415/1038/940 2875/1042/944
f 2608/1201/1096 2653/3351/2816 2657/3350/2815 2655/3497/2920 2654/3498/2921 2615/3484/2907
f 2649/3237/2718 2651/1202/1097 2608/1201/1096
f 2650/3249/2727 2610/3238/2719 2615/3484/2907
f 2615/3484/2907 2610/3238/2719 2649/3237/2718 2608/1201/1096
f 2657/3350/2815 2656/3499/2922 2655/3497/2920
f 2466/1200/1095 2533/3328/2794 2653/3351/2816 2608/1201/1096
f 582/3500/2923 2612/3259/2736 2615/3484/2907
f 2538/3346/2811 2535/3423/2846 2655/3497/2920 2656/3499/2922
f 2534/3439/2862 582/3500/2923 2615/3484/2907 2654/3498/2921
f 2612/3259/2736 2497/3183/2676 2652/3231/2712
f 2535/3423/2846 2534/3439/2862 2654/3498/2921 2655/3497/2920
f 2539/3349/2814 2538/3346/2811 2656/3499/2922 2657/3350/2815
f 2467/3229/2710 2469/3248/2726 2650/3249/2727 2648/3230/2711
f 2658/3162/2655 2662/1187/1082 2664/1186/1081 2663/3501/2924 2660/3338/2803 2667/3428/2851 2659/3502/2925
f 2666/3144/2637 2665/3199/2690 2661/3339/2804 2660/3338/2803 2663/3501/2924
f 2659/3502/2925 2668/3503/2926 2658/3162/2655
f 2658/3162/2655 2669/3161/2654 2670/3504/2927 2671/3505/2850 2662/1187/1082
f 2534/3439/2862 581/3159/2652 2658/3162/2655 2668/3503/2926
f 2596/3160/2653 2597/3342/2807 2670/3504/2927 2669/3161/2654
f 2612/3259/2736 582/3500/2923 2659/3502/2925 2667/3428/2851
f 2597/3342/2807 2595/3426/2849 2671/3427/2850 2670/3504/2927
f 582/3500/2923 2534/3439/2862 2668/3503/2926 2659/3502/2925
f 2665/3199/2690 2416/437/412 2661/3339/2804
f 2422/1069/971 2420/1068/970 2663/3501/2924 2664/1186/1081
f 2420/1068/970 2666/3144/2637 2663/3501/2924
f 2533/3328/2794 2466/1200/1095 3081/3329/2795
f 2521/3506/2928 2523/527/502 3152/1174/1069 3150/3507/2929
f 2672/1000/902 2674/999/901 679/1351/1224 3160/1372/1235 3161/1004/906
f 2672/1000/902 2677/3508/2930 2676/3310/2777
f 2678/3297/2765 2710/3409/2840 2704/3293/2761 2705/3292/2760 2706/3509/2931 2707/3408/2839 2711/3510/2932
f 2673/3311/2778 2676/3310/2777 3121/3511/2933 3119/3512/2934
f 676/1369/1234 2682/1368/1233 3175/3513/2935 3170/3514/2936
f 2681/3515/2937 2682/1368/1233 674/1007/909 543/1010/912
f 2681/3515/2937 543/1010/912 2680/3516/2938
f 2683/1163/1058 2680/3516/2938 543/1010/912
f 2680/3516/2938 2683/1163/1058 3164/3517/2939 3163/3518/2940
f 2686/3519/2941 2687/3520/2942 3110/3521/2943 587/3522/2944
f 2529/3333/2799 2528/3523/2945 3084/3524/2946 3085/3525/2947
f 3166/3526/2948 2689/3527/2949 3090/3528/2950 3088/3529/2951
f 2537/3530/2952 2536/3345/2810 3059/3348/2813
f 2698/3531/2953 2700/1114/1009 3117/3532/2954 3116/3533/2955
f 2533/3328/2794 2524/3327/2793 3054/3534/2956 3058/3535/2957
f 2691/3536/2958 3113/3537/2959 3100/3538/2960 3097/3539/2961
f 2531/3324/2790 2530/3323/2789 3056/3540/2962 3057/3541/2963
f 2539/3349/2814 2533/3328/2794 3058/3535/2957 3061/3542/2964
f 2689/3527/2949 3166/3526/2948 2825/3543/2965 3111/3544/2966
f 2598/3545/2967 2537/3530/2952 3095/3546/2968 3096/3547/2969
f 2692/1110/1005 2691/3536/2958 3097/3539/2961 3098/3548/2970
f 2685/3549/2774 2708/3550/2773 2702/3295/2763 2678/3297/2765 2711/3510/2932
f 3251/1115/1010 2700/1114/1009 3250/3551/2971
f 2829/3432/2855 2828/3431/2854 3105/3552/2972
f 2685/3549/2774 2701/3553/2767 2690/3554/2973
f 2696/3555/2974 3113/3537/2959 3114/3556/2975
f 2703/3298/2766 2678/3297/2765 2702/3295/2763
f 2702/3295/2763 2709/3294/2762 2703/3298/2766
f 2685/3549/2774 2711/3510/2932 2701/3553/2767
f 2711/3510/2932 2707/3408/2839 2699/3407/2768 2701/3553/2767
f 2701/3299/2767 2510/3233/2714 2690/3557/2973
f 2522/1175/1070 2516/3290/2758 2704/3293/2761 2710/3409/2840
f 2520/452/427 2515/3296/2764 2703/3298/2766 2709/3294/2762
f 2518/1144/1039 2519/1143/1038 2707/3408/2839 2706/3509/2931
f 2510/3302/2714 2512/3301/2769 2685/3307/2774 2690/3558/2973
f 3133/3559/2772 2514/453/428 2702/3295/2763 2708/3550/2773
f 2517/3291/2759 2518/1144/1039 2706/3509/2931 2705/3292/2760
f 2712/3560/2976 2425/3262/2739 2719/3561/2977 2718/3562/2978 2717/3176/2669 2730/3175/2668 2714/1071/973 2716/3563/2979
f 2714/1071/973 2715/1070/972 2713/3564/2980 2712/3560/2976
f 2716/3563/2979 2714/1071/973 2712/3560/2976
f 2720/3565/2981 2718/3562/2978 2719/3561/2977 2425/3262/2739
f 2723/3154/2647 2722/3153/2646 2724/3566/2982
f 2724/3566/2982 2722/3153/2646 2721/3467/2890 2712/3560/2976 2713/3564/2980 2723/3154/2647
f 2721/3467/2890 2725/3466/2889 2726/3158/2651 2727/3157/2650 2728/3567/2983 2729/3568/2984 2425/3262/2739 2712/3560/2976
f 2630/3156/2649 2632/3569/2985 2728/3567/2983 2727/3157/2650
f 2427/3171/2664 2426/3145/2638 2717/3176/2669 2718/3562/2978
f 2992/3152/2645 2592/3464/2887 2721/3467/2890 2722/3153/2646
f 2419/1185/1080 2602/3151/2644 2723/3154/2647 2713/3564/2980
f 2632/3569/2985 2633/3570/2986 2729/3568/2984 2728/3567/2983
f 2429/3172/2665 2427/3171/2664 2718/3562/2978 2720/3565/2981
f 2422/1069/971 2419/1185/1080 2713/3564/2980 2715/1070/972
f 2633/3570/2986 2425/3262/2739 2729/3568/2984
f 2425/3262/2739 2429/3172/2665 2720/3565/2981
f 2731/3571/2987 612/3178/2671 2423/3264/2741 2428/3263/2740 2926/1040/942 2735/1044/946
f 2423/3264/2741 612/3178/2671 2733/3177/2670 2732/3572/2988
f 2733/3177/2670 2734/3180/2673 2732/3572/2988
f 681/1362/1231 2430/3168/2661 612/3178/2671 2731/3571/2987
f 2735/1044/946 681/1362/1231 2731/3571/2987
f 2493/3179/2672 2491/3173/2666 2732/3572/2988 2734/3180/2673
f 2491/3173/2666 2429/3172/2665 2423/3264/2741 2732/3572/2988
f 3863/3489/2912 2744/3488/2911 2798/3573/2989
f 2741/3492/2915 2742/3491/2914 2796/3574/2990 2795/3575/2991
f 2744/3488/2911 2736/3576/2992 2790/3577/2993 2798/3573/2989
f 2736/3576/2992 2744/3488/2911 2809/3490/2913 2805/3578/2994
f 2962/1197/1092 2749/3579/2995 2820/3580/2996 2819/3581/2997
f 2775/3582/2998 2962/1197/1092 2819/3581/2997 2824/3583/2999
f 2839/3584/3000 2834/1052/954 2967/3585/3001 2971/3586/3002
f 2647/3587/3003 2638/3588/3004 2914/3589/3005 2918/3590/3006
f 2761/495/470 2756/3591/1106 2764/3592/3007
f 2761/495/470 3823/494/469 3409/1030/932 2776/1033/935
f 2754/3593/3008 2759/1381/1240 2767/1384/1243 2762/3594/3009
f 3825/1334/1216 2757/1333/1215 666/3595/440 3450/3596/493
f 2757/1333/1215 2758/1382/1241 2759/1381/1240 666/3595/440
f 666/3595/440 2759/1381/1240 2754/3593/3008 692/1373/1236 691/1375/441
f 2760/3597/3010 2766/1383/1242 2765/3598/3011
f 2763/3599/3012 2762/3594/3009 2766/1383/1242 2760/3597/3010 247/496/471
f 2761/495/470 2764/3592/3007 2763/3599/3012 247/496/471
f 2767/1384/1243 2766/1383/1242 2762/3594/3009
f 665/517/492 247/496/471 2760/3597/3010
f 2756/3591/1106 2769/3600/3013 2755/3601/3014 2763/3599/3012 2764/3592/3007
f 2758/1382/1241 2757/1333/1215 2765/3598/3011 2766/1383/1242
f 2755/3601/3014 2754/3593/3008 2762/3594/3009 2763/3599/3012
f 2757/1333/1215 665/517/492 2760/3597/3010 2765/3598/3011
f 2769/3600/3013 2756/3591/1106 2784/3602/1108 2786/3603/3015
f 692/1373/1236 2754/3593/3008 2858/3604/3016 2857/3605/3017
f 2769/3600/3013 2770/3606/3018 2862/3607/3019 2861/3608/3020
f 2756/3591/1106 2761/495/470 2784/3602/1108
f 2642/3609/3021 2617/3610/3022 2909/3611/3023 2916/3612/3024
f 2772/3613/3025 2773/3614/3026 2923/3615/3027 2922/3616/3028
f 2773/3614/3026 2753/3617/3029 2921/3618/3030 2923/3615/3027
f 2775/3582/2998 2753/3619/3029 2962/1197/1092
f 2837/3620/3031 2838/1055/957 2970/1059/961 2969/3621/3032
f 2835/541/516 602/540/515 2943/3622/3033 2956/3623/3034
f 2776/1033/935 2777/3624/1107 2787/3625/3035 2786/3603/3015 2784/3602/1108 2761/495/470
f 2782/3626/3036 2785/3627/3037 2777/3624/1107 2776/1033/935 2778/1032/934 2781/3628/3038 2780/3629/3039 2779/3630/3040 2783/3631/3041
f 2788/3632/3042 2787/3625/3035 2777/3624/1107
f 2740/3633/3043 2739/3634/3044 2780/3629/3039 2781/3628/3038
f 2770/3606/3018 2769/3600/3013 2786/3603/3015 2787/3625/3035
f 2739/3634/3044 2738/3635/3045 2779/3630/3040 2780/3629/3039
f 2751/3636/3046 2750/3637/3047 2782/3626/3036 2783/3631/3041
f 2778/1032/934 2740/3633/3043 2781/3628/3038
f 2738/3635/3045 2751/3636/3046 2783/3631/3041 2779/3630/3040
f 602/540/515 2771/3638/3048 2788/3632/3042 2777/3624/1107
f 2750/3637/3047 2768/3639/3049 2785/3627/3037 2782/3626/3036
f 2771/3638/3048 2770/3606/3018 2787/3625/3035 2788/3632/3042
f 2768/3639/3049 602/540/515 2777/3624/1107 2785/3627/3037
f 3858/3640/3050 3863/3489/2912 2798/3573/2989 2789/3641/3051
f 2791/1036/938 2792/3642/3052 2793/3643/3053 2794/3644/3054 2799/3645/3055 2789/3641/3051
f 2799/3645/3055 3861/1031/933 3858/3640/3050 2789/3641/3051
f 2790/3577/2993 2795/3575/2991 2796/3574/2990 2797/1037/939 2791/1036/938 2789/3641/3051
f 2789/3641/3051 2798/3573/2989 2790/3577/2993
f 2740/3633/3043 2778/1032/934 2799/3645/3055 2794/3644/3054
f 2737/1035/937 2738/3635/3045 2792/3642/3052 2791/1036/938
f 2778/1032/934 3861/1031/933 2799/3645/3055
f 2739/3634/3044 2740/3633/3043 2794/3644/3054 2793/3643/3053
f 2738/3635/3045 2739/3634/3044 2793/3643/3053 2792/3642/3052
f 2736/3576/2992 2741/3492/2915 2795/3575/2991 2790/3577/2993
f 2742/3491/2914 2743/1034/936 2797/1037/939 2796/3574/2990
f 3417/3646/3056 3706/3496/2919 2803/3647/3057 2800/3648/3058
f 2804/3649/3059 2802/3650/3060 2810/3651/3061 2811/3652/3062 2812/3653/3063 2813/3654/3064 2808/3655/3065 2807/3494/2917 2806/3493/2916 2805/3578/2994 2800/3648/3058
f 2803/3647/3057 2801/3656/3066 2804/3649/3059 2800/3648/3058
f 2809/3490/2913 3863/3489/2912 3417/3646/3056 2800/3648/3058 2805/3578/2994
f 3706/3496/2919 2624/3495/2918 2803/3647/3057
f 2745/3479/2902 2919/3657/3067 2811/3652/3062 2810/3651/3061
f 2620/1060/962 2745/3479/2902 2810/3651/3061 2802/3650/3060
f 2624/3495/2918 2618/3658/3068 2801/3656/3066 2803/3647/3057
f 2919/3657/3067 2746/3659/3069 2812/3653/3063 2811/3652/3062
f 2618/3658/3068 2631/3660/3070 2804/3649/3059 2801/3656/3066
f 2631/3660/3070 2620/1060/962 2802/3650/3060 2804/3649/3059
f 2746/3659/3069 2747/3661/3071 2813/3654/3064 2812/3653/3063
f 2741/3492/2915 2736/3576/2992 2805/3578/2994 2806/3493/2916
f 2747/3661/3071 2743/1034/936 2808/3655/3065 2813/3654/3064
f 2743/1034/936 2742/3491/2914 2807/3494/2917 2808/3655/3065
f 2814/3662/3072 2818/3663/3073 2817/3664/3074 2816/3665/3075 2815/3666/3076 2823/3667/3077 2824/3583/2999 2819/3581/2997 2737/1035/937
f 2819/3581/2997 2820/3580/2996 2821/3668/3078 2822/3669/3079 544/3670/3080 2737/1035/937
f 2737/1035/937 2743/1034/936 2814/3662/3072
f 2749/3579/2995 2750/3637/3047 2821/3668/3078 2820/3580/2996
f 2919/3657/3067 2745/3479/2902 2815/3666/3076 2816/3665/3075
f 2738/3635/3045 2737/1035/937 544/3670/3080
f 2750/3637/3047 2751/3636/3046 2822/3669/3079 2821/3668/3078
f 2751/3636/3046 2738/3635/3045 544/3670/3080 2822/3669/3079
f 2746/3659/3069 2919/3657/3067 2816/3665/3075 2817/3664/3074
f 2747/3661/3071 2746/3659/3069 2817/3664/3074 2818/3663/3073
f 2745/3479/2902 2752/3671/3081 2823/3667/3077 2815/3666/3076
f 2743/1034/936 2747/3661/3071 2818/3663/3073 2814/3662/3072
f 2752/3671/3081 2775/3582/2998 2824/3583/2999 2823/3667/3077
f 2832/3672/3082 2830/3673/3083 3106/3674/3084 3108/3675/3085
f 2694/1111/1006 2692/1110/1005 3098/3548/2970 3099/3676/3086
f 3113/3537/2959 2696/3555/2974 3101/3677/3087 3100/3538/2960
f 3202/3678/3088 3207/3679/3089 3231/3680/3090 3227/3681/3091
f 2857/3605/3017 2858/3604/3016 2859/3682/3092 2856/3683/3093 2872/3684/3094
f 2830/3673/3083 2831/3445/2868 3107/3685/3095 3106/3674/3084
f 2827/3686/3096 2604/3453/2876 3027/3687/3097 3031/3688/3098
f 2604/3453/2876 2611/3485/2908 3030/3689/3099 3027/3687/3097
f 2828/3431/2854 2598/3545/2967 3096/3547/2969
f 3208/3690/3100 3212/3691/3101 3248/3692/3102 3244/3693/3103
f 2696/3555/2974 2700/1114/1009 3102/1117/1012 3101/3677/3087
f 2834/1052/954 2839/3584/3000 2957/3694/3104 2954/1053/955
f 2839/3584/3000 2835/541/516 2956/3623/3034 2957/3694/3104
f 2753/3617/3029 2773/3614/3026 2965/3695/3105 2963/3696/3106
f 2962/1197/1092 610/1196/1091 611/3697/3107 2948/3698/3108
f 602/540/515 2768/3639/3049 2950/3699/3109 2943/3622/3033
f 2750/3637/3047 2749/3579/2995 2949/3700/3110
f 2843/1057/959 2841/3701/3111 2973/3702/3112 2975/1058/960
f 3204/3703/3113 3203/3704/3114 3228/3705/3115 3229/3706/3116
f 2962/1197/1092 2753/3619/3029 2963/3707/3106
f 2613/1119/1014 2604/3453/2876 3214/3708/3117 3216/1120/1015
f 2842/3709/3118 2837/3620/3031 2969/3621/3032 2974/3710/3119
f 2622/3711/3120 2840/3469/2892 2972/3712/3121 2961/3713/3122
f 247/496/471 2763/3599/3012 2860/3714/3123 2852/3715/3124
f 2849/1205/1100 2851/1154/1049 2873/1157/1052 2870/3716/3125
f 2848/3717/3126 2989/3718/3127 2844/1206/1101 2865/3719/3128 2868/3720/3129
f 2851/1154/1049 2849/1205/1100 2845/1204/1099 683/1158/1053
f 2835/541/516 572/3721/3130 2854/3722/3131 2864/542/517
f 2846/3723/3132 2847/3724/3133 2867/3725/3134 2866/3726/3135
f 2855/543/518 2864/542/517 2854/3722/3131 2869/3727/3136 2866/3726/3135 2853/3728/3137 2856/3683/3093 2863/3729/3138
f 2861/3608/3020 2862/3607/3019 2856/3683/3093 2859/3682/3092
f 2863/3729/3138 2856/3683/3093 2862/3607/3019
f 2866/3726/3135 2867/3725/3134 2868/3720/3129 2865/3719/3128 2853/3728/3137
f 2865/3719/3128 2870/3716/3125 2873/1157/1052 2853/3728/3137
f 2866/3726/3135 2869/3727/3136 2854/3722/3131
f 2873/1157/1052 2871/1156/1051 2872/3684/3094 2856/3683/3093 2853/3728/3137
f 2872/3684/3094 2871/1156/1051 2857/3605/3017
f 2844/1206/1101 2849/1205/1100 2870/3716/3125 2865/3719/3128
f 2770/3606/3018 2771/3638/3048 2863/3729/3138 2862/3607/3019
f 2771/3638/3048 602/540/515 2855/543/518 2863/3729/3138
f 572/3721/3130 2846/3723/3132 2866/3726/3135 2854/3722/3131
f 2755/3601/3014 2763/3599/3012 2860/3714/3123 2859/3682/3092
f 2754/3593/3008 2755/3601/3014 2859/3682/3092 2858/3604/3016
f 2850/1155/1050 692/1373/1236 2857/3605/3017 2871/1156/1051
f 2847/3724/3133 2848/3717/3126 2868/3720/3129 2867/3725/3134
f 2755/3601/3014 2769/3600/3013 2861/3608/3020 2859/3682/3092
f 2879/3730/3139 2886/3731/3140 2878/3732/3141 2876/3733/3142 2624/3495/2918 2875/1042/944 2883/3451/2874 2880/3734/3143
f 2638/3588/3004 2647/3587/3003 2886/3731/3140 2879/3730/3139
f 2886/3731/3140 2882/3735/3144 2881/3463/2886 2877/3462/2885 2878/3732/3141
f 2874/1041/943 2884/3736/3145 2885/3452/2875 2883/3451/2874 2875/1042/944
f 2874/1041/943 2645/3477/2900 2884/3736/3145
f 2639/1064/966 2638/3588/3004 2879/3730/3139 2880/3734/3143
f 2643/3737/3146 2641/1061/963 2881/3463/2886 2882/3735/3144
f 2618/3658/3068 2624/3495/2918 2876/3733/3142
f 2631/3660/3070 2618/3658/3068 2876/3733/3142 2878/3732/3141
f 2647/3587/3003 2643/3737/3146 2882/3735/3144 2886/3731/3140
f 2620/1060/962 2631/3660/3070 2878/3732/3141 2877/3462/2885
f 2644/3450/2873 2639/1064/966 2880/3734/3143 2883/3451/2874
f 2645/3477/2900 2646/3449/2872 2885/3452/2875 2884/3736/3145
f 2896/3481/2904 2897/3483/2906 2890/3738/3147 2889/3739/3148 2888/3740/3149 2887/3741/3150
f 2894/3482/2905 2896/3481/2904 2887/3741/3150 2895/3487/2910
f 2890/3738/3147 2897/3483/2906 2645/3477/2900 2893/3742/3151 2892/3743/3152 2891/3744/3153
f 2630/3156/2649 2629/3155/2648 2888/3740/3149 2889/3739/3148
f 2627/3474/2897 2640/1065/967 2895/3487/2910 2887/3741/3150
f 2635/3476/2899 2634/3745/3154 2892/3743/3152 2893/3742/3151
f 2644/3450/2873 2646/3449/2872 2897/3483/2906 2896/3481/2904
f 2632/3569/2985 2630/3156/2649 2889/3739/3148 2890/3738/3147
f 2633/3570/2986 2632/3569/2985 2890/3738/3147 2891/3744/3153
f 2645/3477/2900 2635/3476/2899 2893/3742/3151
f 2629/3155/2648 2627/3474/2897 2887/3741/3150 2888/3740/3149
f 2634/3745/3154 2633/3570/2986 2891/3744/3153 2892/3743/3152
f 2901/3142/2635 2903/3746/2701 2898/3747/3155
f 2899/3133/2627 2900/3143/2636 2901/3142/2635 2898/3747/3155
f 2902/463/438 3972/459/434 2899/3133/2627 2898/3747/3155
f 2903/3746/2701 2904/464/439 2902/463/438 2898/3747/3155
f 2903/3746/2701 2898/3747/3155 2905/3748/3156 2906/522/497
f 2904/464/439 2903/3746/2701 2906/522/497
f 2899/3749/2627 3446/3750/1218 2900/3751/2636
f 248/3132/2626 2442/3135/2629 2905/3748/3156 2898/3747/3155
f 2442/3752/2629 2457/3753/496 2906/3754/497 2905/3755/3156
f 2907/3756/3157 2918/3590/3006 2914/3589/3005 2913/3757/3158 2912/3758/3159
f 2912/3758/3159 2916/3612/3024 2909/3611/3023 2908/3759/3160 2907/3756/3157
f 2915/1062/964 2921/3760/3030 2925/3761/3161 2920/3762/3162
f 2920/3762/3162 2745/3479/2902 2910/1063/965 2915/1062/964
f 2911/3763/3163 2924/3764/3164 2922/3616/3028 2907/3756/3157 2908/3759/3160
f 2923/3615/3027 2921/3765/3030 2915/1062/964
f 2922/3616/3028 2923/3615/3027 2915/1062/964 2917/3766/3165 2918/3590/3006 2907/3756/3157
f 2638/3588/3004 2637/3767/3166 2913/3757/3158 2914/3589/3005
f 2636/3768/3167 2642/3609/3021 2916/3612/3024 2912/3758/3159
f 2637/3767/3166 2636/3768/3167 2912/3758/3159 2913/3757/3158
f 2641/1061/963 2643/3737/3146 2917/3766/3165 2915/1062/964
f 2753/3619/3029 2775/3582/2998 2925/3761/3161 2921/3760/3030
f 2752/3671/3081 2745/3479/2902 2920/3762/3162
f 2775/3582/2998 2752/3671/3081 2920/3762/3162 2925/3761/3161
f 2643/3737/3146 2647/3587/3003 2918/3590/3006 2917/3766/3165
f 2622/3711/3120 2774/3769/3168 2924/3764/3164 2911/3763/3163
f 2617/3610/3022 2603/3770/3169 2908/3759/3160 2909/3611/3023
f 2603/3770/3169 2622/3711/3120 2911/3763/3163 2908/3759/3160
f 2774/3769/3168 2772/3613/3025 2922/3616/3028 2924/3764/3164
f 2428/3263/2740 2927/3771/3170 2928/3772/3171 2929/3773/3172 2926/1040/942
f 2634/3745/3154 2635/3476/2899 2929/3773/3172 2928/3772/3171
f 2635/3476/2899 2926/1040/942 2929/3773/3172
f 2633/3570/2986 2634/3745/3154 2928/3772/3171 2927/3771/3170
f 2425/3262/2739 2633/3570/2986 2927/3771/3170 2428/3263/2740
f 2930/3774/3173 2939/3475/2898 2941/3478/2901 2940/3775/3174 2931/3776/3175
f 2932/3777/3176 2937/3778/3177 2936/3473/2896 2930/3774/3173 2931/3776/3175
f 2936/3473/2896 2938/3472/2895 2935/3779/3178 2934/3780/3179 2933/3781/3180 2947/3782/3181 2942/3783/3182 2930/3774/3173
f 2942/3783/3182 2637/3767/3166 2638/3588/3004 2945/1067/969 2946/1066/968 2939/3475/2898 2930/3774/3173
f 2592/3464/2887 2992/3152/2645 2932/3777/3176 2931/3776/3175
f 2943/3622/3033 2950/3699/3109 2955/3784/3183 2953/3785/3184
f 2621/1193/1088 2619/1192/1087 2934/3780/3179 2935/3779/3178
f 2642/3609/3021 2636/3768/3167 2942/3783/3182 2947/3782/3181
f 2625/3786/3185 2623/3458/2881 2936/3473/2896 2937/3778/3177
f 2636/3768/3167 2637/3767/3166 2942/3783/3182
f 2619/1192/1087 2617/3610/3022 2933/3781/3180 2934/3780/3179
f 2638/3588/3004 2639/1064/966 2945/1067/969
f 2992/3152/2645 2625/3786/3185 2937/3778/3177 2932/3777/3176
f 2629/3155/2648 2628/3465/2888 2940/3775/3174 2941/3478/2901
f 2626/3457/2880 2621/1193/1088 2935/3779/3178 2938/3472/2895
f 2628/3465/2888 2592/3464/2887 2931/3776/3175 2940/3775/3174
f 2617/3610/3022 2642/3609/3021 2947/3782/3181 2933/3781/3180
f 610/1196/1091 2944/1051/953 2958/1054/956 611/3697/3107
f 611/3697/3107 2951/3787/3186 2949/3700/3110 2948/3698/3108
f 611/3697/3107 2952/3788/3187 2951/3787/3186
f 2949/3700/3110 2951/3787/3186 2950/3699/3109 2750/3637/3047
f 2953/3785/3184 2952/3788/3187 611/3697/3107
f 2952/3788/3187 2953/3785/3184 2955/3784/3183 2950/3699/3109 2951/3787/3186
f 2954/1053/955 2957/3694/3104 2956/3623/3034 2943/3622/3033 2953/3785/3184
f 611/3697/3107 2958/1054/956 2954/1053/955 2953/3785/3184
f 2768/3639/3049 2750/3637/3047 2950/3699/3109
f 2749/3579/2995 2962/1197/1092 2948/3698/3108 2949/3700/3110
f 2960/1198/1093 2965/3695/3105 2964/3789/3188
f 2959/3790/3189 2966/3791/3190 2961/3713/3122 2972/3712/3121 2968/3792/3191
f 2962/1197/1092 2963/3696/3106 2965/3695/3105 2960/1198/1093
f 2966/3791/3190 2959/3790/3189 2960/1198/1093 2964/3789/3188
f 2959/3790/3189 2967/3585/3001 2976/3793/3192 2960/1198/1093
f 2973/3702/3112 2971/3586/3002 2967/3585/3001 2959/3790/3189
f 2968/3792/3191 2974/3710/3119 2969/3621/3032 2959/3790/3189
f 2969/3621/3032 2970/1059/961 2959/3790/3189
f 2970/1059/961 2975/1058/960 2973/3702/3112 2959/3790/3189
f 2774/3769/3168 2622/3711/3120 2961/3713/3122 2966/3791/3190
f 2772/3613/3025 2774/3769/3168 2966/3791/3190 2964/3789/3188
f 2834/1052/954 2944/1051/953 2976/3793/3192 2967/3585/3001
f 2841/3701/3111 2839/3584/3000 2971/3586/3002 2973/3702/3112
f 2773/3614/3026 2772/3613/3025 2964/3789/3188 2965/3695/3105
f 2944/1051/953 610/1196/1091 2960/1198/1093 2976/3793/3192
f 2840/3469/2892 2836/3794/3193 2968/3792/3191 2972/3712/3121
f 2836/3794/3193 2842/3709/3118 2974/3710/3119 2968/3792/3191
f 2977/3795/3194 2987/1195/1090 2988/1194/1089 2978/3444/2867
f 2983/3486/2909 2980/3455/2878 2977/3795/3194 2978/3444/2867 2982/3443/2866
f 2985/3796/3195 2981/3471/2894 2977/3795/3194 2980/3455/2878 2984/3454/2877
f 2981/3471/2894 2990/3470/2893 2622/3711/3120 2979/3797/3196 2977/3795/3194
f 2979/3797/3196 2986/3798/3197 2987/1195/1090 2977/3795/3194
f 2613/1119/1014 2614/1118/1013 2985/3796/3195 2984/3454/2877
f 2617/3610/3022 2619/1192/1087 2987/1195/1090 2986/3798/3197
f 2840/3469/2892 2622/3711/3120 2990/3470/2893
f 2603/3770/3169 2617/3610/3022 2986/3798/3197 2979/3797/3196
f 2621/1193/1088 2593/3442/2865 2978/3444/2867 2988/1194/1089
f 2622/3711/3120 2603/3770/3169 2979/3797/3196
f 2614/1118/1013 3215/3468/2891 2981/3471/2894 2985/3796/3195
f 2611/3485/2908 2604/3453/2876 2980/3455/2878 2983/3486/2909
f 580/3799/3198 2994/3800/3199 2993/3801/3200
f 3000/3437/2860 2991/3447/2870 580/3799/3198 2995/3438/2861
f 2993/3801/3200 2999/3430/2853 2996/1191/1086
f 2998/3802/3201 2995/3438/2861 580/3799/3198 2993/3801/3200
f 2996/1191/1086 3001/1190/1085 2998/3802/3201 2993/3801/3200
f 2997/3340/2805 2999/3430/2853 2993/3801/3200 2994/3800/3199 580/3799/3198 3003/3459/2882 3004/3803/3202 2992/3152/2645
f 2991/3447/2870 3002/3461/2884 3005/3460/2883 3003/3459/2882 580/3799/3198
f 2602/3151/2644 2607/3429/2852 2999/3430/2853 2997/3340/2805
f 2616/1189/1084 2605/3804/3203 2998/3802/3201 3001/1190/1085
f 2623/3458/2881 2625/3786/3185 3004/3803/3202 3003/3459/2882
f 2605/3804/3203 2599/3435/2858 2995/3438/2861 2998/3802/3201
f 2593/3442/2865 2621/1193/1088 3002/3461/2884 2991/3447/2870
f 2625/3786/3185 2992/3152/2645 3004/3803/3202
f 3008/3440/2863 3009/3425/2848 3012/3424/2847 3010/3448/2871 3006/3441/2864
f 3010/3448/2871 3011/3805/3204 3016/3806/3205 3018/3807/3206
f 3007/3456/2879 3013/3808/3207 3019/3341/2806
f 3014/3343/2808 3021/3809/3208 3019/3341/2806 3013/3808/3207 3015/3344/2809
f 3018/3807/3206 3020/3810/3209 3022/3811/3210 3006/3441/2864 3010/3448/2871
f 3017/3812/3211 3021/3809/3208 3014/3343/2808 3006/3441/2864
f 3006/3441/2864 3022/3811/3210 3017/3812/3211
f 2537/3530/2952 2598/3545/2967 3016/3806/3205 3011/3805/3204
f 2595/3426/2849 2597/3342/2807 3015/3344/2809 3013/3808/3207
f 2534/3439/2862 2535/3423/2846 3009/3425/2848 3008/3440/2863
f 2598/3545/2967 2601/3813/3212 3018/3807/3206 3016/3806/3205
f 2601/3813/3212 2605/3804/3203 3020/3810/3209 3018/3807/3206
f 2600/1188/1083 2607/3429/2852 3021/3809/3208 3017/3812/3211
f 2536/3345/2810 2537/3530/2952 3011/3805/3204 3010/3448/2871
f 2616/1189/1084 2600/1188/1083 3017/3812/3211 3022/3811/3210
f 2607/3429/2852 2602/3151/2644 3019/3341/2806 3021/3809/3208
f 2605/3804/3203 2616/1189/1084 3022/3811/3210 3020/3810/3209
f 2419/1185/1080 2595/3426/2849 3013/3808/3207 3007/3456/2879
f 3030/3689/3099 3029/3436/2859 3025/3814/3213
f 3024/3815/3214 3032/3434/2857 3033/3433/2856 3025/3814/3213 3028/3816/3215 3026/3817/3216
f 3033/3433/2856 3034/3446/2869 3030/3689/3099 3025/3814/3213
f 3030/3689/3099 3034/3446/2869 3031/3688/3098 3027/3687/3097
f 2599/3435/2858 2605/3804/3203 3028/3816/3215 3025/3814/3213
f 3029/3436/2859 2599/3435/2858 3025/3814/3213
f 2831/3445/2868 2827/3686/3096 3031/3688/3098 3034/3446/2869
f 2601/3813/3212 2598/3545/2967 3024/3815/3214 3026/3817/3216
f 2611/3485/2908 3029/3436/2859 3030/3689/3099
f 2598/3545/2967 2828/3431/2854 3032/3434/2857 3024/3815/3214
f 2605/3804/3203 2601/3813/3212 3026/3817/3216 3028/3816/3215
f 3037/3818/3217 3048/3819/3218 3050/3820/3219 3051/3821/3220 3047/3822/3221 3046/3823/3222 3045/3824/3223 3044/3825/3224
f 3202/3678/3088 3272/1122/1017 3321/1125/1020 3315/3826/3225
f 2989/3718/3127 3038/3827/3226 3333/3828/3227
f 3035/1180/1075 3023/3829/3228 3048/3819/3218 3049/1181/1076
f 3181/3830/3229 3182/3831/3230 3197/3832/3231 3196/3833/3232
f 3037/3818/3217 2835/541/516 3041/3834/3233 3042/3835/3234
f 3049/1181/1076 3048/3819/3218 3037/3818/3217 3042/3835/3234 3043/3836/3235 3052/1210/1105 3040/1209/1104 2594/1182/1077
f 572/3721/3130 2835/541/516 3037/3818/3217
f 3036/3837/3236 3038/3827/3226 3051/3821/3220 3050/3820/3219
f 2839/3584/3000 2841/3701/3111 3042/3835/3234 3041/3834/3233
f 2989/3718/3127 2848/3717/3126 3046/3823/3222 3047/3822/3221
f 2835/541/516 2839/3584/3000 3041/3834/3233
f 2846/3723/3132 572/3721/3130 3037/3818/3217 3044/3825/3224
f 2848/3717/3126 2847/3724/3133 3045/3824/3223 3046/3823/3222
f 2841/3701/3111 2843/1057/959 3043/3836/3235 3042/3835/3234
f 2847/3724/3133 2846/3723/3132 3044/3825/3224 3045/3824/3223
f 3038/3827/3226 2989/3718/3127 3047/3822/3221 3051/3821/3220
f 2748/1208/1103 2609/1179/1074 2594/1182/1077 3040/1209/1104
f 2843/1057/959 3039/1056/958 3052/1210/1105 3043/3836/3235
f 3023/3829/3228 3036/3837/3236 3050/3820/3219 3048/3819/3218
f 3053/3838/3237 3054/3534/2956 3055/3839/3238
f 3053/3838/3237 3058/3535/2957 3054/3534/2956
f 3059/3348/2813 3060/3347/2812 3061/3542/2964 3053/3838/3237
f 3061/3542/2964 3058/3535/2957 3053/3838/3237
f 3053/3838/3237 3062/1113/1008 3064/1112/1007
f 3063/3353/2818 3065/3332/2798 3062/1113/1008 3053/3838/3237
f 3064/1112/1007 2537/3530/2952 3059/3348/2813 3053/3838/3237
f 3056/3540/2962 3063/3353/2818 3053/3838/3237 3055/3839/3238 3057/3541/2963
f 2524/3327/2793 2525/3840/3239 3055/3839/3238 3054/3534/2956
f 2694/1111/1006 2537/3530/2952 3064/1112/1007
f 2525/3840/3239 2531/3324/2790 3057/3541/2963 3055/3839/3238
f 2538/3346/2811 2539/3349/2814 3061/3542/2964 3060/3347/2812
f 2530/3323/2789 2693/3352/2817 3063/3353/2818 3056/3540/2962
f 588/3841/3240 2466/1200/1095 3067/3842/3241 3066/3843/2784
f 3070/1145/1040 588/3841/3240 3066/3843/2784 3069/3844/2783 3068/3845/2785 3071/1146/1041
f 3075/3846/3242 3072/3322/2788 588/3841/3240 3070/1145/1040
f 3072/3322/2788 3082/3321/2787 3083/3847/3243
f 3074/3848/3244 3073/3330/2796 2466/1200/1095 588/3841/3240
f 3076/3849/3245 3077/3850/3246 3078/3334/2800 3079/3326/2792
f 3073/3330/2796 3081/3329/2795 2466/1200/1095
f 3083/3847/3243 3082/3321/2787 3076/3849/3245 3079/3326/2792 3080/3325/2791 3074/3848/3244 588/3841/3240 3072/3322/2788
f 2526/3851/3247 3153/3320/2786 3072/3322/2788 3075/3846/3242
f 2507/3406/1042 2519/1143/1038 3071/1146/1041 3068/3845/2785
f 2518/1144/1039 2526/3851/3247 3075/3846/3242 3070/1145/1040
f 2673/3311/2778 2527/3852/3248 3076/3849/3245 3082/3321/2787
f 2506/3283/2754 2505/3282/2753 3066/3843/2784 3067/3842/3241
f 2528/3523/2945 2529/3333/2799 3078/3334/2800 3077/3850/3246
f 2525/3840/3239 2524/3327/2793 3073/3330/2796 3074/3848/3244
f 2466/1200/1095 2506/3283/2754 3067/3842/3241
f 2531/3324/2790 2525/3840/3239 3074/3848/3244 3080/3325/2791
f 2527/3852/3248 2528/3523/2945 3077/3850/3246 3076/3849/3245
f 3084/3524/2946 3089/3853/3249 3087/3854/3250 3092/3855/3251 3086/3856/3252 3085/3525/2947
f 3088/3529/2951 3090/3528/2950 3091/3857/3253 2692/1110/1005 3093/3858/3254 3092/3855/3251 3087/3854/3250
f 2695/3331/2797 2693/3352/2817 3092/3855/3251 3093/3858/3254
f 2684/3859/3255 3166/3526/2948 3088/3529/2951 3087/3854/3250
f 2530/3323/2789 2529/3333/2799 3085/3525/2947 3086/3856/3252
f 2693/3352/2817 2530/3323/2789 3086/3856/3252 3092/3855/3251
f 2689/3527/2949 2691/3536/2958 3091/3857/3253 3090/3528/2950
f 2692/1110/1005 2695/3331/2797 3093/3858/3254
f 2528/3523/2945 2688/3860/3256 3089/3853/3249 3084/3524/2946
f 2688/3860/3256 2684/3859/3255 3087/3854/3250 3089/3853/3249
f 2691/3536/2958 2692/1110/1005 3091/3857/3253
f 3094/3861/3257 3104/3862/3258 3103/3863/3259
f 3099/3676/3086 3098/3548/2970 3097/3539/2961 3103/3863/3259
f 3100/3538/2960 3101/3677/3087 3094/3861/3257
f 3100/3538/2960 3094/3861/3257 3097/3539/2961
f 3101/3677/3087 3102/1117/1012 3108/3675/3085 3106/3674/3084 3094/3861/3257
f 3103/3863/3259 3104/3862/3258 3095/3546/2968 3099/3676/3086
f 3104/3862/3258 2828/3431/2854 3096/3547/2969 3095/3546/2968
f 3103/3863/3259 3097/3539/2961 3094/3861/3257
f 3105/3552/2972 2828/3431/2854 3104/3862/3258 3094/3861/3257
f 3106/3674/3084 3107/3685/3095 3105/3552/2972 3094/3861/3257
f 3108/3675/3085 3102/1117/1012 3109/1116/1011
f 2537/3530/2952 2694/1111/1006 3099/3676/3086 3095/3546/2968
f 3251/1115/1010 2832/3672/3082 3108/3675/3085 3109/1116/1011
f 2831/3445/2868 2829/3432/2855 3105/3552/2972 3107/3685/3095
f 587/3522/2944 3110/3521/2943 2826/3864/3260 2825/3543/2965
f 3112/3865/3261 3111/3544/2966 3113/3537/2959
f 2826/3864/3260 3115/3866/3262 3114/3556/2975 3113/3537/2959 3111/3544/2966 2825/3543/2965
f 3116/3533/2955 3117/3532/2954 3114/3556/2975 3115/3866/3262
f 3113/3537/2959 2691/3536/2958 3112/3865/3261
f 2697/1162/1057 2698/3531/2953 3116/3533/2955 3115/3866/3262
f 2691/3536/2958 2689/3527/2949 3111/3544/2966 3112/3865/3261
f 2683/1163/1058 2697/1162/1057 3115/3866/3262 2826/3864/3260
f 2700/1114/1009 2696/3555/2974 3114/3556/2975 3117/3532/2954
f 3166/3526/2948 2686/3519/2941 587/3522/2944 2825/3543/2965
f 2687/3520/2942 2683/1163/1058 2826/3864/3260 3110/3521/2943
f 3121/3511/2933 3122/3867/3263 3120/3868/3264 3123/3869/3265 3124/3870/3266 3125/3871/3267 3118/3872/3268 2527/3852/3248 3119/3512/2934
f 2677/3508/2930 3159/1003/905 2675/1160/1055 3120/3868/3264 3122/3867/3263
f 2528/3523/2945 2527/3852/3248 3118/3872/3268
f 2676/3310/2777 2677/3508/2930 3122/3867/3263 3121/3511/2933
f 2527/3852/3248 2673/3311/2778 3119/3512/2934
f 2688/3860/3256 2528/3523/2945 3118/3872/3268 3125/3871/3267
f 2684/3859/3255 2688/3860/3256 3125/3871/3267 3124/3870/3266
f 2679/3873/3269 2684/3859/3255 3124/3870/3266 3123/3869/3265
f 2675/1160/1055 2679/3873/3269 3123/3869/3265 3120/3868/3264
f 3129/529/504 3137/528/503 3135/3874/3270 3126/3875/3271
f 3127/3876/3272 3128/3309/2776 3140/3308/2775 3139/3877/3273
f 3126/3875/3271 3130/1177/1072 3132/3878/3274
f 2511/3879/2845 3127/3876/3272 3139/3877/3273 3126/3875/3271 3132/3878/3274 3134/455/430 3131/454/429
f 3131/454/429 3133/3559/2772 2511/3879/2845
f 3135/3874/3270 3136/1178/1073 3130/1177/1072 3126/3875/3271
f 2513/1176/1071 2515/3296/2764 3132/3878/3274 3130/1177/1072
f 2521/3506/2928 2522/1175/1070 3136/1178/1073 3135/3874/3270
f 2515/3296/2764 2520/452/427 3134/455/430 3132/3878/3274
f 2523/527/502 2521/3506/2928 3135/3874/3270 3137/528/503
f 2514/453/428 3133/3559/2772 3131/454/429
f 3140/3308/2775 3138/1341/1219 662/526/501 3129/529/504
f 3138/1341/1219 3141/1340/500 661/1352/499 662/526/501
f 3139/3877/3273 3140/3308/2775 3129/529/504 3126/3875/3271
f 243/1346/1222 3142/1345/1221 2511/3879/2845
f 3036/3837/3236 3023/3829/3228 3330/3880/3275 3332/3881/3276
f 2511/3879/2845 3142/1345/1221 659/1342/1220 3128/3309/2776
f 3142/1345/1221 3143/1344/519 660/1339/498 659/1342/1220
f 2511/3879/2845 3128/3309/2776 3127/3876/3272
f 3146/3882/3277 3157/1002/904 3155/1001/903 3144/3883/3278
f 3144/3883/3278 3153/3320/2786 3154/3884/3279 3149/3315/2782 3148/3314/2781 3147/3885/3280 3151/3886/3281 3150/3507/2929
f 3150/3507/2929 3146/3882/3277 3144/3883/3278
f 3146/3882/3277 3150/3507/2929 3152/1174/1069 3145/1173/1068
f 3155/1001/903 3158/3313/2780 3156/3312/2779 3153/3320/2786 3144/3883/3278
f 679/1351/1224 2674/999/901 3157/1002/904 3146/3882/3277
f 2517/3291/2759 2516/3290/2758 3147/3885/3280 3148/3314/2781
f 3153/3320/2786 2526/3851/3247 3154/3884/3279
f 2672/1000/902 2676/3310/2777 3158/3313/2780 3155/1001/903
f 662/526/501 679/1351/1224 3146/3882/3277 3145/1173/1068
f 2673/3311/2778 3153/3320/2786 3156/3312/2779
f 2516/3290/2758 2522/1175/1070 3151/3886/3281 3147/3885/3280
f 2526/3851/3247 2518/1144/1039 3149/3315/2782 3154/3884/3279
f 2522/1175/1070 2521/3506/2928 3150/3507/2929 3151/3886/3281
f 3166/3526/2948 3165/3887/3282 3162/3888/3283 3163/3518/2940 3164/3517/2939 3168/3889/3284 3167/3890/3285
f 2680/3516/2938 2679/3873/3269 3172/3891/3286 3173/3892/3287
f 3161/1004/906 3159/1003/905 2677/3508/2930 2672/1000/902
f 3166/3526/2948 2684/3859/3255 3165/3887/3282
f 2683/1163/1058 2687/3520/2942 3168/3889/3284 3164/3517/2939
f 2679/3873/3269 2680/3516/2938 3163/3518/2940 3162/3888/3283
f 2687/3520/2942 2686/3519/2941 3167/3890/3285 3168/3889/3284
f 2684/3859/3255 2679/3873/3269 3162/3888/3283 3165/3887/3282
f 2686/3519/2941 3166/3526/2948 3167/3890/3285
f 3170/3514/2936 3175/3513/2935 3174/3893/3288 3169/3894/3289
f 3169/3894/3289 3171/1161/1056 3176/1006/908 3178/1005/907
f 3173/3892/3287 3172/3891/3286 3171/1161/1056 3169/3894/3289 3174/3893/3288
f 3178/1005/907 3177/3895/3290 3170/3514/2936 3169/3894/3289
f 2682/1368/1233 2681/3515/2937 3174/3893/3288 3175/3513/2935
f 3160/1372/1235 676/1369/1234 3170/3514/2936 3177/3895/3290
f 2681/3515/2937 2680/3516/2938 3173/3892/3287 3174/3893/3288
f 3161/1004/906 3160/1372/1235 3177/3895/3290 3178/1005/907
f 2679/3873/3269 2675/1160/1055 3171/1161/1056 3172/3891/3286
f 3205/3896/3291 3204/3703/3113 3229/3706/3116 3230/3897/3292
f 2748/1208/1103 3039/1056/958 3193/3898/3293 3188/3899/3294
f 2838/1055/957 2837/3620/3031 3189/3900/3295
f 3179/3901/3296 2842/3709/3118 3221/3902/3297 3222/3903/3298
f 3183/501/476 3035/1180/1075 3192/3904/3299 3198/3905/3300
f 2842/3709/3118 3179/3901/3296 3194/3906/3301 3191/3907/3302
f 3286/3908/3303 3294/3909/3304 3348/3910/3305 3347/3911/3306
f 3182/3831/3230 3184/3912/3307 3199/3913/3308 3197/3832/3231
f 3023/3829/3228 3035/1180/1075 3331/3914/3309 3330/3880/3275
f 3039/1056/958 2838/1055/957 3193/3898/3293
f 3188/3899/3294 3193/3898/3293 2838/1055/957
f 3194/3906/3301 2838/1055/957 3189/3900/3295
f 3191/3907/3302 3194/3906/3301 3189/3900/3295
f 3195/3915/3310 3196/3833/3232 2838/1055/957 3194/3906/3301
f 3198/3905/3300 3192/3904/3299 3197/3832/3231 3199/3913/3308
f 3196/3833/3232 3197/3832/3231 3192/3904/3299 3187/3916/3311 3188/3899/3294 2838/1055/957
f 3199/3913/3308 3200/3917/3312 3198/3905/3300
f 3184/3912/3307 3185/502/477 3200/3917/3312 3199/3913/3308
f 3180/3918/3313 3203/3704/3114 3181/3830/3229 3196/3833/3232 3195/3915/3310
f 3185/502/477 3183/501/476 3198/3905/3300 3200/3917/3312
f 3179/3901/3296 3180/3918/3313 3195/3915/3310 3194/3906/3301
f 2837/3620/3031 2842/3709/3118 3191/3907/3302 3189/3900/3295
f 3035/1180/1075 2609/1179/1074 3187/3916/3311 3192/3904/3299
f 2609/1179/1074 2748/1208/1103 3188/3899/3294 3187/3916/3311
f 3280/1123/1018 3273/3919/3314 3322/3920/3315 3320/1124/1019
f 3215/3468/2891 2614/1118/1013 3217/1121/1016
f 3203/3704/3114 3180/3918/3313 3223/3921/3316 3228/3705/3115
f 2830/3673/3083 2832/3672/3082 3238/3922/3317 3236/3923/3318
f 2842/3709/3118 2836/3794/3193 3221/3902/3297
f 3182/3831/3230 3181/3830/3229 3314/3924/3319
f 2827/3686/3096 3186/3925/3320 3224/3926/3321 3218/3927/3322
f 2836/3794/3193 2840/3469/2892 3220/3480/2903
f 3251/1115/1010 3209/3928/3323 3245/3929/3324 3239/3930/3325
f 3234/3931/3326 3259/3932/3327 3210/3933/3328 3255/3934/3329 3258/3935/3330
f 3186/3925/3320 2827/3686/3096 3235/3936/3331 3240/3937/3332
f 2831/3445/2868 2830/3673/3083 3236/3923/3318
f 3213/3938/3333 3218/3927/3322 3224/3926/3321
f 3216/1120/1015 3222/3903/3298 3221/3902/3297 3215/3468/2891 3217/1121/1016
f 3214/3708/3117 3218/3927/3322 3213/3938/3333
f 3215/3468/2891 3221/3902/3297 2836/3794/3193
f 2836/3794/3193 3220/3480/2903 3215/3468/2891
f 3214/3708/3117 3223/3921/3316 3222/3903/3298 3216/1120/1015
f 3213/3938/3333 3223/3921/3316 3214/3708/3117
f 3226/3939/3334 3225/3940/3335 3213/3938/3333
f 3225/3940/3335 3227/3681/3091 3230/3897/3292 3229/3706/3116 3213/3938/3333
f 3224/3926/3321 3226/3939/3334 3213/3938/3333
f 3229/3706/3116 3228/3705/3115 3223/3921/3316 3213/3938/3333
f 3227/3681/3091 3231/3680/3090 3230/3897/3292
f 2604/3453/2876 2827/3686/3096 3218/3927/3322 3214/3708/3117
f 3219/3941/3336 3206/3942/3337 3267/3943/3338 3247/3944/3339 3237/3945/3340
f 3190/3946/3341 3202/3678/3088 3227/3681/3091 3225/3940/3335
f 3207/3679/3089 3205/3896/3291 3230/3897/3292 3231/3680/3090
f 3201/3947/3342 3190/3946/3341 3225/3940/3335 3226/3939/3334
f 3180/3918/3313 3179/3901/3296 3222/3903/3298 3223/3921/3316
f 3186/3925/3320 3201/3947/3342 3226/3939/3334 3224/3926/3321
f 3212/3691/3101 3272/1122/1017 3202/3678/3088 3243/3948/3343 3248/3692/3102
f 2698/3531/2953 3233/3949/3344 3257/3950/3345 3249/3951/3346
f 2697/1162/1057 3233/3949/3344 2698/3531/2953
f 3249/3951/3346 3257/3950/3345 3254/3952/3347
f 3210/3933/3328 3265/3953/3348 3208/3690/3100 3252/3954/3349 3255/3934/3329
f 3236/3923/3318 3238/3922/3317 3242/3955/3350 3240/3937/3332
f 3240/3937/3332 3235/3936/3331 2831/3445/2868 3236/3923/3318
f 3245/3929/3324 3244/3693/3103 3241/3956/3351 3242/3955/3350 3238/3922/3317 3239/3930/3325
f 3237/3945/3340 3232/3957/3352 3219/3941/3336
f 3244/3693/3103 3248/3692/3102 3243/3948/3343 3241/3956/3351
f 3245/3958/3324 3246/3959/3353 3244/3693/3103
f 2827/3686/3096 2831/3445/2868 3235/3936/3331
f 3209/3960/3323 3211/3961/3354 3246/3959/3353 3245/3958/3324
f 2832/3672/3082 3251/1115/1010 3239/3930/3325 3238/3922/3317
f 3211/3961/3354 3208/3690/3100 3244/3693/3103 3246/3959/3353
f 3202/3678/3088 3190/3946/3341 3241/3956/3351 3243/3948/3343
f 3190/3946/3341 3201/3947/3342 3242/3955/3350 3241/3956/3351
f 3201/3947/3342 3186/3925/3320 3240/3937/3332 3242/3955/3350
f 3234/3931/3326 3233/3949/3344 2697/1162/1057 543/1010/912 3261/3962/3355 3260/3963/3356
f 2700/1114/1009 2698/3531/2953 3249/3951/3346 3250/3551/2971
f 3251/1115/1010 3250/3551/2971 3253/3964/3357
f 3254/3952/3347 3257/3950/3345 3258/3935/3330
f 3254/3952/3347 3253/3965/3357 3250/3551/2971 3249/3951/3346
f 3258/3935/3330 3255/3934/3329 3252/3954/3349 3256/3966/3358 3253/3965/3357 3254/3952/3347
f 3233/3949/3344 3234/3931/3326 3258/3935/3330 3257/3950/3345
f 3209/3928/3323 3251/1115/1010 3253/3964/3357
f 3211/3961/3354 3209/3960/3323 3253/3965/3357 3256/3966/3358
f 3208/3690/3100 3211/3961/3354 3256/3966/3358 3252/3954/3349
f 3264/3967/3359 3266/3968/3360 3270/3969/3361 2833/3970/3362
f 3260/3963/3356 3259/3932/3327 3234/3931/3326
f 3311/1166/1061 3309/1172/1067 3397/3971/3363 3399/1167/1062
f 3262/1165/1060 3261/3962/3355 3387/1009/911 542/1013/915
f 3210/3933/3328 3259/3932/3327 3247/3944/3339 3267/3943/3338
f 3265/3953/3348 3210/3933/3328 3267/3943/3338
f 3287/1012/914 3384/536/511 3400/539/514 3392/3972/3364
f 3212/3691/3101 3208/3690/3100 3274/3973/3365 3275/3974/3366
f 3270/3969/3361 3265/3953/3348 3267/3943/3338 3206/3942/3337 2833/3970/3362
f 3260/3963/3356 3261/3962/3355 3232/3957/3352 3237/3945/3340
f 3261/3962/3355 3262/1165/1060 3219/3941/3336 3232/3957/3352
f 3262/1165/1060 3263/1164/1059 3206/3942/3337 3219/3941/3336
f 3263/1164/1059 3264/3967/3359 2833/3970/3362 3206/3942/3337
f 3259/3932/3327 3260/3963/3356 3237/3945/3340 3247/3944/3339
f 3266/3968/3360 3265/3953/3348 3270/3969/3361
f 3203/3704/3114 3204/3703/3113 3317/3975/3367 3316/3976/3368
f 3282/3977/3369 3283/3978/3370 3324/3979/3371 3323/3980/3372
f 3289/3981/3373 3292/3982/3374 3377/3983/3375 3375/3984/3376
f 3266/3968/3360 3269/3985/3377 3279/3986/3378 3277/3987/3379
f 3277/3987/3379 3279/3986/3378 3281/3988/3380 3275/3974/3366 3274/3973/3365 3276/3989/3381
f 3281/3988/3380 3279/3986/3378 3278/3990/3382 3280/1123/1018
f 3208/3690/3100 3265/3953/3348 3276/3989/3381 3274/3973/3365
f 3269/3985/3377 3268/3991/3383 3278/3990/3382 3279/3986/3378
f 3265/3953/3348 3266/3968/3360 3277/3987/3379 3276/3989/3381
f 3268/3991/3383 3280/1123/1018 3278/3990/3382
f 3272/1122/1017 3212/3691/3101 3275/3974/3366 3281/3988/3380
f 3280/1123/1018 3272/1122/1017 3281/3988/3380
f 3205/3896/3291 3207/3679/3089 3319/3992/3384 3318/3993/3385
f 3184/3912/3307 3182/3831/3230 3329/3994/3386
f 3300/3995/3387 3328/3996/3388 3354/3997/3389 3351/3998/3390
f 3299/3999/3391 3300/3995/3387 3351/3998/3390 3350/4000/3392
f 241/1184/1079 3301/4001/3393 3304/4002/3394 3302/4003/3395
f 3283/3978/3370 3282/3977/3369 3344/4004/3396
f 3295/4005/3397 3296/4006/3398 3381/4007/3399 3380/4008/3400
f 3328/3996/3388 3325/4009/3401 3352/4010/3402 3354/3997/3389
f 3293/1170/1065 3288/1169/1064 3374/4011/3403 3378/4012/3404
f 3286/3908/3303 3285/4013/3405 3371/4014/3406 3372/4015/3407
f 242/531/506 3305/4016/3408 3307/532/507
f 3310/1171/1066 3292/3982/3374 3396/4017/3409 3398/4018/3410
f 3280/1123/1018 3268/3991/3383 3368/4019/3411
f 3266/3968/3360 3264/3967/3359 3390/4020/3412
f 3310/1171/1066 3293/1170/1065 3378/4012/3404 3382/4021/3413
f 3282/3977/3369 3273/3919/3314 586/4022/3414 3344/4004/3396
f 3313/1385/1244 583/1207/1102 3297/4023/3415 3336/4024/3416
f 3296/4006/3398 3295/4005/3397 3355/4025/3417 3356/4026/3418
f 3296/4006/3398 3294/3909/3304 3379/4027/3419 3381/4007/3399
f 3285/4013/3405 3286/3908/3303 3347/3911/3306 3346/4028/3420
f 3312/4029/3421 3181/3830/3229 3316/3976/3368 3317/3975/3367
f 3304/4002/3394 3301/4001/3393 3360/4030/3422 3363/4031/3423
f 3327/4032/3424 3185/502/477 592/4033/3425 3353/4034/3426
f 3302/4003/3395 3303/4035/3427 242/531/506 241/1184/1079
f 3302/4003/3395 3304/4002/3394 3363/4031/3423 3361/4036/3428
f 242/531/506 3303/4035/3427 3306/4037/3429 3305/4016/3408
f 3307/532/507 3305/4016/3408 3288/1169/1064 240/1168/1063
f 3305/4016/3408 3306/4037/3429 3295/4005/3397 3288/1169/1064
f 3308/533/508 3307/532/507 240/1168/1063 656/1347/1223
f 3309/1172/1067 3311/1166/1061 656/1347/1223 240/1168/1063
f 3269/3985/3377 3266/3968/3360 3391/4038/3430
f 3312/4029/3421 3314/3924/3319 3181/3830/3229
f 3312/4029/3421 3323/3980/3372 3324/3979/3371
f 3317/3975/3367 3318/3993/3385 3312/4029/3421
f 3320/1124/1019 3322/3920/3315 3323/3980/3372 3312/4029/3421
f 3321/1125/1020 3320/1124/1019 3312/4029/3421 3318/3993/3385 3319/3992/3384 3315/3826/3225
f 3324/3979/3371 3314/3924/3319 3312/4029/3421
f 3181/3830/3229 3203/3704/3114 3316/3976/3368
f 3283/3978/3370 3182/3831/3230 3314/3924/3319 3324/3979/3371
f 3273/3919/3314 3282/3977/3369 3323/3980/3372 3322/3920/3315
f 3204/3703/3113 3205/3896/3291 3318/3993/3385 3317/3975/3367
f 3207/3679/3089 3202/3678/3088 3315/3826/3225 3319/3992/3384
f 3328/3996/3388 3367/1139/1034 3341/1142/1037 3340/4039/3431
f 3326/1140/1035 3313/1385/1244 3336/4024/3416 3338/1141/1036
f 3035/1180/1075 3183/501/476 3334/504/479 3331/3914/3309
f 2844/1206/1101 2989/3718/3127 2606/4040/3432
f 3182/3831/3230 3283/3978/3370 3329/3994/3386
f 583/1207/1102 2844/1206/1101 2606/4040/3432 3297/4023/3415
f 3325/4009/3401 3328/3996/3388 3340/4039/3431 3337/4041/3433
f 3185/502/477 3327/4032/3424 3339/4042/3434 3335/503/478
f 3271/4043/3435 3337/4041/3433 3340/4039/3431 3343/4044/3436 3342/4045/3437
f 3294/3909/3304 3296/4006/3398 3356/4026/3418 3284/4046/3438
f 3313/1385/1244 3326/1140/1035 3301/4001/3393 241/1184/1079
f 3271/4043/3435 3330/3880/3275 3331/3914/3309 3334/504/479
f 3297/4023/3415 3333/3828/3227 3342/4045/3437
f 2989/3718/3127 3333/3828/3227 3297/4023/3415 2606/4040/3432
f 3335/503/478 3291/4047/3439 3334/504/479
f 3341/1142/1037 3338/1141/1036 3343/4044/3436
f 3335/503/478 3339/4042/3434 3291/4047/3439
f 3291/4047/3439 3339/4042/3434 3337/4041/3433 3271/4043/3435
f 3334/504/479 3291/4047/3439 3271/4043/3435
f 3297/4023/3415 3343/4044/3436 3338/1141/1036 3336/4024/3416
f 3340/4039/3431 3341/1142/1037 3343/4044/3436
f 3342/4045/3437 3343/4044/3436 3297/4023/3415
f 3342/4045/3437 3333/3828/3227 3332/3881/3276 3330/3880/3275 3271/4043/3435
f 3038/3827/3226 3036/3837/3236 3332/3881/3276 3333/3828/3227
f 3327/4032/3424 3325/4009/3401 3337/4041/3433 3339/4042/3434
f 3184/3912/3307 3329/3994/3386 3283/3978/3370
f 3344/4004/3396 586/4022/3414 592/4033/3425
f 3283/3978/3370 3344/4004/3396 592/4033/3425 3184/3912/3307
f 586/4022/3414 3345/4048/3440 3352/4010/3402 3353/4034/3426 592/4033/3425
f 586/4022/3414 3346/4028/3420 3345/4048/3440
f 3346/4028/3420 3347/3911/3306 3345/4048/3440
f 3347/3911/3306 3348/3910/3305 3345/4048/3440
f 3348/3910/3305 3349/4049/3441 3345/4048/3440
f 3350/4000/3392 3351/3998/3390 3345/4048/3440 3349/4049/3441
f 3351/3998/3390 3354/3997/3389 3352/4010/3402 3345/4048/3440
f 3185/502/477 3184/3912/3307 592/4033/3425
f 3294/3909/3304 3298/4050/3442 3349/4049/3441 3348/3910/3305
f 3273/3919/3314 3285/4013/3405 3346/4028/3420 586/4022/3414
f 3298/4050/3442 3299/3999/3391 3350/4000/3392 3349/4049/3441
f 3325/4009/3401 3327/4032/3424 3353/4034/3426 3352/4010/3402
f 3356/4026/3418 3355/4025/3417 3357/4051/3443 3284/4046/3438
f 3358/4052/3444 3357/4051/3443 3355/4025/3417 3364/4053/3445 3362/4054/3446 3361/4036/3428
f 3361/4036/3428 3363/4031/3423 3360/4030/3422 3359/4055/3447 3358/4052/3444
f 3360/4030/3422 3365/4056/3448 3367/1139/1034 3366/4057/3449 3359/4055/3447
f 3300/3995/3387 3299/3999/3391 3358/4052/3444 3359/4055/3447
f 3328/3996/3388 3300/3995/3387 3359/4055/3447 3366/4057/3449
f 3295/4005/3397 3306/4037/3429 3364/4053/3445 3355/4025/3417
f 3367/1139/1034 3328/3996/3388 3366/4057/3449
f 3306/4037/3429 3303/4035/3427 3362/4054/3446 3364/4053/3445
f 3298/4050/3442 3294/3909/3304 3284/4046/3438 3357/4051/3443
f 3326/1140/1035 3367/1139/1034 3365/4056/3448
f 3303/4035/3427 3302/4003/3395 3361/4036/3428 3362/4054/3446
f 3301/4001/3393 3326/1140/1035 3365/4056/3448 3360/4030/3422
f 3299/3999/3391 3298/4050/3442 3357/4051/3443 3358/4052/3444
f 3369/4058/3450 3373/4059/3451 3368/4019/3411
f 3368/4019/3411 3371/4014/3406 3370/4060/3452 3280/1123/1018
f 3373/4059/3451 3374/4011/3403 3380/4008/3400 3381/4007/3399
f 3373/4059/3451 3369/4058/3450 3376/4061/3453 3375/3984/3376
f 3377/3983/3375 3382/4021/3413 3378/4012/3404 3374/4011/3403 3373/4059/3451 3375/3984/3376
f 3368/4019/3411 3372/4015/3407 3371/4014/3406
f 3379/4027/3419 3372/4015/3407 3368/4019/3411 3373/4059/3451 3381/4007/3399
f 3269/3985/3377 3290/4062/3454 3376/4061/3453 3369/4058/3450
f 3294/3909/3304 3286/3908/3303 3372/4015/3407 3379/4027/3419
f 3292/3982/3374 3310/1171/1066 3382/4021/3413 3377/3983/3375
f 3268/3991/3383 3269/3985/3377 3369/4058/3450 3368/4019/3411
f 3290/4062/3454 3289/3981/3373 3375/3984/3376 3376/4061/3453
f 3273/3919/3314 3280/1123/1018 3370/4060/3452
f 3288/1169/1064 3295/4005/3397 3380/4008/3400 3374/4011/3403
f 3285/4013/3405 3273/3919/3314 3370/4060/3452 3371/4014/3406
f 3389/538/513 3399/1167/1062 3397/3971/3363 3388/4063/3455
f 3383/1365/952 3384/536/511 672/1011/913 673/1367/950
f 3287/1012/914 3264/3967/3359 3263/1164/1059 542/1013/915
f 3264/3967/3359 3287/1012/914 3392/3972/3364 3390/4020/3412
f 3387/1009/911 3385/1008/910 672/1011/913 542/1013/915
f 3386/1366/951 3385/1008/910 674/1007/909 675/1371/949
f 3387/1009/911 3261/3962/3355 543/1010/912
f 3388/4063/3455 3394/4064/3456 3395/4065/3457 3266/3968/3360
f 3390/4020/3412 3392/3972/3364 3388/4063/3455
f 3390/4020/3412 3388/4063/3455 3266/3968/3360
f 3266/3968/3360 3395/4065/3457 3394/4064/3456 3391/4038/3430
f 3393/4066/3458 3394/4064/3456 3388/4063/3455
f 3397/3971/3363 3398/4018/3410 3396/4017/3409 3393/4066/3458 3388/4063/3455
f 3392/3972/3364 3400/539/514 3389/538/513 3388/4063/3455
f 3289/3981/3373 3290/4062/3454 3394/4064/3456 3393/4066/3458
f 3290/4062/3454 3269/3985/3377 3391/4038/3430 3394/4064/3456
f 3309/1172/1067 3310/1171/1066 3398/4018/3410 3397/3971/3363
f 3292/3982/3374 3289/3981/3373 3393/4066/3458 3396/4017/3409
f 3435/4067/3459 3527/4068/3460 3539/4069/3461 3482/4070/3462
f 3586/4071/3463 4205/4072/3464 4202/4073/3465 3580/4074/3466
f 3408/458/433 3510/4075/3467 3476/4076/3468 3972/459/434
f 3481/4077/3469 3975/4078/3470 3973/4079/3471 3476/4076/3468
f 3406/493/468 3405/4080/3472 3830/4081/3473 3823/494/469
f 3413/497/472 3564/4082/3474 3467/4083/3475 3465/498/473
f 4253/4084/3476 4404/4085/3477 4405/4086/3478 4255/4087/3479
f 3451/516/491 3452/4088/3480 3405/4080/3472 3406/493/468
f 3523/4089/3481 3977/4090/3482 3975/4078/3470 3481/4077/3469
f 3445/4091/3483 4200/4092/3484 4208/4093/3485 3589/4094/3486
f 3438/4095/3487 4378/4096/3488 4377/4097/3489 3403/4098/3490
f 4454/4099/3491 4470/4100/3492 4459/4101/3493 3456/4102/3494
f 3431/4103/3495 3927/4104/3496 3936/4105/3497 3907/4106/3498
f 3741/4107/3499 4227/4108/3500 4225/4109/3501 3739/4110/3502
f 4229/4111/3503 4246/4112/3504 4248/4113/3505 4231/4114/3506
f 3459/4115/3507 3412/4116/3508 4457/4117/3509 4455/4118/3510
f 3458/4119/3511 3411/4120/3512 4357/4121/3513 4454/4099/3491
f 3409/1030/932 3845/4122/3514 3847/4123/3515 3861/1031/933
f 3810/4124/3516 3869/4125/3517 3862/4126/3518 3804/4127/3519
f 3415/1038/940 3947/4128/3520 3946/4129/3521 3997/4130/3522 3414/1039/941
f 3414/1039/941 3997/4130/3522 3802/4131/3523 3466/1043/945
f 4015/4132/3524 4029/4133/3525 4025/4134/3526 3906/4135/3527
f 3910/4136/3528 4041/4137/3529 4046/4138/3530 3915/4139/3531 4110/4140/3532
f 3686/4141/3533 3981/4142/3534 3986/4143/3535 3708/4144/3536
f 3705/4145/3537 4016/4146/3538 4017/4147/3539 3707/4148/3540
f 3486/4149/3541 3781/4150/3542 3782/4151/3543 3488/4152/3544
f 3759/4153/3545 4133/4154/3546 4135/4155/3547 3761/4156/3548
f 3767/4157/3549 4173/4158/3550 4180/4159/3551 4321/4160/3552
f 3680/4161/3553 4287/4162/3554 4286/4163/3555 3679/4164/3556
f 4342/4165/3557 4391/4166/3558 4390/4167/3559 4350/4168/3560
f 4437/4169/3561 4411/4170/3562 4408/4171/3563 4396/4172/3564
f 3585/4173/3565 4142/4174/3566 4141/4175/3567 3584/4176/3568
f 3573/4177/3569 3646/4178/3570 3647/4179/3571 3574/4180/3572
f 3923/4181/3573 3945/4182/3574 3943/4183/3575 3922/4184/3576
f 3468/4185/3577 3923/4181/3573 3922/4184/3576
f 3742/4186/3578 4241/4187/3579 4246/4112/3504 4229/4111/3503
f 3412/4116/3508 3750/4188/3580 3764/4189/3581
f 3411/4120/3512 4332/4190/3582 4333/4191/3583
f 3456/4102/3494 4459/4101/3493 4469/4192/3584 4381/4193/3585
f 3401/4194/3586 4379/4195/3587 4380/4196/3588 4363/4197/3589 4358/4198/3590
f 3589/4094/3486 4222/4199/3591 4215/4200/3592 3445/4091/3483
f 3588/4201/3593 4207/4202/3594 4201/4203/3595 3579/4204/3596
f 3675/4205/3597 3660/4206/3598 4120/4207/3599 4106/4208/3600
f 3437/4209/3601 3438/4095/3487 3403/4098/3490 3402/4210/3602
f 3485/4211/3603 3729/4212/3604 3731/4213/3605 3488/4152/3544
f 3666/4214/3606 4067/4215/3607 4072/4216/3608 3682/4217/3609
f 3685/4218/3610 4058/4219/3611 4059/4220/3612 3687/4221/3613
f 3432/4222/3614 4031/4223/3615 4033/4224/3616
f 3536/4225/3617 3718/4226/3618 3674/4227/3619 3532/4228/3620
f 3471/4229/3621 3423/4230/3622 3916/4231/3623 3921/4232/3624 3917/4233/3625
f 4110/4140/3532 4123/4234/3626 4111/4235/3627 3815/4236/3628
f 3824/4237/3629 3853/4238/3630 3846/4239/3631 3431/4240/3495
f 3490/4241/3632 3610/4242/3633 3608/4243/3634 3484/4244/3635
f 3451/516/491 3825/1334/1216 3826/4245/3636 3452/4088/3480
f 3447/1335/494 3446/1338/1218 3449/4246/3637 3448/4247/3638
f 3443/4248/3639 3442/4249/3640 4209/4250/3641 4212/4251/3642
f 3441/4252/3643 3404/4253/3644 4213/4254/3645 4532/4255/3646
f 3438/4095/3487 4524/4256/3647 3440/4257/3648 3439/4258/3649 4378/4096/3488
f 3437/4209/3601 3436/4259/3650 4524/4256/3647 3438/4095/3487
f 3462/4260/3651 4528/4261/3652 3444/4262/3653 3445/4091/3483
f 3471/4229/3621 3470/4263/3654 3436/4259/3650 3437/4209/3601
f 3472/4264/3655 4531/4265/3656 3448/4247/3638 3449/4246/3637 3480/4266/3657
f 3538/4267/3658 3507/4268/3659 3505/4269/3660 3455/4270/3661
f 3464/4271/3662 3566/4272/3663 3802/4131/3523
f 3439/4258/3649 3440/4257/3648 3457/4273/3664 3456/4102/3494 4381/4193/3585
f 3456/4102/3494 3457/4273/3664 4453/4274/3665 4454/4099/3491
f 3458/4119/3511 4526/4275/3666 4456/4276/3667 4455/4118/3510
f 3459/4115/3507 3460/4277/3668 4527/4278/3669 3461/4279/3670 3749/4280/3671
f 3461/4279/3670 4527/4278/3669 4528/4261/3652 3462/4260/3651 4230/4281/3672
f 3467/4083/3475 3510/4075/3467 3408/458/433 3465/498/473
f 3802/4131/3523 3564/4082/3474 3413/497/472 3466/1043/945
f 3474/4282/3673 3473/4283/3674 3469/4284/3675 3468/4185/3577 3922/4184/3576
f 3428/4285/3676 4530/4286/3677 4529/4287/3678 3500/4288/3679
f 3468/4185/3577 3469/4284/3675 3470/4263/3654 3471/4229/3621 3917/4233/3625
f 3404/4253/3644 3441/4252/3643 4530/4286/3677 3428/4285/3676
f 3418/4289/3680 4529/4287/3678 4531/4265/3656 3472/4264/3655
f 3828/4290/3681 3836/4291/3682 3835/4292/3683 3827/4293/3684
f 3437/4209/3601 3402/4210/3602 4383/4294/3685 3423/4230/3622 3471/4229/3621
f 3476/4076/3468 3510/4075/3467 3481/4077/3469
f 3477/4295/3686 3519/4296/3687 3478/4297/3688 3538/4267/3658
f 3407/4298/3689 3508/4299/3690 3410/4300/3691 2899/3133/2627
f 3475/4301/3692 3517/4302/3693 3519/4303/3687 3477/4295/3686
f 3480/4266/3657 3430/4304/3694 3472/4264/3655
f 3463/4305/3695 3509/4306/3696 3467/4083/3475
f 3446/1338/1218 2900/3143/2636 3971/4307/3697 3449/4246/3637
f 3733/4308/3698 3554/4309/3699 3555/4310/3700 3492/4311/3701
f 3455/4270/3661 3548/4312/3702 3552/4313/3703 3483/4314/3704
f 3668/4315/3705 3790/4316/3706 3789/4317/3707 4063/4318/3708
f 3695/4319/3709 3793/4320/3710 3794/4321/3711 3696/4322/3712
f 3421/4323/3713 3725/4324/3714 3736/4325/3715 3662/4326/3716
f 3550/4327/3717 3561/4328/3718 3504/4329/3719
f 3454/4330/3720 3547/4331/3721 3548/4312/3702 3455/4270/3661
f 3496/4332/3722 3558/4333/3723 3549/4334/3724 3464/4271/3662
f 3493/4335/3725 3556/4336/3726 3557/4337/3727 3495/4338/3728
f 3492/4311/3701 3784/4339/3729 3797/4340/3730 3733/4308/3698
f 3496/4332/3722 3434/4341/3731 3800/4342/3732 3558/4333/3723
f 3558/4333/3723 3800/4342/3732 3801/4343/3733 3559/4344/3734
f 3538/4267/3658 3537/4345/3735 3477/4295/3686
f 3504/4329/3719 3561/4328/3718 3547/4331/3721 3454/4330/3720
f 3622/4346/3736 3546/4347/3737 3562/4348/3738 3563/4349/3739
f 3418/4350/3680 3598/4351/3740 3614/4352/3741 3500/4353/3679
f 3484/4244/3635 3608/4243/3634 3609/4354/3742 3487/4355/3743
f 3502/4356/3744 3616/4357/3745 3613/4358/3746 3499/4359/3747
f 3507/4268/3659 3511/4360/3748 3510/4075/3467 3467/4083/3475 3509/4306/3696 3514/4361/3749 3506/4362/3750 3505/4269/3660
f 3482/4070/3462 3551/4363/3751 3553/4364/3752 3732/4365/3753
f 3510/4075/3467 3511/4360/3748 3512/4366/3754 3513/4367/3755
f 3454/4330/3720 3506/4362/3750 3514/4361/3749 3504/4329/3719
f 3478/4297/3688 3511/4360/3748 3507/4268/3659 3538/4267/3658
f 3510/4075/3467 3513/4367/3755 3481/4077/3469
f 3479/4368/3756 3512/4366/3754 3511/4360/3748 3478/4297/3688
f 3481/4077/3469 3513/4367/3755 3512/4366/3754 3479/4368/3756
f 3455/4270/3661 3505/4269/3660 3506/4362/3750 3454/4330/3720
f 3516/4369/3757 3515/4370/3758 3523/4089/3481 3481/4077/3469 3521/4371/3759 3520/4372/3760
f 3504/4329/3719 3514/4361/3749 3509/4306/3696 3463/4305/3695
f 3518/4373/3761 3515/4370/3758 3516/4369/3757 3517/4302/3693
f 3517/4302/3693 3516/4369/3757 3519/4303/3687
f 3430/4374/3694 3515/4375/3758 3518/4376/3761 3472/4377/3655
f 3478/4297/3688 3520/4372/3760 3521/4371/3759 3479/4368/3756
f 3476/4076/3468 3973/4079/3471 3972/459/434
f 3479/4368/3756 3521/4371/3759 3481/4077/3469
f 3472/4377/3655 3518/4376/3761 3517/4378/3693 3475/4379/3692
f 3449/4246/3637 3971/4307/3697 3974/4380/3762 3480/4266/3657
f 3480/4381/3657 3523/4089/3481 3515/4370/3758 3430/4304/3694
f 3519/4296/3687 3516/4369/3757 3520/4372/3760 3478/4297/3688
f 3524/4382/3763 3627/4383/3764 3631/4384/3765 3534/4385/3766
f 3501/4386/3767 3502/4387/3744 3528/4388/3768
f 3534/4389/3766 3639/4390/3769 3634/4391/3770 3524/4392/3763
f 3563/4349/3739 3719/4393/3771 3715/4394/3772 3533/4395/3773
f 3575/4396/3774 3648/4397/3775 3649/4398/3776 3576/4399/3777
f 3529/4400/3778 3676/4401/3779 3716/4402/3780 3534/4385/3766
f 3498/4403/3781 3623/4404/3782 3626/4405/3783 3503/4406/3784
f 3526/4407/3785 3628/4408/3786 3627/4383/3764 3524/4382/3763
f 3534/4389/3766 3716/4409/3780 3718/4410/3618 3536/4411/3617
f 3535/4412/3787 3717/4413/3788 3676/4401/3779 3529/4400/3778
f 3537/4345/3735 3538/4267/3658 3525/4414/3789 3540/4415/3790
f 3542/4416/3791 3545/4417/3792 3522/4418/3793 3543/4419/3794
f 3540/4415/3790 3527/4068/3460 3544/4420/3795 3562/4348/3738
f 3487/4355/3743 3542/4416/3791 3541/4421/3796 3484/4244/3635
f 3475/4301/3692 3522/4418/3793 3518/4373/3761 3472/4422/3655
f 3484/4244/3635 3541/4421/3796 3543/4419/3794 3490/4241/3632
f 3490/4241/3632 3543/4419/3794 3546/4347/3737 3622/4346/3736
f 3455/4270/3661 3525/4414/3789 3538/4267/3658
f 3477/4295/3686 3537/4345/3735 3522/4418/3793 3475/4301/3692
f 3678/4423/3797 3544/4420/3795 3527/4068/3460 3435/4067/3459
f 3497/4424/3798 3545/4417/3792 3542/4416/3791 3487/4355/3743
f 3483/4314/3704 3540/4415/3790 3525/4414/3789 3455/4270/3661
f 3482/4070/3462 3539/4069/3461 3540/4415/3790 3483/4314/3704
f 3559/4344/3734 3557/4337/3727 3556/4336/3726 3560/4425/3799
f 3548/4312/3702 3547/4331/3721 3550/4327/3717 3551/4363/3751 3552/4313/3703
f 3554/4309/3699 3553/4364/3752 3560/4425/3799 3556/4336/3726 3555/4310/3700
f 3551/4363/3751 3550/4327/3717 3559/4344/3734 3560/4425/3799
f 3550/4327/3717 3549/4334/3724 3558/4333/3723
f 3553/4364/3752 3551/4363/3751 3560/4425/3799
f 3495/4338/3728 3489/4426/3800 3494/4427/3801 3491/4428/3802
f 3550/4327/3717 3558/4333/3723 3559/4344/3734
f 3561/4328/3718 3550/4327/3717 3547/4331/3721
f 3464/4271/3662 3549/4334/3724 3550/4327/3717
f 3483/4314/3704 3552/4313/3703 3551/4363/3751 3482/4070/3462
f 3732/4365/3753 3553/4364/3752 3554/4309/3699 3733/4308/3698
f 3492/4311/3701 3555/4310/3700 3556/4336/3726 3493/4335/3725
f 3527/4068/3460 3540/4415/3790 3539/4069/3461
f 3533/4395/3773 3622/4346/3736 3563/4349/3739
f 3562/4348/3738 3544/4420/3795 3678/4423/3797 3563/4349/3739
f 3540/4415/3790 3562/4348/3738 3546/4347/3737 3543/4419/3794 3522/4418/3793 3537/4345/3735
f 3467/4083/3475 3564/4082/3474 3567/4429/3803 3568/4430/3804 3565/4431/3805
f 3567/4429/3803 3564/4082/3474 3802/4131/3523 3566/4272/3663
f 3463/4305/3695 3565/4431/3805 3568/4430/3804 3504/4329/3719
f 3467/4083/3475 3565/4431/3805 3463/4305/3695
f 3504/4329/3719 3568/4430/3804 3567/4429/3803 3550/4327/3717
f 3550/4327/3717 3567/4429/3803 3566/4272/3663 3464/4271/3662
f 3651/4432/3806 3428/4433/3676 3569/4434/3807
f 3428/4435/3676 3650/4436/3808 3404/4437/3644
f 3569/4434/3807 3428/4433/3676 3531/4438/3809
f 3500/4439/3679 3621/4440/3810 3531/4441/3809
f 3651/4442/3806 3642/4443/3811 3643/4444/3812 3570/4445/3813
f 3536/4225/3617 3532/4228/3620 3572/4446/3814 3571/4447/3815
f 3524/4392/3763 3634/4391/3770 3635/4448/3816 3526/4449/3785
f 3570/4450/3813 3643/4451/3812 3633/4452/3817 3424/4453/3818
f 3582/4454/3819 3771/4455/3820 3772/4456/3821 3583/4457/3822
f 3580/4074/3466 3769/4458/3823 3776/4459/3824 3586/4071/3463
f 3581/4460/3825 3770/4461/3826 3745/4462/3827 3579/4204/3596
f 3573/4177/3569 3766/4463/3828 3768/4464/3829
f 3578/4465/3830 3656/4466/3831 3654/4467/3832 3576/4468/3777
f 3578/4465/3830 3752/4469/3833 3775/4470/3834 4204/4471/3835
f 3442/4249/3640 4199/4472/3836 4211/4473/3837 4209/4250/3641
f 3743/4474/3838 4228/4475/3839 4226/4476/3840 3740/4477/3841
f 3584/4176/3568 4219/4478/3842 4218/4479/3843 3583/4457/3822
f 3571/4480/3815 4137/4481/3844 4140/4482/3845 3574/4180/3572
f 3574/4180/3572 4140/4482/3845 4139/4483/3846 3573/4177/3569
f 4223/4484/3847 4143/4485/3848 4153/4486/3849 3740/4477/3841
f 3596/4487/3850 4150/4488/3851 4151/4489/3852 3597/4490/3853
f 3590/4491/3854 4144/4492/3855 4152/4493/3856 3599/4494/3857
f 3762/4495/3858 4136/4496/3859 4133/4154/3546 3759/4153/3545
f 3595/4497/3860 4149/4498/3861 4150/4488/3851 3596/4487/3850
f 3606/4499/3862 3598/4500/3740 3607/4501/3863 3497/4424/3798 3609/4354/3742 3608/4243/3634 3610/4242/3633
f 3482/4070/3462 3728/4502/3864 3727/4503/3865 3435/4067/3459
f 3668/4315/3705 4090/4504/3866 4068/4505/3867
f 3663/4506/3868 4086/4507/3869 4085/4508/3870 3662/4326/3716
f 3602/4509/3871 4130/4510/3872 4131/4511/3873 3604/4512/3874
f 3599/4494/3857 3720/4513/3875 3724/4514/3876 3605/4515/3877
f 3760/4516/3878 4134/4517/3879 4136/4496/3859 3762/4495/3858
f 3598/4500/3740 3606/4499/3862 3613/4518/3746 3616/4519/3745 3615/4520/3880 3614/4521/3741
f 3612/4522/3881 3606/4499/3862 3610/4242/3633 3611/4523/3882
f 3613/4518/3746 3606/4499/3862 3612/4522/3881 3617/4524/3883
f 3498/4403/3781 3612/4522/3881 3611/4523/3882 3622/4346/3736
f 3472/4377/3655 3607/4525/3863 3598/4351/3740 3418/4350/3680
f 3622/4346/3736 3611/4523/3882 3610/4242/3633 3490/4241/3632
f 3487/4355/3743 3609/4354/3742 3497/4424/3798
f 3499/4359/3747 3613/4358/3746 3617/4526/3883 3503/4527/3784
f 3503/4406/3784 3617/4524/3883 3612/4522/3881 3498/4403/3781
f 3500/4353/3679 3614/4352/3741 3615/4528/3880 3501/4529/3767
f 3497/4530/3798 3607/4531/3863 3472/4532/3655
f 3501/4529/3767 3615/4528/3880 3616/4357/3745 3502/4356/3744
f 3500/4288/3679 3531/4533/3809 3428/4433/3676
f 4529/4287/3678 3418/4289/3680 3500/4288/3679
f 3621/4534/3810 3500/4535/3679 3618/4536/3884 3619/4537/3885 3620/4538/3886
f 3501/4386/3767 3618/4536/3884 3500/4539/3679
f 3531/4438/3809 3621/4534/3810 3620/4538/3886 3530/4540/3887
f 3528/4388/3768 3619/4537/3885 3618/4536/3884 3501/4386/3767
f 3530/4540/3887 3620/4538/3886 3619/4537/3885 3528/4388/3768
f 3625/4541/3888 3624/4542/3889 3627/4383/3764 3628/4408/3786
f 3627/4383/3764 3624/4542/3889 3626/4405/3783 3623/4404/3782 3632/4543/3890 3629/4544/3891 3631/4384/3765
f 3632/4543/3890 3623/4404/3782 3622/4346/3736 3630/4545/3892
f 3535/4412/3787 3632/4543/3890 3630/4545/3892 3533/4395/3773
f 3529/4400/3778 3629/4544/3891 3632/4543/3890 3535/4412/3787
f 3534/4385/3766 3631/4384/3765 3629/4544/3891 3529/4400/3778
f 3499/4359/3747 3624/4546/3889 3625/4547/3888 3502/4356/3744
f 3533/4395/3773 3630/4545/3892 3622/4346/3736
f 3622/4346/3736 3623/4404/3782 3498/4403/3781
f 3502/4548/3744 3625/4541/3888 3628/4408/3786 3526/4407/3785
f 3503/4406/3784 3626/4405/3783 3624/4542/3889 3499/4549/3747
f 3633/4550/3817 3642/4551/3811 3641/4552/3893 3637/4553/3894 3636/4554/3895 3502/4548/3744 3635/4555/3816 3634/4556/3770
f 3638/4557/3896 3637/4553/3894 3641/4552/3893
f 3633/4550/3817 3634/4556/3770 3639/4558/3769 3640/4559/3897
f 3645/4560/3898 3633/4550/3817 3640/4559/3897
f 3647/4561/3571 3646/4562/3570 3644/4563/3899 3633/4550/3817 3645/4560/3898
f 3643/4564/3812 3642/4551/3811 3633/4550/3817 3644/4563/3899 3649/4565/3776 3648/4566/3775
f 3528/4388/3768 3636/4554/3895 3637/4553/3894 3530/4540/3887
f 3574/4180/3572 3647/4179/3571 3645/4567/3898 3571/4480/3815
f 3576/4399/3777 3649/4398/3776 3644/4568/3899 3768/4464/3829
f 3530/4540/3887 3637/4553/3894 3638/4557/3896 3531/4438/3809
f 3570/4445/3813 3643/4444/3812 3648/4397/3775 3575/4396/3774
f 3502/4548/3744 3636/4554/3895 3528/4388/3768
f 3536/4411/3617 3640/4569/3897 3639/4390/3769 3534/4389/3766
f 3569/4434/3807 3641/4552/3893 3642/4551/3811 3651/4432/3806
f 3571/4480/3815 3645/4567/3898 3640/4569/3897 3536/4411/3617
f 3526/4407/3785 3635/4555/3816 3502/4548/3744
f 3531/4438/3809 3638/4557/3896 3641/4552/3893 3569/4434/3807
f 3768/4464/3829 3644/4568/3899 3646/4178/3570 3573/4177/3569
f 3585/4173/3565 3774/4570/3900 3766/4571/3828 3573/4572/3569
f 3579/4204/3596 3745/4462/3827 3777/4573/3901 3588/4201/3593
f 3576/4399/3777 3654/4574/3832 3653/4575/3902 3575/4396/3774
f 3650/4576/3808 3428/4433/3676 3651/4432/3806 3652/4577/3903
f 3655/4578/3904 3656/4579/3831 3657/4580/3905
f 3656/4579/3831 3655/4578/3904 3650/4576/3808 3652/4577/3903
f 3404/4437/3644 3650/4436/3808 3655/4581/3904 3577/4582/3906
f 3575/4396/3774 3653/4575/3902 3652/4583/3903 3570/4445/3813
f 3570/4445/3813 3652/4583/3903 3651/4442/3806
f 3577/4582/3906 3655/4581/3904 3657/4584/3905 4204/4471/3835
f 4204/4471/3835 3657/4584/3905 3656/4466/3831 3578/4465/3830
f 3652/4577/3903 3653/4585/3902 3654/4586/3832 3656/4579/3831
f 3601/4587/3907 4080/4588/3908 4083/4589/3909 3604/4512/3874
f 3661/4590/3910 3738/4591/3911 3729/4212/3604 3485/4211/3603
f 3435/4067/3459 3727/4503/3865 3734/4592/3912 3678/4423/3797
f 3673/4593/3913 4070/4594/3914 4067/4215/3607 3666/4214/3606
f 3900/4595/3915 4103/4596/3916 4104/4597/3917 3901/4598/3918
f 3665/4599/3919 4066/4600/3920 4071/4601/3921 4100/4602/3922
f 3421/4323/3713 4077/4603/3923 4079/4604/3924 3600/4605/3925
f 3659/4606/3926 4049/4607/3927 4053/4608/3928 4100/4602/3922
f 3901/4598/3918 4104/4597/3917 4105/4609/3929 3903/4610/3930
f 3662/4326/3716 4085/4508/3870 4077/4603/3923 3421/4323/3713
f 4100/4602/3922 4071/4601/3921 4062/4611/3931 3659/4606/3926
f 3604/4512/3874 4083/4589/3909 4081/4612/3932 3602/4509/3871
f 3713/4613/3933 3957/4614/3934 3955/4615/3935 3711/4616/3936
f 3670/4617/3937 4051/4618/3938 4055/4619/3939 3679/4164/3556
f 3668/4315/3705 4090/4504/3866 4078/4620/3940 3485/4211/3603
f 3692/4621/3941 4076/4622/3942 4074/4623/3943 3689/4624/3944
f 4063/4318/3708 4068/4505/3867 3668/4315/3705
f 3687/4221/3613 4073/4625/3945 4076/4622/3942 3692/4621/3941
f 3708/4144/3536 3953/4626/3946 3949/4627/3947 3686/4141/3533
f 3733/4308/3698 3797/4340/3730 3781/4150/3542 3486/4149/3541
f 3658/4628/3948 3788/4629/3949 3792/4630/3950 3694/4631/3951
f 4285/4632/3952 4052/4633/3953 4061/4634/3954 3912/4635/3955
f 3689/4624/3944 4007/4636/3956 4009/4637/3957 3692/4621/3941
f 3707/4148/3540 4017/4147/3539 4010/4638/3958 3693/4639/3959
f 3694/4631/3951 3792/4630/3950 3793/4320/3710 3695/4319/3709
f 3997/4130/3522 3946/4129/3521 3712/4640/3960 3701/4641/3961
f 3693/4639/3959 4010/4638/3958 4012/4642/3962 3695/4319/3709
f 3812/4643/3963 3981/4142/3534 3686/4141/3533
f 3912/4635/3955 4290/4644/3964 4285/4632/3952
f 3705/4145/3537 3966/4645/3965 3968/4646/3966 3711/4616/3936
f 3713/4613/3933 3969/4647/3967 3712/4640/3960
f 3681/4648/3968 3717/4413/3788 3715/4394/3772 3719/4393/3771 3678/4423/3797
f 4100/4602/3922 4053/4608/3928 4054/4649/3969 3677/4650/3970
f 3707/4148/3540 3967/4651/3971 3966/4645/3965 3705/4145/3537
f 3811/4652/3972 3881/4653/3973 3863/3489/2912
f 3809/4654/3974 3879/4655/3975 3878/4656/3976 3808/4657/3977
f 3690/4658/3978 3947/4128/3520 3415/1038/940 3706/3496/2919
f 3674/4227/3619 3681/4648/3968 3721/4659/3979 3722/4660/3980 3724/4514/3876 3720/4513/3875
f 3716/4402/3780 3674/4227/3619 3718/4226/3618
f 3717/4413/3788 3681/4648/3968 3676/4401/3779
f 3681/4648/3968 3674/4227/3619 3716/4402/3780 3676/4401/3779
f 3724/4514/3876 3722/4660/3980 3723/4661/3981
f 3532/4228/3620 3674/4227/3619 3720/4513/3875 3599/4494/3857
f 3422/4662/3982 3681/4648/3968 3678/4423/3797
f 3604/4512/3874 3723/4661/3981 3722/4660/3980 3601/4587/3907
f 3600/4605/3925 3721/4659/3979 3681/4648/3968 3422/4662/3982
f 3678/4423/3797 3719/4393/3771 3563/4349/3739
f 3601/4587/3907 3722/4660/3980 3721/4659/3979 3600/4605/3925
f 3605/4515/3877 3724/4514/3876 3723/4661/3981 3604/4512/3874
f 3533/4395/3773 3715/4394/3772 3717/4413/3788 3535/4412/3787
f 3725/4324/3714 3726/4663/3983 3734/4592/3912 3727/4503/3865 3730/4664/3984 3731/4213/3605 3729/4212/3604
f 3733/4308/3698 3730/4664/3984 3727/4503/3865 3728/4502/3864 3732/4365/3753
f 3726/4663/3983 3725/4324/3714 3735/4665/3985
f 3725/4324/3714 3729/4212/3604 3738/4666/3911 3737/4667/3986 3736/4325/3715
f 3600/4605/3925 3735/4665/3985 3725/4324/3714 3421/4323/3713
f 3662/4326/3716 3736/4325/3715 3737/4667/3986 3663/4506/3868
f 3678/4423/3797 3734/4592/3912 3726/4663/3983 3422/4662/3982
f 3663/4506/3868 3737/4667/3986 3738/4591/3911 3661/4590/3910
f 3422/4662/3982 3726/4663/3983 3735/4665/3985 3600/4605/3925
f 3732/4365/3753 3728/4502/3864 3482/4070/3462
f 3488/4152/3544 3731/4213/3605 3730/4664/3984 3486/4149/3541
f 3486/4149/3541 3730/4664/3984 3733/4308/3698
f 3599/4494/3857 4152/4493/3856 3532/4228/3620
f 3587/4668/3987 4220/4669/3988 4222/4199/3591 3589/4094/3486
f 3739/4110/3502 4231/4114/3506 4230/4281/3672 3462/4260/3651 3741/4107/3499
f 3739/4110/3502 3743/4474/3838 3744/4670/3989
f 3745/4462/3827 3778/4671/3990 3774/4570/3900 3773/4672/3991 3772/4456/3821 3771/4455/3820 3777/4573/3901
f 3740/4477/3841 4190/4673/3992 4192/4674/3993 3743/4474/3838
f 3461/4279/3670 4240/4675/3994 4245/4676/3995 3749/4280/3671
f 3748/4677/3996 3412/4116/3508 3459/4115/3507 3749/4280/3671
f 3748/4677/3996 3747/4678/3997 3412/4116/3508
f 3750/4188/3580 3412/4116/3508 3747/4678/3997
f 3747/4678/3997 4233/4679/3998 4234/4680/3999 3750/4188/3580
f 3753/4681/4000 3426/4682/4001 4181/4683/4002 3754/4684/4003
f 3595/4497/3860 4156/4685/4004 4155/4686/4005 3594/4687/4006
f 4236/4688/4007 4159/4689/4008 4161/4690/4009 3756/4691/4010
f 3603/4692/4011 4130/4510/3872 3602/4509/3871
f 3765/4693/4012 4187/4694/4013 4188/4695/4014 3767/4157/3549
f 3599/4494/3857 4129/4696/4015 4125/4697/4016 3590/4491/3854
f 3758/4698/4017 4168/4699/4018 4171/4700/4019 4184/4701/4020
f 3597/4490/3853 4128/4702/4021 4127/4703/4022 3596/4487/3850
f 3605/4515/3877 4132/4704/4023 4129/4696/4015 3599/4494/3857
f 3756/4691/4010 4182/4705/4024 3897/4706/4025 4236/4688/4007
f 3664/4707/4026 4167/4708/4027 4166/4709/4028 3603/4692/4011
f 3759/4153/3545 4169/4710/4029 4168/4699/4018 3758/4698/4017
f 3752/4711/3833 3778/4671/3990 3745/4462/3827 3769/4458/3823 3775/4712/3834
f 4321/4160/3552 4320/4713/4030 3767/4157/3549
f 3901/4598/3918 4176/4714/4031 3900/4595/3915
f 3752/4711/3833 3757/4715/4032 3768/4716/3829
f 3763/4717/4033 4185/4718/4034 4184/4701/4020
f 3770/4461/3826 3769/4458/3823 3745/4462/3827
f 3769/4458/3823 3770/4461/3826 3776/4459/3824
f 3752/4711/3833 3768/4716/3829 3778/4671/3990
f 3778/4671/3990 3768/4716/3829 3766/4571/3828 3774/4570/3900
f 3768/4464/3829 3757/4719/4032 3576/4399/3777
f 3588/4201/3593 3777/4573/3901 3771/4455/3820 3582/4454/3819
f 3586/4071/3463 3776/4459/3824 3770/4461/3826 3581/4460/3825
f 3584/4176/3568 3773/4672/3991 3774/4570/3900 3585/4173/3565
f 3576/4468/3777 3757/4720/4032 3752/4469/3833 3578/4465/3830
f 4204/4721/3835 3775/4712/3834 3769/4458/3823 3580/4074/3466
f 3583/4457/3822 3772/4456/3821 3773/4672/3991 3584/4176/3568
f 3779/4722/4035 3783/4723/4036 3781/4150/3542 3797/4340/3730 3784/4339/3729 3785/4724/4037 3786/4725/4038 3491/4428/3802
f 3781/4150/3542 3779/4722/4035 3780/4726/4039 3782/4151/3543
f 3783/4723/4036 3779/4722/4035 3781/4150/3542
f 3787/4727/4040 3491/4428/3802 3786/4725/4038 3785/4724/4037
f 3790/4316/3706 3791/4728/4041 3789/4317/3707
f 3791/4728/4041 3790/4316/3706 3780/4726/4039 3779/4722/4035 3788/4629/3949 3789/4317/3707
f 3788/4629/3949 3779/4722/4035 3491/4428/3802 3796/4729/4042 3795/4730/4043 3794/4321/3711 3793/4320/3710 3792/4630/3950
f 3696/4322/3712 3794/4321/3711 3795/4730/4043 3698/4731/4044
f 3493/4335/3725 3785/4724/4037 3784/4339/3729 3492/4311/3701
f 4063/4318/3708 3789/4317/3707 3788/4629/3949 3658/4628/3948
f 3485/4211/3603 3780/4726/4039 3790/4316/3706 3668/4315/3705
f 3698/4731/4044 3795/4730/4043 3796/4729/4042 3699/4732/4045
f 3495/4338/3728 3787/4727/4040 3785/4724/4037 3493/4335/3725
f 3488/4152/3544 3782/4151/3543 3780/4726/4039 3485/4211/3603
f 3699/4732/4045 3796/4729/4042 3491/4428/3802
f 3491/4428/3802 3787/4727/4040 3495/4338/3728
f 3798/4733/4046 3802/4131/3523 3997/4130/3522 3494/4427/3801 3489/4426/3800 3434/4341/3731
f 3489/4426/3800 3799/4734/4047 3800/4342/3732 3434/4341/3731
f 3800/4342/3732 3799/4734/4047 3801/4343/3733
f 3464/4271/3662 3798/4733/4046 3434/4341/3731 3496/4332/3722
f 3802/4131/3523 3798/4733/4046 3464/4271/3662
f 3559/4344/3734 3801/4343/3733 3799/4734/4047 3557/4337/3727
f 3557/4337/3727 3799/4734/4047 3489/4426/3800 3495/4338/3728
f 3863/3489/2912 3870/4735/4048 3811/4652/3972
f 3808/4657/3977 3867/4736/4049 3868/4737/4050 3809/4654/3974
f 3811/4652/3972 3870/4735/4048 3860/4738/4051 3803/4739/4052
f 3803/4739/4052 3877/4740/4053 3881/4653/3973 3811/4652/3972
f 4033/4224/3616 3891/4741/4054 3892/4742/4055 3816/4743/4056
f 3844/4744/4057 3896/4745/4058 3891/4741/4054 4033/4224/3616
f 3911/4746/4059 4042/4747/4060 4038/4748/4061 3906/4135/3527
f 3714/4749/4062 3989/4750/4063 3985/4751/4064 3704/4752/4065
f 3830/4081/3473 3833/4753/4066 3824/4754/3629
f 3830/4081/3473 3845/4122/3514 3409/1030/932 3823/494/469
f 3821/4755/4067 3831/4756/4068 3836/4291/3682 3828/4290/3681
f 3825/1334/1216 3450/3596/493 4525/4757/4069 3826/4245/3636
f 3826/4245/3636 4525/4757/4069 3828/4290/3681 3827/4293/3684
f 4525/4757/4069 3473/4283/3674 3474/4282/3673 3821/4755/4067 3828/4290/3681
f 3829/4758/4070 3834/4759/4071 3835/4292/3683
f 3832/4760/4072 3405/4080/3472 3829/4758/4070 3835/4292/3683 3831/4756/4068
f 3830/4081/3473 3405/4080/3472 3832/4760/4072 3833/4753/4066
f 3836/4291/3682 3831/4756/4068 3835/4292/3683
f 3452/4088/3480 3829/4758/4070 3405/4080/3472
f 3824/4754/3629 3833/4753/4066 3832/4760/4072 3822/4761/4073 3838/4762/4074
f 3827/4293/3684 3835/4292/3683 3834/4759/4071 3826/4245/3636
f 3822/4761/4073 3832/4760/4072 3831/4756/4068 3821/4755/4067
f 3826/4245/3636 3834/4759/4071 3829/4758/4070 3452/4088/3480
f 3838/4762/4074 3855/4763/4075 3853/4764/3630 3824/4754/3629
f 3474/4282/3673 3929/4765/4076 3930/4766/4077 3821/4755/4067
f 3838/4762/4074 3933/4767/4078 3934/4768/4079 3839/4769/4080
f 3824/4754/3629 3853/4764/3630 3830/4081/3473
f 3709/4770/4081 3987/4771/4082 3980/4772/4083 3683/4773/4084
f 3841/4774/4085 3993/4775/4086 3994/4776/4087 3842/4777/4088
f 3842/4777/4088 3994/4776/4087 3992/4778/4089 3820/4779/4090
f 3844/4744/4057 4033/4224/3616 3820/4780/4090
f 3909/4781/4091 4040/4782/4092 4041/4137/3529 3910/4136/3528
f 3907/4106/3498 4027/4783/4093 4014/4784/4094 3431/4103/3495
f 3845/4122/3514 3830/4081/3473 3853/4764/3630 3855/4763/4075 3856/4785/4095 3846/4786/3631
f 3851/4787/4096 3852/4788/4097 3848/4789/4098 3849/4790/4099 3850/4791/4100 3847/4123/3515 3845/4122/3514 3846/4786/3631 3854/4792/4101
f 3857/4793/4102 3846/4786/3631 3856/4785/4095
f 3807/4794/4103 3850/4791/4100 3849/4790/4099 3806/4795/4104
f 3839/4769/4080 3856/4785/4095 3855/4763/4075 3838/4762/4074
f 3806/4795/4104 3849/4790/4099 3848/4789/4098 3805/4796/4105
f 3818/4797/4106 3852/4788/4097 3851/4787/4096 3817/4798/4107
f 3847/4123/3515 3850/4791/4100 3807/4794/4103
f 3805/4796/4105 3848/4789/4098 3852/4788/4097 3818/4797/4106
f 3431/4103/3495 3846/4786/3631 3857/4793/4102 3840/4799/4108
f 3817/4798/4107 3851/4787/4096 3854/4792/4101 3837/4800/4109
f 3840/4799/4108 3857/4793/4102 3856/4785/4095 3839/4769/4080
f 3837/4800/4109 3854/4792/4101 3846/4786/3631 3431/4103/3495
f 3858/3640/3050 3859/4801/4110 3870/4735/4048 3863/3489/2912
f 3862/4126/3518 3859/4801/4110 3871/4802/4111 3866/4803/4112 3865/4804/4113 3864/4805/4114
f 3871/4802/4111 3859/4801/4110 3858/3640/3050 3861/1031/933
f 3860/4738/4051 3859/4801/4110 3862/4126/3518 3869/4125/3517 3868/4737/4050 3867/4736/4049
f 3859/4801/4110 3860/4738/4051 3870/4735/4048
f 3807/4794/4103 3866/4803/4112 3871/4802/4111 3847/4123/3515
f 3804/4127/3519 3862/4126/3518 3864/4805/4114 3805/4796/4105
f 3847/4123/3515 3871/4802/4111 3861/1031/933
f 3806/4795/4104 3865/4804/4113 3866/4803/4112 3807/4794/4103
f 3805/4796/4105 3864/4805/4114 3865/4804/4113 3806/4795/4104
f 3803/4739/4052 3860/4738/4051 3867/4736/4049 3808/4657/3977
f 3809/4654/3974 3868/4737/4050 3869/4125/3517 3810/4124/3516
f 3417/3646/3056 3872/4806/4115 3875/4807/4116 3706/3496/2919
f 3876/4808/4117 3872/4806/4115 3877/4740/4053 3878/4656/3976 3879/4655/3975 3880/4809/4118 3885/4810/4119 3884/4811/4120 3883/4812/4121 3882/4813/4122 3874/4814/4123
f 3875/4807/4116 3872/4806/4115 3876/4808/4117 3873/4815/4124
f 3881/4653/3973 3877/4740/4053 3872/4806/4115 3417/3646/3056 3863/3489/2912
f 3706/3496/2919 3875/4807/4116 3690/4658/3978
f 3812/4643/3963 3882/4813/4122 3883/4812/4121 3990/4816/4125
f 3686/4141/3533 3874/4814/4123 3882/4813/4122 3812/4643/3963
f 3690/4658/3978 3875/4807/4116 3873/4815/4124 3684/4817/4126
f 3990/4816/4125 3883/4812/4121 3884/4811/4120 3813/4818/4127
f 3684/4817/4126 3873/4815/4124 3876/4808/4117 3697/4819/4128
f 3697/4819/4128 3876/4808/4117 3874/4814/4123 3686/4141/3533
f 3813/4818/4127 3884/4811/4120 3885/4810/4119 3814/4820/4129
f 3808/4657/3977 3878/4656/3976 3877/4740/4053 3803/4739/4052
f 3814/4820/4129 3885/4810/4119 3880/4809/4118 3810/4124/3516
f 3810/4124/3516 3880/4809/4118 3879/4655/3975 3809/4654/3974
f 3886/4821/4130 3804/4127/3519 3891/4741/4054 3896/4745/4058 3895/4822/4131 3887/4823/4132 3888/4824/4133 3889/4825/4134 3890/4826/4135
f 3891/4741/4054 3804/4127/3519 3416/4827/4136 3894/4828/4137 3893/4829/4138 3892/4742/4055
f 3804/4127/3519 3886/4821/4130 3810/4124/3516
f 3816/4743/4056 3892/4742/4055 3893/4829/4138 3817/4798/4107
f 3990/4816/4125 3888/4824/4133 3887/4823/4132 3812/4643/3963
f 3805/4796/4105 3416/4827/4136 3804/4127/3519
f 3817/4798/4107 3893/4829/4138 3894/4828/4137 3818/4797/4106
f 3818/4797/4106 3894/4828/4137 3416/4827/4136 3805/4796/4105
f 3813/4818/4127 3889/4825/4134 3888/4824/4133 3990/4816/4125
f 3814/4820/4129 3890/4826/4135 3889/4825/4134 3813/4818/4127
f 3812/4643/3963 3887/4823/4132 3895/4822/4131 3819/4830/4139
f 3810/4124/3516 3886/4821/4130 3890/4826/4135 3814/4820/4129
f 3819/4830/4139 3895/4822/4131 3896/4745/4058 3844/4744/4057
f 3904/4831/4140 4179/4832/4141 4177/4833/4142 3902/4834/4143
f 3761/4156/3548 4170/4835/4144 4169/4710/4029 3759/4153/3545
f 4184/4701/4020 4171/4700/4019 4172/4836/4145 3763/4717/4033
f 4272/4837/4146 4297/4838/4147 4301/4839/4148 4277/4840/4149
f 3929/4765/4076 3944/4841/4150 3928/4842/4151 3931/4843/4152 3930/4766/4077
f 3902/4834/4143 4177/4833/4142 4178/4844/4153 3903/4610/3930
f 3899/4845/4154 4102/4846/4155 4098/4847/4156 3670/4617/3937
f 3670/4617/3937 4098/4847/4156 4101/4848/4157 3677/4650/3970
f 3900/4595/3915 4167/4708/4027 3664/4707/4026
f 4278/4849/4158 4314/4850/4159 4318/4851/4160 4282/4852/4161
f 3763/4717/4033 4172/4836/4145 4173/4158/3550 3767/4157/3549
f 3906/4135/3527 4025/4134/3526 4028/4853/4162 3911/4746/4059
f 3911/4746/4059 4028/4853/4162 4027/4783/4093 3907/4106/3498
f 3820/4779/4090 4034/4854/4163 4036/4855/4164 3842/4777/4088
f 4033/4224/3616 4019/4856/4165 3433/4857/4166 3432/4222/3614
f 3431/4103/3495 4014/4784/4094 4021/4858/4167 3837/4800/4109
f 3817/4798/4107 4020/4859/4168 3816/4743/4056
f 3915/4139/3531 4046/4138/3530 4044/4860/4169 3913/4861/4170
f 4274/4862/4171 4299/4863/4172 4298/4864/4173 4273/4865/4174
f 4033/4224/3616 4034/4866/4163 3820/4780/4090
f 3679/4164/3556 4286/4163/3555 4284/4867/4175 3670/4617/3937
f 3914/4868/4176 4045/4869/4177 4040/4782/4092 3909/4781/4091
f 3688/4870/4178 4032/4871/4179 4043/4872/4180 3912/4635/3955
f 3405/4080/3472 3924/4873/4181 3932/4874/4182 3832/4760/4072
f 3921/4232/3624 3942/4875/4183 3945/4182/3574 3923/4181/3573
f 3920/4876/4184 3940/4877/4185 3937/4878/4186 3916/4231/3623 4060/4879/4187
f 3923/4181/3573 3468/4185/3577 3917/4233/3625 3921/4232/3624
f 3907/4106/3498 3936/4105/3497 3926/4880/4188 3419/4881/4189
f 3918/4882/4190 3938/4883/4191 3939/4884/4192 3919/4885/4193
f 3927/4104/3496 3935/4886/4194 3928/4842/4151 3925/4887/4195 3938/4883/4191 3941/4888/4196 3926/4880/4188 3936/4105/3497
f 3933/4767/4078 3931/4843/4152 3928/4842/4151 3934/4768/4079
f 3935/4886/4194 3934/4768/4079 3928/4842/4151
f 3938/4883/4191 3925/4887/4195 3937/4878/4186 3940/4877/4185 3939/4884/4192
f 3937/4878/4186 3925/4887/4195 3945/4182/3574 3942/4875/4183
f 3938/4883/4191 3926/4880/4188 3941/4888/4196
f 3945/4182/3574 3925/4887/4195 3928/4842/4151 3944/4841/4150 3943/4183/3575
f 3944/4841/4150 3929/4765/4076 3943/4183/3575
f 3916/4231/3623 3937/4878/4186 3942/4875/4183 3921/4232/3624
f 3839/4769/4080 3934/4768/4079 3935/4886/4194 3840/4799/4108
f 3840/4799/4108 3935/4886/4194 3927/4104/3496 3431/4103/3495
f 3419/4881/4189 3926/4880/4188 3938/4883/4191 3918/4882/4190
f 3822/4761/4073 3931/4843/4152 3932/4874/4182 3832/4760/4072
f 3821/4755/4067 3930/4766/4077 3931/4843/4152 3822/4761/4073
f 3922/4184/3576 3943/4183/3575 3929/4765/4076 3474/4282/3673
f 3919/4885/4193 3939/4884/4192 3940/4877/4185 3920/4876/4184
f 3822/4761/4073 3931/4843/4152 3933/4767/4078 3838/4762/4074
f 3951/4889/4197 3952/4890/4198 3955/4615/3935 3947/4128/3520 3690/4658/3978 3948/4891/4199 3950/4892/4200 3958/4893/4201
f 3704/4752/4065 3951/4889/4197 3958/4893/4201 3714/4749/4062
f 3958/4893/4201 3950/4892/4200 3949/4627/3947 3953/4626/3946 3954/4894/4202
f 3946/4129/3521 3947/4128/3520 3955/4615/3935 3957/4614/3934 3956/4895/4203
f 3946/4129/3521 3956/4895/4203 3712/4640/3960
f 3705/4145/3537 3952/4890/4198 3951/4889/4197 3704/4752/4065
f 3710/4896/4204 3954/4894/4202 3953/4626/3946 3708/4144/3536
f 3684/4817/4126 3948/4891/4199 3690/4658/3978
f 3697/4819/4128 3950/4892/4200 3948/4891/4199 3684/4817/4126
f 3714/4749/4062 3958/4893/4201 3954/4894/4202 3710/4896/4204
f 3686/4141/3533 3949/4627/3947 3950/4892/4200 3697/4819/4128
f 3711/4616/3936 3955/4615/3935 3952/4890/4198 3705/4145/3537
f 3712/4640/3960 3956/4895/4203 3957/4614/3934 3713/4613/3933
f 3968/4646/3966 3959/4897/4205 3960/4898/4206 3961/4899/4207 3962/4900/4208 3969/4647/3967
f 3966/4645/3965 3967/4651/3971 3959/4897/4205 3968/4646/3966
f 3962/4900/4208 3963/4901/4209 3964/4902/4210 3965/4903/4211 3712/4640/3960 3969/4647/3967
f 3696/4322/3712 3961/4899/4207 3960/4898/4206 3695/4319/3709
f 3693/4639/3959 3959/4897/4205 3967/4651/3971 3707/4148/3540
f 3701/4641/3961 3965/4903/4211 3964/4902/4210 3700/4904/4212
f 3711/4616/3936 3968/4646/3966 3969/4647/3967 3713/4613/3933
f 3698/4731/4044 3962/4900/4208 3961/4899/4207 3696/4322/3712
f 3699/4732/4045 3963/4901/4209 3962/4900/4208 3698/4731/4044
f 3712/4640/3960 3965/4903/4211 3701/4641/3961
f 3695/4319/3709 3960/4898/4206 3959/4897/4205 3693/4639/3959
f 3700/4904/4212 3964/4902/4210 3963/4901/4209 3699/4732/4045
f 3971/4307/3697 3970/4905/4213 3974/4906/3762
f 2899/3133/2627 3970/4905/4213 3971/4307/3697 2900/3143/2636
f 3973/4079/3471 3970/4905/4213 2899/3133/2627 3972/459/434
f 3974/4906/3762 3970/4905/4213 3973/4079/3471 3975/4078/3470
f 3974/4906/3762 3977/4090/3482 3976/4907/4214 3970/4905/4213
f 3975/4078/3470 3977/4090/3482 3974/4906/3762
f 3407/4298/3689 3970/4905/4213 3976/4907/4214 3508/4299/3690
f 3508/4908/3690 3976/4909/4214 3977/4910/3482 3523/4911/3481
f 3978/4912/4215 3983/4913/4216 3984/4914/4217 3985/4751/4064 3989/4750/4063
f 3983/4913/4216 3978/4912/4215 3979/4915/4218 3980/4772/4083 3987/4771/4082
f 3986/4143/3535 3991/4916/4219 3996/4917/4220 3992/4918/4089
f 3991/4916/4219 3986/4143/3535 3981/4142/3534 3812/4643/3963
f 3982/4919/4221 3979/4915/4218 3978/4912/4215 3993/4775/4086 3995/4920/4222
f 3994/4776/4087 3986/4143/3535 3992/4921/4089
f 3993/4775/4086 3978/4912/4215 3989/4750/4063 3988/4922/4223 3986/4143/3535 3994/4776/4087
f 3704/4752/4065 3985/4751/4064 3984/4914/4217 3703/4923/4224
f 3702/4924/4225 3983/4913/4216 3987/4771/4082 3709/4770/4081
f 3703/4923/4224 3984/4914/4217 3983/4913/4216 3702/4924/4225
f 3708/4144/3536 3986/4143/3535 3988/4922/4223 3710/4896/4204
f 3820/4780/4090 3992/4918/4089 3996/4917/4220 3844/4744/4057
f 3819/4830/4139 3991/4916/4219 3812/4643/3963
f 3844/4744/4057 3996/4917/4220 3991/4916/4219 3819/4830/4139
f 3710/4896/4204 3988/4922/4223 3989/4750/4063 3714/4749/4062
f 3688/4870/4178 3982/4919/4221 3995/4920/4222 3843/4925/4226
f 3683/4773/4084 3980/4772/4083 3979/4915/4218 3669/4926/4227
f 3669/4926/4227 3979/4915/4218 3982/4919/4221 3688/4870/4178
f 3843/4925/4226 3995/4920/4222 3993/4775/4086 3841/4774/4085
f 3494/4427/3801 3997/4130/3522 4000/4927/4228 3999/4928/4229 3998/4929/4230
f 3700/4904/4212 3999/4928/4229 4000/4927/4228 3701/4641/3961
f 3701/4641/3961 4000/4927/4228 3997/4130/3522
f 3699/4732/4045 3998/4929/4230 3999/4928/4229 3700/4904/4212
f 3491/4428/3802 3494/4427/3801 3998/4929/4230 3699/4732/4045
f 4001/4930/4231 4002/4931/4232 4011/4932/4233 4012/4642/3962 4010/4638/3958
f 4003/4933/4234 4002/4931/4232 4001/4930/4231 4007/4636/3956 4008/4934/4235
f 4007/4636/3956 4001/4930/4231 4013/4935/4236 4018/4936/4237 4004/4937/4238 4005/4938/4239 4006/4939/4240 4009/4637/3957
f 4013/4935/4236 4001/4930/4231 4010/4638/3958 4017/4147/3539 4016/4146/3538 3704/4752/4065 3703/4923/4224
f 3658/4628/3948 4002/4931/4232 4003/4933/4234 4063/4318/3708
f 4014/4784/4094 4024/4940/4241 4026/4941/4242 4021/4858/4167
f 3687/4221/3613 4006/4939/4240 4005/4938/4239 3685/4218/3610
f 3709/4770/4081 4018/4936/4237 4013/4935/4236 3702/4924/4225
f 3691/4942/4243 4008/4934/4235 4007/4636/3956 3689/4624/3944
f 3702/4924/4225 4013/4935/4236 3703/4923/4224
f 3685/4218/3610 4005/4938/4239 4004/4937/4238 3683/4773/4084
f 3704/4752/4065 4016/4146/3538 3705/4145/3537
f 4063/4318/3708 4003/4933/4234 4008/4934/4235 3691/4942/4243
f 3695/4319/3709 4012/4642/3962 4011/4932/4233 3694/4631/3951
f 3692/4621/3941 4009/4637/3957 4006/4939/4240 3687/4221/3613
f 3694/4631/3951 4011/4932/4233 4002/4931/4232 3658/4628/3948
f 3683/4773/4084 4004/4937/4238 4018/4936/4237 3709/4770/4081
f 3432/4222/3614 3433/4857/4166 4029/4133/3525 4015/4132/3524
f 3433/4857/4166 4019/4856/4165 4020/4859/4168 4022/4943/4244
f 3433/4857/4166 4022/4943/4244 4023/4944/4245
f 4020/4859/4168 3817/4798/4107 4021/4858/4167 4022/4943/4244
f 4024/4940/4241 3433/4857/4166 4023/4944/4245
f 4023/4944/4245 4022/4943/4244 4021/4858/4167 4026/4941/4242 4024/4940/4241
f 4025/4134/3526 4024/4940/4241 4014/4784/4094 4027/4783/4093 4028/4853/4162
f 3433/4857/4166 4024/4940/4241 4025/4134/3526 4029/4133/3525
f 3837/4800/4109 4021/4858/4167 3817/4798/4107
f 3816/4743/4056 4020/4859/4168 4019/4856/4165 4033/4224/3616
f 4031/4223/3615 4035/4945/4246 4036/4855/4164
f 4030/4946/4247 4039/4947/4248 4043/4872/4180 4032/4871/4179 4037/4948/4249
f 4033/4224/3616 4031/4223/3615 4036/4855/4164 4034/4854/4163
f 4037/4948/4249 4035/4945/4246 4031/4223/3615 4030/4946/4247
f 4030/4946/4247 4031/4223/3615 4047/4949/4250 4038/4748/4061
f 4044/4860/4169 4030/4946/4247 4038/4748/4061 4042/4747/4060
f 4039/4947/4248 4030/4946/4247 4040/4782/4092 4045/4869/4177
f 4040/4782/4092 4030/4946/4247 4041/4137/3529
f 4041/4137/3529 4030/4946/4247 4044/4860/4169 4046/4138/3530
f 3843/4925/4226 4037/4948/4249 4032/4871/4179 3688/4870/4178
f 3841/4774/4085 4035/4945/4246 4037/4948/4249 3843/4925/4226
f 3906/4135/3527 4038/4748/4061 4047/4949/4250 4015/4132/3524
f 3913/4861/4170 4044/4860/4169 4042/4747/4060 3911/4746/4059
f 3842/4777/4088 4036/4855/4164 4035/4945/4246 3841/4774/4085
f 4015/4132/3524 4047/4949/4250 4031/4223/3615 3432/4222/3614
f 3912/4635/3955 4043/4872/4180 4039/4947/4248 3908/4950/4251
f 3908/4950/4251 4039/4947/4248 4045/4869/4177 3914/4868/4176
f 4048/4951/4252 4049/4607/3927 4059/4220/3612 4058/4219/3611
f 4054/4649/3969 4053/4608/3928 4049/4607/3927 4048/4951/4252 4051/4618/3938
f 4056/4952/4253 4055/4619/3939 4051/4618/3938 4048/4951/4252 4052/4633/3953
f 4052/4633/3953 4048/4951/4252 4050/4953/4254 3688/4870/4178 4061/4634/3954
f 4050/4953/4254 4048/4951/4252 4058/4219/3611 4057/4954/4255
f 3679/4164/3556 4055/4619/3939 4056/4952/4253 3680/4161/3553
f 3683/4773/4084 4057/4954/4255 4058/4219/3611 3685/4218/3610
f 3912/4635/3955 4061/4634/3954 3688/4870/4178
f 3669/4926/4227 4050/4953/4254 4057/4954/4255 3683/4773/4084
f 3687/4221/3613 4059/4220/3612 4049/4607/3927 3659/4606/3926
f 3688/4870/4178 4050/4953/4254 3669/4926/4227
f 3680/4161/3553 4056/4952/4253 4052/4633/3953 4285/4632/3952
f 3677/4650/3970 4054/4649/3969 4051/4618/3938 3670/4617/3937
f 3420/4955/4256 4064/4956/4257 4065/4957/4258
f 4071/4601/3921 4066/4600/3920 3420/4955/4256 4062/4611/3931
f 4064/4956/4257 4067/4215/3607 4070/4594/3914
f 4069/4958/4259 4064/4956/4257 3420/4955/4256 4066/4600/3920
f 4067/4215/3607 4064/4956/4257 4069/4958/4259 4072/4216/3608
f 4068/4505/3867 4063/4318/3708 4075/4959/4260 4074/4623/3943 3420/4955/4256 4065/4957/4258 4064/4956/4257 4070/4594/3914
f 4062/4611/3931 3420/4955/4256 4074/4623/3943 4076/4622/3942 4073/4625/3945
f 3668/4315/3705 4068/4505/3867 4070/4594/3914 3673/4593/3913
f 3682/4217/3609 4072/4216/3608 4069/4958/4259 3671/4960/4261
f 3689/4624/3944 4074/4623/3943 4075/4959/4260 3691/4942/4243
f 3671/4960/4261 4069/4958/4259 4066/4600/3920 3665/4599/3919
f 3659/4606/3926 4062/4611/3931 4073/4625/3945 3687/4221/3613
f 3691/4942/4243 4075/4959/4260 4063/4318/3708
f 4079/4604/3924 4077/4603/3923 4081/4612/3932 4083/4589/3909 4080/4588/3908
f 4081/4612/3932 4089/4961/4262 4087/4962/4263 4082/4963/4264
f 4078/4620/3940 4090/4504/3866 4084/4964/4265
f 4085/4508/3870 4086/4507/3869 4084/4964/4265 4090/4504/3866 4092/4965/4266
f 4089/4961/4262 4081/4612/3932 4077/4603/3923 4093/4966/4267 4091/4967/4268
f 4088/4968/4269 4077/4603/3923 4085/4508/3870 4092/4965/4266
f 4077/4603/3923 4088/4968/4269 4093/4966/4267
f 3603/4692/4011 4082/4963/4264 4087/4962/4263 3664/4707/4026
f 3661/4590/3910 4084/4964/4265 4086/4507/3869 3663/4506/3868
f 3600/4605/3925 4079/4604/3924 4080/4588/3908 3601/4587/3907
f 3664/4707/4026 4087/4962/4263 4089/4961/4262 3667/4969/4270
f 3667/4969/4270 4089/4961/4262 4091/4967/4268 3671/4960/4261
f 3666/4214/3606 4088/4968/4269 4092/4965/4266 3673/4593/3913
f 3602/4509/3871 4081/4612/3932 4082/4963/4264 3603/4692/4011
f 3682/4217/3609 4093/4966/4267 4088/4968/4269 3666/4214/3606
f 3673/4593/3913 4092/4965/4266 4090/4504/3866 3668/4315/3705
f 3671/4960/4261 4091/4967/4268 4093/4966/4267 3682/4217/3609
f 3485/4211/3603 4078/4620/3940 4084/4964/4265 3661/4590/3910
f 4101/4848/4157 4096/4970/4271 4100/4602/3922
f 4095/4971/4272 4097/4972/4273 4099/4973/4274 4096/4970/4271 4104/4597/3917 4103/4596/3916
f 4104/4597/3917 4096/4970/4271 4101/4848/4157 4105/4609/3929
f 4101/4848/4157 4098/4847/4156 4102/4846/4155 4105/4609/3929
f 3665/4599/3919 4096/4970/4271 4099/4973/4274 3671/4960/4261
f 4100/4602/3922 4096/4970/4271 3665/4599/3919
f 3903/4610/3930 4105/4609/3929 4102/4846/4155 3899/4845/4154
f 3667/4969/4270 4097/4972/4273 4095/4971/4272 3664/4707/4026
f 3677/4650/3970 4101/4848/4157 4100/4602/3922
f 3664/4707/4026 4095/4971/4272 4103/4596/3916 3900/4595/3915
f 3671/4960/4261 4099/4973/4274 4097/4972/4273 3667/4969/4270
f 4108/4974/4275 4115/4975/4276 4116/4976/4277 4117/4977/4278 4118/4978/4279 4122/4979/4280 4121/4980/4281 4119/4981/4282
f 4272/4837/4146 4385/4982/4283 4391/4166/3558 4342/4165/3557
f 4060/4879/4187 4403/4983/4284 4109/4984/4285
f 4106/4208/3600 4120/4207/3599 4119/4981/4282 4094/4985/4286
f 4251/4986/4287 4266/4987/4288 4267/4988/4289 4252/4989/4290
f 4108/4974/4275 4113/4990/4291 4112/4991/4292 3907/4106/3498
f 4120/4207/3599 3660/4206/3598 4111/4235/3627 4123/4234/3626 4114/4992/4293 4113/4990/4291 4108/4974/4275 4119/4981/4282
f 3419/4881/4189 4108/4974/4275 3907/4106/3498
f 4107/4993/4294 4121/4980/4281 4122/4979/4280 4109/4984/4285
f 3911/4746/4059 4112/4991/4292 4113/4990/4291 3913/4861/4170
f 4060/4879/4187 4118/4978/4279 4117/4977/4278 3920/4876/4184
f 3907/4106/3498 4112/4991/4292 3911/4746/4059
f 3918/4882/4190 4115/4975/4276 4108/4974/4275 3419/4881/4189
f 3920/4876/4184 4117/4977/4278 4116/4976/4277 3919/4885/4193
f 3913/4861/4170 4113/4990/4291 4114/4992/4293 3915/4139/3531
f 3919/4885/4193 4116/4976/4277 4115/4975/4276 3918/4882/4190
f 4109/4984/4285 4122/4979/4280 4118/4978/4279 4060/4879/4187
f 3815/4236/3628 4111/4235/3627 3660/4206/3598 3675/4205/3597
f 3915/4139/3531 4114/4992/4293 4123/4234/3626 4110/4140/3532
f 4094/4985/4286 4119/4981/4282 4121/4980/4281 4107/4993/4294
f 4124/4994/4295 4126/4995/4296 4125/4697/4016
f 4124/4994/4295 4125/4697/4016 4129/4696/4015
f 4130/4510/3872 4124/4994/4295 4132/4704/4023 4131/4511/3873
f 4132/4704/4023 4124/4994/4295 4129/4696/4015
f 4124/4994/4295 4135/4155/3547 4133/4154/3546
f 4134/4517/3879 4124/4994/4295 4133/4154/3546 4136/4496/3859
f 4135/4155/3547 4124/4994/4295 4130/4510/3872 3603/4692/4011
f 4127/4703/4022 4128/4702/4021 4126/4995/4296 4124/4994/4295 4134/4517/3879
f 3590/4491/3854 4125/4697/4016 4126/4995/4296 3591/4996/4297
f 3761/4156/3548 4135/4155/3547 3603/4692/4011
f 3591/4996/4297 4126/4995/4296 4128/4702/4021 3597/4490/3853
f 3604/4512/3874 4131/4511/3873 4132/4704/4023 3605/4515/3877
f 3596/4487/3850 4127/4703/4022 4134/4517/3879 3760/4516/3878
f 3427/4997/4298 4137/4998/3844 4138/4999/4299 3532/4228/3620
f 4141/4175/3567 4142/4174/3566 4139/5000/3846 4140/5001/3845 4137/4998/3844 3427/4997/4298
f 4146/5002/4300 4141/4175/3567 3427/4997/4298 4143/4485/3848
f 4143/4485/3848 4154/5003/4301 4153/4486/3849
f 4145/5004/4302 3427/4997/4298 3532/4228/3620 4144/4492/3855
f 4147/5005/4303 4150/4488/3851 4149/4498/3861 4148/5006/4304
f 4144/4492/3855 3532/4228/3620 4152/4493/3856
f 4154/5003/4301 4143/4485/3848 3427/4997/4298 4145/5004/4302 4151/4489/3852 4150/4488/3851 4147/5005/4303 4153/4486/3849
f 3592/5007/4305 4146/5002/4300 4143/4485/3848 4223/4484/3847
f 3573/4572/3569 4139/5000/3846 4142/4174/3566 3585/4173/3565
f 3584/4176/3568 4141/4175/3567 4146/5002/4300 3592/5007/4305
f 3740/4477/3841 4153/4486/3849 4147/5005/4303 3593/5008/4306
f 3572/4446/3814 4138/4999/4299 4137/4998/3844 3571/4447/3815
f 3594/4687/4006 4148/5006/4304 4149/4498/3861 3595/4497/3860
f 3591/4996/4297 4145/5004/4302 4144/4492/3855 3590/4491/3854
f 3532/4228/3620 4138/4999/4299 3572/4446/3814
f 3597/4490/3853 4151/4489/3852 4145/5004/4302 3591/4996/4297
f 3593/5008/4306 4147/5005/4303 4148/5006/4304 3594/4687/4006
f 4155/4686/4005 4156/4685/4004 4157/5009/4307 4163/5010/4308 4158/5011/4309 4160/5012/4310
f 4159/4689/4008 4158/5011/4309 4163/5010/4308 4164/5013/4311 3759/4153/3545 4162/5014/4312 4161/4690/4009
f 3762/4495/3858 4164/5013/4311 4163/5010/4308 3760/4516/3878
f 3751/5015/4313 4158/5011/4309 4159/4689/4008 4236/4688/4007
f 3596/4487/3850 4157/5009/4307 4156/4685/4004 3595/4497/3860
f 3760/4516/3878 4163/5010/4308 4157/5009/4307 3596/4487/3850
f 3756/4691/4010 4161/4690/4009 4162/5014/4312 3758/4698/4017
f 3759/4153/3545 4164/5013/4311 3762/4495/3858
f 3594/4687/4006 4155/4686/4005 4160/5012/4310 3755/5016/4314
f 3755/5016/4314 4160/5012/4310 4158/5011/4309 3751/5015/4313
f 3758/4698/4017 4162/5014/4312 3759/4153/3545
f 4165/5017/4315 4174/5018/4316 4175/5019/4317
f 4170/4835/4144 4174/5018/4316 4168/4699/4018 4169/4710/4029
f 4171/4700/4019 4165/5017/4315 4172/4836/4145
f 4171/4700/4019 4168/4699/4018 4165/5017/4315
f 4172/4836/4145 4165/5017/4315 4177/4833/4142 4179/4832/4141 4173/4158/3550
f 4174/5018/4316 4170/4835/4144 4166/4709/4028 4175/5019/4317
f 4175/5019/4317 4166/4709/4028 4167/4708/4027 3900/4595/3915
f 4174/5018/4316 4165/5017/4315 4168/4699/4018
f 4176/4714/4031 4165/5017/4315 4175/5019/4317 3900/4595/3915
f 4177/4833/4142 4165/5017/4315 4176/4714/4031 4178/4844/4153
f 4179/4832/4141 4180/4159/3551 4173/4158/3550
f 3603/4692/4011 4166/4709/4028 4170/4835/4144 3761/4156/3548
f 4321/4160/3552 4180/4159/3551 4179/4832/4141 3904/4831/4140
f 3903/4610/3930 4178/4844/4153 4176/4714/4031 3901/4598/3918
f 3426/4682/4001 3897/4706/4025 3898/5020/4318 4181/4683/4002
f 4183/5021/4319 4184/4701/4020 4182/4705/4024
f 3898/5020/4318 3897/4706/4025 4182/4705/4024 4184/4701/4020 4185/4718/4034 4186/5022/4320
f 4187/4694/4013 4186/5022/4320 4185/4718/4034 4188/4695/4014
f 4184/4701/4020 4183/5021/4319 3758/4698/4017
f 3764/4189/3581 4186/5022/4320 4187/4694/4013 3765/4693/4012
f 3758/4698/4017 4183/5021/4319 4182/4705/4024 3756/4691/4010
f 3750/4188/3580 3898/5020/4318 4186/5022/4320 3764/4189/3581
f 3767/4157/3549 4188/4695/4014 4185/4718/4034 3763/4717/4033
f 4236/4688/4007 3897/4706/4025 3426/4682/4001 3753/4681/4000
f 3754/4684/4003 4181/4683/4002 3898/5020/4318 3750/4188/3580
f 4192/4674/3993 4190/4673/3992 3593/5008/4306 4189/5023/4321 4196/5024/4322 4195/5025/4323 4194/5026/4324 4191/5027/4325 4193/5028/4326
f 3744/4670/3989 4193/5028/4326 4191/5027/4325 3742/4186/3578 4229/4111/3503
f 3594/4687/4006 4189/5023/4321 3593/5008/4306
f 3743/4474/3838 4192/4674/3993 4193/5028/4326 3744/4670/3989
f 3593/5008/4306 4190/4673/3992 3740/4477/3841
f 3755/5016/4314 4196/5024/4322 4189/5023/4321 3594/4687/4006
f 3751/5015/4313 4195/5025/4323 4196/5024/4322 3755/5016/4314
f 3746/5029/4327 4194/5026/4324 4195/5025/4323 3751/5015/4313
f 3742/4186/3578 4191/5027/4325 4194/5026/4324 3746/5029/4327
f 4200/4092/3484 4197/5030/4328 4206/5031/4329 4208/4093/3485
f 4198/5032/4330 4210/5033/4331 4211/4473/3837 4199/4472/3836
f 4197/5030/4328 4203/5034/4332 4201/4203/3595
f 3577/5035/3906 4202/4073/3465 4205/4072/3464 4203/5034/4332 4197/5030/4328 4210/5033/4331 4198/5032/4330
f 4202/4073/3465 3577/5035/3906 4204/4721/3835
f 4206/5031/4329 4197/5030/4328 4201/4203/3595 4207/4202/3594
f 3579/4204/3596 4201/4203/3595 4203/5034/4332 3581/4460/3825
f 3587/4668/3987 4206/5031/4329 4207/4202/3594 3588/4201/3593
f 3581/4460/3825 4203/5034/4332 4205/4072/3464 3586/4071/3463
f 3589/4094/3486 4208/4093/3485 4206/5031/4329 3587/4668/3987
f 3580/4074/3466 4202/4073/3465 4204/4721/3835
f 4211/4473/3837 4200/4092/3484 3445/4091/3483 4209/4250/3641
f 4209/4250/3641 3445/4091/3483 3444/4262/3653 4212/4251/3642
f 4210/5033/4331 4197/5030/4328 4200/4092/3484 4211/4473/3837
f 3404/4253/3644 3577/5035/3906 4213/4254/3645
f 4107/4993/4294 4402/5036/4333 4400/5037/4334 4094/4985/4286
f 3577/5035/3906 4199/4472/3836 3442/4249/3640 4213/4254/3645
f 4213/4254/3645 3442/4249/3640 3443/4248/3639 4532/4255/3646
f 3577/5035/3906 4198/5032/4330 4199/4472/3836
f 4216/5038/4335 4214/5039/4336 4225/4109/3501 4227/4108/3500
f 4214/5039/4336 4220/4669/3988 4221/5040/4337 4217/5041/4338 4218/4479/3843 4219/4478/3842 4224/5042/4339 4223/4484/3847
f 4220/4669/3988 4214/5039/4336 4216/5038/4335
f 4216/5038/4335 4215/4200/3592 4222/4199/3591 4220/4669/3988
f 4225/4109/3501 4214/5039/4336 4223/4484/3847 4226/4476/3840 4228/4475/3839
f 3462/4260/3651 4216/5038/4335 4227/4108/3500 3741/4107/3499
f 3583/4457/3822 4218/4479/3843 4217/5041/4338 3582/4454/3819
f 4223/4484/3847 4224/5042/4339 3592/5007/4305
f 3739/4110/3502 4225/4109/3501 4228/4475/3839 3743/4474/3838
f 3445/4091/3483 4215/4200/3592 4216/5038/4335 3462/4260/3651
f 3740/4477/3841 4226/4476/3840 4223/4484/3847
f 3582/4454/3819 4217/5041/4338 4221/5040/4337 3588/4201/3593
f 3592/5007/4305 4224/5042/4339 4219/4478/3842 3584/4176/3568
f 3588/4201/3593 4221/5040/4337 4220/4669/3988 3587/4668/3987
f 4236/4688/4007 4237/5043/4340 4238/5044/4341 4234/4680/3999 4233/4679/3998 4232/5045/4342 4235/5046/4343
f 3747/4678/3997 4243/5047/4344 4242/5048/4345 3746/5029/4327
f 4231/4114/3506 3739/4110/3502 3744/4670/3989 4229/4111/3503
f 4236/4688/4007 4235/5046/4343 3751/5015/4313
f 3750/4188/3580 4234/4680/3999 4238/5044/4341 3754/4684/4003
f 3746/5029/4327 4232/5045/4342 4233/4679/3998 3747/4678/3997
f 3754/4684/4003 4238/5044/4341 4237/5043/4340 3753/4681/4000
f 3751/5015/4313 4235/5046/4343 4232/5045/4342 3746/5029/4327
f 3753/4681/4000 4237/5043/4340 4236/4688/4007
f 4240/4675/3994 4239/5049/4346 4244/5050/4347 4245/4676/3995
f 4239/5049/4346 4248/4113/3505 4246/4112/3504 4241/4187/3579
f 4243/5047/4344 4244/5050/4347 4239/5049/4346 4241/4187/3579 4242/5048/4345
f 4248/4113/3505 4239/5049/4346 4240/4675/3994 4247/5051/4348
f 3749/4280/3671 4245/4676/3995 4244/5050/4347 3748/4677/3996
f 4230/4281/3672 4247/5051/4348 4240/4675/3994 3461/4279/3670
f 3748/4677/3996 4244/5050/4347 4243/5047/4344 3747/4678/3997
f 4231/4114/3506 4248/4113/3505 4247/5051/4348 4230/4281/3672
f 3746/5029/4327 4242/5048/4345 4241/4187/3579 3742/4186/3578
f 4275/5052/4349 4300/5053/4350 4299/4863/4172 4274/4862/4171
f 3815/4236/3628 4258/5054/4351 4263/5055/4352 4110/4140/3532
f 3910/4136/3528 4259/5056/4353 3909/4781/4091
f 4249/5057/4354 4292/5058/4355 4291/5059/4356 3914/4868/4176
f 4253/4084/3476 4268/5060/4357 4262/5061/4358 4106/4208/3600
f 3914/4868/4176 4261/5062/4359 4264/5063/4360 4249/5057/4354
f 4356/5064/4361 4417/5065/4362 4418/5066/4363 4364/5067/4364
f 4252/4989/4290 4267/4988/4289 4269/5068/4365 4254/5069/4366
f 4094/4985/4286 4400/5037/4334 4401/5070/4367 4106/4208/3600
f 4110/4140/3532 4263/5055/4352 3910/4136/3528
f 4258/5054/4351 3910/4136/3528 4263/5055/4352
f 4264/5063/4360 4259/5056/4353 3910/4136/3528
f 4261/5062/4359 4259/5056/4353 4264/5063/4360
f 4265/5071/4368 4264/5063/4360 3910/4136/3528 4266/4987/4288
f 4268/5060/4357 4269/5068/4365 4267/4988/4289 4262/5061/4358
f 4266/4987/4288 3910/4136/3528 4258/5054/4351 4257/5072/4369 4262/5061/4358 4267/4988/4289
f 4269/5068/4365 4268/5060/4357 4270/5073/4370
f 4254/5069/4366 4269/5068/4365 4270/5073/4370 4255/4087/3479
f 4250/5074/4371 4265/5071/4368 4266/4987/4288 4251/4986/4287 4273/4865/4174
f 4255/4087/3479 4270/5073/4370 4268/5060/4357 4253/4084/3476
f 4249/5057/4354 4264/5063/4360 4265/5071/4368 4250/5074/4371
f 3909/4781/4091 4259/5056/4353 4261/5062/4359 3914/4868/4176
f 4106/4208/3600 4262/5061/4358 4257/5072/4369 3675/4205/3597
f 3675/4205/3597 4257/5072/4369 4258/5054/4351 3815/4236/3628
f 4350/4168/3560 4390/4167/3559 4392/5075/4372 4343/5076/4373
f 4285/4632/3952 4287/4162/3554 3680/4161/3553
f 4273/4865/4174 4298/4864/4173 4293/5077/4374 4250/5074/4371
f 3902/4834/4143 4306/5078/4375 4308/5079/4376 3904/4831/4140
f 3914/4868/4176 4291/5059/4356 3908/4950/4251
f 4252/4989/4290 4384/5080/4377 4251/4986/4287
f 3899/4845/4154 4288/5081/4378 4294/5082/4379 4256/5083/4380
f 3908/4950/4251 4290/4644/3964 3912/4635/3955
f 4321/4160/3552 4309/5084/4381 4315/5085/4382 4279/5086/4383
f 4304/5087/4384 4328/5088/4385 4325/5089/4386 4280/5090/4387 4329/5091/4388
f 4256/5083/4380 4310/5092/4389 4305/5093/4390 3899/4845/4154
f 3903/4610/3930 4306/5078/4375 3902/4834/4143
f 4283/5094/4391 4294/5082/4379 4288/5081/4378
f 4286/4163/3555 4287/4162/3554 4285/4632/3952 4291/5059/4356 4292/5058/4355
f 4284/4867/4175 4283/5094/4391 4288/5081/4378
f 4285/4632/3952 3908/4950/4251 4291/5059/4356
f 3908/4950/4251 4285/4632/3952 4290/4644/3964
f 4284/4867/4175 4286/4163/3555 4292/5058/4355 4293/5077/4374
f 4283/5094/4391 4284/4867/4175 4293/5077/4374
f 4296/5095/4392 4283/5094/4391 4295/5096/4393
f 4295/5096/4393 4283/5094/4391 4299/4863/4172 4300/5053/4350 4297/4838/4147
f 4294/5082/4379 4283/5094/4391 4296/5095/4392
f 4299/4863/4172 4283/5094/4391 4293/5077/4374 4298/4864/4173
f 4297/4838/4147 4300/5053/4350 4301/4839/4148
f 3670/4617/3937 4284/4867/4175 4288/5081/4378 3899/4845/4154
f 4289/5097/4394 4307/5098/4395 4317/5099/4396 4337/5100/4397 4276/5101/4398
f 4260/5102/4399 4295/5096/4393 4297/4838/4147 4272/4837/4146
f 4277/4840/4149 4301/4839/4148 4300/5053/4350 4275/5052/4349
f 4271/5103/4400 4296/5095/4392 4295/5096/4393 4260/5102/4399
f 4250/5074/4371 4293/5077/4374 4292/5058/4355 4249/5057/4354
f 4256/5083/4380 4294/5082/4379 4296/5095/4392 4271/5103/4400
f 4282/4852/4161 4318/4851/4160 4313/5104/4401 4272/4837/4146 4342/4165/3557
f 3765/4693/4012 4319/5105/4402 4327/5106/4403 4303/5107/4404
f 3764/4189/3581 3765/4693/4012 4303/5107/4404
f 4319/5105/4402 4324/5108/4405 4327/5106/4403
f 4280/5090/4387 4325/5089/4386 4322/5109/4406 4278/4849/4158 4335/5110/4407
f 4306/5078/4375 4310/5092/4389 4312/5111/4408 4308/5079/4376
f 4310/5092/4389 4306/5078/4375 3903/4610/3930 4305/5093/4390
f 4315/5085/4382 4309/5084/4381 4308/5079/4376 4312/5111/4408 4311/5112/4409 4314/4850/4159
f 4307/5098/4395 4289/5097/4394 4302/5113/4410
f 4314/4850/4159 4311/5112/4409 4313/5104/4401 4318/4851/4160
f 4315/5114/4382 4314/4850/4159 4316/5115/4411
f 3899/4845/4154 4305/5093/4390 3903/4610/3930
f 4279/5116/4383 4315/5114/4382 4316/5115/4411 4281/5117/4412
f 3904/4831/4140 4308/5079/4376 4309/5084/4381 4321/4160/3552
f 4281/5117/4412 4316/5115/4411 4314/4850/4159 4278/4849/4158
f 4272/4837/4146 4313/5104/4401 4311/5112/4409 4260/5102/4399
f 4260/5102/4399 4311/5112/4409 4312/5111/4408 4271/5103/4400
f 4271/5103/4400 4312/5111/4408 4310/5092/4389 4256/5083/4380
f 4304/5087/4384 4330/5118/4413 4331/5119/4414 3412/4116/3508 3764/4189/3581 4303/5107/4404
f 3767/4157/3549 4320/4713/4030 4319/5105/4402 3765/4693/4012
f 4321/4160/3552 4323/5120/4415 4320/4713/4030
f 4324/5108/4405 4328/5088/4385 4327/5106/4403
f 4324/5108/4405 4319/5105/4402 4320/4713/4030 4323/5121/4415
f 4328/5088/4385 4324/5108/4405 4323/5121/4415 4326/5122/4416 4322/5109/4406 4325/5089/4386
f 4303/5107/4404 4327/5106/4403 4328/5088/4385 4304/5087/4384
f 4279/5086/4383 4323/5120/4415 4321/4160/3552
f 4281/5117/4412 4326/5122/4416 4323/5121/4415 4279/5116/4383
f 4278/4849/4158 4322/5109/4406 4326/5122/4416 4281/5117/4412
f 4334/5123/4417 3905/5124/4418 4340/5125/4419 4336/5126/4420
f 4330/5118/4413 4304/5087/4384 4329/5091/4388
f 4381/4193/3585 4469/4192/3584 4467/5127/4421 4379/4195/3587
f 4332/4190/3582 3411/4120/3512 4457/4117/3509 4331/5119/4414
f 4280/5090/4387 4337/5100/4397 4317/5099/4396 4329/5091/4388
f 4335/5110/4407 4337/5100/4397 4280/5090/4387
f 4357/4121/3513 4462/5128/4422 4470/4100/3492 4454/4099/3491
f 4282/4852/4161 4345/5129/4423 4344/5130/4424 4278/4849/4158
f 4340/5125/4419 3905/5124/4418 4276/5101/4398 4337/5100/4397 4335/5110/4407
f 4330/5118/4413 4307/5098/4395 4302/5113/4410 4331/5119/4414
f 4331/5119/4414 4302/5113/4410 4289/5097/4394 4332/4190/3582
f 4332/4190/3582 4289/5097/4394 4276/5101/4398 4333/4191/3583
f 4333/4191/3583 4276/5101/4398 3905/5124/4418 4334/5123/4417
f 4329/5091/4388 4317/5099/4396 4307/5098/4395 4330/5118/4413
f 4336/5126/4420 4340/5125/4419 4335/5110/4407
f 4273/4865/4174 4386/5131/4425 4387/5132/4426 4274/4862/4171
f 4352/5133/4427 4393/5134/4428 4394/5135/4429 4353/5136/4430
f 4359/5137/4431 4445/5138/4432 4447/5139/4433 4362/5140/4434
f 4336/5126/4420 4347/5141/4435 4349/5142/4436 4339/5143/4437
f 4347/5141/4435 4346/5144/4438 4344/5130/4424 4345/5129/4423 4351/5145/4439 4349/5142/4436
f 4351/5145/4439 4350/4168/3560 4348/5146/4440 4349/5142/4436
f 4278/4849/4158 4344/5130/4424 4346/5144/4438 4335/5110/4407
f 4339/5143/4437 4349/5142/4436 4348/5146/4440 4338/5147/4441
f 4335/5110/4407 4346/5144/4438 4347/5141/4435 4336/5126/4420
f 4338/5147/4441 4348/5146/4440 4350/4168/3560
f 4342/4165/3557 4351/5145/4439 4345/5129/4423 4282/4852/4161
f 4350/4168/3560 4351/5145/4439 4342/4165/3557
f 4275/5052/4349 4388/5148/4442 4389/5149/4443 4277/4840/4149
f 4254/5069/4366 4399/5150/4444 4252/4989/4290
f 4370/5151/4445 4421/5152/4446 4424/5153/4447 4398/5154/4448
f 4369/5155/4449 4420/5156/4450 4421/5152/4446 4370/5151/4445
f 3402/4210/3602 4372/5157/4451 4374/5158/4452 4371/5159/4453
f 4353/5136/4430 4414/5160/4454 4352/5133/4427
f 4365/5161/4455 4450/5162/4456 4451/5163/4457 4366/5164/4458
f 4398/5154/4448 4424/5153/4447 4422/5165/4459 4395/5166/4460
f 4363/4197/3589 4448/5167/4461 4444/5168/4462 4358/4198/3590
f 4356/5064/4361 4442/5169/4463 4441/5170/4464 4355/5171/4465
f 3403/4098/3490 4377/4097/3489 4375/5172/4466
f 4380/4196/3588 4468/5173/4467 4466/5174/4468 4362/5140/4434
f 4350/4168/3560 4438/5175/4469 4338/5147/4441
f 4336/5126/4420 4460/5176/4470 4334/5123/4417
f 4380/4196/3588 4452/5177/4471 4448/5167/4461 4363/4197/3589
f 4352/5133/4427 4414/5160/4454 3425/5178/4472 4343/5076/4373
f 4383/4294/3685 4406/5179/4473 4367/5180/4474 3423/4230/3622
f 4366/5164/4458 4426/5181/4475 4425/5182/4476 4365/5161/4455
f 4366/5164/4458 4451/5163/4457 4449/5183/4477 4364/5067/4364
f 4355/5171/4465 4416/5184/4478 4417/5065/4362 4356/5064/4361
f 4382/5185/4479 4387/5132/4426 4386/5131/4425 4251/4986/4287
f 4374/5158/4452 4433/5186/4480 4430/5187/4481 4371/5159/4453
f 4397/5188/4482 4423/5189/4483 3429/5190/4484 4255/4087/3479
f 4372/5157/4451 3402/4210/3602 3403/4098/3490 4373/5191/4485
f 4372/5157/4451 4431/5192/4486 4433/5186/4480 4374/5158/4452
f 3403/4098/3490 4375/5172/4466 4376/5193/4487 4373/5191/4485
f 4377/4097/3489 3401/4194/3586 4358/4198/3590 4375/5172/4466
f 4375/5172/4466 4358/4198/3590 4365/5161/4455 4376/5193/4487
f 4378/4096/3488 3439/4258/3649 3401/4194/3586 4377/4097/3489
f 4379/4195/3587 3401/4194/3586 3439/4258/3649 4381/4193/3585
f 4339/5143/4437 4461/5194/4488 4336/5126/4420
f 4382/5185/4479 4251/4986/4287 4384/5080/4377
f 4382/5185/4479 4394/5135/4429 4393/5134/4428
f 4387/5132/4426 4382/5185/4479 4388/5148/4442
f 4390/4167/3559 4382/5185/4479 4393/5134/4428 4392/5075/4372
f 4391/4166/3558 4385/4982/4283 4389/5149/4443 4388/5148/4442 4382/5185/4479 4390/4167/3559
f 4394/5135/4429 4382/5185/4479 4384/5080/4377
f 4251/4986/4287 4386/5131/4425 4273/4865/4174
f 4353/5136/4430 4394/5135/4429 4384/5080/4377 4252/4989/4290
f 4343/5076/4373 4392/5075/4372 4393/5134/4428 4352/5133/4427
f 4274/4862/4171 4387/5132/4426 4388/5148/4442 4275/5052/4349
f 4277/4840/4149 4389/5149/4443 4385/4982/4283 4272/4837/4146
f 4398/5154/4448 4410/5195/4489 4411/4170/3562 4437/4169/3561
f 4396/4172/3564 4408/4171/3563 4406/5179/4473 4383/4294/3685
f 4106/4208/3600 4401/5070/4367 4404/4085/3477 4253/4084/3476
f 3916/4231/3623 3672/5196/4490 4060/4879/4187
f 4252/4989/4290 4399/5150/4444 4353/5136/4430
f 3423/4230/3622 4367/5180/4474 3672/5196/4490 3916/4231/3623
f 4395/5166/4460 4407/5197/4491 4410/5195/4489 4398/5154/4448
f 4255/4087/3479 4405/4086/3478 4409/5198/4492 4397/5188/4482
f 4341/5199/4493 4412/5200/4494 4413/5201/4495 4410/5195/4489 4407/5197/4491
f 4364/5067/4364 4354/5202/4496 4426/5181/4475 4366/5164/4458
f 4383/4294/3685 3402/4210/3602 4371/5159/4453 4396/4172/3564
f 4341/5199/4493 4404/4085/3477 4401/5070/4367 4400/5037/4334
f 4367/5180/4474 4412/5200/4494 4403/4983/4284
f 4060/4879/4187 3672/5196/4490 4367/5180/4474 4403/4983/4284
f 4405/4086/3478 4404/4085/3477 4361/5203/4497
f 4411/4170/3562 4413/5201/4495 4408/4171/3563
f 4405/4086/3478 4361/5203/4497 4409/5198/4492
f 4361/5203/4497 4341/5199/4493 4407/5197/4491 4409/5198/4492
f 4404/4085/3477 4341/5199/4493 4361/5203/4497
f 4367/5180/4474 4406/5179/4473 4408/4171/3563 4413/5201/4495
f 4410/5195/4489 4413/5201/4495 4411/4170/3562
f 4412/5200/4494 4367/5180/4474 4413/5201/4495
f 4412/5200/4494 4341/5199/4493 4400/5037/4334 4402/5036/4333 4403/4983/4284
f 4109/4984/4285 4403/4983/4284 4402/5036/4333 4107/4993/4294
f 4397/5188/4482 4409/5198/4492 4407/5197/4491 4395/5166/4460
f 4254/5069/4366 4353/5136/4430 4399/5150/4444
f 4414/5160/4454 3429/5190/4484 3425/5178/4472
f 4353/5136/4430 4254/5069/4366 3429/5190/4484 4414/5160/4454
f 3425/5178/4472 3429/5190/4484 4423/5189/4483 4422/5165/4459 4415/5204/4498
f 3425/5178/4472 4415/5204/4498 4416/5184/4478
f 4416/5184/4478 4415/5204/4498 4417/5065/4362
f 4417/5065/4362 4415/5204/4498 4418/5066/4363
f 4418/5066/4363 4415/5204/4498 4419/5205/4499
f 4420/5156/4450 4419/5205/4499 4415/5204/4498 4421/5152/4446
f 4421/5152/4446 4415/5204/4498 4422/5165/4459 4424/5153/4447
f 4255/4087/3479 3429/5190/4484 4254/5069/4366
f 4364/5067/4364 4418/5066/4363 4419/5205/4499 4368/5206/4500
f 4343/5076/4373 3425/5178/4472 4416/5184/4478 4355/5171/4465
f 4368/5206/4500 4419/5205/4499 4420/5156/4450 4369/5155/4449
f 4395/5166/4460 4422/5165/4459 4423/5189/4483 4397/5188/4482
f 4426/5181/4475 4354/5202/4496 4427/5207/4501 4425/5182/4476
f 4428/5208/4502 4431/5192/4486 4432/5209/4503 4434/5210/4504 4425/5182/4476 4427/5207/4501
f 4431/5192/4486 4428/5208/4502 4429/5211/4505 4430/5187/4481 4433/5186/4480
f 4430/5187/4481 4429/5211/4505 4436/5212/4506 4437/4169/3561 4435/5213/4507
f 4370/5151/4445 4429/5211/4505 4428/5208/4502 4369/5155/4449
f 4398/5154/4448 4436/5212/4506 4429/5211/4505 4370/5151/4445
f 4365/5161/4455 4425/5182/4476 4434/5210/4504 4376/5193/4487
f 4437/4169/3561 4436/5212/4506 4398/5154/4448
f 4376/5193/4487 4434/5210/4504 4432/5209/4503 4373/5191/4485
f 4368/5206/4500 4427/5207/4501 4354/5202/4496 4364/5067/4364
f 4396/4172/3564 4435/5213/4507 4437/4169/3561
f 4373/5191/4485 4432/5209/4503 4431/5192/4486 4372/5157/4451
f 4371/5159/4453 4430/5187/4481 4435/5213/4507 4396/4172/3564
f 4369/5155/4449 4428/5208/4502 4427/5207/4501 4368/5206/4500
f 4439/5214/4508 4438/5175/4469 4443/5215/4509
f 4438/5175/4469 4350/4168/3560 4440/5216/4510 4441/5170/4464
f 4443/5215/4509 4451/5163/4457 4450/5162/4456 4444/5168/4462
f 4443/5215/4509 4445/5138/4432 4446/5217/4511 4439/5214/4508
f 4447/5139/4433 4445/5138/4432 4443/5215/4509 4444/5168/4462 4448/5167/4461 4452/5177/4471
f 4438/5175/4469 4441/5170/4464 4442/5169/4463
f 4449/5183/4477 4451/5163/4457 4443/5215/4509 4438/5175/4469 4442/5169/4463
f 4339/5143/4437 4439/5214/4508 4446/5217/4511 4360/5218/4512
f 4364/5067/4364 4449/5183/4477 4442/5169/4463 4356/5064/4361
f 4362/5140/4434 4447/5139/4433 4452/5177/4471 4380/4196/3588
f 4338/5147/4441 4438/5175/4469 4439/5214/4508 4339/5143/4437
f 4360/5218/4512 4446/5217/4511 4445/5138/4432 4359/5137/4431
f 4343/5076/4373 4440/5216/4510 4350/4168/3560
f 4358/4198/3590 4444/5168/4462 4450/5162/4456 4365/5161/4455
f 4355/5171/4465 4441/5170/4464 4440/5216/4510 4343/5076/4373
f 4459/4101/3493 4458/5219/4513 4467/5127/4421 4469/4192/3584
f 4453/4274/3665 4526/4275/3666 3458/4119/3511 4454/4099/3491
f 4357/4121/3513 3411/4120/3512 4333/4191/3583 4334/5123/4417
f 4334/5123/4417 4460/5176/4470 4462/5128/4422 4357/4121/3513
f 4457/4117/3509 3411/4120/3512 3458/4119/3511 4455/4118/3510
f 4456/4276/3667 3460/4277/3668 3459/4115/3507 4455/4118/3510
f 4457/4117/3509 3412/4116/3508 4331/5119/4414
f 4458/5219/4513 4336/5126/4420 4465/5220/4514 4464/5221/4515
f 4460/5176/4470 4458/5219/4513 4462/5128/4422
f 4460/5176/4470 4336/5126/4420 4458/5219/4513
f 4336/5126/4420 4461/5194/4488 4464/5221/4515 4465/5220/4514
f 4463/5222/4516 4458/5219/4513 4464/5221/4515
f 4467/5127/4421 4458/5219/4513 4463/5222/4516 4466/5174/4468 4468/5173/4467
f 4462/5128/4422 4458/5219/4513 4459/4101/3493 4470/4100/3492
f 4359/5137/4431 4463/5222/4516 4464/5221/4515 4360/5218/4512
f 4360/5218/4512 4464/5221/4515 4461/5194/4488 4339/5143/4437
f 4379/4195/3587 4467/5127/4421 4468/5173/4467 4380/4196/3588
f 4362/5140/4434 4466/5174/4468 4463/5222/4516 4359/5137/4431
f 4515/5223/4517 4477/5224/4518 4483/5225/4519 4517/5226/4520
f 4508/5227/4521 4530/5228/3677 3441/5229/3643 4472/5230/4522
f 4474/5231/4523 3436/5232/3650 3470/5233/3654 4507/5234/4524
f 4488/5235/4525 3457/5236/3664 3440/5237/3648 4475/5238/4526
f 4477/5224/4518 4478/457/432 4482/456/431 4483/5225/4519
f 4515/5223/4517 3473/5239/3674 4525/5240/4069 4477/5224/4518
f 4480/505/480 246/508/483 4479/5241/4527 4481/5242/4528
f 4506/5243/4529 4508/5227/4521 4472/5230/4522 4473/5244/4530 4471/5245/4531
f 4494/512/487 4480/505/480 4481/5242/4528 4493/5246/4532
f 4514/5247/4533 4506/5243/4529 4471/5245/4531 4484/5248/4534
f 4478/457/432 4477/5224/4518 4525/5240/4069 3450/518/493
f 3447/519/494 3448/5249/3638 4479/5241/4527 246/508/483
f 3443/5250/3639 4212/5251/3642 3444/5252/3653 4471/5245/4531 4473/5244/4530
f 4476/5253/4535 4475/5238/4526 3440/5237/3648 4524/5254/3647
f 3441/5229/3643 4532/5255/3646 3443/5250/3639 4473/5244/4530 4472/5230/4522
f 4509/5256/4536 4510/5257/4537 4488/5235/4525 4475/5238/4526
f 4510/5257/4537 4511/5258/4538 4487/5259/4539 4488/5235/4525
f 4511/5258/4538 4512/5260/4540 4486/5261/4541 4487/5259/4539
f 4512/5260/4540 4513/5262/4542 4485/5263/4543 4486/5261/4541
f 4513/5262/4542 4514/5247/4533 4484/5248/4534 4485/5263/4543
f 4482/456/431 4496/1023/925 4489/5264/4544 4483/5225/4519
f 4496/1023/925 551/1025/927 4490/5265/4545 4489/5264/4544
f 551/1025/927 4495/1027/929 4491/5266/4546 4490/5265/4545
f 4495/1027/929 550/1029/931 4492/5267/4547 4491/5266/4546
f 550/1029/931 4494/512/487 4493/5246/4532 4492/5267/4547
f 4471/5245/4531 3444/5252/3653 4528/5268/3652 4484/5248/4534
f 4484/5248/4534 4528/5268/3652 4527/5269/3669 4485/5263/4543
f 4485/5263/4543 4527/5269/3669 3460/5270/3668 4486/5261/4541
f 4486/5261/4541 3460/5270/3668 4456/5271/3667 4526/5272/3666 4487/5259/4539
f 4487/5259/4539 4526/5272/3666 4453/5273/3665 3457/5236/3664 4488/5235/4525
f 4497/5274/4548 3469/5275/3675 3473/5239/3674 4515/5223/4517
f 4521/5276/4549 4522/5277/4550 4505/5278/4551 4504/5279/4552
f 4520/5280/4553 4521/5276/4549 4504/5279/4552 4503/5281/4554
f 4519/5282/4555 4520/5280/4553 4503/5281/4554 4502/5283/4556
f 4518/5284/4557 4519/5282/4555 4502/5283/4556 4501/5285/4558
f 4517/5226/4520 4518/5284/4557 4501/5285/4558 4500/5286/4559
f 4522/5277/4550 4523/5287/4560 4499/5288/4561 4505/5278/4551
f 4523/5287/4560 4516/5289/4562 4498/5290/4563 4499/5288/4561
f 4498/5290/4563 4529/5291/3678 4530/5228/3677 4508/5227/4521
f 4507/5234/4524 4497/5274/4548 4500/5286/4559 4509/5256/4536
f 4504/5279/4552 4505/5278/4551 4514/5247/4533 4513/5262/4542
f 4503/5281/4554 4504/5279/4552 4513/5262/4542 4512/5260/4540
f 4502/5283/4556 4503/5281/4554 4512/5260/4540 4511/5258/4538
f 4501/5285/4558 4502/5283/4556 4511/5258/4538 4510/5257/4537
f 4500/5286/4559 4501/5285/4558 4510/5257/4537 4509/5256/4536
f 4516/5289/4562 4531/5292/3656 4529/5291/3678 4498/5290/4563
f 4474/5231/4523 4507/5234/4524 4509/5256/4536 4475/5238/4526 4476/5253/4535
f 4474/5231/4523 4476/5253/4535 4524/5254/3647 3436/5232/3650
f 4499/5288/4561 4498/5290/4563 4508/5227/4521 4506/5243/4529
f 4505/5278/4551 4499/5288/4561 4506/5243/4529 4514/5247/4533
f 4493/5246/4532 4481/5242/4528 4523/5287/4560 4522/5277/4550
f 4492/5267/4547 4493/5246/4532 4522/5277/4550 4521/5276/4549
f 4491/5266/4546 4492/5267/4547 4521/5276/4549 4520/5280/4553
f 4490/5265/4545 4491/5266/4546 4520/5280/4553 4519/5282/4555
f 4489/5264/4544 4490/5265/4545 4519/5282/4555 4518/5284/4557
f 4483/5225/4519 4489/5264/4544 4518/5284/4557 4517/5226/4520
f 4479/5241/4527 3448/5249/3638 4531/5292/3656 4516/5289/4562
f 4481/5242/4528 4479/5241/4527 4516/5289/4562 4523/5287/4560
f 4497/5274/4548 4515/5223/4517 4517/5226/4520 4500/5286/4559
f 4507/5234/4524 3470/5233/3654 3469/5275/3675 4497/5274/4548
f 4621/5293/4564 4581/5294/4565 4623/1840/1581 4625/1790/1536
f 4548/5295/4566 4541/1842/1583 4629/1844/1585 4633/5296/4567
f 4562/1508/1330 4558/5297/4568 4644/5298/4569 4645/1779/1525
f 1243/1824/1568 1236/5299/4570 4668/5300/4571 4664/5301/4572
f 4535/1314/1202 4540/1313/1201 4546/5302/4573 4542/5303/4574
f 4538/1770/1519 4535/1769/1202 4542/5304/4574 4543/1812/1556
f 4568/1509/1331 4566/1792/1538 4696/1795/1541 4697/5305/4575
f 4536/1782/1528 4539/5306/4576 4680/5307/4577 4676/1783/1529
f 4543/1812/1556 4542/5304/4574 894/1777/1210 1222/1776/1523
f 4577/1522/1344 1250/1254/1148 4622/5308/4578 4651/1837/1578
f 4545/5309/4579 4547/5310/4580 4632/5311/4581 4631/5312/4582
f 1212/1320/1208 1231/5313/4583 4602/5314/4584 4589/5315/4585
f 4542/5303/4574 4546/5302/4573 1215/1323/1211 894/1322/1210
f 4547/5310/4580 4548/5295/4566 4633/5296/4567 4632/5311/4581
f 4546/5302/4573 4545/5309/4579 4631/5312/4582 4591/5316/4586
f 4559/5317/4587 4557/1247/1141 4641/5318/4588 4643/5319/4589
f 4565/1834/1575 4567/1253/1147 4694/5320/4590 4695/1835/1576
f 4554/1818/1562 4555/5321/1546 621/1250/1144 1206/1249/1143
f 4555/1800/1546 1204/1751/1509 621/1750/1144
f 1247/5322/4591 1231/5313/4583 4663/5323/4592 4666/5324/4593
f 4572/5325/4594 4570/5326/4595 4615/5327/4596 4619/5328/4597
f 4558/5297/4568 4556/5329/4598 4639/5330/4599 4644/5298/4569
f 1217/1243/1137 4537/1317/1205 4593/5331/4600 4594/1841/1582
f 4549/5332/4601 4552/1739/1502 4671/5333/4602 4669/5334/4603
f 4562/1508/1330 4563/1507/1329 4555/5321/1546 4554/1818/1562 4721/5335/4604 4558/5297/4568
f 4567/1253/1147 4573/1252/1146 4693/5336/4605 4694/5320/4590
f 4551/1324/1212 4549/5332/4601 4669/5334/4603 4658/5337/4606
f 4556/5329/4598 4559/5317/4587 4643/5319/4589 4639/5330/4599
f 4574/1510/1332 4572/5325/4594 4619/5328/4597 4598/5338/4607
f 1215/1323/1211 4546/5302/4573 4591/5316/4586 4592/1798/1544
f 4537/1317/1205 4544/1316/1204 4677/5339/4608 4751/5340/4609 4678/5341/4610
f 4552/1739/1502 4550/1234/1128 4685/5342/4611 4671/5333/4602
f 4728/5343/4612 4726/1754/1511 934/1521/1343 1201/1520/1342
f 1240/5344/4613 1200/1240/1134 4657/5345/4614 4662/5346/4615
f 4720/1248/1142 4557/1247/1141 4656/5347/4616 4722/5348/4617
f 4562/1508/1330 4560/1778/1524 4690/5349/4618 4660/5350/4619
f 4580/1788/1534 4578/1787/1533 4704/5351/4620 4706/5352/4621
f 4749/5353/4622 4748/5354/4623 4589/5315/4585 4602/5314/4584
f 4604/5355/4624 4594/1841/1582 4593/5331/4600 4620/5356/4625
f 4731/5357/4626 4729/5358/4627 4598/5338/4607 4619/5328/4597
f 4732/5359/4628 4730/5360/4629 4615/5327/4596 4650/5361/4630
f 4586/5362/4631 4608/5363/4632 4616/5364/4633 4637/5365/4634
f 4611/5366/4635 4612/1816/1560 4738/5367/4636 4737/5368/4637
f 4750/5369/4638 4749/5353/4622 4602/5314/4584 4609/5370/4639
f 4622/5308/4578 4618/5371/4640 4624/1829/1572 4651/1837/1578
f 4747/5372/4641 4750/5369/4638 4609/5370/4639 4588/5373/4642
f 4730/5360/4629 4731/5357/4626 4619/5328/4597 4615/5327/4596
f 4608/5363/4632 4600/5374/4643 4616/5364/4633
f 1211/1232/1126 4741/1269/1163 4747/5372/4641 4588/5373/4642
f 4618/5371/4640 4621/5293/4564 4625/1790/1536 4653/1789/1535 4652/1810/1554 4624/1829/1572
f 4583/5375/4644 4606/5376/4645 4621/5293/4564 4618/5371/4640
f 4584/5377/4646 4583/5375/4644 4618/5371/4640 4622/5308/4578
f 4606/5376/4645 4582/5378/4647 4581/5294/4565 4621/5293/4564
f 4627/1815/1559 4626/1833/1574 4594/1841/1582 4604/5355/4624
f 1213/1309/1197 4742/1308/1196 4748/5354/4623 4590/5379/4648
f 4591/5316/4586 4631/5312/4582 4603/5380/4649 4592/1798/1544
f 4631/5312/4582 4632/5311/4581 4633/5296/4567 4629/1844/1585 4610/5381/4650 4603/5380/4649
f 4629/1844/1585 4630/1843/1584 4596/1845/1586 4610/5381/4650
f 4595/1741/1504 4636/1740/1503 4610/5381/4650 4596/1845/1586
f 4634/5382/4651 4635/1799/1545 4592/1798/1544 4603/5380/4649
f 4636/1740/1503 4634/5382/4651 4603/5380/4649 4610/5381/4650
f 4639/5330/4599 4643/5319/4589 4642/1804/1548 4638/1780/1526
f 4644/5298/4569 4639/5330/4599 4638/1780/1526 4645/1779/1525
f 4643/5319/4589 4641/5318/4588 4640/1836/1577 4642/1804/1548
f 4585/5383/4652 4646/5384/4653 4608/5363/4632 4586/5362/4631
f 4647/5385/4654 4648/5386/4655 4601/5387/4656 4600/5374/4643
f 4646/5384/4653 4649/5388/4657 4647/5385/4654 4600/5374/4643 4608/5363/4632
f 4549/5332/4601 4551/1324/1212 4635/1799/1545 4634/5382/4651
f 1226/1515/1337 1245/1223/1117 4606/5376/4645 4583/5375/4644
f 4727/1511/1333 4574/1510/1332 4598/5338/4607 4729/5358/4627
f 4552/1739/1502 4549/5332/4601 4634/5382/4651 4636/1740/1503
f 4568/1509/1331 1200/1240/1134 4601/5387/4656 4648/5386/4655
f 1228/1318/1206 1213/1309/1197 4590/5379/4648 4607/5389/4658
f 4540/1313/1201 1214/1312/1200 4611/5366/4635 4737/5368/4637 4628/5390/4659
f 1200/1240/1134 1240/5344/4613 4600/5374/4643 4601/5387/4656
f 4567/1253/1147 4565/1834/1575 4646/5384/4653 4585/5383/4652
f 1239/1512/1334 1228/1318/1206 4607/5389/4658 4597/1838/1579
f 4554/1818/1562 1206/1249/1143 4586/5362/4631 4637/5365/4634
f 4539/5306/4576 4536/1782/1528 4617/5391/4660 4620/5356/4625
f 1202/1226/1120 1251/1235/1129 4581/5294/4565 4582/5378/4647
f 1250/1254/1148 1199/1257/1151 4584/5377/4646 4622/5308/4578
f 4566/1792/1538 4568/1509/1331 4648/5386/4655 4647/5385/4654
f 1199/1257/1151 1226/1515/1337 4583/5375/4644 4584/5377/4646
f 1251/1235/1129 4576/1239/1133 4623/1840/1581 4581/5294/4565
f 4565/1834/1575 4569/1793/1539 4649/5388/4657 4646/5384/4653
f 4553/1819/1563 4554/1818/1562 4637/5365/4634 4616/5364/4633
f 4569/1793/1539 4566/1792/1538 4647/5385/4654 4649/5388/4657
f 1231/5313/4583 1247/5322/4591 4609/5370/4639 4602/5314/4584
f 4536/1782/1528 4540/1313/1201 4628/5390/4659 4617/5391/4660
f 1206/1249/1143 4567/1253/1147 4585/5383/4652 4586/5362/4631
f 4537/1317/1205 4539/5306/4576 4620/5356/4625 4593/5331/4600
f 1236/5299/4570 1243/1824/1568 4605/1826/1570 4614/5392/4661
f 1240/5344/4613 4553/1819/1563 4616/5364/4633 4600/5374/4643
f 4728/5343/4612 1201/1520/1342 4613/5393/4662 4732/5359/4628
f 1245/1223/1117 1202/1226/1120 4582/5378/4647 4606/5376/4645
f 1214/1312/1200 1234/1813/1557 4612/1816/1560 4611/5366/4635
f 4557/1247/1141 4564/1246/1140 4640/1836/1577 4641/5318/4588
f 4741/1269/1163 1210/1518/1340 4587/1839/1580 4747/5372/4641
f 4544/1316/1204 1216/1229/1123 4596/1845/1586 4630/1843/1584
f 4742/1308/1196 1212/1320/1208 4589/5315/4585 4748/5354/4623
f 4570/5326/4595 4573/1252/1146 4650/5361/4630 4615/5327/4596
f 1247/5322/4591 1211/1232/1126 4588/5373/4642 4609/5370/4639
f 1201/1520/1342 1236/5299/4570 4614/5392/4661 4613/5393/4662
f 4710/5394/4663 4709/5395/4664 4658/5337/4606 4669/5334/4603
f 4723/5396/4665 4722/5348/4617 4656/5347/4616 4672/5397/4666
f 4711/5398/4667 4710/5394/4663 4669/5334/4603 4671/5333/4602
f 4712/5399/4668 4711/5398/4667 4671/5333/4602 4685/5342/4611
f 4676/1783/1529 4680/5307/4577 4753/5400/4669 4752/5401/4670
f 4681/1784/1530 4754/5402/4671 4682/5403/4672
f 4680/5307/4577 4678/5341/4610 4751/5340/4609 4753/5400/4669
f 4725/5404/4673 4724/5405/4674 4686/5406/4675 4689/5407/4676
f 4724/5405/4674 4723/5396/4665 4672/5397/4666 4686/5406/4675
f 4718/5408/4677 4719/5409/4678 4674/5410/4679 4673/5411/4680
f 4717/5412/4681 4718/5408/4677 4673/5411/4680 4667/5413/4682
f 4716/5414/4683 4717/5412/4681 4667/5413/4682 4661/5415/4684
f 4693/5336/4605 4699/5416/4685 4695/1835/1576 4694/5320/4590
f 4700/5417/4686 4701/5418/4687 4697/5305/4575 4696/1795/1541
f 4699/5416/4685 4700/5417/4686 4696/1795/1541 4698/1794/1540 4695/1835/1576
f 4704/5351/4620 4703/5419/4688 4734/5420/4689 4733/5421/4690
f 4654/5422/4691 4702/5423/4692 4736/5424/4693 4735/5425/4694
f 4702/5423/4692 4705/5426/4695 4706/5352/4621 4704/5351/4620 4733/5421/4690 4736/5424/4693
f 1234/1813/1557 1214/1312/1200 4661/5415/4684 4667/5413/4682
f 4539/5306/4576 4537/1317/1205 4678/5341/4610 4680/5307/4577
f 4553/1819/1563 1240/5344/4613 4662/5346/4615 4687/1820/1564
f 1211/1232/1126 1247/5322/4591 4666/5324/4593 4670/5427/4696
f 1236/5299/4570 1201/1520/1342 4655/5428/4697 4668/5300/4571
f 4574/1510/1332 4568/1509/1331 4697/5305/4575 4701/5418/4687
f 4721/5335/4604 4554/1818/1562 4688/1821/1565 4725/5404/4673
f 4573/1252/1146 4570/5326/4595 4699/5416/4685 4693/5336/4605
f 1231/5313/4583 1212/1320/1208 4659/5429/4698 4663/5323/4592
f 4572/5325/4594 4574/1510/1332 4701/5418/4687 4700/5417/4686
f 4559/5317/4587 4556/5329/4598 4686/5406/4675 4672/5397/4666
f 4546/5302/4573 4540/1313/1201 4681/1784/1530 4682/5403/4672
f 4556/5329/4598 4558/5297/4568 4689/5407/4676 4686/5406/4675
f 4570/5326/4595 4572/5325/4594 4700/5417/4686 4699/5416/4685
f 4557/1247/1141 4559/5317/4587 4672/5397/4666 4656/5347/4616
f 4545/5309/4579 4546/5302/4573 4682/5403/4672 4675/5430/4699
f 4548/5295/4566 4547/5310/4580 4683/5431/4700 4684/5432/4701
f 4576/1239/1133 1203/1238/1132 4665/5433/4702 4734/5420/4689 4703/5419/4688
f 4547/5310/4580 4545/5309/4579 4675/5430/4699 4683/5431/4700
f 4541/1842/1583 4548/5295/4566 4684/5432/4701 4679/5434/4703
f 1203/1238/1132 1243/1824/1568 4664/5301/4572 4665/5433/4702
f 4707/1325/1213 4551/1324/1212 4658/5337/4606 4709/5395/4664
f 4544/1316/1204 4541/1842/1583 4679/5434/4703 4677/5339/4608
f 4578/1787/1533 4576/1239/1133 4703/5419/4688 4704/5351/4620
f 4715/1245/1139 4533/1244/1138 4674/5410/4679 4719/5409/4678
f 4577/1522/1344 4575/1828/1571 4702/5423/4692 4654/5422/4691
f 4713/1505/1327 4562/1508/1330 4660/5350/4619 4716/5414/4683
f 4561/1803/1547 4564/1246/1140 4692/5435/4704 4691/5436/4705
f 4533/1244/1138 4534/1814/1558 4673/5411/4680 4674/5410/4679
f 4575/1828/1571 4579/1809/1553 4705/5426/4695 4702/5423/4692
f 4708/1233/1127 1211/1232/1126 4670/5427/4696 4712/5399/4668
f 4534/1814/1558 1234/1813/1557 4667/5413/4682 4673/5411/4680
f 4579/1809/1553 4580/1788/1534 4706/5352/4621 4705/5426/4695
f 4560/1778/1524 4561/1803/1547 4691/5436/4705 4690/5349/4618
f 1201/1520/1342 4577/1522/1344 4654/5422/4691 4735/5425/4694 4655/5428/4697
f 4550/1234/1128 4708/1233/1127 4712/5399/4668 4685/5342/4611
f 1212/1320/1208 4707/1325/1213 4709/5395/4664 4659/5429/4698
f 4670/5427/4696 4666/5324/4593 4711/5398/4667 4712/5399/4668
f 4666/5324/4593 4663/5323/4592 4710/5394/4663 4711/5398/4667
f 4663/5323/4592 4659/5429/4698 4709/5395/4664 4710/5394/4663
f 1214/1312/1200 4713/1505/1327 4716/5414/4683 4661/5415/4684
f 4564/1246/1140 4715/1245/1139 4719/5409/4678 4692/5435/4704
f 4660/5350/4619 4690/5349/4618 4717/5412/4681 4716/5414/4683
f 4690/5349/4618 4691/5436/4705 4718/5408/4677 4717/5412/4681
f 4691/5436/4705 4692/5435/4704 4719/5409/4678 4718/5408/4677
f 1214/1312/1200 932/1315/1203 4714/1506/1328 4713/1505/1327
f 4558/5297/4568 4721/5335/4604 4725/5404/4673 4689/5407/4676
f 4687/1820/1564 4662/5346/4615 4723/5396/4665 4724/5405/4674
f 4688/1821/1565 4687/1820/1564 4724/5405/4674 4725/5404/4673
f 4662/5346/4615 4657/5345/4614 4722/5348/4617 4723/5396/4665
f 1200/1240/1134 4720/1248/1142 4722/5348/4617 4657/5345/4614
f 4573/1252/1146 4728/5343/4612 4732/5359/4628 4650/5361/4630
f 1203/1238/1132 4727/1511/1333 4729/5358/4627 4599/1825/1569
f 4614/5392/4661 4605/1826/1570 4731/5357/4626 4730/5360/4629
f 4613/5393/4662 4614/5392/4661 4730/5360/4629 4732/5359/4628
f 4605/1826/1570 4599/1825/1569 4729/5358/4627 4731/5357/4626
f 4573/1252/1146 4571/1251/1145 4726/1754/1511 4728/5343/4612
f 4604/5355/4624 4738/5367/4636 4612/1816/1560 4627/1815/1559
f 4736/5424/4693 4733/5421/4690 4664/5301/4572 4668/5300/4571
f 4733/5421/4690 4734/5420/4689 4665/5433/4702 4664/5301/4572
f 4735/5425/4694 4736/5424/4693 4668/5300/4571 4655/5428/4697
f 4737/5368/4637 4738/5367/4636 4617/5391/4660 4628/5390/4659
f 4738/5367/4636 4604/5355/4624 4620/5356/4625 4617/5391/4660
f 4587/1839/1580 4597/1838/1579 4750/5369/4638 4747/5372/4641
f 4597/1838/1579 4607/5389/4658 4749/5353/4622 4750/5369/4638
f 4607/5389/4658 4590/5379/4648 4748/5354/4623 4749/5353/4622
f 1218/1737/1501 1248/1817/1561 4746/1822/1566 4743/1763/1516
f 1248/1817/1561 1232/1786/1532 4745/1781/1527 4746/1822/1566
f 1232/1786/1532 1221/1775/1522 4744/1767/1518 4745/1781/1527
f 895/1774/1209 4740/1764/1199 4744/1767/1518 1221/1775/1522
f 899/1831/1341 4739/1762/1164 4743/1763/1516 1219/1832/1573
f 1212/1320/1208 4742/1308/1196 4740/1311/1199 895/1321/1209
f 1210/1518/1340 4741/1269/1163 4739/1270/1164 899/1519/1341
f 4752/5401/4670 4753/5400/4669 4679/5434/4703 4684/5432/4701 4683/5431/4700 4675/5430/4699
f 4752/5401/4670 4754/5402/4671 4681/1784/1530 4676/1783/1529
f 4753/5400/4669 4751/5340/4609 4677/5339/4608 4679/5434/4703
f 4682/5403/4672 4754/5402/4671 4752/5401/4670 4675/5430/4699
f 4760/5437/793 4759/5438/4706 4758/5439/4707 4774/5440/4708 4768/5441/4709 4763/5442/4710 4762/5443/4711 4761/5444/4712 4771/5445/4713 4769/5446/4714 4766/5447/4715 4765/5448/4716 4817/5449/4717 4818/5450/4718 4815/5451/4719 4816/5452/4720 4755/5453/4721 4757/5454/4722 4773/5455/4723 4767/5456/794
f 4764/5457/4724 4781/5458/4725 4829/5459/4726 4828/5460/4727
f 4785/5461/4728 4784/5462/4729 4758/5463/4707 4759/5464/4706
f 4789/5465/4730 4788/5466/4731 4763/5467/4710 4768/5468/4709
f 4792/5469/4732 4802/5470/4733 4830/5471/4734 4825/5472/4735
f 4776/880/792 4785/5473/4728 4759/5474/4706 4760/881/793
f 4795/5475/4736 4794/5476/4737 4766/5477/4715 4769/5478/4714
f 4799/5479/4738 4798/5480/4739 4761/5481/4712 4762/5482/4711
f 4780/5483/4740 4792/5469/4732 4825/5472/4735 4823/5484/4741
f 4805/5485/4742 4804/5486/4743 4773/5487/4723 4757/5488/4722
f 4788/5466/4731 4799/5479/4738 4762/5482/4711 4763/5467/4710
f 4804/5486/4743 4777/879/791 4767/882/794 4773/5487/4723
f 4807/5489/4744 4819/5490/4745 4817/5491/4717 4765/5492/4716
f 4798/5480/4739 4810/5493/4746 4771/5494/4713 4761/5481/4712
f 4794/5476/4737 4807/5495/4744 4765/5496/4716 4766/5477/4715
f 4784/5462/4729 4812/5497/4747 4774/5498/4708 4758/5463/4707
f 4810/5493/4746 4795/5475/4736 4769/5478/4714 4771/5494/4713
f 4820/5499/4748 4814/5500/4749 4755/5501/4721 4816/5502/4720
f 4812/5497/4747 4789/5465/4730 4768/5468/4709 4774/5498/4708
f 4814/5500/4749 4805/5485/4742 4757/5488/4722 4755/5501/4721
f 4790/5503/4750 4811/5504/4751 789/1422/1278 790/998/900
f 359/993/895 4813/5505/4752 4801/5506/4753 357/992/894
f 4813/5505/4752 4806/5507/4754 4805/5508/4742 4814/5509/4749
f 4796/5510/4755 4809/5511/4756 693/1388/1247 694/995/897
f 4811/5504/4751 4790/5503/4750 4789/5512/4730 4812/5513/4747
f 789/1422/1278 4811/5504/4751 4783/5514/4757 361/799/735
f 4801/5506/4753 4813/5505/4752 4814/5509/4749 4820/5515/4748
f 4808/5516/4758 4793/5517/4759 363/684/628 365/683/627
f 4809/5511/4756 4796/5510/4755 4795/5518/4736 4810/5519/4746
f 693/1388/1247 4809/5511/4756 4797/5520/4760 367/803/737
f 4783/5514/4757 4811/5504/4751 4812/5513/4747 4784/5521/4729
f 4782/5522/4761 4808/5523/4758 365/809/627 364/808/742
f 4793/5517/4759 4808/5516/4758 4807/5524/4744 4794/5525/4737
f 4778/5526/4762 4803/5527/4763 757/1411/1268 758/997/899
f 4797/5520/4760 4809/5511/4756 4810/5519/4746 4798/5528/4739
f 4800/5529/4764 4787/5530/4765 366/806/740 368/804/738
f 4808/5523/4758 4782/5522/4761 4819/5531/4745 4807/5532/4744
f 757/1411/1268 4803/5527/4763 4806/5507/4754 358/994/896
f 4803/5527/4763 4778/5526/4762 4777/5533/791 4804/5534/4743
f 357/992/894 4801/5506/4753 4791/5535/4766 726/996/898
f 4787/5530/4765 4800/5529/4764 4799/5536/4738 4788/5537/4731
f 367/803/737 4797/5520/4760 4800/5529/4764 368/804/738
f 4806/5507/4754 4803/5527/4763 4804/5534/4743 4805/5508/4742
f 363/684/628 4793/5517/4759 4796/5510/4755 694/995/897
f 4791/5535/4766 4801/5506/4753 4820/5515/4748 4821/5538/4767
f 4786/5539/4768 4775/5540/4769 360/797/733 362/796/732
f 4800/5529/4764 4797/5520/4760 4798/5528/4739 4799/5536/4738
f 726/996/898 4791/5535/4766 4779/5541/4770 725/1400/1258
f 4796/5510/4755 4793/5517/4759 4794/5525/4737 4795/5518/4736
f 366/806/740 4787/5530/4765 4790/5503/4750 790/998/900
f 4775/5540/4769 4786/5539/4768 4785/5542/4728 4776/5543/792
f 361/799/735 4783/5514/4757 4786/5544/4768 362/800/732
f 4779/5541/4770 4791/5535/4766 4821/5538/4767 4822/5545/4771
f 725/1400/1258 4779/5541/4770 4782/5522/4761 364/808/742
f 4790/5503/4750 4787/5530/4765 4788/5537/4731 4789/5512/4730
f 360/797/733 4775/5540/4769 4778/5526/4762 758/997/899
f 4786/5544/4768 4783/5514/4757 4784/5521/4729 4785/5546/4728
f 4782/5522/4761 4779/5541/4770 4822/5545/4771 4819/5531/4745
f 4778/5526/4762 4775/5540/4769 4776/5543/792 4777/5533/791
f 358/994/896 4806/5507/4754 4813/5505/4752 359/993/895
f 4770/5547/4772 4756/5548/4773 4816/5502/4720 4815/5549/4719
f 4764/5550/4724 4772/5551/4774 4818/5552/4718 4817/5491/4717
f 4772/5551/4774 4770/5547/4772 4815/5549/4719 4818/5552/4718
f 4781/5553/4725 4764/5550/4724 4817/5491/4717 4819/5490/4745
f 4756/5548/4773 4802/5554/4733 4820/5499/4748 4816/5502/4720
f 4802/5554/4733 4792/5555/4732 4821/5556/4767 4820/5499/4748
f 4780/5557/4740 4781/5553/4725 4819/5490/4745 4822/5558/4771
f 4792/5555/4732 4780/5557/4740 4822/5558/4771 4821/5556/4767
f 4829/5459/4726 4823/5484/4741 4824/5559/4775 4828/5460/4727
f 4823/5484/4741 4825/5472/4735 4826/5560/4776 4824/5559/4775
f 4825/5472/4735 4830/5471/4734 4827/5561/4777 4826/5560/4776
f 4772/5562/4774 4764/5457/4724 4828/5460/4727 4824/5563/4775
f 4781/5458/4725 4780/5483/4740 4823/5484/4741 4829/5459/4726
f 4802/5470/4733 4756/5564/4773 4827/5561/4777 4830/5471/4734
f 4770/5565/4772 4772/5562/4774 4824/5563/4775 4826/5566/4776
f 4756/5564/4773 4770/5565/4772 4826/5566/4776 4827/5561/4777
f 4835/5567/4778 4836/5568/4779 4842/5569/4779 4841/5570/4778
f 4833/5571/4780 4834/5572/4781 4840/5573/4781 4839/5574/4780
f 4831/5575/4782 4832/5576/4783 4838/5577/4783 4837/5578/4782
f 4836/5568/4779 4831/5579/4782 4837/5580/4782 4842/5569/4779
f 4834/5572/4781 4835/5567/4778 4841/5570/4778 4840/5573/4781
f 4832/5576/4783 4833/5571/4780 4839/5574/4780 4838/5577/4783
f 4847/5581/4778 4848/5582/4779 4854/5583/4779 4853/5584/4778
f 4845/5585/4780 4846/5586/4781 4852/5587/4781 4851/5588/4780
f 4843/5589/4782 4844/5590/4783 4850/5591/4783 4849/5592/4782
f 4848/5582/4779 4843/5593/4782 4849/5594/4782 4854/5583/4779
f 4846/5586/4781 4847/5581/4778 4853/5584/4778 4852/5587/4781
f 4844/5590/4783 4845/5585/4780 4851/5588/4780 4850/5591/4783
f 4859/5595/4778 4860/5596/4779 4866/5597/4779 4865/5598/4778
f 4857/5599/4780 4858/5600/4781 4864/5601/4781 4863/5602/4780
f 4855/5603/4782 4856/5604/4783 4862/5605/4783 4861/5606/4782
f 4860/5596/4779 4855/5607/4782 4861/5608/4782 4866/5597/4779
f 4858/5600/4781 4859/5595/4778 4865/5598/4778 4864/5601/4781
f 4856/5604/4783 4857/5599/4780 4863/5602/4780 4862/5605/4783
f 4871/5609/4778 4872/5610/4779 4878/5611/4779 4877/5612/4778
f 4869/5613/4780 4870/5614/4781 4876/5615/4781 4875/5616/4780
f 4867/5617/4782 4868/5618/4783 4874/5619/4783 4873/5620/4782
f 4872/5610/4779 4867/5621/4782 4873/5622/4782 4878/5611/4779
f 4870/5614/4781 4871/5609/4778 4877/5612/4778 4876/5615/4781
f 4868/5618/4783 4869/5613/4780 4875/5616/4780 4874/5619/4783
o Circle
v 0.000000 -0.013052 -2.772330
v 0.000000 0.000000 -2.759215
v 0.000000 -0.003823 -2.768489
v -0.538296 0.000000 -2.706198
v -0.540855 -0.013052 -2.719061
v -0.540105 -0.003823 -2.715293
v -1.055906 0.000000 -2.549183
v -1.060925 -0.013052 -2.561299
v -1.059455 -0.003823 -2.557750
v -1.532938 0.000000 -2.294204
v -1.540224 -0.013052 -2.305108
v -1.538090 -0.003823 -2.301914
v -1.951060 0.000000 -1.951060
v -1.960333 -0.013052 -1.960333
v -1.957617 -0.003823 -1.957617
v -2.294204 0.000000 -1.532938
v -2.305108 -0.013052 -1.540224
v -2.301914 -0.003823 -1.538090
v -2.549183 0.000000 -1.055906
v -2.561299 -0.013052 -1.060925
v -2.557750 -0.003823 -1.059455
v -2.706198 0.000000 -0.538297
v -2.719061 -0.013052 -0.540855
v -2.715293 -0.003823 -0.540106
v -2.759215 0.000000 0.000000
v -2.772330 -0.013052 0.000000
v -2.768489 -0.003823 0.000000
v -2.706198 0.000000 0.538296
v -2.719061 -0.013052 0.540855
v -2.715293 -0.003823 0.540105
v -2.549183 0.000000 1.055905
v -2.561299 -0.013052 1.060925
v -2.557750 -0.003823 1.059455
v -2.294204 0.000000 1.532938
v -2.305109 -0.013052 1.540224
v -2.301914 -0.003823 1.538090
v -1.951060 0.000000 1.951060
v -1.960333 -0.013052 1.960333
v -1.957617 -0.003823 1.957617
v -1.532938 0.000000 2.294204
v -1.540224 -0.013052 2.305109
v -1.538090 -0.003823 2.301914
v -1.055906 0.000000 2.549183
v -1.060925 -0.013052 2.561299
v -1.059455 -0.003823 2.557750
v -0.538296 0.000000 2.706198
v -0.540855 -0.013052 2.719061
v -0.540105 -0.003823 2.715293
v 0.000000 0.000000 2.759215
v 0.000000 -0.013052 2.772330
v 0.000000 -0.003823 2.768489
v 0.538296 0.000000 2.706198
v 0.540855 -0.013052 2.719061
v 0.540105 -0.003823 2.715293
v 1.055906 0.000000 2.549183
v 1.060925 -0.013052 2.561299
v 1.059455 -0.003823 2.557750
v 1.532938 0.000000 2.294204
v 1.540224 -0.013052 2.305108
v 1.538090 -0.003823 2.301914
v 1.951060 0.000000 1.951060
v 1.960333 -0.013052 1.960334
v 1.957617 -0.003823 1.957618
v 2.294203 0.000000 1.532939
v 2.305108 -0.013052 1.540225
v 2.301914 -0.003823 1.538091
v 2.549183 0.000000 1.055906
v 2.561299 -0.013052 1.060925
v 2.557750 -0.003823 1.059455
v 2.706198 0.000000 0.538297
v 2.719061 -0.013052 0.540855
v 2.715293 -0.003823 0.540106
v 2.759215 0.000000 -0.000000
v 2.772330 -0.013052 -0.000000
v 2.768489 -0.003823 -0.000000
v 2.706198 0.000000 -0.538297
v 2.719061 -0.013052 -0.540855
v 2.715293 -0.003823 -0.540106
v 2.549182 0.000000 -1.055906
v 2.561299 -0.013052 -1.060925
v 2.557750 -0.003823 -1.059455
v 2.294204 0.000000 -1.532938
v 2.305109 -0.013052 -1.540224
v 2.301915 -0.003823 -1.538090
v 1.951060 0.000000 -1.951060
v 1.960334 -0.013052 -1.960333
v 1.957617 -0.003823 -1.957617
v 1.532938 0.000000 -2.294204
v 1.540224 -0.013052 -2.305108
v 1.538090 -0.003823 -2.301914
v 1.055906 0.000000 -2.549183
v 1.060925 -0.013052 -2.561299
v 1.059455 -0.003823 -2.557750
v 0.538296 0.000000 -2.706198
v 0.540855 -0.013052 -2.719061
v 0.540105 -0.003823 -2.715293
v -0.540855 -0.038330 -2.719061
v -0.538296 -0.051382 -2.706198
v -0.540105 -0.047559 -2.715293
v 0.000000 -0.051382 -2.759215
v 0.000000 -0.038330 -2.772330
v 0.000000 -0.047559 -2.768489
v -1.060925 -0.038330 -2.561299
v -1.055906 -0.051382 -2.549183
v -1.059455 -0.047559 -2.557750
v -1.540224 -0.038330 -2.305108
v -1.532938 -0.051382 -2.294204
v -1.538090 -0.047559 -2.301914
v -1.960333 -0.038330 -1.960333
v -1.951060 -0.051382 -1.951060
v -1.957617 -0.047559 -1.957617
v -2.305108 -0.038330 -1.540224
v -2.294204 -0.051382 -1.532938
v -2.301914 -0.047559 -1.538090
v -2.561299 -0.038330 -1.060925
v -2.549183 -0.051382 -1.055906
v -2.557750 -0.047559 -1.059455
v -2.719061 -0.038330 -0.540855
v -2.706198 -0.051382 -0.538297
v -2.715293 -0.047559 -0.540106
v -2.772330 -0.038330 0.000000
v -2.759215 -0.051382 0.000000
v -2.768489 -0.047559 0.000000
v -2.719061 -0.038330 0.540855
v -2.706198 -0.051382 0.538296
v -2.715293 -0.047559 0.540105
v -2.561299 -0.038330 1.060925
v -2.549183 -0.051382 1.055905
v -2.557750 -0.047559 1.059455
v -2.305109 -0.038330 1.540224
v -2.294204 -0.051382 1.532938
v -2.301914 -0.047559 1.538090
v -1.960333 -0.038330 1.960333
v -1.951060 -0.051382 1.951060
v -1.957617 -0.047559 1.957617
v -1.540224 -0.038330 2.305109
v -1.532938 -0.051382 2.294204
v -1.538090 -0.047559 2.301914
v -1.060925 -0.038330 2.561299
v -1.055906 -0.051382 2.549183
v -1.059455 -0.047559 2.557750
v -0.540855 -0.038330 2.719061
v -0.538296 -0.051382 2.706198
v -0.540105 -0.047559 2.715293
v 0.000000 -0.038330 2.772330
v 0.000000 -0.051382 2.759215
v 0.000000 -0.047559 2.768489
v 0.540855 -0.038330 2.719061
v 0.538296 -0.051382 2.706198
v 0.540105 -0.047559 2.715293
v 1.060925 -0.038330 2.561299
v 1.055906 -0.051382 2.549183
v 1.059455 -0.047559 2.557750
v 1.540224 -0.038330 2.305108
v 1.532938 -0.051382 2.294204
v 1.538090 -0.047559 2.301914
v 1.960333 -0.038330 1.960334
v 1.951060 -0.051382 1.951060
v 1.957617 -0.047559 1.957618
v 2.305108 -0.038330 1.540225
v 2.294203 -0.051382 1.532939
v 2.301914 -0.047559 1.538091
v 2.561299 -0.038330 1.060925
v 2.549183 -0.051382 1.055906
v 2.557750 -0.047559 1.059455
v 2.719061 -0.038330 0.540855
v 2.706198 -0.051382 0.538297
v 2.715293 -0.047559 0.540106
v 2.772330 -0.038330 -0.000000
v 2.759215 -0.051382 -0.000000
v 2.768489 -0.047559 -0.000000
v 2.719061 -0.038330 -0.540855
v 2.706198 -0.051382 -0.538297
v 2.715293 -0.047559 -0.540106
v 2.561299 -0.038330 -1.060925
v 2.549182 -0.051382 -1.055906
v 2.557750 -0.047559 -1.059455
v 2.305109 -0.038330 -1.540224
v 2.294204 -0.051382 -1.532938
v 2.301915 -0.047559 -1.538090
v 1.960334 -0.038330 -1.960333
v 1.951060 -0.051382 -1.951060
v 1.957617 -0.047559 -1.957617
v 1.540224 -0.038330 -2.305108
v 1.532938 -0.051382 -2.294204
v 1.538090 -0.047559 -2.301914
v 1.060925 -0.038330 -2.561299
v 1.055906 -0.051382 -2.549183
v 1.059455 -0.047559 -2.557750
v 0.540855 -0.038330 -2.719061
v 0.538296 -0.051382 -2.706198
v 0.540105 -0.047559 -2.715293
vt 0.816757 0.113137
vt 0.886277 0.182258
vt 0.882722 0.185215
vt 0.813843 0.116738
vt 0.547574 0.002486
vt 0.644060 0.021460
vt 0.642739 0.025910
vt 0.547144 0.007109
vt 0.187016 0.875659
vt 0.117192 0.809409
vt 0.120627 0.806428
vt 0.189783 0.872055
vt 0.978348 0.353552
vt 0.997548 0.448846
vt 0.992990 0.449320
vt 0.973956 0.354914
vt 0.734962 0.058830
vt 0.732802 0.062934
vt 0.061946 0.730444
vt 0.065914 0.728206
vt 0.997554 0.545722
vt 0.993010 0.545286
vt 0.023493 0.641897
vt 0.027834 0.640492
vt 0.978435 0.640324
vt 0.974086 0.639005
vt 0.978415 0.645126
vt 0.940910 0.735671
vt 0.886461 0.817161
vt 0.817160 0.886461
vt 0.735673 0.940909
vt 0.645126 0.978415
vt 0.549004 0.997535
vt 0.450997 0.997535
vt 0.354874 0.978415
vt 0.264329 0.940910
vt 0.182840 0.886461
vt 0.113539 0.817160
vt 0.059090 0.735671
vt 0.021585 0.645126
vt 0.002465 0.549004
vt 0.002465 0.450997
vt 0.021585 0.354875
vt 0.059090 0.264329
vt 0.113539 0.182840
vt 0.182840 0.113539
vt 0.264328 0.059090
vt 0.354874 0.021585
vt 0.450996 0.002465
vt 0.549003 0.002465
vt 0.645125 0.021585
vt 0.735671 0.059090
vt 0.817160 0.113539
vt 0.886461 0.182840
vt 0.940910 0.264328
vt 0.978415 0.354874
vt 0.997535 0.450997
vt 0.997535 0.549003
vt 0.003386 0.547278
vt 0.007930 0.546762
vt 0.941233 0.728820
vt 0.937246 0.726667
vt 0.940834 0.263473
vt 0.936778 0.265672
vt 0.002457 0.450332
vt 0.007023 0.450728
vt 0.887077 0.807948
vt 0.883605 0.805039
vt 0.020776 0.354896
vt 0.025185 0.356190
vt 0.818103 0.874633
vt 0.815283 0.871082
vt 0.057658 0.264737
vt 0.061734 0.266879
vt 0.737037 0.926225
vt 0.734980 0.922173
vt 0.111682 0.183411
vt 0.115266 0.186319
vt 0.647055 0.960664
vt 0.645843 0.956268
vt 0.180759 0.114117
vt 0.183710 0.117677
vt 0.551598 0.976658
vt 0.551245 0.972089
vt 0.262210 0.059576
vt 0.264412 0.063651
vt 0.454173 0.974909
vt 0.454550 0.970351
vt 0.352877 0.021926
vt 0.354243 0.026358
vt 0.358864 0.960097
vt 0.359995 0.955690
vt 0.449242 0.002645
vt 0.449720 0.007261
vt 0.268644 0.926566
vt 0.270632 0.922480
vt 0.817160 0.113539
vt 0.886461 0.182840
vt 0.940910 0.264329
vt 0.978416 0.354875
vt 0.997535 0.450997
vt 0.997535 0.549003
vt 0.978415 0.645126
vt 0.940910 0.735671
vt 0.886461 0.817160
vt 0.817160 0.886461
vt 0.735671 0.940910
vt 0.645126 0.978415
vt 0.549003 0.997535
vt 0.450997 0.997535
vt 0.354874 0.978415
vt 0.264329 0.940910
vt 0.182840 0.886461
vt 0.113539 0.817160
vt 0.059090 0.735671
vt 0.021585 0.645125
vt 0.002465 0.549004
vt 0.002465 0.450997
vt 0.021585 0.354873
vt 0.059090 0.264328
vt 0.113540 0.182839
vt 0.182840 0.113539
vt 0.264329 0.059090
vt 0.354874 0.021585
vt 0.450997 0.002465
vt 0.549003 0.002465
vt 0.645126 0.021585
vt 0.735672 0.059090
vt 0.888151 0.180788
vt 0.942889 0.262280
vt 0.818716 0.111751
vt 0.888249 0.181284
vt 0.942954 0.262400
vt 0.980589 0.352786
vt 0.736848 0.057032
vt 0.818611 0.111665
vt 0.980629 0.352915
vt 0.999888 0.448536
vt 0.645879 0.019337
vt 0.736729 0.056968
vt 0.999901 0.448670
vt 0.999901 0.545880
vt 0.549303 0.000113
vt 0.645749 0.019298
vt 0.999888 0.546013
vt 0.980694 0.640940
vt 0.450832 0.000100
vt 0.549168 0.000100
vt 0.980655 0.641067
vt 0.943317 0.729870
vt 0.354251 0.019297
vt 0.450697 0.000113
vt 0.943253 0.729987
vt 0.888907 0.809395
vt 0.263272 0.056968
vt 0.354122 0.019337
vt 0.888821 0.809497
vt 0.819608 0.876420
vt 0.181389 0.111664
vt 0.263152 0.057032
vt 0.819503 0.876502
vt 0.738155 0.928281
vt 0.111751 0.181284
vt 0.181284 0.111750
vt 0.738036 0.928341
vt 0.647744 0.962909
vt 0.057032 0.263151
vt 0.111665 0.181389
vt 0.647615 0.962944
vt 0.551846 0.979007
vt 0.019337 0.354120
vt 0.056968 0.263271
vt 0.551712 0.979017
vt 0.454047 0.977264
vt 0.000113 0.450697
vt 0.019298 0.354250
vt 0.453913 0.977252
vt 0.358347 0.962382
vt 0.000100 0.549169
vt 0.000100 0.450832
vt 0.358218 0.962349
vt 0.267680 0.928699
vt 0.019297 0.645748
vt 0.000113 0.549304
vt 0.267560 0.928640
vt 0.185644 0.877556
vt 0.056968 0.736728
vt 0.019337 0.645878
vt 0.185539 0.877474
vt 0.115467 0.810994
vt 0.111664 0.818611
vt 0.057032 0.736848
vt 0.115380 0.810893
vt 0.059937 0.731655
vt 0.181284 0.888250
vt 0.111750 0.818716
vt 0.059871 0.731538
vt 0.021278 0.642685
vt 0.263152 0.942968
vt 0.181389 0.888336
vt 0.021237 0.642557
vt 0.001054 0.547610
vt 0.354121 0.980663
vt 0.263271 0.943032
vt 0.001039 0.547476
vt 0.000100 0.450195
vt 0.450697 0.999887
vt 0.354251 0.980702
vt 0.000112 0.450061
vt 0.018488 0.354294
vt 0.549167 0.999900
vt 0.450832 0.999900
vt 0.018526 0.354165
vt 0.055528 0.263694
vt 0.645749 0.980703
vt 0.549303 0.999887
vt 0.055591 0.263575
vt 0.109794 0.181966
vt 0.736728 0.943032
vt 0.645878 0.980663
vt 0.109880 0.181862
vt 0.179187 0.112327
vt 0.818611 0.888336
vt 0.736848 0.942968
vt 0.179292 0.112240
vt 0.261017 0.057510
vt 0.888250 0.818715
vt 0.818716 0.888250
vt 0.261136 0.057445
vt 0.352108 0.019664
vt 0.942968 0.736848
vt 0.888336 0.818610
vt 0.352238 0.019625
vt 0.448929 0.000274
vt 0.980663 0.645879
vt 0.943032 0.736728
vt 0.449064 0.000261
vt 0.547727 0.000099
vt 0.999887 0.549303
vt 0.980702 0.645749
vt 0.547863 0.000112
vt 0.644674 0.019149
vt 0.999900 0.450832
vt 0.999900 0.549168
vt 0.644805 0.019188
vt 0.736014 0.056684
vt 0.980703 0.354252
vt 0.999887 0.450697
vt 0.736134 0.056748
vt 0.818205 0.111241
vt 0.943032 0.263271
vt 0.980663 0.354122
vt 0.818311 0.111327
vt 0.888065 0.180683
vt 0.888335 0.181389
vt 0.942968 0.263152
vt 0.999887 0.549303
vt 0.980702 0.645749
vt 0.934647 0.266752
vt 0.880923 0.186797
vt 0.980663 0.645879
vt 0.943032 0.736728
vt 0.971662 0.355556
vt 0.934710 0.266869
vt 0.942968 0.736848
vt 0.888335 0.818611
vt 0.990624 0.449499
vt 0.971701 0.355682
vt 0.888249 0.818716
vt 0.818716 0.888249
vt 0.990663 0.544995
vt 0.990637 0.449630
vt 0.818611 0.888336
vt 0.736850 0.942967
vt 0.971853 0.638259
vt 0.990650 0.545125
vt 0.736730 0.943031
vt 0.645879 0.980663
vt 0.935214 0.725494
vt 0.971815 0.638384
vt 0.645749 0.980702
vt 0.549303 0.999887
vt 0.881850 0.803483
vt 0.935151 0.725609
vt 0.549168 0.999900
vt 0.450832 0.999900
vt 0.813874 0.869204
vt 0.881766 0.803582
vt 0.450697 0.999887
vt 0.354251 0.980702
vt 0.733974 0.920046
vt 0.813772 0.869284
vt 0.354121 0.980663
vt 0.263272 0.943032
vt 0.645278 0.953975
vt 0.733857 0.920104
vt 0.263152 0.942968
vt 0.181389 0.888336
vt 0.551129 0.969719
vt 0.645152 0.954009
vt 0.181284 0.888249
vt 0.111751 0.818716
vt 0.454811 0.967998
vt 0.550997 0.969728
vt 0.111664 0.818611
vt 0.057032 0.736848
vt 0.360644 0.953425
vt 0.454679 0.967987
vt 0.056968 0.736728
vt 0.019337 0.645879
vt 0.271721 0.920393
vt 0.360517 0.953392
vt 0.019298 0.645749
vt 0.000113 0.549304
vt 0.191267 0.870228
vt 0.271603 0.920335
vt 0.000100 0.549169
vt 0.000100 0.450833
vt 0.122449 0.804934
vt 0.191164 0.870148
vt 0.000113 0.450697
vt 0.019297 0.354252
vt 0.068000 0.727105
vt 0.122363 0.804835
vt 0.019337 0.354122
vt 0.056968 0.263272
vt 0.030102 0.639827
vt 0.067936 0.726990
vt 0.057032 0.263152
vt 0.111664 0.181389
vt 0.010290 0.546560
vt 0.030062 0.639702
vt 0.111750 0.181284
vt 0.181284 0.111751
vt 0.009381 0.450999
vt 0.010275 0.546429
vt 0.181389 0.111665
vt 0.263151 0.057033
vt 0.027448 0.356923
vt 0.009393 0.450868
vt 0.263271 0.056969
vt 0.354121 0.019337
vt 0.063814 0.268047
vt 0.027486 0.356796
vt 0.354251 0.019298
vt 0.450697 0.000113
vt 0.117080 0.187876
vt 0.063876 0.267930
vt 0.450832 0.000100
vt 0.549168 0.000100
vt 0.185186 0.119563
vt 0.117164 0.187773
vt 0.549303 0.000113
vt 0.645748 0.019297
vt 0.265493 0.065792
vt 0.185289 0.119478
vt 0.645878 0.019337
vt 0.736728 0.056968
vt 0.354887 0.028672
vt 0.265611 0.065729
vt 0.736848 0.057032
vt 0.818611 0.111664
vt 0.449901 0.009658
vt 0.355015 0.028634
vt 0.818716 0.111750
vt 0.888249 0.181284
vt 0.546855 0.009496
vt 0.450034 0.009645
vt 0.888335 0.181389
vt 0.942967 0.263151
vt 0.641992 0.028195
vt 0.546988 0.009509
vt 0.943031 0.263271
vt 0.980663 0.354121
vt 0.731625 0.065028
vt 0.642120 0.028233
vt 0.980702 0.354251
vt 0.999887 0.450697
vt 0.812282 0.118560
vt 0.731743 0.065091
vt 0.999900 0.450832
vt 0.999900 0.549168
vt 0.880839 0.186694
vt 0.812385 0.118644
vn -0.1914 -0.1936 0.9622
vn 0.0000 -0.1936 0.9810
vn 0.0000 0.1936 0.9810
vn -0.1914 0.1936 0.9622
vn -0.6937 -0.1936 0.6937
vn -0.5450 -0.1936 0.8157
vn -0.5450 0.1936 0.8157
vn -0.6937 0.1936 0.6937
vn 0.1914 -0.1936 -0.9622
vn 0.0000 -0.1936 -0.9810
vn 0.0000 0.1936 -0.9810
vn 0.1914 0.1936 -0.9622
vn 0.3754 -0.1936 0.9064
vn 0.5450 -0.1936 0.8157
vn 0.5450 0.1936 0.8157
vn 0.3754 0.1936 0.9064
vn -0.3754 -0.1936 0.9064
vn -0.3754 0.1936 0.9064
vn -0.1914 -0.1936 -0.9622
vn -0.1914 0.1936 -0.9622
vn 0.6937 -0.1936 0.6937
vn 0.6937 0.1936 0.6937
vn -0.3754 -0.1936 -0.9064
vn -0.3754 0.1936 -0.9064
vn 0.8157 -0.1936 0.5450
vn 0.8157 0.1936 0.5450
vn 0.0402 0.9786 0.2019
vn 0.0788 0.9786 0.1902
vn 0.1144 0.9786 0.1712
vn 0.1456 0.9786 0.1456
vn 0.1712 0.9786 0.1144
vn 0.1902 0.9786 0.0788
vn 0.2019 0.9786 0.0402
vn 0.2058 0.9786 0.0000
vn 0.2019 0.9786 -0.0402
vn 0.1902 0.9786 -0.0788
vn 0.1712 0.9786 -0.1144
vn 0.1456 0.9785 -0.1456
vn 0.1144 0.9786 -0.1712
vn 0.0788 0.9786 -0.1902
vn 0.0402 0.9786 -0.2019
vn 0.0000 0.9786 -0.2058
vn -0.0402 0.9786 -0.2019
vn -0.0788 0.9786 -0.1902
vn -0.1144 0.9786 -0.1712
vn -0.1456 0.9786 -0.1456
vn -0.1712 0.9786 -0.1144
vn -0.1902 0.9786 -0.0788
vn -0.2019 0.9786 -0.0402
vn -0.2058 0.9786 0.0000
vn -0.2019 0.9786 0.0402
vn -0.1902 0.9786 0.0788
vn -0.1712 0.9785 0.1144
vn -0.1456 0.9785 0.1456
vn -0.1144 0.9786 0.1712
vn -0.0788 0.9786 0.1902
vn -0.0402 0.9786 0.2019
vn 0.0000 0.9786 0.2058
vn -0.5450 -0.1936 -0.8157
vn -0.5450 0.1936 -0.8157
vn 0.9064 -0.1936 0.3754
vn 0.9064 0.1936 0.3754
vn 0.1914 -0.1936 0.9622
vn 0.1914 0.1936 0.9622
vn -0.6937 -0.1936 -0.6937
vn -0.6937 0.1936 -0.6937
vn 0.9622 -0.1936 0.1914
vn 0.9622 0.1936 0.1914
vn -0.8157 -0.1936 -0.5450
vn -0.8157 0.1936 -0.5450
vn 0.9810 -0.1936 0.0000
vn 0.9810 0.1936 0.0000
vn -0.9064 -0.1936 -0.3754
vn -0.9064 0.1936 -0.3754
vn 0.9622 -0.1936 -0.1914
vn 0.9622 0.1936 -0.1914
vn -0.9622 -0.1936 -0.1914
vn -0.9622 0.1936 -0.1914
vn 0.9064 -0.1936 -0.3754
vn 0.9064 0.1936 -0.3754
vn -0.9810 -0.1936 0.0000
vn -0.9810 0.1936 0.0000
vn 0.8157 -0.1936 -0.5450
vn 0.8157 0.1936 -0.5450
vn -0.9622 -0.1936 0.1914
vn -0.9622 0.1936 0.1914
vn 0.6937 -0.1936 -0.6937
vn 0.6937 0.1936 -0.6937
vn -0.9064 -0.1936 0.3754
vn -0.9064 0.1936 0.3754
vn 0.5450 -0.1936 -0.8157
vn 0.5450 0.1936 -0.8157
vn -0.8157 -0.1936 0.5450
vn -0.8157 0.1936 0.5450
vn 0.3754 -0.1936 -0.9064
vn 0.3754 0.1936 -0.9064
vn 0.0402 -0.9786 0.2019
vn 0.0000 -0.9786 0.2058
vn -0.0402 -0.9786 0.2019
vn -0.0788 -0.9786 0.1902
vn -0.1144 -0.9786 0.1712
vn -0.1456 -0.9785 0.1456
vn -0.1712 -0.9785 0.1144
vn -0.1902 -0.9786 0.0788
vn -0.2019 -0.9786 0.0402
vn -0.2058 -0.9786 0.0000
vn -0.2019 -0.9786 -0.0402
vn -0.1902 -0.9786 -0.0788
vn -0.1712 -0.9786 -0.1144
vn -0.1456 -0.9786 -0.1456
vn -0.1144 -0.9786 -0.1712
vn -0.0788 -0.9786 -0.1902
vn -0.0402 -0.9786 -0.2019
vn 0.0000 -0.9786 -0.2058
vn 0.0402 -0.9786 -0.2019
vn 0.0788 -0.9786 -0.1902
vn 0.1144 -0.9786 -0.1712
vn 0.1456 -0.9785 -0.1456
vn 0.1712 -0.9786 -0.1144
vn 0.1902 -0.9786 -0.0788
vn 0.2019 -0.9786 -0.0402
vn 0.2058 -0.9786 0.0000
vn 0.2019 -0.9786 0.0402
vn 0.1902 -0.9786 0.0788
vn 0.1712 -0.9786 0.1144
vn 0.1456 -0.9786 0.1456
vn 0.1144 -0.9786 0.1712
vn 0.0788 -0.9786 0.1902
vn 0.0000 -0.6966 0.7175
vn 0.1400 -0.6966 0.7037
vn 0.2746 -0.6966 0.6629
vn 0.3986 -0.6966 0.5966
vn 0.5073 -0.6966 0.5073
vn 0.5966 -0.6966 0.3986
vn 0.6629 -0.6965 0.2746
vn 0.7037 -0.6966 0.1400
vn 0.7175 -0.6966 0.0000
vn 0.7037 -0.6966 -0.1400
vn 0.6629 -0.6966 -0.2745
vn 0.5965 -0.6966 -0.3986
vn 0.5073 -0.6966 -0.5073
vn 0.3986 -0.6966 -0.5966
vn 0.2746 -0.6966 -0.6629
vn 0.1400 -0.6966 -0.7037
vn 0.0000 -0.6966 -0.7175
vn -0.1400 -0.6966 -0.7037
vn -0.2746 -0.6966 -0.6629
vn -0.3986 -0.6966 -0.5966
vn -0.5073 -0.6966 -0.5073
vn -0.5965 -0.6966 -0.3986
vn -0.6629 -0.6966 -0.2745
vn -0.7037 -0.6966 -0.1400
vn -0.7175 -0.6966 0.0000
vn -0.7037 -0.6966 0.1400
vn -0.6629 -0.6966 0.2745
vn -0.5965 -0.6966 0.3986
vn -0.5073 -0.6966 0.5073
vn -0.3986 -0.6966 0.5966
vn -0.2745 -0.6966 0.6629
vn -0.1400 -0.6966 0.7037
vn 0.0000 0.6966 0.7175
vn 0.1400 0.6966 0.7037
vn 0.2746 0.6966 0.6629
vn 0.3986 0.6966 0.5966
vn 0.5073 0.6966 0.5073
vn 0.5966 0.6966 0.3986
vn 0.6629 0.6965 0.2746
vn 0.7037 0.6966 0.1400
vn 0.7175 0.6966 0.0000
vn 0.7037 0.6966 -0.1400
vn 0.6629 0.6966 -0.2745
vn 0.5965 0.6966 -0.3986
vn 0.5073 0.6966 -0.5073
vn 0.3986 0.6966 -0.5966
vn 0.2746 0.6966 -0.6629
vn 0.1400 0.6966 -0.7037
vn 0.0000 0.6966 -0.7175
vn -0.1400 0.6966 -0.7037
vn -0.2746 0.6966 -0.6629
vn -0.3986 0.6966 -0.5966
vn -0.5073 0.6966 -0.5073
vn -0.5966 0.6966 -0.3986
vn -0.6629 0.6966 -0.2745
vn -0.7037 0.6966 -0.1400
vn -0.7175 0.6966 0.0000
vn -0.7037 0.6966 0.1400
vn -0.6629 0.6966 0.2745
vn -0.5965 0.6966 0.3986
vn -0.5073 0.6966 0.5073
vn -0.3986 0.6966 0.5966
vn -0.2745 0.6966 0.6629
vn -0.1400 0.6966 0.7037
usemtl Material.001
s 1
f 4973/5623/4784 4879/5624/4785 4979/5625/4786 5068/5626/4787
f 4964/5627/4788 4967/5628/4789 5062/5629/4790 5059/5630/4791
f 4925/5631/4792 4928/5632/4793 5023/5633/4794 5020/5634/4795
f 4886/5635/4796 4889/5636/4797 4984/5637/4798 4981/5638/4799
f 4967/5628/4789 4970/5639/4800 5065/5640/4801 5062/5629/4790
f 4928/5632/4793 4931/5641/4802 5026/5642/4803 5023/5633/4794
f 4889/5636/4797 4892/5643/4804 4987/5644/4805 4984/5637/4798
f 4970/5639/4800 4973/5623/4784 5068/5626/4787 5065/5640/4801
f 4931/5641/4802 4934/5645/4806 5029/5646/4807 5026/5642/4803
f 4892/5643/4804 4895/5647/4808 4990/5648/4809 4987/5644/4805
f 4976/5649/4810 4982/5650/4811 4985/5651/4812 4988/5652/4813 4991/5653/4814 4994/5654/4815 4997/5655/4816 5000/5656/4817 5003/5657/4818 5006/5658/4819 5009/5659/4820 5012/5660/4821 5015/5661/4822 5018/5662/4823 5021/5663/4824 5024/5664/4825 5027/5665/4826 5030/5666/4827 5033/5667/4828 5036/5668/4829 5039/5669/4830 5042/5670/4831 5045/5671/4832 5048/5672/4833 5051/5673/4834 5054/5674/4835 5057/5675/4836 5060/5676/4837 5063/5677/4838 5066/5678/4839 5069/5679/4840 4978/5680/4841
f 4934/5645/4806 4937/5681/4842 5032/5682/4843 5029/5646/4807
f 4895/5647/4808 4898/5683/4844 4993/5684/4845 4990/5648/4809
f 4883/5685/4846 4886/5635/4796 4981/5638/4799 4975/5686/4847
f 4937/5681/4842 4940/5687/4848 5035/5688/4849 5032/5682/4843
f 4898/5683/4844 4901/5689/4850 4996/5690/4851 4993/5684/4845
f 4940/5687/4848 4943/5691/4852 5038/5692/4853 5035/5688/4849
f 4901/5689/4850 4904/5693/4854 4999/5694/4855 4996/5690/4851
f 4943/5691/4852 4946/5695/4856 5041/5696/4857 5038/5692/4853
f 4904/5693/4854 4907/5697/4858 5002/5698/4859 4999/5694/4855
f 4946/5695/4856 4949/5699/4860 5044/5700/4861 5041/5696/4857
f 4907/5697/4858 4910/5701/4862 5005/5702/4863 5002/5698/4859
f 4949/5699/4860 4952/5703/4864 5047/5704/4865 5044/5700/4861
f 4910/5701/4862 4913/5705/4866 5008/5706/4867 5005/5702/4863
f 4952/5703/4864 4955/5707/4868 5050/5708/4869 5047/5704/4865
f 4913/5705/4866 4916/5709/4870 5011/5710/4871 5008/5706/4867
f 4955/5707/4868 4958/5711/4872 5053/5712/4873 5050/5708/4869
f 4916/5709/4870 4919/5713/4874 5014/5714/4875 5011/5710/4871
f 4958/5711/4872 4961/5715/4876 5056/5716/4877 5053/5712/4873
f 4919/5713/4874 4922/5717/4878 5017/5718/4879 5014/5714/4875
f 4961/5715/4876 4964/5627/4788 5059/5630/4791 5056/5716/4877
f 4922/5717/4878 4925/5631/4792 5020/5634/4795 5017/5718/4879
f 4882/5719/4880 4880/5720/4881 4972/5721/4882 4969/5722/4883 4966/5723/4884 4963/5724/4885 4960/5725/4886 4957/5726/4887 4954/5727/4888 4951/5728/4889 4948/5729/4890 4945/5730/4891 4942/5731/4892 4939/5732/4893 4936/5733/4894 4933/5734/4895 4930/5735/4896 4927/5736/4897 4924/5737/4898 4921/5738/4899 4918/5739/4900 4915/5740/4901 4912/5741/4902 4909/5742/4903 4906/5743/4904 4903/5744/4905 4900/5745/4906 4897/5746/4907 4894/5747/4908 4891/5748/4909 4888/5749/4910 4885/5750/4911
f 4883/5685/4846 4879/5624/4785 4881/5751/4912 4884/5752/4913
f 4884/5753/4913 4881/5754/4912 4880/5720/4881 4882/5719/4880
f 4886/5635/4796 4883/5685/4846 4884/5755/4913 4887/5756/4914
f 4887/5757/4914 4884/5758/4913 4882/5719/4880 4885/5750/4911
f 4889/5636/4797 4886/5635/4796 4887/5759/4914 4890/5760/4915
f 4890/5761/4915 4887/5762/4914 4885/5750/4911 4888/5749/4910
f 4892/5643/4804 4889/5636/4797 4890/5763/4915 4893/5764/4916
f 4893/5765/4916 4890/5766/4915 4888/5749/4910 4891/5748/4909
f 4895/5647/4808 4892/5643/4804 4893/5767/4916 4896/5768/4917
f 4896/5769/4917 4893/5770/4916 4891/5748/4909 4894/5747/4908
f 4898/5683/4844 4895/5647/4808 4896/5771/4917 4899/5772/4918
f 4899/5773/4918 4896/5774/4917 4894/5747/4908 4897/5746/4907
f 4901/5689/4850 4898/5683/4844 4899/5775/4918 4902/5776/4919
f 4902/5777/4919 4899/5778/4918 4897/5746/4907 4900/5745/4906
f 4904/5693/4854 4901/5689/4850 4902/5779/4919 4905/5780/4920
f 4905/5781/4920 4902/5782/4919 4900/5745/4906 4903/5744/4905
f 4907/5697/4858 4904/5693/4854 4905/5783/4920 4908/5784/4921
f 4908/5785/4921 4905/5786/4920 4903/5744/4905 4906/5743/4904
f 4910/5701/4862 4907/5697/4858 4908/5787/4921 4911/5788/4922
f 4911/5789/4922 4908/5790/4921 4906/5743/4904 4909/5742/4903
f 4913/5705/4866 4910/5701/4862 4911/5791/4922 4914/5792/4923
f 4914/5793/4923 4911/5794/4922 4909/5742/4903 4912/5741/4902
f 4916/5709/4870 4913/5705/4866 4914/5795/4923 4917/5796/4924
f 4917/5797/4924 4914/5798/4923 4912/5741/4902 4915/5740/4901
f 4919/5713/4874 4916/5709/4870 4917/5799/4924 4920/5800/4925
f 4920/5801/4925 4917/5802/4924 4915/5740/4901 4918/5739/4900
f 4922/5717/4878 4919/5713/4874 4920/5803/4925 4923/5804/4926
f 4923/5805/4926 4920/5806/4925 4918/5739/4900 4921/5738/4899
f 4925/5631/4792 4922/5717/4878 4923/5807/4926 4926/5808/4927
f 4926/5809/4927 4923/5810/4926 4921/5738/4899 4924/5737/4898
f 4928/5632/4793 4925/5631/4792 4926/5811/4927 4929/5812/4928
f 4929/5813/4928 4926/5814/4927 4924/5737/4898 4927/5736/4897
f 4931/5641/4802 4928/5632/4793 4929/5815/4928 4932/5816/4929
f 4932/5817/4929 4929/5818/4928 4927/5736/4897 4930/5735/4896
f 4934/5645/4806 4931/5641/4802 4932/5819/4929 4935/5820/4930
f 4935/5821/4930 4932/5822/4929 4930/5735/4896 4933/5734/4895
f 4937/5681/4842 4934/5645/4806 4935/5823/4930 4938/5824/4931
f 4938/5825/4931 4935/5826/4930 4933/5734/4895 4936/5733/4894
f 4940/5687/4848 4937/5681/4842 4938/5827/4931 4941/5828/4932
f 4941/5829/4932 4938/5830/4931 4936/5733/4894 4939/5732/4893
f 4943/5691/4852 4940/5687/4848 4941/5831/4932 4944/5832/4933
f 4944/5833/4933 4941/5834/4932 4939/5732/4893 4942/5731/4892
f 4946/5695/4856 4943/5691/4852 4944/5835/4933 4947/5836/4934
f 4947/5837/4934 4944/5838/4933 4942/5731/4892 4945/5730/4891
f 4949/5699/4860 4946/5695/4856 4947/5839/4934 4950/5840/4935
f 4950/5841/4935 4947/5842/4934 4945/5730/4891 4948/5729/4890
f 4952/5703/4864 4949/5699/4860 4950/5843/4935 4953/5844/4936
f 4953/5845/4936 4950/5846/4935 4948/5729/4890 4951/5728/4889
f 4955/5707/4868 4952/5703/4864 4953/5847/4936 4956/5848/4937
f 4956/5849/4937 4953/5850/4936 4951/5728/4889 4954/5727/4888
f 4958/5711/4872 4955/5707/4868 4956/5851/4937 4959/5852/4938
f 4959/5853/4938 4956/5854/4937 4954/5727/4888 4957/5726/4887
f 4961/5715/4876 4958/5711/4872 4959/5855/4938 4962/5856/4939
f 4962/5857/4939 4959/5858/4938 4957/5726/4887 4960/5725/4886
f 4964/5627/4788 4961/5715/4876 4962/5859/4939 4965/5860/4940
f 4965/5861/4940 4962/5862/4939 4960/5725/4886 4963/5724/4885
f 4967/5628/4789 4964/5627/4788 4965/5863/4940 4968/5864/4941
f 4968/5865/4941 4965/5866/4940 4963/5724/4885 4966/5723/4884
f 4970/5639/4800 4967/5628/4789 4968/5867/4941 4971/5868/4942
f 4971/5869/4942 4968/5870/4941 4966/5723/4884 4969/5722/4883
f 4973/5623/4784 4970/5639/4800 4971/5871/4942 4974/5872/4943
f 4974/5873/4943 4971/5874/4942 4969/5722/4883 4972/5721/4882
f 4879/5624/4785 4973/5623/4784 4974/5875/4943 4881/5876/4912
f 4881/5877/4912 4974/5878/4943 4972/5721/4882 4880/5720/4881
f 4976/5649/4810 4978/5680/4841 4980/5879/4944 4977/5880/4945
f 4977/5881/4945 4980/5882/4944 4979/5625/4786 4975/5686/4847
f 4982/5650/4811 4976/5649/4810 4977/5883/4945 4983/5884/4946
f 4983/5885/4946 4977/5886/4945 4975/5686/4847 4981/5638/4799
f 4985/5651/4812 4982/5650/4811 4983/5887/4946 4986/5888/4947
f 4986/5889/4947 4983/5890/4946 4981/5638/4799 4984/5637/4798
f 4988/5652/4813 4985/5651/4812 4986/5891/4947 4989/5892/4948
f 4989/5893/4948 4986/5894/4947 4984/5637/4798 4987/5644/4805
f 4991/5653/4814 4988/5652/4813 4989/5895/4948 4992/5896/4949
f 4992/5897/4949 4989/5898/4948 4987/5644/4805 4990/5648/4809
f 4994/5654/4815 4991/5653/4814 4992/5899/4949 4995/5900/4950
f 4995/5901/4950 4992/5902/4949 4990/5648/4809 4993/5684/4845
f 4997/5655/4816 4994/5654/4815 4995/5903/4950 4998/5904/4951
f 4998/5905/4951 4995/5906/4950 4993/5684/4845 4996/5690/4851
f 5000/5656/4817 4997/5655/4816 4998/5907/4951 5001/5908/4952
f 5001/5909/4952 4998/5910/4951 4996/5690/4851 4999/5694/4855
f 5003/5657/4818 5000/5656/4817 5001/5911/4952 5004/5912/4953
f 5004/5913/4953 5001/5914/4952 4999/5694/4855 5002/5698/4859
f 5006/5658/4819 5003/5657/4818 5004/5915/4953 5007/5916/4954
f 5007/5917/4954 5004/5918/4953 5002/5698/4859 5005/5702/4863
f 5009/5659/4820 5006/5658/4819 5007/5919/4954 5010/5920/4955
f 5010/5921/4955 5007/5922/4954 5005/5702/4863 5008/5706/4867
f 5012/5660/4821 5009/5659/4820 5010/5923/4955 5013/5924/4956
f 5013/5925/4956 5010/5926/4955 5008/5706/4867 5011/5710/4871
f 5015/5661/4822 5012/5660/4821 5013/5927/4956 5016/5928/4957
f 5016/5929/4957 5013/5930/4956 5011/5710/4871 5014/5714/4875
f 5018/5662/4823 5015/5661/4822 5016/5931/4957 5019/5932/4958
f 5019/5933/4958 5016/5934/4957 5014/5714/4875 5017/5718/4879
f 5021/5663/4824 5018/5662/4823 5019/5935/4958 5022/5936/4959
f 5022/5937/4959 5019/5938/4958 5017/5718/4879 5020/5634/4795
f 5024/5664/4825 5021/5663/4824 5022/5939/4959 5025/5940/4960
f 5025/5941/4960 5022/5942/4959 5020/5634/4795 5023/5633/4794
f 5027/5665/4826 5024/5664/4825 5025/5943/4960 5028/5944/4961
f 5028/5945/4961 5025/5946/4960 5023/5633/4794 5026/5642/4803
f 5030/5666/4827 5027/5665/4826 5028/5947/4961 5031/5948/4962
f 5031/5949/4962 5028/5950/4961 5026/5642/4803 5029/5646/4807
f 5033/5667/4828 5030/5666/4827 5031/5951/4962 5034/5952/4963
f 5034/5953/4963 5031/5954/4962 5029/5646/4807 5032/5682/4843
f 5036/5668/4829 5033/5667/4828 5034/5955/4963 5037/5956/4964
f 5037/5957/4964 5034/5958/4963 5032/5682/4843 5035/5688/4849
f 5039/5669/4830 5036/5668/4829 5037/5959/4964 5040/5960/4965
f 5040/5961/4965 5037/5962/4964 5035/5688/4849 5038/5692/4853
f 5042/5670/4831 5039/5669/4830 5040/5963/4965 5043/5964/4966
f 5043/5965/4966 5040/5966/4965 5038/5692/4853 5041/5696/4857
f 5045/5671/4832 5042/5670/4831 5043/5967/4966 5046/5968/4967
f 5046/5969/4967 5043/5970/4966 5041/5696/4857 5044/5700/4861
f 5048/5672/4833 5045/5671/4832 5046/5971/4967 5049/5972/4968
f 5049/5973/4968 5046/5974/4967 5044/5700/4861 5047/5704/4865
f 5051/5673/4834 5048/5672/4833 5049/5975/4968 5052/5976/4969
f 5052/5977/4969 5049/5978/4968 5047/5704/4865 5050/5708/4869
f 5054/5674/4835 5051/5673/4834 5052/5979/4969 5055/5980/4970
f 5055/5981/4970 5052/5982/4969 5050/5708/4869 5053/5712/4873
f 5057/5675/4836 5054/5674/4835 5055/5983/4970 5058/5984/4971
f 5058/5985/4971 5055/5986/4970 5053/5712/4873 5056/5716/4877
f 5060/5676/4837 5057/5675/4836 5058/5987/4971 5061/5988/4972
f 5061/5989/4972 5058/5990/4971 5056/5716/4877 5059/5630/4791
f 5063/5677/4838 5060/5676/4837 5061/5991/4972 5064/5992/4973
f 5064/5993/4973 5061/5994/4972 5059/5630/4791 5062/5629/4790
f 5066/5678/4839 5063/5677/4838 5064/5995/4973 5067/5996/4974
f 5067/5997/4974 5064/5998/4973 5062/5629/4790 5065/5640/4801
f 5069/5679/4840 5066/5678/4839 5067/5999/4974 5070/6000/4975
f 5070/6001/4975 5067/6002/4974 5065/5640/4801 5068/5626/4787
f 4978/5680/4841 5069/5679/4840 5070/6003/4975 4980/6004/4944
f 4980/6005/4944 5070/6006/4975 5068/5626/4787 4979/5625/4786
f 4879/5624/4785 4883/5685/4846 4975/5686/4847 4979/5625/4786
